datetime_beginning_utc,datetime_beginning_ept,nerc_region,mkt_region,zone,load_area,mw,is_verified
1/1/2025 5:00:00 AM,1/1/2025 12:00:00 AM,RFC,MIDATL,PEP,PEPCO,2234.328,False
1/1/2025 6:00:00 AM,1/1/2025 1:00:00 AM,RFC,MIDATL,PEP,PEPCO,2212.661,False
1/1/2025 7:00:00 AM,1/1/2025 2:00:00 AM,RFC,MIDATL,PEP,PEPCO,2156.297,False
1/1/2025 8:00:00 AM,1/1/2025 3:00:00 AM,RFC,MIDATL,PEP,PEPCO,2121.470,False
1/1/2025 9:00:00 AM,1/1/2025 4:00:00 AM,RFC,MIDATL,PEP,PEPCO,2110.066,False
1/1/2025 10:00:00 AM,1/1/2025 5:00:00 AM,RFC,MIDATL,PEP,PEPCO,2192.772,False
1/1/2025 11:00:00 AM,1/1/2025 6:00:00 AM,RFC,MIDATL,PEP,PEPCO,2297.557,False
1/1/2025 12:00:00 PM,1/1/2025 7:00:00 AM,RFC,MIDATL,PEP,PEPCO,2386.516,False
1/1/2025 1:00:00 PM,1/1/2025 8:00:00 AM,RFC,MIDATL,PEP,PEPCO,2401.800,False
1/1/2025 2:00:00 PM,1/1/2025 9:00:00 AM,RFC,MIDATL,PEP,PEPCO,2332.749,False
1/1/2025 3:00:00 PM,1/1/2025 10:00:00 AM,RFC,MIDATL,PEP,PEPCO,2387.715,False
1/1/2025 4:00:00 PM,1/1/2025 11:00:00 AM,RFC,MIDATL,PEP,PEPCO,2396.839,False
1/1/2025 5:00:00 PM,1/1/2025 12:00:00 PM,RFC,MIDATL,PEP,PEPCO,2425.145,False
1/1/2025 6:00:00 PM,1/1/2025 1:00:00 PM,RFC,MIDATL,PEP,PEPCO,2472.247,False
1/1/2025 7:00:00 PM,1/1/2025 2:00:00 PM,RFC,MIDATL,PEP,PEPCO,2560.664,False
1/1/2025 8:00:00 PM,1/1/2025 3:00:00 PM,RFC,MIDATL,PEP,PEPCO,2652.851,False
1/1/2025 9:00:00 PM,1/1/2025 4:00:00 PM,RFC,MIDATL,PEP,PEPCO,2774.119,False
1/1/2025 10:00:00 PM,1/1/2025 5:00:00 PM,RFC,MIDATL,PEP,PEPCO,2873.218,False
1/1/2025 11:00:00 PM,1/1/2025 6:00:00 PM,RFC,MIDATL,PEP,PEPCO,2870.583,False
1/2/2025 12:00:00 AM,1/1/2025 7:00:00 PM,RFC,MIDATL,PEP,PEPCO,2860.642,False
1/2/2025 1:00:00 AM,1/1/2025 8:00:00 PM,RFC,MIDATL,PEP,PEPCO,2825.680,False
1/2/2025 2:00:00 AM,1/1/2025 9:00:00 PM,RFC,MIDATL,PEP,PEPCO,2757.954,False
1/2/2025 3:00:00 AM,1/1/2025 10:00:00 PM,RFC,MIDATL,PEP,PEPCO,2639.429,False
1/2/2025 4:00:00 AM,1/1/2025 11:00:00 PM,RFC,MIDATL,PEP,PEPCO,2582.826,False
1/2/2025 5:00:00 AM,1/2/2025 12:00:00 AM,RFC,MIDATL,PEP,PEPCO,2505.691,False
1/2/2025 6:00:00 AM,1/2/2025 1:00:00 AM,RFC,MIDATL,PEP,PEPCO,2455.258,False
1/2/2025 7:00:00 AM,1/2/2025 2:00:00 AM,RFC,MIDATL,PEP,PEPCO,2428.576,False
1/2/2025 8:00:00 AM,1/2/2025 3:00:00 AM,RFC,MIDATL,PEP,PEPCO,2465.674,False
1/2/2025 9:00:00 AM,1/2/2025 4:00:00 AM,RFC,MIDATL,PEP,PEPCO,2543.262,False
1/2/2025 10:00:00 AM,1/2/2025 5:00:00 AM,RFC,MIDATL,PEP,PEPCO,2779.698,False
1/2/2025 11:00:00 AM,1/2/2025 6:00:00 AM,RFC,MIDATL,PEP,PEPCO,3057.677,False
1/2/2025 12:00:00 PM,1/2/2025 7:00:00 AM,RFC,MIDATL,PEP,PEPCO,3232.955,False
1/2/2025 1:00:00 PM,1/2/2025 8:00:00 AM,RFC,MIDATL,PEP,PEPCO,3233.986,False
1/2/2025 2:00:00 PM,1/2/2025 9:00:00 AM,RFC,MIDATL,PEP,PEPCO,3140.280,False
1/2/2025 3:00:00 PM,1/2/2025 10:00:00 AM,RFC,MIDATL,PEP,PEPCO,3093.689,False
1/2/2025 4:00:00 PM,1/2/2025 11:00:00 AM,RFC,MIDATL,PEP,PEPCO,3093.520,False
1/2/2025 5:00:00 PM,1/2/2025 12:00:00 PM,RFC,MIDATL,PEP,PEPCO,3115.057,False
1/2/2025 6:00:00 PM,1/2/2025 1:00:00 PM,RFC,MIDATL,PEP,PEPCO,3016.254,False
1/2/2025 7:00:00 PM,1/2/2025 2:00:00 PM,RFC,MIDATL,PEP,PEPCO,3055.448,False
1/2/2025 8:00:00 PM,1/2/2025 3:00:00 PM,RFC,MIDATL,PEP,PEPCO,3108.763,False
1/2/2025 9:00:00 PM,1/2/2025 4:00:00 PM,RFC,MIDATL,PEP,PEPCO,3216.405,False
1/2/2025 10:00:00 PM,1/2/2025 5:00:00 PM,RFC,MIDATL,PEP,PEPCO,3371.371,False
1/2/2025 11:00:00 PM,1/2/2025 6:00:00 PM,RFC,MIDATL,PEP,PEPCO,3311.122,False
1/3/2025 12:00:00 AM,1/2/2025 7:00:00 PM,RFC,MIDATL,PEP,PEPCO,3251.468,False
1/3/2025 1:00:00 AM,1/2/2025 8:00:00 PM,RFC,MIDATL,PEP,PEPCO,3175.545,False
1/3/2025 2:00:00 AM,1/2/2025 9:00:00 PM,RFC,MIDATL,PEP,PEPCO,3065.413,False
1/3/2025 3:00:00 AM,1/2/2025 10:00:00 PM,RFC,MIDATL,PEP,PEPCO,2927.786,False
1/3/2025 4:00:00 AM,1/2/2025 11:00:00 PM,RFC,MIDATL,PEP,PEPCO,2802.144,False
1/3/2025 5:00:00 AM,1/3/2025 12:00:00 AM,RFC,MIDATL,PEP,PEPCO,2640.063,False
1/3/2025 6:00:00 AM,1/3/2025 1:00:00 AM,RFC,MIDATL,PEP,PEPCO,2617.451,False
1/3/2025 7:00:00 AM,1/3/2025 2:00:00 AM,RFC,MIDATL,PEP,PEPCO,2620.951,False
1/3/2025 8:00:00 AM,1/3/2025 3:00:00 AM,RFC,MIDATL,PEP,PEPCO,2633.479,False
1/3/2025 9:00:00 AM,1/3/2025 4:00:00 AM,RFC,MIDATL,PEP,PEPCO,2722.083,False
1/3/2025 10:00:00 AM,1/3/2025 5:00:00 AM,RFC,MIDATL,PEP,PEPCO,2950.402,False
1/3/2025 11:00:00 AM,1/3/2025 6:00:00 AM,RFC,MIDATL,PEP,PEPCO,3243.930,False
1/3/2025 12:00:00 PM,1/3/2025 7:00:00 AM,RFC,MIDATL,PEP,PEPCO,3446.203,False
1/3/2025 1:00:00 PM,1/3/2025 8:00:00 AM,RFC,MIDATL,PEP,PEPCO,3429.060,False
1/3/2025 2:00:00 PM,1/3/2025 9:00:00 AM,RFC,MIDATL,PEP,PEPCO,3285.568,False
1/3/2025 3:00:00 PM,1/3/2025 10:00:00 AM,RFC,MIDATL,PEP,PEPCO,3235.122,False
1/3/2025 4:00:00 PM,1/3/2025 11:00:00 AM,RFC,MIDATL,PEP,PEPCO,3240.962,False
1/3/2025 5:00:00 PM,1/3/2025 12:00:00 PM,RFC,MIDATL,PEP,PEPCO,3189.211,False
1/3/2025 6:00:00 PM,1/3/2025 1:00:00 PM,RFC,MIDATL,PEP,PEPCO,3131.083,False
1/3/2025 7:00:00 PM,1/3/2025 2:00:00 PM,RFC,MIDATL,PEP,PEPCO,3142.980,False
1/3/2025 8:00:00 PM,1/3/2025 3:00:00 PM,RFC,MIDATL,PEP,PEPCO,3283.791,False
1/3/2025 9:00:00 PM,1/3/2025 4:00:00 PM,RFC,MIDATL,PEP,PEPCO,3438.494,False
1/3/2025 10:00:00 PM,1/3/2025 5:00:00 PM,RFC,MIDATL,PEP,PEPCO,3528.302,False
1/3/2025 11:00:00 PM,1/3/2025 6:00:00 PM,RFC,MIDATL,PEP,PEPCO,3476.241,False
1/4/2025 12:00:00 AM,1/3/2025 7:00:00 PM,RFC,MIDATL,PEP,PEPCO,3402.600,False
1/4/2025 1:00:00 AM,1/3/2025 8:00:00 PM,RFC,MIDATL,PEP,PEPCO,3378.038,False
1/4/2025 2:00:00 AM,1/3/2025 9:00:00 PM,RFC,MIDATL,PEP,PEPCO,3299.033,False
1/4/2025 3:00:00 AM,1/3/2025 10:00:00 PM,RFC,MIDATL,PEP,PEPCO,3199.074,False
1/4/2025 4:00:00 AM,1/3/2025 11:00:00 PM,RFC,MIDATL,PEP,PEPCO,3088.928,False
1/4/2025 5:00:00 AM,1/4/2025 12:00:00 AM,RFC,MIDATL,PEP,PEPCO,3022.137,False
1/4/2025 6:00:00 AM,1/4/2025 1:00:00 AM,RFC,MIDATL,PEP,PEPCO,2937.525,False
1/4/2025 7:00:00 AM,1/4/2025 2:00:00 AM,RFC,MIDATL,PEP,PEPCO,2908.135,False
1/4/2025 8:00:00 AM,1/4/2025 3:00:00 AM,RFC,MIDATL,PEP,PEPCO,2861.513,False
1/4/2025 9:00:00 AM,1/4/2025 4:00:00 AM,RFC,MIDATL,PEP,PEPCO,2911.481,False
1/4/2025 10:00:00 AM,1/4/2025 5:00:00 AM,RFC,MIDATL,PEP,PEPCO,2978.743,False
1/4/2025 11:00:00 AM,1/4/2025 6:00:00 AM,RFC,MIDATL,PEP,PEPCO,3102.650,False
1/4/2025 12:00:00 PM,1/4/2025 7:00:00 AM,RFC,MIDATL,PEP,PEPCO,3239.201,False
1/4/2025 1:00:00 PM,1/4/2025 8:00:00 AM,RFC,MIDATL,PEP,PEPCO,3312.213,False
1/4/2025 2:00:00 PM,1/4/2025 9:00:00 AM,RFC,MIDATL,PEP,PEPCO,3268.367,False
1/4/2025 3:00:00 PM,1/4/2025 10:00:00 AM,RFC,MIDATL,PEP,PEPCO,3259.511,False
1/4/2025 4:00:00 PM,1/4/2025 11:00:00 AM,RFC,MIDATL,PEP,PEPCO,3277.956,False
1/4/2025 5:00:00 PM,1/4/2025 12:00:00 PM,RFC,MIDATL,PEP,PEPCO,3205.472,False
1/4/2025 6:00:00 PM,1/4/2025 1:00:00 PM,RFC,MIDATL,PEP,PEPCO,3157.895,False
1/4/2025 7:00:00 PM,1/4/2025 2:00:00 PM,RFC,MIDATL,PEP,PEPCO,3189.486,False
1/4/2025 8:00:00 PM,1/4/2025 3:00:00 PM,RFC,MIDATL,PEP,PEPCO,3260.454,False
1/4/2025 9:00:00 PM,1/4/2025 4:00:00 PM,RFC,MIDATL,PEP,PEPCO,3387.151,False
1/4/2025 10:00:00 PM,1/4/2025 5:00:00 PM,RFC,MIDATL,PEP,PEPCO,3594.870,False
1/4/2025 11:00:00 PM,1/4/2025 6:00:00 PM,RFC,MIDATL,PEP,PEPCO,3646.066,False
1/5/2025 12:00:00 AM,1/4/2025 7:00:00 PM,RFC,MIDATL,PEP,PEPCO,3651.111,False
1/5/2025 1:00:00 AM,1/4/2025 8:00:00 PM,RFC,MIDATL,PEP,PEPCO,3632.558,False
1/5/2025 2:00:00 AM,1/4/2025 9:00:00 PM,RFC,MIDATL,PEP,PEPCO,3569.667,False
1/5/2025 3:00:00 AM,1/4/2025 10:00:00 PM,RFC,MIDATL,PEP,PEPCO,3468.226,False
1/5/2025 4:00:00 AM,1/4/2025 11:00:00 PM,RFC,MIDATL,PEP,PEPCO,3334.718,False
1/5/2025 5:00:00 AM,1/5/2025 12:00:00 AM,RFC,MIDATL,PEP,PEPCO,3288.426,False
1/5/2025 6:00:00 AM,1/5/2025 1:00:00 AM,RFC,MIDATL,PEP,PEPCO,3160.567,False
1/5/2025 7:00:00 AM,1/5/2025 2:00:00 AM,RFC,MIDATL,PEP,PEPCO,3133.291,False
1/5/2025 8:00:00 AM,1/5/2025 3:00:00 AM,RFC,MIDATL,PEP,PEPCO,3125.734,False
1/5/2025 9:00:00 AM,1/5/2025 4:00:00 AM,RFC,MIDATL,PEP,PEPCO,3142.400,False
1/5/2025 10:00:00 AM,1/5/2025 5:00:00 AM,RFC,MIDATL,PEP,PEPCO,3196.202,False
1/5/2025 11:00:00 AM,1/5/2025 6:00:00 AM,RFC,MIDATL,PEP,PEPCO,3277.320,False
1/5/2025 12:00:00 PM,1/5/2025 7:00:00 AM,RFC,MIDATL,PEP,PEPCO,3392.919,False
1/5/2025 1:00:00 PM,1/5/2025 8:00:00 AM,RFC,MIDATL,PEP,PEPCO,3432.407,False
1/5/2025 2:00:00 PM,1/5/2025 9:00:00 AM,RFC,MIDATL,PEP,PEPCO,3247.298,False
1/5/2025 3:00:00 PM,1/5/2025 10:00:00 AM,RFC,MIDATL,PEP,PEPCO,3131.882,False
1/5/2025 4:00:00 PM,1/5/2025 11:00:00 AM,RFC,MIDATL,PEP,PEPCO,3062.427,False
1/5/2025 5:00:00 PM,1/5/2025 12:00:00 PM,RFC,MIDATL,PEP,PEPCO,3103.087,False
1/5/2025 6:00:00 PM,1/5/2025 1:00:00 PM,RFC,MIDATL,PEP,PEPCO,3133.998,False
1/5/2025 7:00:00 PM,1/5/2025 2:00:00 PM,RFC,MIDATL,PEP,PEPCO,3182.776,False
1/5/2025 8:00:00 PM,1/5/2025 3:00:00 PM,RFC,MIDATL,PEP,PEPCO,3242.401,False
1/5/2025 9:00:00 PM,1/5/2025 4:00:00 PM,RFC,MIDATL,PEP,PEPCO,3332.873,False
1/5/2025 10:00:00 PM,1/5/2025 5:00:00 PM,RFC,MIDATL,PEP,PEPCO,3487.479,False
1/5/2025 11:00:00 PM,1/5/2025 6:00:00 PM,RFC,MIDATL,PEP,PEPCO,3521.973,False
1/6/2025 12:00:00 AM,1/5/2025 7:00:00 PM,RFC,MIDATL,PEP,PEPCO,3465.477,False
1/6/2025 1:00:00 AM,1/5/2025 8:00:00 PM,RFC,MIDATL,PEP,PEPCO,3400.250,False
1/6/2025 2:00:00 AM,1/5/2025 9:00:00 PM,RFC,MIDATL,PEP,PEPCO,3301.001,False
1/6/2025 3:00:00 AM,1/5/2025 10:00:00 PM,RFC,MIDATL,PEP,PEPCO,3181.143,False
1/6/2025 4:00:00 AM,1/5/2025 11:00:00 PM,RFC,MIDATL,PEP,PEPCO,3034.005,False
1/6/2025 5:00:00 AM,1/6/2025 12:00:00 AM,RFC,MIDATL,PEP,PEPCO,2948.541,False
1/6/2025 6:00:00 AM,1/6/2025 1:00:00 AM,RFC,MIDATL,PEP,PEPCO,2905.752,False
1/6/2025 7:00:00 AM,1/6/2025 2:00:00 AM,RFC,MIDATL,PEP,PEPCO,2955.700,False
1/6/2025 8:00:00 AM,1/6/2025 3:00:00 AM,RFC,MIDATL,PEP,PEPCO,2983.809,False
1/6/2025 9:00:00 AM,1/6/2025 4:00:00 AM,RFC,MIDATL,PEP,PEPCO,3103.114,False
1/6/2025 10:00:00 AM,1/6/2025 5:00:00 AM,RFC,MIDATL,PEP,PEPCO,3269.578,False
1/6/2025 11:00:00 AM,1/6/2025 6:00:00 AM,RFC,MIDATL,PEP,PEPCO,3472.170,False
1/6/2025 12:00:00 PM,1/6/2025 7:00:00 AM,RFC,MIDATL,PEP,PEPCO,3611.070,False
1/6/2025 1:00:00 PM,1/6/2025 8:00:00 AM,RFC,MIDATL,PEP,PEPCO,3704.605,False
1/6/2025 2:00:00 PM,1/6/2025 9:00:00 AM,RFC,MIDATL,PEP,PEPCO,3788.893,False
1/6/2025 3:00:00 PM,1/6/2025 10:00:00 AM,RFC,MIDATL,PEP,PEPCO,3812.093,False
1/6/2025 4:00:00 PM,1/6/2025 11:00:00 AM,RFC,MIDATL,PEP,PEPCO,3864.047,False
1/6/2025 5:00:00 PM,1/6/2025 12:00:00 PM,RFC,MIDATL,PEP,PEPCO,3825.538,False
1/6/2025 6:00:00 PM,1/6/2025 1:00:00 PM,RFC,MIDATL,PEP,PEPCO,3792.195,False
1/6/2025 7:00:00 PM,1/6/2025 2:00:00 PM,RFC,MIDATL,PEP,PEPCO,3767.472,False
1/6/2025 8:00:00 PM,1/6/2025 3:00:00 PM,RFC,MIDATL,PEP,PEPCO,3760.753,False
1/6/2025 9:00:00 PM,1/6/2025 4:00:00 PM,RFC,MIDATL,PEP,PEPCO,3799.156,False
1/6/2025 10:00:00 PM,1/6/2025 5:00:00 PM,RFC,MIDATL,PEP,PEPCO,3910.001,False
1/6/2025 11:00:00 PM,1/6/2025 6:00:00 PM,RFC,MIDATL,PEP,PEPCO,3818.759,False
1/7/2025 12:00:00 AM,1/6/2025 7:00:00 PM,RFC,MIDATL,PEP,PEPCO,3711.026,False
1/7/2025 1:00:00 AM,1/6/2025 8:00:00 PM,RFC,MIDATL,PEP,PEPCO,3634.216,False
1/7/2025 2:00:00 AM,1/6/2025 9:00:00 PM,RFC,MIDATL,PEP,PEPCO,3512.814,False
1/7/2025 3:00:00 AM,1/6/2025 10:00:00 PM,RFC,MIDATL,PEP,PEPCO,3362.700,False
1/7/2025 4:00:00 AM,1/6/2025 11:00:00 PM,RFC,MIDATL,PEP,PEPCO,3219.466,False
1/7/2025 5:00:00 AM,1/7/2025 12:00:00 AM,RFC,MIDATL,PEP,PEPCO,3109.119,False
1/7/2025 6:00:00 AM,1/7/2025 1:00:00 AM,RFC,MIDATL,PEP,PEPCO,3090.090,False
1/7/2025 7:00:00 AM,1/7/2025 2:00:00 AM,RFC,MIDATL,PEP,PEPCO,3077.231,False
1/7/2025 8:00:00 AM,1/7/2025 3:00:00 AM,RFC,MIDATL,PEP,PEPCO,3165.202,False
1/7/2025 9:00:00 AM,1/7/2025 4:00:00 AM,RFC,MIDATL,PEP,PEPCO,3277.827,False
1/7/2025 10:00:00 AM,1/7/2025 5:00:00 AM,RFC,MIDATL,PEP,PEPCO,3473.074,False
1/7/2025 11:00:00 AM,1/7/2025 6:00:00 AM,RFC,MIDATL,PEP,PEPCO,3691.080,False
1/7/2025 12:00:00 PM,1/7/2025 7:00:00 AM,RFC,MIDATL,PEP,PEPCO,3872.492,False
1/7/2025 1:00:00 PM,1/7/2025 8:00:00 AM,RFC,MIDATL,PEP,PEPCO,3917.820,False
1/7/2025 2:00:00 PM,1/7/2025 9:00:00 AM,RFC,MIDATL,PEP,PEPCO,3839.662,False
1/7/2025 3:00:00 PM,1/7/2025 10:00:00 AM,RFC,MIDATL,PEP,PEPCO,3725.481,False
1/7/2025 4:00:00 PM,1/7/2025 11:00:00 AM,RFC,MIDATL,PEP,PEPCO,3680.244,False
1/7/2025 5:00:00 PM,1/7/2025 12:00:00 PM,RFC,MIDATL,PEP,PEPCO,3626.664,False
1/7/2025 6:00:00 PM,1/7/2025 1:00:00 PM,RFC,MIDATL,PEP,PEPCO,3542.294,False
1/7/2025 7:00:00 PM,1/7/2025 2:00:00 PM,RFC,MIDATL,PEP,PEPCO,3475.956,False
1/7/2025 8:00:00 PM,1/7/2025 3:00:00 PM,RFC,MIDATL,PEP,PEPCO,3533.663,False
1/7/2025 9:00:00 PM,1/7/2025 4:00:00 PM,RFC,MIDATL,PEP,PEPCO,3640.014,False
1/7/2025 10:00:00 PM,1/7/2025 5:00:00 PM,RFC,MIDATL,PEP,PEPCO,3824.549,False
1/7/2025 11:00:00 PM,1/7/2025 6:00:00 PM,RFC,MIDATL,PEP,PEPCO,3803.629,False
1/8/2025 12:00:00 AM,1/7/2025 7:00:00 PM,RFC,MIDATL,PEP,PEPCO,3715.869,False
1/8/2025 1:00:00 AM,1/7/2025 8:00:00 PM,RFC,MIDATL,PEP,PEPCO,3636.607,False
1/8/2025 2:00:00 AM,1/7/2025 9:00:00 PM,RFC,MIDATL,PEP,PEPCO,3547.546,False
1/8/2025 3:00:00 AM,1/7/2025 10:00:00 PM,RFC,MIDATL,PEP,PEPCO,3400.736,False
1/8/2025 4:00:00 AM,1/7/2025 11:00:00 PM,RFC,MIDATL,PEP,PEPCO,3253.157,False
1/8/2025 5:00:00 AM,1/8/2025 12:00:00 AM,RFC,MIDATL,PEP,PEPCO,3167.800,False
1/8/2025 6:00:00 AM,1/8/2025 1:00:00 AM,RFC,MIDATL,PEP,PEPCO,3096.518,False
1/8/2025 7:00:00 AM,1/8/2025 2:00:00 AM,RFC,MIDATL,PEP,PEPCO,3083.577,False
1/8/2025 8:00:00 AM,1/8/2025 3:00:00 AM,RFC,MIDATL,PEP,PEPCO,3076.246,False
1/8/2025 9:00:00 AM,1/8/2025 4:00:00 AM,RFC,MIDATL,PEP,PEPCO,3164.298,False
1/8/2025 10:00:00 AM,1/8/2025 5:00:00 AM,RFC,MIDATL,PEP,PEPCO,3359.822,False
1/8/2025 11:00:00 AM,1/8/2025 6:00:00 AM,RFC,MIDATL,PEP,PEPCO,3616.697,False
1/8/2025 12:00:00 PM,1/8/2025 7:00:00 AM,RFC,MIDATL,PEP,PEPCO,3823.512,False
1/8/2025 1:00:00 PM,1/8/2025 8:00:00 AM,RFC,MIDATL,PEP,PEPCO,3879.456,False
1/8/2025 2:00:00 PM,1/8/2025 9:00:00 AM,RFC,MIDATL,PEP,PEPCO,3836.601,False
1/8/2025 3:00:00 PM,1/8/2025 10:00:00 AM,RFC,MIDATL,PEP,PEPCO,3717.893,False
1/8/2025 4:00:00 PM,1/8/2025 11:00:00 AM,RFC,MIDATL,PEP,PEPCO,3700.637,False
1/8/2025 5:00:00 PM,1/8/2025 12:00:00 PM,RFC,MIDATL,PEP,PEPCO,3724.781,False
1/8/2025 6:00:00 PM,1/8/2025 1:00:00 PM,RFC,MIDATL,PEP,PEPCO,3692.006,False
1/8/2025 7:00:00 PM,1/8/2025 2:00:00 PM,RFC,MIDATL,PEP,PEPCO,3726.685,False
1/8/2025 8:00:00 PM,1/8/2025 3:00:00 PM,RFC,MIDATL,PEP,PEPCO,3764.735,False
1/8/2025 9:00:00 PM,1/8/2025 4:00:00 PM,RFC,MIDATL,PEP,PEPCO,3825.781,False
1/8/2025 10:00:00 PM,1/8/2025 5:00:00 PM,RFC,MIDATL,PEP,PEPCO,3971.970,False
1/8/2025 11:00:00 PM,1/8/2025 6:00:00 PM,RFC,MIDATL,PEP,PEPCO,3908.172,False
1/9/2025 12:00:00 AM,1/8/2025 7:00:00 PM,RFC,MIDATL,PEP,PEPCO,3867.577,False
1/9/2025 1:00:00 AM,1/8/2025 8:00:00 PM,RFC,MIDATL,PEP,PEPCO,3847.206,False
1/9/2025 2:00:00 AM,1/8/2025 9:00:00 PM,RFC,MIDATL,PEP,PEPCO,3750.859,False
1/9/2025 3:00:00 AM,1/8/2025 10:00:00 PM,RFC,MIDATL,PEP,PEPCO,3623.593,False
1/9/2025 4:00:00 AM,1/8/2025 11:00:00 PM,RFC,MIDATL,PEP,PEPCO,3463.032,False
1/9/2025 5:00:00 AM,1/9/2025 12:00:00 AM,RFC,MIDATL,PEP,PEPCO,3381.062,False
1/9/2025 6:00:00 AM,1/9/2025 1:00:00 AM,RFC,MIDATL,PEP,PEPCO,3301.605,False
1/9/2025 7:00:00 AM,1/9/2025 2:00:00 AM,RFC,MIDATL,PEP,PEPCO,3292.904,False
1/9/2025 8:00:00 AM,1/9/2025 3:00:00 AM,RFC,MIDATL,PEP,PEPCO,3334.036,False
1/9/2025 9:00:00 AM,1/9/2025 4:00:00 AM,RFC,MIDATL,PEP,PEPCO,3384.229,False
1/9/2025 10:00:00 AM,1/9/2025 5:00:00 AM,RFC,MIDATL,PEP,PEPCO,3620.291,False
1/9/2025 11:00:00 AM,1/9/2025 6:00:00 AM,RFC,MIDATL,PEP,PEPCO,3894.278,False
1/9/2025 12:00:00 PM,1/9/2025 7:00:00 AM,RFC,MIDATL,PEP,PEPCO,4081.691,False
1/9/2025 1:00:00 PM,1/9/2025 8:00:00 AM,RFC,MIDATL,PEP,PEPCO,4108.107,False
1/9/2025 2:00:00 PM,1/9/2025 9:00:00 AM,RFC,MIDATL,PEP,PEPCO,4044.359,False
1/9/2025 3:00:00 PM,1/9/2025 10:00:00 AM,RFC,MIDATL,PEP,PEPCO,3926.131,False
1/9/2025 4:00:00 PM,1/9/2025 11:00:00 AM,RFC,MIDATL,PEP,PEPCO,3868.683,False
1/9/2025 5:00:00 PM,1/9/2025 12:00:00 PM,RFC,MIDATL,PEP,PEPCO,3786.259,False
1/9/2025 6:00:00 PM,1/9/2025 1:00:00 PM,RFC,MIDATL,PEP,PEPCO,3742.081,False
1/9/2025 7:00:00 PM,1/9/2025 2:00:00 PM,RFC,MIDATL,PEP,PEPCO,3661.190,False
1/9/2025 8:00:00 PM,1/9/2025 3:00:00 PM,RFC,MIDATL,PEP,PEPCO,3662.652,False
1/9/2025 9:00:00 PM,1/9/2025 4:00:00 PM,RFC,MIDATL,PEP,PEPCO,3785.731,False
1/9/2025 10:00:00 PM,1/9/2025 5:00:00 PM,RFC,MIDATL,PEP,PEPCO,3985.731,False
1/9/2025 11:00:00 PM,1/9/2025 6:00:00 PM,RFC,MIDATL,PEP,PEPCO,3952.256,False
1/10/2025 12:00:00 AM,1/9/2025 7:00:00 PM,RFC,MIDATL,PEP,PEPCO,3929.229,False
1/10/2025 1:00:00 AM,1/9/2025 8:00:00 PM,RFC,MIDATL,PEP,PEPCO,3863.830,False
1/10/2025 2:00:00 AM,1/9/2025 9:00:00 PM,RFC,MIDATL,PEP,PEPCO,3783.880,False
1/10/2025 3:00:00 AM,1/9/2025 10:00:00 PM,RFC,MIDATL,PEP,PEPCO,3629.298,False
1/10/2025 4:00:00 AM,1/9/2025 11:00:00 PM,RFC,MIDATL,PEP,PEPCO,3466.854,False
1/10/2025 5:00:00 AM,1/10/2025 12:00:00 AM,RFC,MIDATL,PEP,PEPCO,3339.125,False
1/10/2025 6:00:00 AM,1/10/2025 1:00:00 AM,RFC,MIDATL,PEP,PEPCO,3264.209,False
1/10/2025 7:00:00 AM,1/10/2025 2:00:00 AM,RFC,MIDATL,PEP,PEPCO,3254.403,False
1/10/2025 8:00:00 AM,1/10/2025 3:00:00 AM,RFC,MIDATL,PEP,PEPCO,3258.386,False
1/10/2025 9:00:00 AM,1/10/2025 4:00:00 AM,RFC,MIDATL,PEP,PEPCO,3391.590,False
1/10/2025 10:00:00 AM,1/10/2025 5:00:00 AM,RFC,MIDATL,PEP,PEPCO,3614.378,False
1/10/2025 11:00:00 AM,1/10/2025 6:00:00 AM,RFC,MIDATL,PEP,PEPCO,3916.608,False
1/10/2025 12:00:00 PM,1/10/2025 7:00:00 AM,RFC,MIDATL,PEP,PEPCO,4084.689,False
1/10/2025 1:00:00 PM,1/10/2025 8:00:00 AM,RFC,MIDATL,PEP,PEPCO,4082.448,False
1/10/2025 2:00:00 PM,1/10/2025 9:00:00 AM,RFC,MIDATL,PEP,PEPCO,3979.771,False
1/10/2025 3:00:00 PM,1/10/2025 10:00:00 AM,RFC,MIDATL,PEP,PEPCO,3836.440,False
1/10/2025 4:00:00 PM,1/10/2025 11:00:00 AM,RFC,MIDATL,PEP,PEPCO,3720.226,False
1/10/2025 5:00:00 PM,1/10/2025 12:00:00 PM,RFC,MIDATL,PEP,PEPCO,3633.618,False
1/10/2025 6:00:00 PM,1/10/2025 1:00:00 PM,RFC,MIDATL,PEP,PEPCO,3666.620,False
1/10/2025 7:00:00 PM,1/10/2025 2:00:00 PM,RFC,MIDATL,PEP,PEPCO,3632.613,False
1/10/2025 8:00:00 PM,1/10/2025 3:00:00 PM,RFC,MIDATL,PEP,PEPCO,3599.704,False
1/10/2025 9:00:00 PM,1/10/2025 4:00:00 PM,RFC,MIDATL,PEP,PEPCO,3729.464,False
1/10/2025 10:00:00 PM,1/10/2025 5:00:00 PM,RFC,MIDATL,PEP,PEPCO,3814.333,False
1/10/2025 11:00:00 PM,1/10/2025 6:00:00 PM,RFC,MIDATL,PEP,PEPCO,3723.181,False
1/11/2025 12:00:00 AM,1/10/2025 7:00:00 PM,RFC,MIDATL,PEP,PEPCO,3624.408,False
1/11/2025 1:00:00 AM,1/10/2025 8:00:00 PM,RFC,MIDATL,PEP,PEPCO,3529.477,False
1/11/2025 2:00:00 AM,1/10/2025 9:00:00 PM,RFC,MIDATL,PEP,PEPCO,3423.711,False
1/11/2025 3:00:00 AM,1/10/2025 10:00:00 PM,RFC,MIDATL,PEP,PEPCO,3257.229,False
1/11/2025 4:00:00 AM,1/10/2025 11:00:00 PM,RFC,MIDATL,PEP,PEPCO,3189.225,False
1/11/2025 5:00:00 AM,1/11/2025 12:00:00 AM,RFC,MIDATL,PEP,PEPCO,3095.167,False
1/11/2025 6:00:00 AM,1/11/2025 1:00:00 AM,RFC,MIDATL,PEP,PEPCO,3060.398,False
1/11/2025 7:00:00 AM,1/11/2025 2:00:00 AM,RFC,MIDATL,PEP,PEPCO,3007.409,False
1/11/2025 8:00:00 AM,1/11/2025 3:00:00 AM,RFC,MIDATL,PEP,PEPCO,2991.926,False
1/11/2025 9:00:00 AM,1/11/2025 4:00:00 AM,RFC,MIDATL,PEP,PEPCO,2972.158,False
1/11/2025 10:00:00 AM,1/11/2025 5:00:00 AM,RFC,MIDATL,PEP,PEPCO,3001.189,False
1/11/2025 11:00:00 AM,1/11/2025 6:00:00 AM,RFC,MIDATL,PEP,PEPCO,3133.302,False
1/11/2025 12:00:00 PM,1/11/2025 7:00:00 AM,RFC,MIDATL,PEP,PEPCO,3246.283,False
1/11/2025 1:00:00 PM,1/11/2025 8:00:00 AM,RFC,MIDATL,PEP,PEPCO,3382.070,False
1/11/2025 2:00:00 PM,1/11/2025 9:00:00 AM,RFC,MIDATL,PEP,PEPCO,3389.319,False
1/11/2025 3:00:00 PM,1/11/2025 10:00:00 AM,RFC,MIDATL,PEP,PEPCO,3339.930,False
1/11/2025 4:00:00 PM,1/11/2025 11:00:00 AM,RFC,MIDATL,PEP,PEPCO,3310.515,False
1/11/2025 5:00:00 PM,1/11/2025 12:00:00 PM,RFC,MIDATL,PEP,PEPCO,3296.076,False
1/11/2025 6:00:00 PM,1/11/2025 1:00:00 PM,RFC,MIDATL,PEP,PEPCO,3197.083,False
1/11/2025 7:00:00 PM,1/11/2025 2:00:00 PM,RFC,MIDATL,PEP,PEPCO,3184.643,False
1/11/2025 8:00:00 PM,1/11/2025 3:00:00 PM,RFC,MIDATL,PEP,PEPCO,3216.279,False
1/11/2025 9:00:00 PM,1/11/2025 4:00:00 PM,RFC,MIDATL,PEP,PEPCO,3282.762,False
1/11/2025 10:00:00 PM,1/11/2025 5:00:00 PM,RFC,MIDATL,PEP,PEPCO,3461.689,False
1/11/2025 11:00:00 PM,1/11/2025 6:00:00 PM,RFC,MIDATL,PEP,PEPCO,3506.104,False
1/12/2025 12:00:00 AM,1/11/2025 7:00:00 PM,RFC,MIDATL,PEP,PEPCO,3489.100,False
1/12/2025 1:00:00 AM,1/11/2025 8:00:00 PM,RFC,MIDATL,PEP,PEPCO,3443.648,False
1/12/2025 2:00:00 AM,1/11/2025 9:00:00 PM,RFC,MIDATL,PEP,PEPCO,3358.449,False
1/12/2025 3:00:00 AM,1/11/2025 10:00:00 PM,RFC,MIDATL,PEP,PEPCO,3250.117,False
1/12/2025 4:00:00 AM,1/11/2025 11:00:00 PM,RFC,MIDATL,PEP,PEPCO,3124.555,False
1/12/2025 5:00:00 AM,1/12/2025 12:00:00 AM,RFC,MIDATL,PEP,PEPCO,3005.156,False
1/12/2025 6:00:00 AM,1/12/2025 1:00:00 AM,RFC,MIDATL,PEP,PEPCO,2932.425,False
1/12/2025 7:00:00 AM,1/12/2025 2:00:00 AM,RFC,MIDATL,PEP,PEPCO,2912.365,False
1/12/2025 8:00:00 AM,1/12/2025 3:00:00 AM,RFC,MIDATL,PEP,PEPCO,2893.681,False
1/12/2025 9:00:00 AM,1/12/2025 4:00:00 AM,RFC,MIDATL,PEP,PEPCO,2968.933,False
1/12/2025 10:00:00 AM,1/12/2025 5:00:00 AM,RFC,MIDATL,PEP,PEPCO,3006.889,False
1/12/2025 11:00:00 AM,1/12/2025 6:00:00 AM,RFC,MIDATL,PEP,PEPCO,3066.396,False
1/12/2025 12:00:00 PM,1/12/2025 7:00:00 AM,RFC,MIDATL,PEP,PEPCO,3210.985,False
1/12/2025 1:00:00 PM,1/12/2025 8:00:00 AM,RFC,MIDATL,PEP,PEPCO,3234.153,False
1/12/2025 2:00:00 PM,1/12/2025 9:00:00 AM,RFC,MIDATL,PEP,PEPCO,3158.180,False
1/12/2025 3:00:00 PM,1/12/2025 10:00:00 AM,RFC,MIDATL,PEP,PEPCO,3084.646,False
1/12/2025 4:00:00 PM,1/12/2025 11:00:00 AM,RFC,MIDATL,PEP,PEPCO,2988.148,False
1/12/2025 5:00:00 PM,1/12/2025 12:00:00 PM,RFC,MIDATL,PEP,PEPCO,2942.737,False
1/12/2025 6:00:00 PM,1/12/2025 1:00:00 PM,RFC,MIDATL,PEP,PEPCO,2900.959,False
1/12/2025 7:00:00 PM,1/12/2025 2:00:00 PM,RFC,MIDATL,PEP,PEPCO,2877.388,False
1/12/2025 8:00:00 PM,1/12/2025 3:00:00 PM,RFC,MIDATL,PEP,PEPCO,2911.862,False
1/12/2025 9:00:00 PM,1/12/2025 4:00:00 PM,RFC,MIDATL,PEP,PEPCO,3030.552,False
1/12/2025 10:00:00 PM,1/12/2025 5:00:00 PM,RFC,MIDATL,PEP,PEPCO,3244.335,False
1/12/2025 11:00:00 PM,1/12/2025 6:00:00 PM,RFC,MIDATL,PEP,PEPCO,3344.656,False
1/13/2025 12:00:00 AM,1/12/2025 7:00:00 PM,RFC,MIDATL,PEP,PEPCO,3351.787,False
1/13/2025 1:00:00 AM,1/12/2025 8:00:00 PM,RFC,MIDATL,PEP,PEPCO,3364.779,False
1/13/2025 2:00:00 AM,1/12/2025 9:00:00 PM,RFC,MIDATL,PEP,PEPCO,3297.194,False
1/13/2025 3:00:00 AM,1/12/2025 10:00:00 PM,RFC,MIDATL,PEP,PEPCO,3164.878,False
1/13/2025 4:00:00 AM,1/12/2025 11:00:00 PM,RFC,MIDATL,PEP,PEPCO,3006.606,False
1/13/2025 5:00:00 AM,1/13/2025 12:00:00 AM,RFC,MIDATL,PEP,PEPCO,2875.823,False
1/13/2025 6:00:00 AM,1/13/2025 1:00:00 AM,RFC,MIDATL,PEP,PEPCO,2801.034,False
1/13/2025 7:00:00 AM,1/13/2025 2:00:00 AM,RFC,MIDATL,PEP,PEPCO,2799.567,False
1/13/2025 8:00:00 AM,1/13/2025 3:00:00 AM,RFC,MIDATL,PEP,PEPCO,2862.278,False
1/13/2025 9:00:00 AM,1/13/2025 4:00:00 AM,RFC,MIDATL,PEP,PEPCO,3017.601,False
1/13/2025 10:00:00 AM,1/13/2025 5:00:00 AM,RFC,MIDATL,PEP,PEPCO,3249.807,False
1/13/2025 11:00:00 AM,1/13/2025 6:00:00 AM,RFC,MIDATL,PEP,PEPCO,3602.072,False
1/13/2025 12:00:00 PM,1/13/2025 7:00:00 AM,RFC,MIDATL,PEP,PEPCO,3789.927,False
1/13/2025 1:00:00 PM,1/13/2025 8:00:00 AM,RFC,MIDATL,PEP,PEPCO,3789.220,False
1/13/2025 2:00:00 PM,1/13/2025 9:00:00 AM,RFC,MIDATL,PEP,PEPCO,3659.940,False
1/13/2025 3:00:00 PM,1/13/2025 10:00:00 AM,RFC,MIDATL,PEP,PEPCO,3579.919,False
1/13/2025 4:00:00 PM,1/13/2025 11:00:00 AM,RFC,MIDATL,PEP,PEPCO,3507.979,False
1/13/2025 5:00:00 PM,1/13/2025 12:00:00 PM,RFC,MIDATL,PEP,PEPCO,3256.651,False
1/13/2025 6:00:00 PM,1/13/2025 1:00:00 PM,RFC,MIDATL,PEP,PEPCO,3139.885,False
1/13/2025 7:00:00 PM,1/13/2025 2:00:00 PM,RFC,MIDATL,PEP,PEPCO,3086.559,False
1/13/2025 8:00:00 PM,1/13/2025 3:00:00 PM,RFC,MIDATL,PEP,PEPCO,3103.177,False
1/13/2025 9:00:00 PM,1/13/2025 4:00:00 PM,RFC,MIDATL,PEP,PEPCO,3199.467,False
1/13/2025 10:00:00 PM,1/13/2025 5:00:00 PM,RFC,MIDATL,PEP,PEPCO,3378.338,False
1/13/2025 11:00:00 PM,1/13/2025 6:00:00 PM,RFC,MIDATL,PEP,PEPCO,3392.940,False
1/14/2025 12:00:00 AM,1/13/2025 7:00:00 PM,RFC,MIDATL,PEP,PEPCO,3338.614,False
1/14/2025 1:00:00 AM,1/13/2025 8:00:00 PM,RFC,MIDATL,PEP,PEPCO,3268.884,False
1/14/2025 2:00:00 AM,1/13/2025 9:00:00 PM,RFC,MIDATL,PEP,PEPCO,3177.296,False
1/14/2025 3:00:00 AM,1/13/2025 10:00:00 PM,RFC,MIDATL,PEP,PEPCO,3040.314,False
1/14/2025 4:00:00 AM,1/13/2025 11:00:00 PM,RFC,MIDATL,PEP,PEPCO,2875.609,False
1/14/2025 5:00:00 AM,1/14/2025 12:00:00 AM,RFC,MIDATL,PEP,PEPCO,2795.134,False
1/14/2025 6:00:00 AM,1/14/2025 1:00:00 AM,RFC,MIDATL,PEP,PEPCO,2760.938,False
1/14/2025 7:00:00 AM,1/14/2025 2:00:00 AM,RFC,MIDATL,PEP,PEPCO,2761.485,False
1/14/2025 8:00:00 AM,1/14/2025 3:00:00 AM,RFC,MIDATL,PEP,PEPCO,2782.145,False
1/14/2025 9:00:00 AM,1/14/2025 4:00:00 AM,RFC,MIDATL,PEP,PEPCO,2941.807,False
1/14/2025 10:00:00 AM,1/14/2025 5:00:00 AM,RFC,MIDATL,PEP,PEPCO,3246.238,False
1/14/2025 11:00:00 AM,1/14/2025 6:00:00 AM,RFC,MIDATL,PEP,PEPCO,3606.103,False
1/14/2025 12:00:00 PM,1/14/2025 7:00:00 AM,RFC,MIDATL,PEP,PEPCO,3825.301,False
1/14/2025 1:00:00 PM,1/14/2025 8:00:00 AM,RFC,MIDATL,PEP,PEPCO,3802.009,False
1/14/2025 2:00:00 PM,1/14/2025 9:00:00 AM,RFC,MIDATL,PEP,PEPCO,3661.954,False
1/14/2025 3:00:00 PM,1/14/2025 10:00:00 AM,RFC,MIDATL,PEP,PEPCO,3504.247,False
1/14/2025 4:00:00 PM,1/14/2025 11:00:00 AM,RFC,MIDATL,PEP,PEPCO,3388.006,False
1/14/2025 5:00:00 PM,1/14/2025 12:00:00 PM,RFC,MIDATL,PEP,PEPCO,3348.067,False
1/14/2025 6:00:00 PM,1/14/2025 1:00:00 PM,RFC,MIDATL,PEP,PEPCO,3286.127,False
1/14/2025 7:00:00 PM,1/14/2025 2:00:00 PM,RFC,MIDATL,PEP,PEPCO,3244.409,False
1/14/2025 8:00:00 PM,1/14/2025 3:00:00 PM,RFC,MIDATL,PEP,PEPCO,3284.824,False
1/14/2025 9:00:00 PM,1/14/2025 4:00:00 PM,RFC,MIDATL,PEP,PEPCO,3458.758,False
1/14/2025 10:00:00 PM,1/14/2025 5:00:00 PM,RFC,MIDATL,PEP,PEPCO,3620.036,False
1/14/2025 11:00:00 PM,1/14/2025 6:00:00 PM,RFC,MIDATL,PEP,PEPCO,3618.471,False
1/15/2025 12:00:00 AM,1/14/2025 7:00:00 PM,RFC,MIDATL,PEP,PEPCO,3600.717,False
1/15/2025 1:00:00 AM,1/14/2025 8:00:00 PM,RFC,MIDATL,PEP,PEPCO,3536.525,False
1/15/2025 2:00:00 AM,1/14/2025 9:00:00 PM,RFC,MIDATL,PEP,PEPCO,3498.675,False
1/15/2025 3:00:00 AM,1/14/2025 10:00:00 PM,RFC,MIDATL,PEP,PEPCO,3384.950,False
1/15/2025 4:00:00 AM,1/14/2025 11:00:00 PM,RFC,MIDATL,PEP,PEPCO,3246.976,False
1/15/2025 5:00:00 AM,1/15/2025 12:00:00 AM,RFC,MIDATL,PEP,PEPCO,3197.746,False
1/15/2025 6:00:00 AM,1/15/2025 1:00:00 AM,RFC,MIDATL,PEP,PEPCO,3135.647,False
1/15/2025 7:00:00 AM,1/15/2025 2:00:00 AM,RFC,MIDATL,PEP,PEPCO,3166.527,False
1/15/2025 8:00:00 AM,1/15/2025 3:00:00 AM,RFC,MIDATL,PEP,PEPCO,3189.970,False
1/15/2025 9:00:00 AM,1/15/2025 4:00:00 AM,RFC,MIDATL,PEP,PEPCO,3332.372,False
1/15/2025 10:00:00 AM,1/15/2025 5:00:00 AM,RFC,MIDATL,PEP,PEPCO,3577.404,False
1/15/2025 11:00:00 AM,1/15/2025 6:00:00 AM,RFC,MIDATL,PEP,PEPCO,3889.436,False
1/15/2025 12:00:00 PM,1/15/2025 7:00:00 AM,RFC,MIDATL,PEP,PEPCO,4147.103,False
1/15/2025 1:00:00 PM,1/15/2025 8:00:00 AM,RFC,MIDATL,PEP,PEPCO,4088.451,False
1/15/2025 2:00:00 PM,1/15/2025 9:00:00 AM,RFC,MIDATL,PEP,PEPCO,3893.569,False
1/15/2025 3:00:00 PM,1/15/2025 10:00:00 AM,RFC,MIDATL,PEP,PEPCO,3761.496,False
1/15/2025 4:00:00 PM,1/15/2025 11:00:00 AM,RFC,MIDATL,PEP,PEPCO,3596.645,False
1/15/2025 5:00:00 PM,1/15/2025 12:00:00 PM,RFC,MIDATL,PEP,PEPCO,3541.038,False
1/15/2025 6:00:00 PM,1/15/2025 1:00:00 PM,RFC,MIDATL,PEP,PEPCO,3445.053,False
1/15/2025 7:00:00 PM,1/15/2025 2:00:00 PM,RFC,MIDATL,PEP,PEPCO,3458.167,False
1/15/2025 8:00:00 PM,1/15/2025 3:00:00 PM,RFC,MIDATL,PEP,PEPCO,3496.798,False
1/15/2025 9:00:00 PM,1/15/2025 4:00:00 PM,RFC,MIDATL,PEP,PEPCO,3704.772,False
1/15/2025 10:00:00 PM,1/15/2025 5:00:00 PM,RFC,MIDATL,PEP,PEPCO,3886.939,False
1/15/2025 11:00:00 PM,1/15/2025 6:00:00 PM,RFC,MIDATL,PEP,PEPCO,3919.470,False
1/16/2025 12:00:00 AM,1/15/2025 7:00:00 PM,RFC,MIDATL,PEP,PEPCO,3878.862,False
1/16/2025 1:00:00 AM,1/15/2025 8:00:00 PM,RFC,MIDATL,PEP,PEPCO,3819.056,False
1/16/2025 2:00:00 AM,1/15/2025 9:00:00 PM,RFC,MIDATL,PEP,PEPCO,3729.396,False
1/16/2025 3:00:00 AM,1/15/2025 10:00:00 PM,RFC,MIDATL,PEP,PEPCO,3564.321,False
1/16/2025 4:00:00 AM,1/15/2025 11:00:00 PM,RFC,MIDATL,PEP,PEPCO,3484.864,False
1/16/2025 5:00:00 AM,1/16/2025 12:00:00 AM,RFC,MIDATL,PEP,PEPCO,3347.514,False
1/16/2025 6:00:00 AM,1/16/2025 1:00:00 AM,RFC,MIDATL,PEP,PEPCO,3297.759,False
1/16/2025 7:00:00 AM,1/16/2025 2:00:00 AM,RFC,MIDATL,PEP,PEPCO,3305.654,False
1/16/2025 8:00:00 AM,1/16/2025 3:00:00 AM,RFC,MIDATL,PEP,PEPCO,3355.141,False
1/16/2025 9:00:00 AM,1/16/2025 4:00:00 AM,RFC,MIDATL,PEP,PEPCO,3482.419,False
1/16/2025 10:00:00 AM,1/16/2025 5:00:00 AM,RFC,MIDATL,PEP,PEPCO,3766.936,False
1/16/2025 11:00:00 AM,1/16/2025 6:00:00 AM,RFC,MIDATL,PEP,PEPCO,4071.447,False
1/16/2025 12:00:00 PM,1/16/2025 7:00:00 AM,RFC,MIDATL,PEP,PEPCO,4192.208,False
1/16/2025 1:00:00 PM,1/16/2025 8:00:00 AM,RFC,MIDATL,PEP,PEPCO,4220.557,False
1/16/2025 2:00:00 PM,1/16/2025 9:00:00 AM,RFC,MIDATL,PEP,PEPCO,4179.489,False
1/16/2025 3:00:00 PM,1/16/2025 10:00:00 AM,RFC,MIDATL,PEP,PEPCO,4062.257,False
1/16/2025 4:00:00 PM,1/16/2025 11:00:00 AM,RFC,MIDATL,PEP,PEPCO,3902.388,False
1/16/2025 5:00:00 PM,1/16/2025 12:00:00 PM,RFC,MIDATL,PEP,PEPCO,3801.000,False
1/16/2025 6:00:00 PM,1/16/2025 1:00:00 PM,RFC,MIDATL,PEP,PEPCO,3774.513,False
1/16/2025 7:00:00 PM,1/16/2025 2:00:00 PM,RFC,MIDATL,PEP,PEPCO,3685.044,False
1/16/2025 8:00:00 PM,1/16/2025 3:00:00 PM,RFC,MIDATL,PEP,PEPCO,3553.770,False
1/16/2025 9:00:00 PM,1/16/2025 4:00:00 PM,RFC,MIDATL,PEP,PEPCO,3663.097,False
1/16/2025 10:00:00 PM,1/16/2025 5:00:00 PM,RFC,MIDATL,PEP,PEPCO,3770.835,False
1/16/2025 11:00:00 PM,1/16/2025 6:00:00 PM,RFC,MIDATL,PEP,PEPCO,3722.114,False
1/17/2025 12:00:00 AM,1/16/2025 7:00:00 PM,RFC,MIDATL,PEP,PEPCO,3639.950,False
1/17/2025 1:00:00 AM,1/16/2025 8:00:00 PM,RFC,MIDATL,PEP,PEPCO,3575.639,False
1/17/2025 2:00:00 AM,1/16/2025 9:00:00 PM,RFC,MIDATL,PEP,PEPCO,3477.996,False
1/17/2025 3:00:00 AM,1/16/2025 10:00:00 PM,RFC,MIDATL,PEP,PEPCO,3257.446,False
1/17/2025 4:00:00 AM,1/16/2025 11:00:00 PM,RFC,MIDATL,PEP,PEPCO,3115.339,False
1/17/2025 5:00:00 AM,1/17/2025 12:00:00 AM,RFC,MIDATL,PEP,PEPCO,2978.015,False
1/17/2025 6:00:00 AM,1/17/2025 1:00:00 AM,RFC,MIDATL,PEP,PEPCO,2896.773,False
1/17/2025 7:00:00 AM,1/17/2025 2:00:00 AM,RFC,MIDATL,PEP,PEPCO,2898.814,False
1/17/2025 8:00:00 AM,1/17/2025 3:00:00 AM,RFC,MIDATL,PEP,PEPCO,2885.578,False
1/17/2025 9:00:00 AM,1/17/2025 4:00:00 AM,RFC,MIDATL,PEP,PEPCO,2968.332,False
1/17/2025 10:00:00 AM,1/17/2025 5:00:00 AM,RFC,MIDATL,PEP,PEPCO,3215.872,False
1/17/2025 11:00:00 AM,1/17/2025 6:00:00 AM,RFC,MIDATL,PEP,PEPCO,3482.563,False
1/17/2025 12:00:00 PM,1/17/2025 7:00:00 AM,RFC,MIDATL,PEP,PEPCO,3637.628,False
1/17/2025 1:00:00 PM,1/17/2025 8:00:00 AM,RFC,MIDATL,PEP,PEPCO,3677.270,False
1/17/2025 2:00:00 PM,1/17/2025 9:00:00 AM,RFC,MIDATL,PEP,PEPCO,3687.201,False
1/17/2025 3:00:00 PM,1/17/2025 10:00:00 AM,RFC,MIDATL,PEP,PEPCO,3603.446,False
1/17/2025 4:00:00 PM,1/17/2025 11:00:00 AM,RFC,MIDATL,PEP,PEPCO,3530.324,False
1/17/2025 5:00:00 PM,1/17/2025 12:00:00 PM,RFC,MIDATL,PEP,PEPCO,3345.517,False
1/17/2025 6:00:00 PM,1/17/2025 1:00:00 PM,RFC,MIDATL,PEP,PEPCO,3077.423,False
1/17/2025 7:00:00 PM,1/17/2025 2:00:00 PM,RFC,MIDATL,PEP,PEPCO,3045.102,False
1/17/2025 8:00:00 PM,1/17/2025 3:00:00 PM,RFC,MIDATL,PEP,PEPCO,3054.388,False
1/17/2025 9:00:00 PM,1/17/2025 4:00:00 PM,RFC,MIDATL,PEP,PEPCO,3201.566,False
1/17/2025 10:00:00 PM,1/17/2025 5:00:00 PM,RFC,MIDATL,PEP,PEPCO,3388.829,False
1/17/2025 11:00:00 PM,1/17/2025 6:00:00 PM,RFC,MIDATL,PEP,PEPCO,3405.960,False
1/18/2025 12:00:00 AM,1/17/2025 7:00:00 PM,RFC,MIDATL,PEP,PEPCO,3341.750,False
1/18/2025 1:00:00 AM,1/17/2025 8:00:00 PM,RFC,MIDATL,PEP,PEPCO,3331.500,False
1/18/2025 2:00:00 AM,1/17/2025 9:00:00 PM,RFC,MIDATL,PEP,PEPCO,3230.181,False
1/18/2025 3:00:00 AM,1/17/2025 10:00:00 PM,RFC,MIDATL,PEP,PEPCO,3108.639,False
1/18/2025 4:00:00 AM,1/17/2025 11:00:00 PM,RFC,MIDATL,PEP,PEPCO,2997.086,False
1/18/2025 5:00:00 AM,1/18/2025 12:00:00 AM,RFC,MIDATL,PEP,PEPCO,2896.927,False
1/18/2025 6:00:00 AM,1/18/2025 1:00:00 AM,RFC,MIDATL,PEP,PEPCO,2797.634,False
1/18/2025 7:00:00 AM,1/18/2025 2:00:00 AM,RFC,MIDATL,PEP,PEPCO,2753.295,False
1/18/2025 8:00:00 AM,1/18/2025 3:00:00 AM,RFC,MIDATL,PEP,PEPCO,2719.116,False
1/18/2025 9:00:00 AM,1/18/2025 4:00:00 AM,RFC,MIDATL,PEP,PEPCO,2749.207,False
1/18/2025 10:00:00 AM,1/18/2025 5:00:00 AM,RFC,MIDATL,PEP,PEPCO,2816.754,False
1/18/2025 11:00:00 AM,1/18/2025 6:00:00 AM,RFC,MIDATL,PEP,PEPCO,2898.601,False
1/18/2025 12:00:00 PM,1/18/2025 7:00:00 AM,RFC,MIDATL,PEP,PEPCO,3006.097,False
1/18/2025 1:00:00 PM,1/18/2025 8:00:00 AM,RFC,MIDATL,PEP,PEPCO,3146.420,False
1/18/2025 2:00:00 PM,1/18/2025 9:00:00 AM,RFC,MIDATL,PEP,PEPCO,3156.144,False
1/18/2025 3:00:00 PM,1/18/2025 10:00:00 AM,RFC,MIDATL,PEP,PEPCO,3191.977,False
1/18/2025 4:00:00 PM,1/18/2025 11:00:00 AM,RFC,MIDATL,PEP,PEPCO,3241.672,False
1/18/2025 5:00:00 PM,1/18/2025 12:00:00 PM,RFC,MIDATL,PEP,PEPCO,3188.924,False
1/18/2025 6:00:00 PM,1/18/2025 1:00:00 PM,RFC,MIDATL,PEP,PEPCO,3124.874,False
1/18/2025 7:00:00 PM,1/18/2025 2:00:00 PM,RFC,MIDATL,PEP,PEPCO,2989.845,False
1/18/2025 8:00:00 PM,1/18/2025 3:00:00 PM,RFC,MIDATL,PEP,PEPCO,2917.702,False
1/18/2025 9:00:00 PM,1/18/2025 4:00:00 PM,RFC,MIDATL,PEP,PEPCO,2936.478,False
1/18/2025 10:00:00 PM,1/18/2025 5:00:00 PM,RFC,MIDATL,PEP,PEPCO,3091.235,False
1/18/2025 11:00:00 PM,1/18/2025 6:00:00 PM,RFC,MIDATL,PEP,PEPCO,3166.860,False
1/19/2025 12:00:00 AM,1/18/2025 7:00:00 PM,RFC,MIDATL,PEP,PEPCO,3159.116,False
1/19/2025 1:00:00 AM,1/18/2025 8:00:00 PM,RFC,MIDATL,PEP,PEPCO,3157.019,False
1/19/2025 2:00:00 AM,1/18/2025 9:00:00 PM,RFC,MIDATL,PEP,PEPCO,3072.533,False
1/19/2025 3:00:00 AM,1/18/2025 10:00:00 PM,RFC,MIDATL,PEP,PEPCO,3002.629,False
1/19/2025 4:00:00 AM,1/18/2025 11:00:00 PM,RFC,MIDATL,PEP,PEPCO,2872.595,False
1/19/2025 5:00:00 AM,1/19/2025 12:00:00 AM,RFC,MIDATL,PEP,PEPCO,2781.979,False
1/19/2025 6:00:00 AM,1/19/2025 1:00:00 AM,RFC,MIDATL,PEP,PEPCO,2684.233,False
1/19/2025 7:00:00 AM,1/19/2025 2:00:00 AM,RFC,MIDATL,PEP,PEPCO,2645.630,False
1/19/2025 8:00:00 AM,1/19/2025 3:00:00 AM,RFC,MIDATL,PEP,PEPCO,2601.607,False
1/19/2025 9:00:00 AM,1/19/2025 4:00:00 AM,RFC,MIDATL,PEP,PEPCO,2584.639,False
1/19/2025 10:00:00 AM,1/19/2025 5:00:00 AM,RFC,MIDATL,PEP,PEPCO,2619.575,False
1/19/2025 11:00:00 AM,1/19/2025 6:00:00 AM,RFC,MIDATL,PEP,PEPCO,2674.340,False
1/19/2025 12:00:00 PM,1/19/2025 7:00:00 AM,RFC,MIDATL,PEP,PEPCO,2768.269,False
1/19/2025 1:00:00 PM,1/19/2025 8:00:00 AM,RFC,MIDATL,PEP,PEPCO,2903.924,False
1/19/2025 2:00:00 PM,1/19/2025 9:00:00 AM,RFC,MIDATL,PEP,PEPCO,2965.174,False
1/19/2025 3:00:00 PM,1/19/2025 10:00:00 AM,RFC,MIDATL,PEP,PEPCO,3049.898,False
1/19/2025 4:00:00 PM,1/19/2025 11:00:00 AM,RFC,MIDATL,PEP,PEPCO,3111.521,False
1/19/2025 5:00:00 PM,1/19/2025 12:00:00 PM,RFC,MIDATL,PEP,PEPCO,3175.623,False
1/19/2025 6:00:00 PM,1/19/2025 1:00:00 PM,RFC,MIDATL,PEP,PEPCO,3219.456,False
1/19/2025 7:00:00 PM,1/19/2025 2:00:00 PM,RFC,MIDATL,PEP,PEPCO,3271.102,False
1/19/2025 8:00:00 PM,1/19/2025 3:00:00 PM,RFC,MIDATL,PEP,PEPCO,3327.654,False
1/19/2025 9:00:00 PM,1/19/2025 4:00:00 PM,RFC,MIDATL,PEP,PEPCO,3434.362,False
1/19/2025 10:00:00 PM,1/19/2025 5:00:00 PM,RFC,MIDATL,PEP,PEPCO,3530.368,False
1/19/2025 11:00:00 PM,1/19/2025 6:00:00 PM,RFC,MIDATL,PEP,PEPCO,3622.069,False
1/20/2025 12:00:00 AM,1/19/2025 7:00:00 PM,RFC,MIDATL,PEP,PEPCO,3599.516,False
1/20/2025 1:00:00 AM,1/19/2025 8:00:00 PM,RFC,MIDATL,PEP,PEPCO,3546.280,False
1/20/2025 2:00:00 AM,1/19/2025 9:00:00 PM,RFC,MIDATL,PEP,PEPCO,3495.416,False
1/20/2025 3:00:00 AM,1/19/2025 10:00:00 PM,RFC,MIDATL,PEP,PEPCO,3446.228,False
1/20/2025 4:00:00 AM,1/19/2025 11:00:00 PM,RFC,MIDATL,PEP,PEPCO,3308.086,False
1/20/2025 5:00:00 AM,1/20/2025 12:00:00 AM,RFC,MIDATL,PEP,PEPCO,3207.280,False
1/20/2025 6:00:00 AM,1/20/2025 1:00:00 AM,RFC,MIDATL,PEP,PEPCO,3163.053,False
1/20/2025 7:00:00 AM,1/20/2025 2:00:00 AM,RFC,MIDATL,PEP,PEPCO,3166.252,False
1/20/2025 8:00:00 AM,1/20/2025 3:00:00 AM,RFC,MIDATL,PEP,PEPCO,3193.981,False
1/20/2025 9:00:00 AM,1/20/2025 4:00:00 AM,RFC,MIDATL,PEP,PEPCO,3311.332,False
1/20/2025 10:00:00 AM,1/20/2025 5:00:00 AM,RFC,MIDATL,PEP,PEPCO,3457.619,False
1/20/2025 11:00:00 AM,1/20/2025 6:00:00 AM,RFC,MIDATL,PEP,PEPCO,3651.303,False
1/20/2025 12:00:00 PM,1/20/2025 7:00:00 AM,RFC,MIDATL,PEP,PEPCO,3779.699,False
1/20/2025 1:00:00 PM,1/20/2025 8:00:00 AM,RFC,MIDATL,PEP,PEPCO,3799.025,False
1/20/2025 2:00:00 PM,1/20/2025 9:00:00 AM,RFC,MIDATL,PEP,PEPCO,3715.719,False
1/20/2025 3:00:00 PM,1/20/2025 10:00:00 AM,RFC,MIDATL,PEP,PEPCO,3727.064,False
1/20/2025 4:00:00 PM,1/20/2025 11:00:00 AM,RFC,MIDATL,PEP,PEPCO,3744.324,False
1/20/2025 5:00:00 PM,1/20/2025 12:00:00 PM,RFC,MIDATL,PEP,PEPCO,3652.746,False
1/20/2025 6:00:00 PM,1/20/2025 1:00:00 PM,RFC,MIDATL,PEP,PEPCO,3629.339,False
1/20/2025 7:00:00 PM,1/20/2025 2:00:00 PM,RFC,MIDATL,PEP,PEPCO,3640.113,False
1/20/2025 8:00:00 PM,1/20/2025 3:00:00 PM,RFC,MIDATL,PEP,PEPCO,3713.340,False
1/20/2025 9:00:00 PM,1/20/2025 4:00:00 PM,RFC,MIDATL,PEP,PEPCO,3928.374,False
1/20/2025 10:00:00 PM,1/20/2025 5:00:00 PM,RFC,MIDATL,PEP,PEPCO,4179.544,False
1/20/2025 11:00:00 PM,1/20/2025 6:00:00 PM,RFC,MIDATL,PEP,PEPCO,4253.678,False
1/21/2025 12:00:00 AM,1/20/2025 7:00:00 PM,RFC,MIDATL,PEP,PEPCO,4271.836,False
1/21/2025 1:00:00 AM,1/20/2025 8:00:00 PM,RFC,MIDATL,PEP,PEPCO,4270.494,False
1/21/2025 2:00:00 AM,1/20/2025 9:00:00 PM,RFC,MIDATL,PEP,PEPCO,4197.417,False
1/21/2025 3:00:00 AM,1/20/2025 10:00:00 PM,RFC,MIDATL,PEP,PEPCO,4049.878,False
1/21/2025 4:00:00 AM,1/20/2025 11:00:00 PM,RFC,MIDATL,PEP,PEPCO,3937.439,False
1/21/2025 5:00:00 AM,1/21/2025 12:00:00 AM,RFC,MIDATL,PEP,PEPCO,3834.565,False
1/21/2025 6:00:00 AM,1/21/2025 1:00:00 AM,RFC,MIDATL,PEP,PEPCO,3777.248,False
1/21/2025 7:00:00 AM,1/21/2025 2:00:00 AM,RFC,MIDATL,PEP,PEPCO,3769.767,False
1/21/2025 8:00:00 AM,1/21/2025 3:00:00 AM,RFC,MIDATL,PEP,PEPCO,3761.898,False
1/21/2025 9:00:00 AM,1/21/2025 4:00:00 AM,RFC,MIDATL,PEP,PEPCO,3825.849,False
1/21/2025 10:00:00 AM,1/21/2025 5:00:00 AM,RFC,MIDATL,PEP,PEPCO,4066.482,False
1/21/2025 11:00:00 AM,1/21/2025 6:00:00 AM,RFC,MIDATL,PEP,PEPCO,4351.536,False
1/21/2025 12:00:00 PM,1/21/2025 7:00:00 AM,RFC,MIDATL,PEP,PEPCO,4580.932,False
1/21/2025 1:00:00 PM,1/21/2025 8:00:00 AM,RFC,MIDATL,PEP,PEPCO,4620.236,False
1/21/2025 2:00:00 PM,1/21/2025 9:00:00 AM,RFC,MIDATL,PEP,PEPCO,4500.103,False
1/21/2025 3:00:00 PM,1/21/2025 10:00:00 AM,RFC,MIDATL,PEP,PEPCO,4285.439,False
1/21/2025 4:00:00 PM,1/21/2025 11:00:00 AM,RFC,MIDATL,PEP,PEPCO,4160.394,False
1/21/2025 5:00:00 PM,1/21/2025 12:00:00 PM,RFC,MIDATL,PEP,PEPCO,4167.440,False
1/21/2025 6:00:00 PM,1/21/2025 1:00:00 PM,RFC,MIDATL,PEP,PEPCO,4189.624,False
1/21/2025 7:00:00 PM,1/21/2025 2:00:00 PM,RFC,MIDATL,PEP,PEPCO,4196.784,False
1/21/2025 8:00:00 PM,1/21/2025 3:00:00 PM,RFC,MIDATL,PEP,PEPCO,4253.175,False
1/21/2025 9:00:00 PM,1/21/2025 4:00:00 PM,RFC,MIDATL,PEP,PEPCO,4355.292,False
1/21/2025 10:00:00 PM,1/21/2025 5:00:00 PM,RFC,MIDATL,PEP,PEPCO,4470.585,False
1/21/2025 11:00:00 PM,1/21/2025 6:00:00 PM,RFC,MIDATL,PEP,PEPCO,4432.618,False
1/22/2025 12:00:00 AM,1/21/2025 7:00:00 PM,RFC,MIDATL,PEP,PEPCO,4376.863,False
1/22/2025 1:00:00 AM,1/21/2025 8:00:00 PM,RFC,MIDATL,PEP,PEPCO,4315.893,False
1/22/2025 2:00:00 AM,1/21/2025 9:00:00 PM,RFC,MIDATL,PEP,PEPCO,4149.149,False
1/22/2025 3:00:00 AM,1/21/2025 10:00:00 PM,RFC,MIDATL,PEP,PEPCO,3996.495,False
1/22/2025 4:00:00 AM,1/21/2025 11:00:00 PM,RFC,MIDATL,PEP,PEPCO,3865.123,False
1/22/2025 5:00:00 AM,1/22/2025 12:00:00 AM,RFC,MIDATL,PEP,PEPCO,3706.086,False
1/22/2025 6:00:00 AM,1/22/2025 1:00:00 AM,RFC,MIDATL,PEP,PEPCO,3699.836,False
1/22/2025 7:00:00 AM,1/22/2025 2:00:00 AM,RFC,MIDATL,PEP,PEPCO,3720.875,False
1/22/2025 8:00:00 AM,1/22/2025 3:00:00 AM,RFC,MIDATL,PEP,PEPCO,3767.913,False
1/22/2025 9:00:00 AM,1/22/2025 4:00:00 AM,RFC,MIDATL,PEP,PEPCO,3882.610,False
1/22/2025 10:00:00 AM,1/22/2025 5:00:00 AM,RFC,MIDATL,PEP,PEPCO,4116.160,False
1/22/2025 11:00:00 AM,1/22/2025 6:00:00 AM,RFC,MIDATL,PEP,PEPCO,4425.459,False
1/22/2025 12:00:00 PM,1/22/2025 7:00:00 AM,RFC,MIDATL,PEP,PEPCO,4662.390,False
1/22/2025 1:00:00 PM,1/22/2025 8:00:00 AM,RFC,MIDATL,PEP,PEPCO,4760.839,False
1/22/2025 2:00:00 PM,1/22/2025 9:00:00 AM,RFC,MIDATL,PEP,PEPCO,4560.186,False
1/22/2025 3:00:00 PM,1/22/2025 10:00:00 AM,RFC,MIDATL,PEP,PEPCO,4292.680,False
1/22/2025 4:00:00 PM,1/22/2025 11:00:00 AM,RFC,MIDATL,PEP,PEPCO,4157.603,False
1/22/2025 5:00:00 PM,1/22/2025 12:00:00 PM,RFC,MIDATL,PEP,PEPCO,4016.678,False
1/22/2025 6:00:00 PM,1/22/2025 1:00:00 PM,RFC,MIDATL,PEP,PEPCO,3931.666,False
1/22/2025 7:00:00 PM,1/22/2025 2:00:00 PM,RFC,MIDATL,PEP,PEPCO,3908.882,False
1/22/2025 8:00:00 PM,1/22/2025 3:00:00 PM,RFC,MIDATL,PEP,PEPCO,3960.696,False
1/22/2025 9:00:00 PM,1/22/2025 4:00:00 PM,RFC,MIDATL,PEP,PEPCO,4198.297,False
1/22/2025 10:00:00 PM,1/22/2025 5:00:00 PM,RFC,MIDATL,PEP,PEPCO,4383.934,False
1/22/2025 11:00:00 PM,1/22/2025 6:00:00 PM,RFC,MIDATL,PEP,PEPCO,4452.467,False
1/23/2025 12:00:00 AM,1/22/2025 7:00:00 PM,RFC,MIDATL,PEP,PEPCO,4444.696,False
1/23/2025 1:00:00 AM,1/22/2025 8:00:00 PM,RFC,MIDATL,PEP,PEPCO,4410.979,False
1/23/2025 2:00:00 AM,1/22/2025 9:00:00 PM,RFC,MIDATL,PEP,PEPCO,4347.180,False
1/23/2025 3:00:00 AM,1/22/2025 10:00:00 PM,RFC,MIDATL,PEP,PEPCO,4175.923,False
1/23/2025 4:00:00 AM,1/22/2025 11:00:00 PM,RFC,MIDATL,PEP,PEPCO,4009.355,False
1/23/2025 5:00:00 AM,1/23/2025 12:00:00 AM,RFC,MIDATL,PEP,PEPCO,3898.328,False
1/23/2025 6:00:00 AM,1/23/2025 1:00:00 AM,RFC,MIDATL,PEP,PEPCO,3845.724,False
1/23/2025 7:00:00 AM,1/23/2025 2:00:00 AM,RFC,MIDATL,PEP,PEPCO,3847.779,False
1/23/2025 8:00:00 AM,1/23/2025 3:00:00 AM,RFC,MIDATL,PEP,PEPCO,3892.032,False
1/23/2025 9:00:00 AM,1/23/2025 4:00:00 AM,RFC,MIDATL,PEP,PEPCO,4002.346,False
1/23/2025 10:00:00 AM,1/23/2025 5:00:00 AM,RFC,MIDATL,PEP,PEPCO,4230.261,False
1/23/2025 11:00:00 AM,1/23/2025 6:00:00 AM,RFC,MIDATL,PEP,PEPCO,4522.316,False
1/23/2025 12:00:00 PM,1/23/2025 7:00:00 AM,RFC,MIDATL,PEP,PEPCO,4738.718,False
1/23/2025 1:00:00 PM,1/23/2025 8:00:00 AM,RFC,MIDATL,PEP,PEPCO,4695.942,False
1/23/2025 2:00:00 PM,1/23/2025 9:00:00 AM,RFC,MIDATL,PEP,PEPCO,4483.797,False
1/23/2025 3:00:00 PM,1/23/2025 10:00:00 AM,RFC,MIDATL,PEP,PEPCO,4256.146,False
1/23/2025 4:00:00 PM,1/23/2025 11:00:00 AM,RFC,MIDATL,PEP,PEPCO,4073.345,False
1/23/2025 5:00:00 PM,1/23/2025 12:00:00 PM,RFC,MIDATL,PEP,PEPCO,3930.241,False
1/23/2025 6:00:00 PM,1/23/2025 1:00:00 PM,RFC,MIDATL,PEP,PEPCO,3800.767,False
1/23/2025 7:00:00 PM,1/23/2025 2:00:00 PM,RFC,MIDATL,PEP,PEPCO,3745.787,False
1/23/2025 8:00:00 PM,1/23/2025 3:00:00 PM,RFC,MIDATL,PEP,PEPCO,3688.592,False
1/23/2025 9:00:00 PM,1/23/2025 4:00:00 PM,RFC,MIDATL,PEP,PEPCO,3799.447,False
1/23/2025 10:00:00 PM,1/23/2025 5:00:00 PM,RFC,MIDATL,PEP,PEPCO,4014.703,False
1/23/2025 11:00:00 PM,1/23/2025 6:00:00 PM,RFC,MIDATL,PEP,PEPCO,4097.377,False
1/24/2025 12:00:00 AM,1/23/2025 7:00:00 PM,RFC,MIDATL,PEP,PEPCO,4064.097,False
1/24/2025 1:00:00 AM,1/23/2025 8:00:00 PM,RFC,MIDATL,PEP,PEPCO,4021.016,False
1/24/2025 2:00:00 AM,1/23/2025 9:00:00 PM,RFC,MIDATL,PEP,PEPCO,3924.610,False
1/24/2025 3:00:00 AM,1/23/2025 10:00:00 PM,RFC,MIDATL,PEP,PEPCO,3793.169,False
1/24/2025 4:00:00 AM,1/23/2025 11:00:00 PM,RFC,MIDATL,PEP,PEPCO,3637.897,False
1/24/2025 5:00:00 AM,1/24/2025 12:00:00 AM,RFC,MIDATL,PEP,PEPCO,3519.905,False
1/24/2025 6:00:00 AM,1/24/2025 1:00:00 AM,RFC,MIDATL,PEP,PEPCO,3463.268,False
1/24/2025 7:00:00 AM,1/24/2025 2:00:00 AM,RFC,MIDATL,PEP,PEPCO,3469.247,False
1/24/2025 8:00:00 AM,1/24/2025 3:00:00 AM,RFC,MIDATL,PEP,PEPCO,3473.091,False
1/24/2025 9:00:00 AM,1/24/2025 4:00:00 AM,RFC,MIDATL,PEP,PEPCO,3592.062,False
1/24/2025 10:00:00 AM,1/24/2025 5:00:00 AM,RFC,MIDATL,PEP,PEPCO,3791.412,False
1/24/2025 11:00:00 AM,1/24/2025 6:00:00 AM,RFC,MIDATL,PEP,PEPCO,4045.028,False
1/24/2025 12:00:00 PM,1/24/2025 7:00:00 AM,RFC,MIDATL,PEP,PEPCO,4194.191,False
1/24/2025 1:00:00 PM,1/24/2025 8:00:00 AM,RFC,MIDATL,PEP,PEPCO,4122.277,False
1/24/2025 2:00:00 PM,1/24/2025 9:00:00 AM,RFC,MIDATL,PEP,PEPCO,3830.924,False
1/24/2025 3:00:00 PM,1/24/2025 10:00:00 AM,RFC,MIDATL,PEP,PEPCO,3573.518,False
1/24/2025 4:00:00 PM,1/24/2025 11:00:00 AM,RFC,MIDATL,PEP,PEPCO,3432.646,False
1/24/2025 5:00:00 PM,1/24/2025 12:00:00 PM,RFC,MIDATL,PEP,PEPCO,3378.429,False
1/24/2025 6:00:00 PM,1/24/2025 1:00:00 PM,RFC,MIDATL,PEP,PEPCO,3349.691,False
1/24/2025 7:00:00 PM,1/24/2025 2:00:00 PM,RFC,MIDATL,PEP,PEPCO,3386.661,False
1/24/2025 8:00:00 PM,1/24/2025 3:00:00 PM,RFC,MIDATL,PEP,PEPCO,3481.505,False
1/24/2025 9:00:00 PM,1/24/2025 4:00:00 PM,RFC,MIDATL,PEP,PEPCO,3600.186,False
1/24/2025 10:00:00 PM,1/24/2025 5:00:00 PM,RFC,MIDATL,PEP,PEPCO,3732.540,False
1/24/2025 11:00:00 PM,1/24/2025 6:00:00 PM,RFC,MIDATL,PEP,PEPCO,3726.658,False
1/25/2025 12:00:00 AM,1/24/2025 7:00:00 PM,RFC,MIDATL,PEP,PEPCO,3700.800,False
1/25/2025 1:00:00 AM,1/24/2025 8:00:00 PM,RFC,MIDATL,PEP,PEPCO,3647.680,False
1/25/2025 2:00:00 AM,1/24/2025 9:00:00 PM,RFC,MIDATL,PEP,PEPCO,3553.608,False
1/25/2025 3:00:00 AM,1/24/2025 10:00:00 PM,RFC,MIDATL,PEP,PEPCO,3472.020,False
1/25/2025 4:00:00 AM,1/24/2025 11:00:00 PM,RFC,MIDATL,PEP,PEPCO,3371.080,False
1/25/2025 5:00:00 AM,1/25/2025 12:00:00 AM,RFC,MIDATL,PEP,PEPCO,3275.717,False
1/25/2025 6:00:00 AM,1/25/2025 1:00:00 AM,RFC,MIDATL,PEP,PEPCO,3229.801,False
1/25/2025 7:00:00 AM,1/25/2025 2:00:00 AM,RFC,MIDATL,PEP,PEPCO,3211.456,False
1/25/2025 8:00:00 AM,1/25/2025 3:00:00 AM,RFC,MIDATL,PEP,PEPCO,3248.316,False
1/25/2025 9:00:00 AM,1/25/2025 4:00:00 AM,RFC,MIDATL,PEP,PEPCO,3312.846,False
1/25/2025 10:00:00 AM,1/25/2025 5:00:00 AM,RFC,MIDATL,PEP,PEPCO,3404.272,False
1/25/2025 11:00:00 AM,1/25/2025 6:00:00 AM,RFC,MIDATL,PEP,PEPCO,3574.014,False
1/25/2025 12:00:00 PM,1/25/2025 7:00:00 AM,RFC,MIDATL,PEP,PEPCO,3708.183,False
1/25/2025 1:00:00 PM,1/25/2025 8:00:00 AM,RFC,MIDATL,PEP,PEPCO,3687.876,False
1/25/2025 2:00:00 PM,1/25/2025 9:00:00 AM,RFC,MIDATL,PEP,PEPCO,3475.490,False
1/25/2025 3:00:00 PM,1/25/2025 10:00:00 AM,RFC,MIDATL,PEP,PEPCO,3252.868,False
1/25/2025 4:00:00 PM,1/25/2025 11:00:00 AM,RFC,MIDATL,PEP,PEPCO,3101.213,False
1/25/2025 5:00:00 PM,1/25/2025 12:00:00 PM,RFC,MIDATL,PEP,PEPCO,3036.167,False
1/25/2025 6:00:00 PM,1/25/2025 1:00:00 PM,RFC,MIDATL,PEP,PEPCO,3027.060,False
1/25/2025 7:00:00 PM,1/25/2025 2:00:00 PM,RFC,MIDATL,PEP,PEPCO,3070.006,False
1/25/2025 8:00:00 PM,1/25/2025 3:00:00 PM,RFC,MIDATL,PEP,PEPCO,3073.071,False
1/25/2025 9:00:00 PM,1/25/2025 4:00:00 PM,RFC,MIDATL,PEP,PEPCO,3158.278,False
1/25/2025 10:00:00 PM,1/25/2025 5:00:00 PM,RFC,MIDATL,PEP,PEPCO,3332.390,False
1/25/2025 11:00:00 PM,1/25/2025 6:00:00 PM,RFC,MIDATL,PEP,PEPCO,3396.346,False
1/26/2025 12:00:00 AM,1/25/2025 7:00:00 PM,RFC,MIDATL,PEP,PEPCO,3424.908,False
1/26/2025 1:00:00 AM,1/25/2025 8:00:00 PM,RFC,MIDATL,PEP,PEPCO,3349.250,False
1/26/2025 2:00:00 AM,1/25/2025 9:00:00 PM,RFC,MIDATL,PEP,PEPCO,3329.307,False
1/26/2025 3:00:00 AM,1/25/2025 10:00:00 PM,RFC,MIDATL,PEP,PEPCO,3230.967,False
1/26/2025 4:00:00 AM,1/25/2025 11:00:00 PM,RFC,MIDATL,PEP,PEPCO,3101.807,False
1/26/2025 5:00:00 AM,1/26/2025 12:00:00 AM,RFC,MIDATL,PEP,PEPCO,3033.871,False
1/26/2025 6:00:00 AM,1/26/2025 1:00:00 AM,RFC,MIDATL,PEP,PEPCO,2923.418,False
1/26/2025 7:00:00 AM,1/26/2025 2:00:00 AM,RFC,MIDATL,PEP,PEPCO,2846.622,False
1/26/2025 8:00:00 AM,1/26/2025 3:00:00 AM,RFC,MIDATL,PEP,PEPCO,2849.034,False
1/26/2025 9:00:00 AM,1/26/2025 4:00:00 AM,RFC,MIDATL,PEP,PEPCO,2828.595,False
1/26/2025 10:00:00 AM,1/26/2025 5:00:00 AM,RFC,MIDATL,PEP,PEPCO,2847.127,False
1/26/2025 11:00:00 AM,1/26/2025 6:00:00 AM,RFC,MIDATL,PEP,PEPCO,2923.484,False
1/26/2025 12:00:00 PM,1/26/2025 7:00:00 AM,RFC,MIDATL,PEP,PEPCO,2994.100,False
1/26/2025 1:00:00 PM,1/26/2025 8:00:00 AM,RFC,MIDATL,PEP,PEPCO,3088.640,False
1/26/2025 2:00:00 PM,1/26/2025 9:00:00 AM,RFC,MIDATL,PEP,PEPCO,3117.911,False
1/26/2025 3:00:00 PM,1/26/2025 10:00:00 AM,RFC,MIDATL,PEP,PEPCO,3095.161,False
1/26/2025 4:00:00 PM,1/26/2025 11:00:00 AM,RFC,MIDATL,PEP,PEPCO,3039.768,False
1/26/2025 5:00:00 PM,1/26/2025 12:00:00 PM,RFC,MIDATL,PEP,PEPCO,2963.431,False
1/26/2025 6:00:00 PM,1/26/2025 1:00:00 PM,RFC,MIDATL,PEP,PEPCO,2839.414,False
1/26/2025 7:00:00 PM,1/26/2025 2:00:00 PM,RFC,MIDATL,PEP,PEPCO,2906.789,False
1/26/2025 8:00:00 PM,1/26/2025 3:00:00 PM,RFC,MIDATL,PEP,PEPCO,2866.047,False
1/26/2025 9:00:00 PM,1/26/2025 4:00:00 PM,RFC,MIDATL,PEP,PEPCO,2917.036,False
1/26/2025 10:00:00 PM,1/26/2025 5:00:00 PM,RFC,MIDATL,PEP,PEPCO,3086.861,False
1/26/2025 11:00:00 PM,1/26/2025 6:00:00 PM,RFC,MIDATL,PEP,PEPCO,3239.666,False
1/27/2025 12:00:00 AM,1/26/2025 7:00:00 PM,RFC,MIDATL,PEP,PEPCO,3264.252,False
1/27/2025 1:00:00 AM,1/26/2025 8:00:00 PM,RFC,MIDATL,PEP,PEPCO,3289.669,False
1/27/2025 2:00:00 AM,1/26/2025 9:00:00 PM,RFC,MIDATL,PEP,PEPCO,3246.194,False
1/27/2025 3:00:00 AM,1/26/2025 10:00:00 PM,RFC,MIDATL,PEP,PEPCO,3154.875,False
1/27/2025 4:00:00 AM,1/26/2025 11:00:00 PM,RFC,MIDATL,PEP,PEPCO,3013.417,False
1/27/2025 5:00:00 AM,1/27/2025 12:00:00 AM,RFC,MIDATL,PEP,PEPCO,2923.227,False
1/27/2025 6:00:00 AM,1/27/2025 1:00:00 AM,RFC,MIDATL,PEP,PEPCO,2892.007,False
1/27/2025 7:00:00 AM,1/27/2025 2:00:00 AM,RFC,MIDATL,PEP,PEPCO,2895.377,False
1/27/2025 8:00:00 AM,1/27/2025 3:00:00 AM,RFC,MIDATL,PEP,PEPCO,2938.834,False
1/27/2025 9:00:00 AM,1/27/2025 4:00:00 AM,RFC,MIDATL,PEP,PEPCO,3030.012,False
1/27/2025 10:00:00 AM,1/27/2025 5:00:00 AM,RFC,MIDATL,PEP,PEPCO,3313.585,False
1/27/2025 11:00:00 AM,1/27/2025 6:00:00 AM,RFC,MIDATL,PEP,PEPCO,3598.830,False
1/27/2025 12:00:00 PM,1/27/2025 7:00:00 AM,RFC,MIDATL,PEP,PEPCO,3782.643,False
1/27/2025 1:00:00 PM,1/27/2025 8:00:00 AM,RFC,MIDATL,PEP,PEPCO,3658.897,False
1/27/2025 2:00:00 PM,1/27/2025 9:00:00 AM,RFC,MIDATL,PEP,PEPCO,3375.392,False
1/27/2025 3:00:00 PM,1/27/2025 10:00:00 AM,RFC,MIDATL,PEP,PEPCO,3185.429,False
1/27/2025 4:00:00 PM,1/27/2025 11:00:00 AM,RFC,MIDATL,PEP,PEPCO,3018.898,False
1/27/2025 5:00:00 PM,1/27/2025 12:00:00 PM,RFC,MIDATL,PEP,PEPCO,2918.721,False
1/27/2025 6:00:00 PM,1/27/2025 1:00:00 PM,RFC,MIDATL,PEP,PEPCO,2897.046,False
1/27/2025 7:00:00 PM,1/27/2025 2:00:00 PM,RFC,MIDATL,PEP,PEPCO,2864.642,False
1/27/2025 8:00:00 PM,1/27/2025 3:00:00 PM,RFC,MIDATL,PEP,PEPCO,2914.170,False
1/27/2025 9:00:00 PM,1/27/2025 4:00:00 PM,RFC,MIDATL,PEP,PEPCO,3053.823,False
1/27/2025 10:00:00 PM,1/27/2025 5:00:00 PM,RFC,MIDATL,PEP,PEPCO,3244.322,False
1/27/2025 11:00:00 PM,1/27/2025 6:00:00 PM,RFC,MIDATL,PEP,PEPCO,3269.617,False
1/28/2025 12:00:00 AM,1/27/2025 7:00:00 PM,RFC,MIDATL,PEP,PEPCO,3245.343,False
1/28/2025 1:00:00 AM,1/27/2025 8:00:00 PM,RFC,MIDATL,PEP,PEPCO,3204.537,False
1/28/2025 2:00:00 AM,1/27/2025 9:00:00 PM,RFC,MIDATL,PEP,PEPCO,3151.314,False
1/28/2025 3:00:00 AM,1/27/2025 10:00:00 PM,RFC,MIDATL,PEP,PEPCO,2990.534,False
1/28/2025 4:00:00 AM,1/27/2025 11:00:00 PM,RFC,MIDATL,PEP,PEPCO,2842.303,False
1/28/2025 5:00:00 AM,1/28/2025 12:00:00 AM,RFC,MIDATL,PEP,PEPCO,2738.917,False
1/28/2025 6:00:00 AM,1/28/2025 1:00:00 AM,RFC,MIDATL,PEP,PEPCO,2654.591,False
1/28/2025 7:00:00 AM,1/28/2025 2:00:00 AM,RFC,MIDATL,PEP,PEPCO,2619.189,False
1/28/2025 8:00:00 AM,1/28/2025 3:00:00 AM,RFC,MIDATL,PEP,PEPCO,2612.152,False
1/28/2025 9:00:00 AM,1/28/2025 4:00:00 AM,RFC,MIDATL,PEP,PEPCO,2699.166,False
1/28/2025 10:00:00 AM,1/28/2025 5:00:00 AM,RFC,MIDATL,PEP,PEPCO,2891.511,False
1/28/2025 11:00:00 AM,1/28/2025 6:00:00 AM,RFC,MIDATL,PEP,PEPCO,3288.980,False
1/28/2025 12:00:00 PM,1/28/2025 7:00:00 AM,RFC,MIDATL,PEP,PEPCO,3469.872,False
1/28/2025 1:00:00 PM,1/28/2025 8:00:00 AM,RFC,MIDATL,PEP,PEPCO,3374.744,False
1/28/2025 2:00:00 PM,1/28/2025 9:00:00 AM,RFC,MIDATL,PEP,PEPCO,3189.273,False
1/28/2025 3:00:00 PM,1/28/2025 10:00:00 AM,RFC,MIDATL,PEP,PEPCO,3062.674,False
1/28/2025 4:00:00 PM,1/28/2025 11:00:00 AM,RFC,MIDATL,PEP,PEPCO,2889.907,False
1/28/2025 5:00:00 PM,1/28/2025 12:00:00 PM,RFC,MIDATL,PEP,PEPCO,2813.343,False
1/28/2025 6:00:00 PM,1/28/2025 1:00:00 PM,RFC,MIDATL,PEP,PEPCO,2762.847,False
1/28/2025 7:00:00 PM,1/28/2025 2:00:00 PM,RFC,MIDATL,PEP,PEPCO,2746.761,False
1/28/2025 8:00:00 PM,1/28/2025 3:00:00 PM,RFC,MIDATL,PEP,PEPCO,2816.513,False
1/28/2025 9:00:00 PM,1/28/2025 4:00:00 PM,RFC,MIDATL,PEP,PEPCO,2925.169,False
1/28/2025 10:00:00 PM,1/28/2025 5:00:00 PM,RFC,MIDATL,PEP,PEPCO,3095.184,False
1/28/2025 11:00:00 PM,1/28/2025 6:00:00 PM,RFC,MIDATL,PEP,PEPCO,3120.321,False
1/29/2025 12:00:00 AM,1/28/2025 7:00:00 PM,RFC,MIDATL,PEP,PEPCO,3119.589,False
1/29/2025 1:00:00 AM,1/28/2025 8:00:00 PM,RFC,MIDATL,PEP,PEPCO,3093.405,False
1/29/2025 2:00:00 AM,1/28/2025 9:00:00 PM,RFC,MIDATL,PEP,PEPCO,2990.826,False
1/29/2025 3:00:00 AM,1/28/2025 10:00:00 PM,RFC,MIDATL,PEP,PEPCO,2863.692,False
1/29/2025 4:00:00 AM,1/28/2025 11:00:00 PM,RFC,MIDATL,PEP,PEPCO,2695.966,False
1/29/2025 5:00:00 AM,1/29/2025 12:00:00 AM,RFC,MIDATL,PEP,PEPCO,2538.779,False
1/29/2025 6:00:00 AM,1/29/2025 1:00:00 AM,RFC,MIDATL,PEP,PEPCO,2439.594,False
1/29/2025 7:00:00 AM,1/29/2025 2:00:00 AM,RFC,MIDATL,PEP,PEPCO,2384.935,False
1/29/2025 8:00:00 AM,1/29/2025 3:00:00 AM,RFC,MIDATL,PEP,PEPCO,2405.240,False
1/29/2025 9:00:00 AM,1/29/2025 4:00:00 AM,RFC,MIDATL,PEP,PEPCO,2497.447,False
1/29/2025 10:00:00 AM,1/29/2025 5:00:00 AM,RFC,MIDATL,PEP,PEPCO,2718.480,False
1/29/2025 11:00:00 AM,1/29/2025 6:00:00 AM,RFC,MIDATL,PEP,PEPCO,3033.948,False
1/29/2025 12:00:00 PM,1/29/2025 7:00:00 AM,RFC,MIDATL,PEP,PEPCO,3209.955,False
1/29/2025 1:00:00 PM,1/29/2025 8:00:00 AM,RFC,MIDATL,PEP,PEPCO,3144.507,False
1/29/2025 2:00:00 PM,1/29/2025 9:00:00 AM,RFC,MIDATL,PEP,PEPCO,2942.475,False
1/29/2025 3:00:00 PM,1/29/2025 10:00:00 AM,RFC,MIDATL,PEP,PEPCO,2793.318,False
1/29/2025 4:00:00 PM,1/29/2025 11:00:00 AM,RFC,MIDATL,PEP,PEPCO,2647.462,False
1/29/2025 5:00:00 PM,1/29/2025 12:00:00 PM,RFC,MIDATL,PEP,PEPCO,2608.042,False
1/29/2025 6:00:00 PM,1/29/2025 1:00:00 PM,RFC,MIDATL,PEP,PEPCO,2589.784,False
1/29/2025 7:00:00 PM,1/29/2025 2:00:00 PM,RFC,MIDATL,PEP,PEPCO,2608.109,False
1/29/2025 8:00:00 PM,1/29/2025 3:00:00 PM,RFC,MIDATL,PEP,PEPCO,2667.517,False
1/29/2025 9:00:00 PM,1/29/2025 4:00:00 PM,RFC,MIDATL,PEP,PEPCO,2850.326,False
1/29/2025 10:00:00 PM,1/29/2025 5:00:00 PM,RFC,MIDATL,PEP,PEPCO,3002.041,False
1/29/2025 11:00:00 PM,1/29/2025 6:00:00 PM,RFC,MIDATL,PEP,PEPCO,3030.684,False
1/30/2025 12:00:00 AM,1/29/2025 7:00:00 PM,RFC,MIDATL,PEP,PEPCO,2996.227,False
1/30/2025 1:00:00 AM,1/29/2025 8:00:00 PM,RFC,MIDATL,PEP,PEPCO,2946.633,False
1/30/2025 2:00:00 AM,1/29/2025 9:00:00 PM,RFC,MIDATL,PEP,PEPCO,2872.691,False
1/30/2025 3:00:00 AM,1/29/2025 10:00:00 PM,RFC,MIDATL,PEP,PEPCO,2708.721,False
1/30/2025 4:00:00 AM,1/29/2025 11:00:00 PM,RFC,MIDATL,PEP,PEPCO,2583.224,False
1/30/2025 5:00:00 AM,1/30/2025 12:00:00 AM,RFC,MIDATL,PEP,PEPCO,2465.732,False
1/30/2025 6:00:00 AM,1/30/2025 1:00:00 AM,RFC,MIDATL,PEP,PEPCO,2414.671,False
1/30/2025 7:00:00 AM,1/30/2025 2:00:00 AM,RFC,MIDATL,PEP,PEPCO,2409.347,False
1/30/2025 8:00:00 AM,1/30/2025 3:00:00 AM,RFC,MIDATL,PEP,PEPCO,2425.925,False
1/30/2025 9:00:00 AM,1/30/2025 4:00:00 AM,RFC,MIDATL,PEP,PEPCO,2548.715,False
1/30/2025 10:00:00 AM,1/30/2025 5:00:00 AM,RFC,MIDATL,PEP,PEPCO,2840.850,False
1/30/2025 11:00:00 AM,1/30/2025 6:00:00 AM,RFC,MIDATL,PEP,PEPCO,3149.283,False
1/30/2025 12:00:00 PM,1/30/2025 7:00:00 AM,RFC,MIDATL,PEP,PEPCO,3370.285,False
1/30/2025 1:00:00 PM,1/30/2025 8:00:00 AM,RFC,MIDATL,PEP,PEPCO,3283.381,False
1/30/2025 2:00:00 PM,1/30/2025 9:00:00 AM,RFC,MIDATL,PEP,PEPCO,3045.877,False
1/30/2025 3:00:00 PM,1/30/2025 10:00:00 AM,RFC,MIDATL,PEP,PEPCO,2845.481,False
1/30/2025 4:00:00 PM,1/30/2025 11:00:00 AM,RFC,MIDATL,PEP,PEPCO,2769.180,False
1/30/2025 5:00:00 PM,1/30/2025 12:00:00 PM,RFC,MIDATL,PEP,PEPCO,2732.994,False
1/30/2025 6:00:00 PM,1/30/2025 1:00:00 PM,RFC,MIDATL,PEP,PEPCO,2658.941,False
1/30/2025 7:00:00 PM,1/30/2025 2:00:00 PM,RFC,MIDATL,PEP,PEPCO,2652.816,False
1/30/2025 8:00:00 PM,1/30/2025 3:00:00 PM,RFC,MIDATL,PEP,PEPCO,2728.629,False
1/30/2025 9:00:00 PM,1/30/2025 4:00:00 PM,RFC,MIDATL,PEP,PEPCO,2885.799,False
1/30/2025 10:00:00 PM,1/30/2025 5:00:00 PM,RFC,MIDATL,PEP,PEPCO,3038.135,False
1/30/2025 11:00:00 PM,1/30/2025 6:00:00 PM,RFC,MIDATL,PEP,PEPCO,3052.508,False
1/31/2025 12:00:00 AM,1/30/2025 7:00:00 PM,RFC,MIDATL,PEP,PEPCO,3022.506,False
1/31/2025 1:00:00 AM,1/30/2025 8:00:00 PM,RFC,MIDATL,PEP,PEPCO,2953.637,False
1/31/2025 2:00:00 AM,1/30/2025 9:00:00 PM,RFC,MIDATL,PEP,PEPCO,2849.688,False
1/31/2025 3:00:00 AM,1/30/2025 10:00:00 PM,RFC,MIDATL,PEP,PEPCO,2704.519,False
1/31/2025 4:00:00 AM,1/30/2025 11:00:00 PM,RFC,MIDATL,PEP,PEPCO,2528.344,False
1/31/2025 5:00:00 AM,1/31/2025 12:00:00 AM,RFC,MIDATL,PEP,PEPCO,2407.523,False
1/31/2025 6:00:00 AM,1/31/2025 1:00:00 AM,RFC,MIDATL,PEP,PEPCO,2333.420,False
1/31/2025 7:00:00 AM,1/31/2025 2:00:00 AM,RFC,MIDATL,PEP,PEPCO,2331.424,False
1/31/2025 8:00:00 AM,1/31/2025 3:00:00 AM,RFC,MIDATL,PEP,PEPCO,2291.762,False
1/31/2025 9:00:00 AM,1/31/2025 4:00:00 AM,RFC,MIDATL,PEP,PEPCO,2373.878,False
1/31/2025 10:00:00 AM,1/31/2025 5:00:00 AM,RFC,MIDATL,PEP,PEPCO,2574.449,False
1/31/2025 11:00:00 AM,1/31/2025 6:00:00 AM,RFC,MIDATL,PEP,PEPCO,2863.927,False
1/31/2025 12:00:00 PM,1/31/2025 7:00:00 AM,RFC,MIDATL,PEP,PEPCO,3043.983,False
1/31/2025 1:00:00 PM,1/31/2025 8:00:00 AM,RFC,MIDATL,PEP,PEPCO,3115.784,False
1/31/2025 2:00:00 PM,1/31/2025 9:00:00 AM,RFC,MIDATL,PEP,PEPCO,3125.123,False
1/31/2025 3:00:00 PM,1/31/2025 10:00:00 AM,RFC,MIDATL,PEP,PEPCO,3109.213,False
1/31/2025 4:00:00 PM,1/31/2025 11:00:00 AM,RFC,MIDATL,PEP,PEPCO,3141.424,False
1/31/2025 5:00:00 PM,1/31/2025 12:00:00 PM,RFC,MIDATL,PEP,PEPCO,3129.711,False
1/31/2025 6:00:00 PM,1/31/2025 1:00:00 PM,RFC,MIDATL,PEP,PEPCO,3066.534,False
1/31/2025 7:00:00 PM,1/31/2025 2:00:00 PM,RFC,MIDATL,PEP,PEPCO,3012.303,False
1/31/2025 8:00:00 PM,1/31/2025 3:00:00 PM,RFC,MIDATL,PEP,PEPCO,2976.187,False
1/31/2025 9:00:00 PM,1/31/2025 4:00:00 PM,RFC,MIDATL,PEP,PEPCO,3009.092,False
1/31/2025 10:00:00 PM,1/31/2025 5:00:00 PM,RFC,MIDATL,PEP,PEPCO,3041.022,False
1/31/2025 11:00:00 PM,1/31/2025 6:00:00 PM,RFC,MIDATL,PEP,PEPCO,2968.550,False
2/1/2025 12:00:00 AM,1/31/2025 7:00:00 PM,RFC,MIDATL,PEP,PEPCO,2872.560,False
2/1/2025 1:00:00 AM,1/31/2025 8:00:00 PM,RFC,MIDATL,PEP,PEPCO,2783.750,False
2/1/2025 2:00:00 AM,1/31/2025 9:00:00 PM,RFC,MIDATL,PEP,PEPCO,2657.969,False
2/1/2025 3:00:00 AM,1/31/2025 10:00:00 PM,RFC,MIDATL,PEP,PEPCO,2542.518,False
2/1/2025 4:00:00 AM,1/31/2025 11:00:00 PM,RFC,MIDATL,PEP,PEPCO,2412.924,False
2/1/2025 5:00:00 AM,2/1/2025 12:00:00 AM,RFC,MIDATL,PEP,PEPCO,2301.111,True
2/1/2025 6:00:00 AM,2/1/2025 1:00:00 AM,RFC,MIDATL,PEP,PEPCO,2207.333,True
2/1/2025 7:00:00 AM,2/1/2025 2:00:00 AM,RFC,MIDATL,PEP,PEPCO,2129.453,True
2/1/2025 8:00:00 AM,2/1/2025 3:00:00 AM,RFC,MIDATL,PEP,PEPCO,2122.410,True
2/1/2025 9:00:00 AM,2/1/2025 4:00:00 AM,RFC,MIDATL,PEP,PEPCO,2145.840,True
2/1/2025 10:00:00 AM,2/1/2025 5:00:00 AM,RFC,MIDATL,PEP,PEPCO,2196.235,True
2/1/2025 11:00:00 AM,2/1/2025 6:00:00 AM,RFC,MIDATL,PEP,PEPCO,2283.893,True
2/1/2025 12:00:00 PM,2/1/2025 7:00:00 AM,RFC,MIDATL,PEP,PEPCO,2464.357,True
2/1/2025 1:00:00 PM,2/1/2025 8:00:00 AM,RFC,MIDATL,PEP,PEPCO,2562.577,True
2/1/2025 2:00:00 PM,2/1/2025 9:00:00 AM,RFC,MIDATL,PEP,PEPCO,2591.400,True
2/1/2025 3:00:00 PM,2/1/2025 10:00:00 AM,RFC,MIDATL,PEP,PEPCO,2458.492,True
2/1/2025 4:00:00 PM,2/1/2025 11:00:00 AM,RFC,MIDATL,PEP,PEPCO,2467.268,True
2/1/2025 5:00:00 PM,2/1/2025 12:00:00 PM,RFC,MIDATL,PEP,PEPCO,2380.111,True
2/1/2025 6:00:00 PM,2/1/2025 1:00:00 PM,RFC,MIDATL,PEP,PEPCO,2357.949,True
2/1/2025 7:00:00 PM,2/1/2025 2:00:00 PM,RFC,MIDATL,PEP,PEPCO,2387.448,True
2/1/2025 8:00:00 PM,2/1/2025 3:00:00 PM,RFC,MIDATL,PEP,PEPCO,2471.239,True
2/1/2025 9:00:00 PM,2/1/2025 4:00:00 PM,RFC,MIDATL,PEP,PEPCO,2621.179,True
2/1/2025 10:00:00 PM,2/1/2025 5:00:00 PM,RFC,MIDATL,PEP,PEPCO,2803.992,True
2/1/2025 11:00:00 PM,2/1/2025 6:00:00 PM,RFC,MIDATL,PEP,PEPCO,2936.936,True
2/2/2025 12:00:00 AM,2/1/2025 7:00:00 PM,RFC,MIDATL,PEP,PEPCO,2984.754,True
2/2/2025 1:00:00 AM,2/1/2025 8:00:00 PM,RFC,MIDATL,PEP,PEPCO,2958.263,True
2/2/2025 2:00:00 AM,2/1/2025 9:00:00 PM,RFC,MIDATL,PEP,PEPCO,2994.125,True
2/2/2025 3:00:00 AM,2/1/2025 10:00:00 PM,RFC,MIDATL,PEP,PEPCO,2897.849,True
2/2/2025 4:00:00 AM,2/1/2025 11:00:00 PM,RFC,MIDATL,PEP,PEPCO,2873.024,True
2/2/2025 5:00:00 AM,2/2/2025 12:00:00 AM,RFC,MIDATL,PEP,PEPCO,2835.939,True
2/2/2025 6:00:00 AM,2/2/2025 1:00:00 AM,RFC,MIDATL,PEP,PEPCO,2749.532,True
2/2/2025 7:00:00 AM,2/2/2025 2:00:00 AM,RFC,MIDATL,PEP,PEPCO,2752.644,True
2/2/2025 8:00:00 AM,2/2/2025 3:00:00 AM,RFC,MIDATL,PEP,PEPCO,2756.036,True
2/2/2025 9:00:00 AM,2/2/2025 4:00:00 AM,RFC,MIDATL,PEP,PEPCO,2805.078,True
2/2/2025 10:00:00 AM,2/2/2025 5:00:00 AM,RFC,MIDATL,PEP,PEPCO,2903.571,True
2/2/2025 11:00:00 AM,2/2/2025 6:00:00 AM,RFC,MIDATL,PEP,PEPCO,3017.182,True
2/2/2025 12:00:00 PM,2/2/2025 7:00:00 AM,RFC,MIDATL,PEP,PEPCO,3170.907,True
2/2/2025 1:00:00 PM,2/2/2025 8:00:00 AM,RFC,MIDATL,PEP,PEPCO,3108.690,True
2/2/2025 2:00:00 PM,2/2/2025 9:00:00 AM,RFC,MIDATL,PEP,PEPCO,3047.686,True
2/2/2025 3:00:00 PM,2/2/2025 10:00:00 AM,RFC,MIDATL,PEP,PEPCO,2944.395,True
2/2/2025 4:00:00 PM,2/2/2025 11:00:00 AM,RFC,MIDATL,PEP,PEPCO,3025.932,True
2/2/2025 5:00:00 PM,2/2/2025 12:00:00 PM,RFC,MIDATL,PEP,PEPCO,3084.871,True
2/2/2025 6:00:00 PM,2/2/2025 1:00:00 PM,RFC,MIDATL,PEP,PEPCO,3109.928,True
2/2/2025 7:00:00 PM,2/2/2025 2:00:00 PM,RFC,MIDATL,PEP,PEPCO,3100.528,True
2/2/2025 8:00:00 PM,2/2/2025 3:00:00 PM,RFC,MIDATL,PEP,PEPCO,3114.349,True
2/2/2025 9:00:00 PM,2/2/2025 4:00:00 PM,RFC,MIDATL,PEP,PEPCO,3151.487,True
2/2/2025 10:00:00 PM,2/2/2025 5:00:00 PM,RFC,MIDATL,PEP,PEPCO,3253.166,True
2/2/2025 11:00:00 PM,2/2/2025 6:00:00 PM,RFC,MIDATL,PEP,PEPCO,3307.989,True
2/3/2025 12:00:00 AM,2/2/2025 7:00:00 PM,RFC,MIDATL,PEP,PEPCO,3235.989,True
2/3/2025 1:00:00 AM,2/2/2025 8:00:00 PM,RFC,MIDATL,PEP,PEPCO,3217.165,True
2/3/2025 2:00:00 AM,2/2/2025 9:00:00 PM,RFC,MIDATL,PEP,PEPCO,3140.147,True
2/3/2025 3:00:00 AM,2/2/2025 10:00:00 PM,RFC,MIDATL,PEP,PEPCO,2982.077,True
2/3/2025 4:00:00 AM,2/2/2025 11:00:00 PM,RFC,MIDATL,PEP,PEPCO,2825.755,True
2/3/2025 5:00:00 AM,2/3/2025 12:00:00 AM,RFC,MIDATL,PEP,PEPCO,2707.472,True
2/3/2025 6:00:00 AM,2/3/2025 1:00:00 AM,RFC,MIDATL,PEP,PEPCO,2638.903,True
2/3/2025 7:00:00 AM,2/3/2025 2:00:00 AM,RFC,MIDATL,PEP,PEPCO,2614.670,True
2/3/2025 8:00:00 AM,2/3/2025 3:00:00 AM,RFC,MIDATL,PEP,PEPCO,2672.563,True
2/3/2025 9:00:00 AM,2/3/2025 4:00:00 AM,RFC,MIDATL,PEP,PEPCO,2789.573,True
2/3/2025 10:00:00 AM,2/3/2025 5:00:00 AM,RFC,MIDATL,PEP,PEPCO,3067.941,True
2/3/2025 11:00:00 AM,2/3/2025 6:00:00 AM,RFC,MIDATL,PEP,PEPCO,3390.295,True
2/3/2025 12:00:00 PM,2/3/2025 7:00:00 AM,RFC,MIDATL,PEP,PEPCO,3562.856,True
2/3/2025 1:00:00 PM,2/3/2025 8:00:00 AM,RFC,MIDATL,PEP,PEPCO,3479.550,True
2/3/2025 2:00:00 PM,2/3/2025 9:00:00 AM,RFC,MIDATL,PEP,PEPCO,3411.588,True
2/3/2025 3:00:00 PM,2/3/2025 10:00:00 AM,RFC,MIDATL,PEP,PEPCO,3283.319,True
2/3/2025 4:00:00 PM,2/3/2025 11:00:00 AM,RFC,MIDATL,PEP,PEPCO,3253.210,True
2/3/2025 5:00:00 PM,2/3/2025 12:00:00 PM,RFC,MIDATL,PEP,PEPCO,3218.448,True
2/3/2025 6:00:00 PM,2/3/2025 1:00:00 PM,RFC,MIDATL,PEP,PEPCO,3097.273,True
2/3/2025 7:00:00 PM,2/3/2025 2:00:00 PM,RFC,MIDATL,PEP,PEPCO,2960.530,True
2/3/2025 8:00:00 PM,2/3/2025 3:00:00 PM,RFC,MIDATL,PEP,PEPCO,2981.064,True
2/3/2025 9:00:00 PM,2/3/2025 4:00:00 PM,RFC,MIDATL,PEP,PEPCO,3032.619,True
2/3/2025 10:00:00 PM,2/3/2025 5:00:00 PM,RFC,MIDATL,PEP,PEPCO,3117.919,True
2/3/2025 11:00:00 PM,2/3/2025 6:00:00 PM,RFC,MIDATL,PEP,PEPCO,3113.541,True
2/4/2025 12:00:00 AM,2/3/2025 7:00:00 PM,RFC,MIDATL,PEP,PEPCO,3045.671,True
2/4/2025 1:00:00 AM,2/3/2025 8:00:00 PM,RFC,MIDATL,PEP,PEPCO,2971.536,True
2/4/2025 2:00:00 AM,2/3/2025 9:00:00 PM,RFC,MIDATL,PEP,PEPCO,2844.082,True
2/4/2025 3:00:00 AM,2/3/2025 10:00:00 PM,RFC,MIDATL,PEP,PEPCO,2699.491,True
2/4/2025 4:00:00 AM,2/3/2025 11:00:00 PM,RFC,MIDATL,PEP,PEPCO,2512.872,True
2/4/2025 5:00:00 AM,2/4/2025 12:00:00 AM,RFC,MIDATL,PEP,PEPCO,2403.650,True
2/4/2025 6:00:00 AM,2/4/2025 1:00:00 AM,RFC,MIDATL,PEP,PEPCO,2290.952,True
2/4/2025 7:00:00 AM,2/4/2025 2:00:00 AM,RFC,MIDATL,PEP,PEPCO,2265.551,True
2/4/2025 8:00:00 AM,2/4/2025 3:00:00 AM,RFC,MIDATL,PEP,PEPCO,2222.792,True
2/4/2025 9:00:00 AM,2/4/2025 4:00:00 AM,RFC,MIDATL,PEP,PEPCO,2310.909,True
2/4/2025 10:00:00 AM,2/4/2025 5:00:00 AM,RFC,MIDATL,PEP,PEPCO,2541.813,True
2/4/2025 11:00:00 AM,2/4/2025 6:00:00 AM,RFC,MIDATL,PEP,PEPCO,2836.530,True
2/4/2025 12:00:00 PM,2/4/2025 7:00:00 AM,RFC,MIDATL,PEP,PEPCO,2985.157,True
2/4/2025 1:00:00 PM,2/4/2025 8:00:00 AM,RFC,MIDATL,PEP,PEPCO,2932.658,True
2/4/2025 2:00:00 PM,2/4/2025 9:00:00 AM,RFC,MIDATL,PEP,PEPCO,2736.952,True
2/4/2025 3:00:00 PM,2/4/2025 10:00:00 AM,RFC,MIDATL,PEP,PEPCO,2623.584,True
2/4/2025 4:00:00 PM,2/4/2025 11:00:00 AM,RFC,MIDATL,PEP,PEPCO,2527.765,True
2/4/2025 5:00:00 PM,2/4/2025 12:00:00 PM,RFC,MIDATL,PEP,PEPCO,2521.074,True
2/4/2025 6:00:00 PM,2/4/2025 1:00:00 PM,RFC,MIDATL,PEP,PEPCO,2489.606,True
2/4/2025 7:00:00 PM,2/4/2025 2:00:00 PM,RFC,MIDATL,PEP,PEPCO,2511.237,True
2/4/2025 8:00:00 PM,2/4/2025 3:00:00 PM,RFC,MIDATL,PEP,PEPCO,2604.384,True
2/4/2025 9:00:00 PM,2/4/2025 4:00:00 PM,RFC,MIDATL,PEP,PEPCO,2727.902,True
2/4/2025 10:00:00 PM,2/4/2025 5:00:00 PM,RFC,MIDATL,PEP,PEPCO,2949.392,True
2/4/2025 11:00:00 PM,2/4/2025 6:00:00 PM,RFC,MIDATL,PEP,PEPCO,3007.021,True
2/5/2025 12:00:00 AM,2/4/2025 7:00:00 PM,RFC,MIDATL,PEP,PEPCO,2983.811,True
2/5/2025 1:00:00 AM,2/4/2025 8:00:00 PM,RFC,MIDATL,PEP,PEPCO,2950.127,True
2/5/2025 2:00:00 AM,2/4/2025 9:00:00 PM,RFC,MIDATL,PEP,PEPCO,2891.334,True
2/5/2025 3:00:00 AM,2/4/2025 10:00:00 PM,RFC,MIDATL,PEP,PEPCO,2725.401,True
2/5/2025 4:00:00 AM,2/4/2025 11:00:00 PM,RFC,MIDATL,PEP,PEPCO,2645.446,True
2/5/2025 5:00:00 AM,2/5/2025 12:00:00 AM,RFC,MIDATL,PEP,PEPCO,2484.875,True
2/5/2025 6:00:00 AM,2/5/2025 1:00:00 AM,RFC,MIDATL,PEP,PEPCO,2435.622,True
2/5/2025 7:00:00 AM,2/5/2025 2:00:00 AM,RFC,MIDATL,PEP,PEPCO,2429.945,True
2/5/2025 8:00:00 AM,2/5/2025 3:00:00 AM,RFC,MIDATL,PEP,PEPCO,2446.351,True
2/5/2025 9:00:00 AM,2/5/2025 4:00:00 AM,RFC,MIDATL,PEP,PEPCO,2519.414,True
2/5/2025 10:00:00 AM,2/5/2025 5:00:00 AM,RFC,MIDATL,PEP,PEPCO,2764.325,True
2/5/2025 11:00:00 AM,2/5/2025 6:00:00 AM,RFC,MIDATL,PEP,PEPCO,3069.478,True
2/5/2025 12:00:00 PM,2/5/2025 7:00:00 AM,RFC,MIDATL,PEP,PEPCO,3284.988,True
2/5/2025 1:00:00 PM,2/5/2025 8:00:00 AM,RFC,MIDATL,PEP,PEPCO,3362.592,True
2/5/2025 2:00:00 PM,2/5/2025 9:00:00 AM,RFC,MIDATL,PEP,PEPCO,3378.930,True
2/5/2025 3:00:00 PM,2/5/2025 10:00:00 AM,RFC,MIDATL,PEP,PEPCO,3240.411,True
2/5/2025 4:00:00 PM,2/5/2025 11:00:00 AM,RFC,MIDATL,PEP,PEPCO,3211.293,True
2/5/2025 5:00:00 PM,2/5/2025 12:00:00 PM,RFC,MIDATL,PEP,PEPCO,3095.438,True
2/5/2025 6:00:00 PM,2/5/2025 1:00:00 PM,RFC,MIDATL,PEP,PEPCO,3130.730,True
2/5/2025 7:00:00 PM,2/5/2025 2:00:00 PM,RFC,MIDATL,PEP,PEPCO,3181.787,True
2/5/2025 8:00:00 PM,2/5/2025 3:00:00 PM,RFC,MIDATL,PEP,PEPCO,3203.810,True
2/5/2025 9:00:00 PM,2/5/2025 4:00:00 PM,RFC,MIDATL,PEP,PEPCO,3302.801,True
2/5/2025 10:00:00 PM,2/5/2025 5:00:00 PM,RFC,MIDATL,PEP,PEPCO,3409.696,True
2/5/2025 11:00:00 PM,2/5/2025 6:00:00 PM,RFC,MIDATL,PEP,PEPCO,3409.449,True
2/6/2025 12:00:00 AM,2/5/2025 7:00:00 PM,RFC,MIDATL,PEP,PEPCO,3341.909,True
2/6/2025 1:00:00 AM,2/5/2025 8:00:00 PM,RFC,MIDATL,PEP,PEPCO,3237.933,True
2/6/2025 2:00:00 AM,2/5/2025 9:00:00 PM,RFC,MIDATL,PEP,PEPCO,3137.173,True
2/6/2025 3:00:00 AM,2/5/2025 10:00:00 PM,RFC,MIDATL,PEP,PEPCO,2973.229,True
2/6/2025 4:00:00 AM,2/5/2025 11:00:00 PM,RFC,MIDATL,PEP,PEPCO,2849.846,True
2/6/2025 5:00:00 AM,2/6/2025 12:00:00 AM,RFC,MIDATL,PEP,PEPCO,2734.851,True
2/6/2025 6:00:00 AM,2/6/2025 1:00:00 AM,RFC,MIDATL,PEP,PEPCO,2679.989,True
2/6/2025 7:00:00 AM,2/6/2025 2:00:00 AM,RFC,MIDATL,PEP,PEPCO,2676.243,True
2/6/2025 8:00:00 AM,2/6/2025 3:00:00 AM,RFC,MIDATL,PEP,PEPCO,2712.303,True
2/6/2025 9:00:00 AM,2/6/2025 4:00:00 AM,RFC,MIDATL,PEP,PEPCO,2767.591,True
2/6/2025 10:00:00 AM,2/6/2025 5:00:00 AM,RFC,MIDATL,PEP,PEPCO,3007.508,True
2/6/2025 11:00:00 AM,2/6/2025 6:00:00 AM,RFC,MIDATL,PEP,PEPCO,3292.042,True
2/6/2025 12:00:00 PM,2/6/2025 7:00:00 AM,RFC,MIDATL,PEP,PEPCO,3473.041,True
2/6/2025 1:00:00 PM,2/6/2025 8:00:00 AM,RFC,MIDATL,PEP,PEPCO,3587.414,True
2/6/2025 2:00:00 PM,2/6/2025 9:00:00 AM,RFC,MIDATL,PEP,PEPCO,3569.383,True
2/6/2025 3:00:00 PM,2/6/2025 10:00:00 AM,RFC,MIDATL,PEP,PEPCO,3583.925,True
2/6/2025 4:00:00 PM,2/6/2025 11:00:00 AM,RFC,MIDATL,PEP,PEPCO,3492.104,True
2/6/2025 5:00:00 PM,2/6/2025 12:00:00 PM,RFC,MIDATL,PEP,PEPCO,3406.429,True
2/6/2025 6:00:00 PM,2/6/2025 1:00:00 PM,RFC,MIDATL,PEP,PEPCO,3310.964,True
2/6/2025 7:00:00 PM,2/6/2025 2:00:00 PM,RFC,MIDATL,PEP,PEPCO,3252.302,True
2/6/2025 8:00:00 PM,2/6/2025 3:00:00 PM,RFC,MIDATL,PEP,PEPCO,3182.380,True
2/6/2025 9:00:00 PM,2/6/2025 4:00:00 PM,RFC,MIDATL,PEP,PEPCO,3139.967,True
2/6/2025 10:00:00 PM,2/6/2025 5:00:00 PM,RFC,MIDATL,PEP,PEPCO,3227.018,True
2/6/2025 11:00:00 PM,2/6/2025 6:00:00 PM,RFC,MIDATL,PEP,PEPCO,3250.620,True
2/7/2025 12:00:00 AM,2/6/2025 7:00:00 PM,RFC,MIDATL,PEP,PEPCO,3182.369,True
2/7/2025 1:00:00 AM,2/6/2025 8:00:00 PM,RFC,MIDATL,PEP,PEPCO,3089.799,True
2/7/2025 2:00:00 AM,2/6/2025 9:00:00 PM,RFC,MIDATL,PEP,PEPCO,3035.830,True
2/7/2025 3:00:00 AM,2/6/2025 10:00:00 PM,RFC,MIDATL,PEP,PEPCO,2866.175,True
2/7/2025 4:00:00 AM,2/6/2025 11:00:00 PM,RFC,MIDATL,PEP,PEPCO,2706.966,True
2/7/2025 5:00:00 AM,2/7/2025 12:00:00 AM,RFC,MIDATL,PEP,PEPCO,2528.039,True
2/7/2025 6:00:00 AM,2/7/2025 1:00:00 AM,RFC,MIDATL,PEP,PEPCO,2446.627,True
2/7/2025 7:00:00 AM,2/7/2025 2:00:00 AM,RFC,MIDATL,PEP,PEPCO,2391.522,True
2/7/2025 8:00:00 AM,2/7/2025 3:00:00 AM,RFC,MIDATL,PEP,PEPCO,2394.578,True
2/7/2025 9:00:00 AM,2/7/2025 4:00:00 AM,RFC,MIDATL,PEP,PEPCO,2429.221,True
2/7/2025 10:00:00 AM,2/7/2025 5:00:00 AM,RFC,MIDATL,PEP,PEPCO,2648.729,True
2/7/2025 11:00:00 AM,2/7/2025 6:00:00 AM,RFC,MIDATL,PEP,PEPCO,3006.506,True
2/7/2025 12:00:00 PM,2/7/2025 7:00:00 AM,RFC,MIDATL,PEP,PEPCO,3135.708,True
2/7/2025 1:00:00 PM,2/7/2025 8:00:00 AM,RFC,MIDATL,PEP,PEPCO,3075.822,True
2/7/2025 2:00:00 PM,2/7/2025 9:00:00 AM,RFC,MIDATL,PEP,PEPCO,2912.905,True
2/7/2025 3:00:00 PM,2/7/2025 10:00:00 AM,RFC,MIDATL,PEP,PEPCO,2863.872,True
2/7/2025 4:00:00 PM,2/7/2025 11:00:00 AM,RFC,MIDATL,PEP,PEPCO,2879.055,True
2/7/2025 5:00:00 PM,2/7/2025 12:00:00 PM,RFC,MIDATL,PEP,PEPCO,2760.279,True
2/7/2025 6:00:00 PM,2/7/2025 1:00:00 PM,RFC,MIDATL,PEP,PEPCO,2664.019,True
2/7/2025 7:00:00 PM,2/7/2025 2:00:00 PM,RFC,MIDATL,PEP,PEPCO,2614.187,True
2/7/2025 8:00:00 PM,2/7/2025 3:00:00 PM,RFC,MIDATL,PEP,PEPCO,2681.575,True
2/7/2025 9:00:00 PM,2/7/2025 4:00:00 PM,RFC,MIDATL,PEP,PEPCO,2808.900,True
2/7/2025 10:00:00 PM,2/7/2025 5:00:00 PM,RFC,MIDATL,PEP,PEPCO,2993.372,True
2/7/2025 11:00:00 PM,2/7/2025 6:00:00 PM,RFC,MIDATL,PEP,PEPCO,3030.636,True
2/8/2025 12:00:00 AM,2/7/2025 7:00:00 PM,RFC,MIDATL,PEP,PEPCO,3009.315,True
2/8/2025 1:00:00 AM,2/7/2025 8:00:00 PM,RFC,MIDATL,PEP,PEPCO,2960.979,True
2/8/2025 2:00:00 AM,2/7/2025 9:00:00 PM,RFC,MIDATL,PEP,PEPCO,2896.795,True
2/8/2025 3:00:00 AM,2/7/2025 10:00:00 PM,RFC,MIDATL,PEP,PEPCO,2813.039,True
2/8/2025 4:00:00 AM,2/7/2025 11:00:00 PM,RFC,MIDATL,PEP,PEPCO,2726.418,True
2/8/2025 5:00:00 AM,2/8/2025 12:00:00 AM,RFC,MIDATL,PEP,PEPCO,2644.137,True
2/8/2025 6:00:00 AM,2/8/2025 1:00:00 AM,RFC,MIDATL,PEP,PEPCO,2574.573,True
2/8/2025 7:00:00 AM,2/8/2025 2:00:00 AM,RFC,MIDATL,PEP,PEPCO,2542.929,True
2/8/2025 8:00:00 AM,2/8/2025 3:00:00 AM,RFC,MIDATL,PEP,PEPCO,2519.314,True
2/8/2025 9:00:00 AM,2/8/2025 4:00:00 AM,RFC,MIDATL,PEP,PEPCO,2512.439,True
2/8/2025 10:00:00 AM,2/8/2025 5:00:00 AM,RFC,MIDATL,PEP,PEPCO,2608.668,True
2/8/2025 11:00:00 AM,2/8/2025 6:00:00 AM,RFC,MIDATL,PEP,PEPCO,2683.158,True
2/8/2025 12:00:00 PM,2/8/2025 7:00:00 AM,RFC,MIDATL,PEP,PEPCO,2807.621,True
2/8/2025 1:00:00 PM,2/8/2025 8:00:00 AM,RFC,MIDATL,PEP,PEPCO,2922.191,True
2/8/2025 2:00:00 PM,2/8/2025 9:00:00 AM,RFC,MIDATL,PEP,PEPCO,3026.627,True
2/8/2025 3:00:00 PM,2/8/2025 10:00:00 AM,RFC,MIDATL,PEP,PEPCO,3089.573,True
2/8/2025 4:00:00 PM,2/8/2025 11:00:00 AM,RFC,MIDATL,PEP,PEPCO,3112.077,True
2/8/2025 5:00:00 PM,2/8/2025 12:00:00 PM,RFC,MIDATL,PEP,PEPCO,3126.344,True
2/8/2025 6:00:00 PM,2/8/2025 1:00:00 PM,RFC,MIDATL,PEP,PEPCO,3140.680,True
2/8/2025 7:00:00 PM,2/8/2025 2:00:00 PM,RFC,MIDATL,PEP,PEPCO,3176.488,True
2/8/2025 8:00:00 PM,2/8/2025 3:00:00 PM,RFC,MIDATL,PEP,PEPCO,3163.863,True
2/8/2025 9:00:00 PM,2/8/2025 4:00:00 PM,RFC,MIDATL,PEP,PEPCO,3219.138,True
2/8/2025 10:00:00 PM,2/8/2025 5:00:00 PM,RFC,MIDATL,PEP,PEPCO,3350.397,True
2/8/2025 11:00:00 PM,2/8/2025 6:00:00 PM,RFC,MIDATL,PEP,PEPCO,3356.440,True
2/9/2025 12:00:00 AM,2/8/2025 7:00:00 PM,RFC,MIDATL,PEP,PEPCO,3322.299,True
2/9/2025 1:00:00 AM,2/8/2025 8:00:00 PM,RFC,MIDATL,PEP,PEPCO,3254.804,True
2/9/2025 2:00:00 AM,2/8/2025 9:00:00 PM,RFC,MIDATL,PEP,PEPCO,3198.934,True
2/9/2025 3:00:00 AM,2/8/2025 10:00:00 PM,RFC,MIDATL,PEP,PEPCO,3067.961,True
2/9/2025 4:00:00 AM,2/8/2025 11:00:00 PM,RFC,MIDATL,PEP,PEPCO,2920.518,True
2/9/2025 5:00:00 AM,2/9/2025 12:00:00 AM,RFC,MIDATL,PEP,PEPCO,2800.757,True
2/9/2025 6:00:00 AM,2/9/2025 1:00:00 AM,RFC,MIDATL,PEP,PEPCO,2708.605,True
2/9/2025 7:00:00 AM,2/9/2025 2:00:00 AM,RFC,MIDATL,PEP,PEPCO,2618.515,True
2/9/2025 8:00:00 AM,2/9/2025 3:00:00 AM,RFC,MIDATL,PEP,PEPCO,2578.382,True
2/9/2025 9:00:00 AM,2/9/2025 4:00:00 AM,RFC,MIDATL,PEP,PEPCO,2578.950,True
2/9/2025 10:00:00 AM,2/9/2025 5:00:00 AM,RFC,MIDATL,PEP,PEPCO,2631.456,True
2/9/2025 11:00:00 AM,2/9/2025 6:00:00 AM,RFC,MIDATL,PEP,PEPCO,2698.403,True
2/9/2025 12:00:00 PM,2/9/2025 7:00:00 AM,RFC,MIDATL,PEP,PEPCO,2781.048,True
2/9/2025 1:00:00 PM,2/9/2025 8:00:00 AM,RFC,MIDATL,PEP,PEPCO,2823.542,True
2/9/2025 2:00:00 PM,2/9/2025 9:00:00 AM,RFC,MIDATL,PEP,PEPCO,2822.815,True
2/9/2025 3:00:00 PM,2/9/2025 10:00:00 AM,RFC,MIDATL,PEP,PEPCO,2762.426,True
2/9/2025 4:00:00 PM,2/9/2025 11:00:00 AM,RFC,MIDATL,PEP,PEPCO,2626.202,True
2/9/2025 5:00:00 PM,2/9/2025 12:00:00 PM,RFC,MIDATL,PEP,PEPCO,2534.979,True
2/9/2025 6:00:00 PM,2/9/2025 1:00:00 PM,RFC,MIDATL,PEP,PEPCO,2550.258,True
2/9/2025 7:00:00 PM,2/9/2025 2:00:00 PM,RFC,MIDATL,PEP,PEPCO,2620.263,True
2/9/2025 8:00:00 PM,2/9/2025 3:00:00 PM,RFC,MIDATL,PEP,PEPCO,2672.804,True
2/9/2025 9:00:00 PM,2/9/2025 4:00:00 PM,RFC,MIDATL,PEP,PEPCO,2787.030,True
2/9/2025 10:00:00 PM,2/9/2025 5:00:00 PM,RFC,MIDATL,PEP,PEPCO,3002.143,True
2/9/2025 11:00:00 PM,2/9/2025 6:00:00 PM,RFC,MIDATL,PEP,PEPCO,3107.548,True
2/10/2025 12:00:00 AM,2/9/2025 7:00:00 PM,RFC,MIDATL,PEP,PEPCO,3056.744,True
2/10/2025 1:00:00 AM,2/9/2025 8:00:00 PM,RFC,MIDATL,PEP,PEPCO,3006.501,True
2/10/2025 2:00:00 AM,2/9/2025 9:00:00 PM,RFC,MIDATL,PEP,PEPCO,2922.693,True
2/10/2025 3:00:00 AM,2/9/2025 10:00:00 PM,RFC,MIDATL,PEP,PEPCO,2889.039,True
2/10/2025 4:00:00 AM,2/9/2025 11:00:00 PM,RFC,MIDATL,PEP,PEPCO,2748.000,True
2/10/2025 5:00:00 AM,2/10/2025 12:00:00 AM,RFC,MIDATL,PEP,PEPCO,2640.273,True
2/10/2025 6:00:00 AM,2/10/2025 1:00:00 AM,RFC,MIDATL,PEP,PEPCO,2561.497,True
2/10/2025 7:00:00 AM,2/10/2025 2:00:00 AM,RFC,MIDATL,PEP,PEPCO,2550.732,True
2/10/2025 8:00:00 AM,2/10/2025 3:00:00 AM,RFC,MIDATL,PEP,PEPCO,2572.109,True
2/10/2025 9:00:00 AM,2/10/2025 4:00:00 AM,RFC,MIDATL,PEP,PEPCO,2643.603,True
2/10/2025 10:00:00 AM,2/10/2025 5:00:00 AM,RFC,MIDATL,PEP,PEPCO,2937.348,True
2/10/2025 11:00:00 AM,2/10/2025 6:00:00 AM,RFC,MIDATL,PEP,PEPCO,3255.323,True
2/10/2025 12:00:00 PM,2/10/2025 7:00:00 AM,RFC,MIDATL,PEP,PEPCO,3452.318,True
2/10/2025 1:00:00 PM,2/10/2025 8:00:00 AM,RFC,MIDATL,PEP,PEPCO,3385.112,True
2/10/2025 2:00:00 PM,2/10/2025 9:00:00 AM,RFC,MIDATL,PEP,PEPCO,3238.916,True
2/10/2025 3:00:00 PM,2/10/2025 10:00:00 AM,RFC,MIDATL,PEP,PEPCO,3027.654,True
2/10/2025 4:00:00 PM,2/10/2025 11:00:00 AM,RFC,MIDATL,PEP,PEPCO,2891.068,True
2/10/2025 5:00:00 PM,2/10/2025 12:00:00 PM,RFC,MIDATL,PEP,PEPCO,2816.096,True
2/10/2025 6:00:00 PM,2/10/2025 1:00:00 PM,RFC,MIDATL,PEP,PEPCO,2760.255,True
2/10/2025 7:00:00 PM,2/10/2025 2:00:00 PM,RFC,MIDATL,PEP,PEPCO,2751.450,True
2/10/2025 8:00:00 PM,2/10/2025 3:00:00 PM,RFC,MIDATL,PEP,PEPCO,2838.686,True
2/10/2025 9:00:00 PM,2/10/2025 4:00:00 PM,RFC,MIDATL,PEP,PEPCO,2981.017,True
2/10/2025 10:00:00 PM,2/10/2025 5:00:00 PM,RFC,MIDATL,PEP,PEPCO,3194.974,True
2/10/2025 11:00:00 PM,2/10/2025 6:00:00 PM,RFC,MIDATL,PEP,PEPCO,3279.758,True
2/11/2025 12:00:00 AM,2/10/2025 7:00:00 PM,RFC,MIDATL,PEP,PEPCO,3277.620,True
2/11/2025 1:00:00 AM,2/10/2025 8:00:00 PM,RFC,MIDATL,PEP,PEPCO,3215.544,True
2/11/2025 2:00:00 AM,2/10/2025 9:00:00 PM,RFC,MIDATL,PEP,PEPCO,3170.303,True
2/11/2025 3:00:00 AM,2/10/2025 10:00:00 PM,RFC,MIDATL,PEP,PEPCO,3039.360,True
2/11/2025 4:00:00 AM,2/10/2025 11:00:00 PM,RFC,MIDATL,PEP,PEPCO,2849.814,True
2/11/2025 5:00:00 AM,2/11/2025 12:00:00 AM,RFC,MIDATL,PEP,PEPCO,2719.931,True
2/11/2025 6:00:00 AM,2/11/2025 1:00:00 AM,RFC,MIDATL,PEP,PEPCO,2684.517,True
2/11/2025 7:00:00 AM,2/11/2025 2:00:00 AM,RFC,MIDATL,PEP,PEPCO,2663.149,True
2/11/2025 8:00:00 AM,2/11/2025 3:00:00 AM,RFC,MIDATL,PEP,PEPCO,2714.242,True
2/11/2025 9:00:00 AM,2/11/2025 4:00:00 AM,RFC,MIDATL,PEP,PEPCO,2796.228,True
2/11/2025 10:00:00 AM,2/11/2025 5:00:00 AM,RFC,MIDATL,PEP,PEPCO,3038.503,True
2/11/2025 11:00:00 AM,2/11/2025 6:00:00 AM,RFC,MIDATL,PEP,PEPCO,3404.021,True
2/11/2025 12:00:00 PM,2/11/2025 7:00:00 AM,RFC,MIDATL,PEP,PEPCO,3524.414,True
2/11/2025 1:00:00 PM,2/11/2025 8:00:00 AM,RFC,MIDATL,PEP,PEPCO,3560.876,True
2/11/2025 2:00:00 PM,2/11/2025 9:00:00 AM,RFC,MIDATL,PEP,PEPCO,3516.749,True
2/11/2025 3:00:00 PM,2/11/2025 10:00:00 AM,RFC,MIDATL,PEP,PEPCO,3463.801,True
2/11/2025 4:00:00 PM,2/11/2025 11:00:00 AM,RFC,MIDATL,PEP,PEPCO,3371.861,True
2/11/2025 5:00:00 PM,2/11/2025 12:00:00 PM,RFC,MIDATL,PEP,PEPCO,3363.844,True
2/11/2025 6:00:00 PM,2/11/2025 1:00:00 PM,RFC,MIDATL,PEP,PEPCO,3404.806,True
2/11/2025 7:00:00 PM,2/11/2025 2:00:00 PM,RFC,MIDATL,PEP,PEPCO,3405.909,True
2/11/2025 8:00:00 PM,2/11/2025 3:00:00 PM,RFC,MIDATL,PEP,PEPCO,3516.126,True
2/11/2025 9:00:00 PM,2/11/2025 4:00:00 PM,RFC,MIDATL,PEP,PEPCO,3648.228,True
2/11/2025 10:00:00 PM,2/11/2025 5:00:00 PM,RFC,MIDATL,PEP,PEPCO,3739.702,True
2/11/2025 11:00:00 PM,2/11/2025 6:00:00 PM,RFC,MIDATL,PEP,PEPCO,3705.050,True
2/12/2025 12:00:00 AM,2/11/2025 7:00:00 PM,RFC,MIDATL,PEP,PEPCO,3586.205,True
2/12/2025 1:00:00 AM,2/11/2025 8:00:00 PM,RFC,MIDATL,PEP,PEPCO,3480.835,True
2/12/2025 2:00:00 AM,2/11/2025 9:00:00 PM,RFC,MIDATL,PEP,PEPCO,3332.157,True
2/12/2025 3:00:00 AM,2/11/2025 10:00:00 PM,RFC,MIDATL,PEP,PEPCO,3189.865,True
2/12/2025 4:00:00 AM,2/11/2025 11:00:00 PM,RFC,MIDATL,PEP,PEPCO,3039.287,True
2/12/2025 5:00:00 AM,2/12/2025 12:00:00 AM,RFC,MIDATL,PEP,PEPCO,2926.999,True
2/12/2025 6:00:00 AM,2/12/2025 1:00:00 AM,RFC,MIDATL,PEP,PEPCO,2852.203,True
2/12/2025 7:00:00 AM,2/12/2025 2:00:00 AM,RFC,MIDATL,PEP,PEPCO,2820.842,True
2/12/2025 8:00:00 AM,2/12/2025 3:00:00 AM,RFC,MIDATL,PEP,PEPCO,2837.833,True
2/12/2025 9:00:00 AM,2/12/2025 4:00:00 AM,RFC,MIDATL,PEP,PEPCO,2884.682,True
2/12/2025 10:00:00 AM,2/12/2025 5:00:00 AM,RFC,MIDATL,PEP,PEPCO,3088.976,True
2/12/2025 11:00:00 AM,2/12/2025 6:00:00 AM,RFC,MIDATL,PEP,PEPCO,3343.475,True
2/12/2025 12:00:00 PM,2/12/2025 7:00:00 AM,RFC,MIDATL,PEP,PEPCO,3480.335,True
2/12/2025 1:00:00 PM,2/12/2025 8:00:00 AM,RFC,MIDATL,PEP,PEPCO,3594.562,True
2/12/2025 2:00:00 PM,2/12/2025 9:00:00 AM,RFC,MIDATL,PEP,PEPCO,3621.601,True
2/12/2025 3:00:00 PM,2/12/2025 10:00:00 AM,RFC,MIDATL,PEP,PEPCO,3635.580,True
2/12/2025 4:00:00 PM,2/12/2025 11:00:00 AM,RFC,MIDATL,PEP,PEPCO,3588.829,True
2/12/2025 5:00:00 PM,2/12/2025 12:00:00 PM,RFC,MIDATL,PEP,PEPCO,3642.767,True
2/12/2025 6:00:00 PM,2/12/2025 1:00:00 PM,RFC,MIDATL,PEP,PEPCO,3578.268,True
2/12/2025 7:00:00 PM,2/12/2025 2:00:00 PM,RFC,MIDATL,PEP,PEPCO,3559.028,True
2/12/2025 8:00:00 PM,2/12/2025 3:00:00 PM,RFC,MIDATL,PEP,PEPCO,3547.396,True
2/12/2025 9:00:00 PM,2/12/2025 4:00:00 PM,RFC,MIDATL,PEP,PEPCO,3594.281,True
2/12/2025 10:00:00 PM,2/12/2025 5:00:00 PM,RFC,MIDATL,PEP,PEPCO,3667.878,True
2/12/2025 11:00:00 PM,2/12/2025 6:00:00 PM,RFC,MIDATL,PEP,PEPCO,3583.552,True
2/13/2025 12:00:00 AM,2/12/2025 7:00:00 PM,RFC,MIDATL,PEP,PEPCO,3501.601,True
2/13/2025 1:00:00 AM,2/12/2025 8:00:00 PM,RFC,MIDATL,PEP,PEPCO,3363.694,True
2/13/2025 2:00:00 AM,2/12/2025 9:00:00 PM,RFC,MIDATL,PEP,PEPCO,3240.447,True
2/13/2025 3:00:00 AM,2/12/2025 10:00:00 PM,RFC,MIDATL,PEP,PEPCO,3053.699,True
2/13/2025 4:00:00 AM,2/12/2025 11:00:00 PM,RFC,MIDATL,PEP,PEPCO,2878.324,True
2/13/2025 5:00:00 AM,2/13/2025 12:00:00 AM,RFC,MIDATL,PEP,PEPCO,2746.625,True
2/13/2025 6:00:00 AM,2/13/2025 1:00:00 AM,RFC,MIDATL,PEP,PEPCO,2682.492,True
2/13/2025 7:00:00 AM,2/13/2025 2:00:00 AM,RFC,MIDATL,PEP,PEPCO,2651.786,True
2/13/2025 8:00:00 AM,2/13/2025 3:00:00 AM,RFC,MIDATL,PEP,PEPCO,2640.730,True
2/13/2025 9:00:00 AM,2/13/2025 4:00:00 AM,RFC,MIDATL,PEP,PEPCO,2724.927,True
2/13/2025 10:00:00 AM,2/13/2025 5:00:00 AM,RFC,MIDATL,PEP,PEPCO,2970.313,True
2/13/2025 11:00:00 AM,2/13/2025 6:00:00 AM,RFC,MIDATL,PEP,PEPCO,3285.538,True
2/13/2025 12:00:00 PM,2/13/2025 7:00:00 AM,RFC,MIDATL,PEP,PEPCO,3473.796,True
2/13/2025 1:00:00 PM,2/13/2025 8:00:00 AM,RFC,MIDATL,PEP,PEPCO,3499.827,True
2/13/2025 2:00:00 PM,2/13/2025 9:00:00 AM,RFC,MIDATL,PEP,PEPCO,3500.603,True
2/13/2025 3:00:00 PM,2/13/2025 10:00:00 AM,RFC,MIDATL,PEP,PEPCO,3419.850,True
2/13/2025 4:00:00 PM,2/13/2025 11:00:00 AM,RFC,MIDATL,PEP,PEPCO,3334.663,True
2/13/2025 5:00:00 PM,2/13/2025 12:00:00 PM,RFC,MIDATL,PEP,PEPCO,3138.851,True
2/13/2025 6:00:00 PM,2/13/2025 1:00:00 PM,RFC,MIDATL,PEP,PEPCO,2857.171,True
2/13/2025 7:00:00 PM,2/13/2025 2:00:00 PM,RFC,MIDATL,PEP,PEPCO,2700.537,True
2/13/2025 8:00:00 PM,2/13/2025 3:00:00 PM,RFC,MIDATL,PEP,PEPCO,2739.165,True
2/13/2025 9:00:00 PM,2/13/2025 4:00:00 PM,RFC,MIDATL,PEP,PEPCO,2873.850,True
2/13/2025 10:00:00 PM,2/13/2025 5:00:00 PM,RFC,MIDATL,PEP,PEPCO,3101.296,True
2/13/2025 11:00:00 PM,2/13/2025 6:00:00 PM,RFC,MIDATL,PEP,PEPCO,3227.491,True
2/14/2025 12:00:00 AM,2/13/2025 7:00:00 PM,RFC,MIDATL,PEP,PEPCO,3201.594,True
2/14/2025 1:00:00 AM,2/13/2025 8:00:00 PM,RFC,MIDATL,PEP,PEPCO,3176.033,True
2/14/2025 2:00:00 AM,2/13/2025 9:00:00 PM,RFC,MIDATL,PEP,PEPCO,3138.652,True
2/14/2025 3:00:00 AM,2/13/2025 10:00:00 PM,RFC,MIDATL,PEP,PEPCO,2986.125,True
2/14/2025 4:00:00 AM,2/13/2025 11:00:00 PM,RFC,MIDATL,PEP,PEPCO,2864.160,True
2/14/2025 5:00:00 AM,2/14/2025 12:00:00 AM,RFC,MIDATL,PEP,PEPCO,2705.119,True
2/14/2025 6:00:00 AM,2/14/2025 1:00:00 AM,RFC,MIDATL,PEP,PEPCO,2666.999,True
2/14/2025 7:00:00 AM,2/14/2025 2:00:00 AM,RFC,MIDATL,PEP,PEPCO,2662.593,True
2/14/2025 8:00:00 AM,2/14/2025 3:00:00 AM,RFC,MIDATL,PEP,PEPCO,2669.735,True
2/14/2025 9:00:00 AM,2/14/2025 4:00:00 AM,RFC,MIDATL,PEP,PEPCO,2803.144,True
2/14/2025 10:00:00 AM,2/14/2025 5:00:00 AM,RFC,MIDATL,PEP,PEPCO,3047.862,True
2/14/2025 11:00:00 AM,2/14/2025 6:00:00 AM,RFC,MIDATL,PEP,PEPCO,3416.578,True
2/14/2025 12:00:00 PM,2/14/2025 7:00:00 AM,RFC,MIDATL,PEP,PEPCO,3561.780,True
2/14/2025 1:00:00 PM,2/14/2025 8:00:00 AM,RFC,MIDATL,PEP,PEPCO,3464.694,True
2/14/2025 2:00:00 PM,2/14/2025 9:00:00 AM,RFC,MIDATL,PEP,PEPCO,3268.080,True
2/14/2025 3:00:00 PM,2/14/2025 10:00:00 AM,RFC,MIDATL,PEP,PEPCO,3129.702,True
2/14/2025 4:00:00 PM,2/14/2025 11:00:00 AM,RFC,MIDATL,PEP,PEPCO,2989.358,True
2/14/2025 5:00:00 PM,2/14/2025 12:00:00 PM,RFC,MIDATL,PEP,PEPCO,2927.151,True
2/14/2025 6:00:00 PM,2/14/2025 1:00:00 PM,RFC,MIDATL,PEP,PEPCO,2850.279,True
2/14/2025 7:00:00 PM,2/14/2025 2:00:00 PM,RFC,MIDATL,PEP,PEPCO,2853.723,True
2/14/2025 8:00:00 PM,2/14/2025 3:00:00 PM,RFC,MIDATL,PEP,PEPCO,2899.595,True
2/14/2025 9:00:00 PM,2/14/2025 4:00:00 PM,RFC,MIDATL,PEP,PEPCO,3027.724,True
2/14/2025 10:00:00 PM,2/14/2025 5:00:00 PM,RFC,MIDATL,PEP,PEPCO,3212.205,True
2/14/2025 11:00:00 PM,2/14/2025 6:00:00 PM,RFC,MIDATL,PEP,PEPCO,3274.868,True
2/15/2025 12:00:00 AM,2/14/2025 7:00:00 PM,RFC,MIDATL,PEP,PEPCO,3253.231,True
2/15/2025 1:00:00 AM,2/14/2025 8:00:00 PM,RFC,MIDATL,PEP,PEPCO,3183.186,True
2/15/2025 2:00:00 AM,2/14/2025 9:00:00 PM,RFC,MIDATL,PEP,PEPCO,3147.142,True
2/15/2025 3:00:00 AM,2/14/2025 10:00:00 PM,RFC,MIDATL,PEP,PEPCO,2995.817,True
2/15/2025 4:00:00 AM,2/14/2025 11:00:00 PM,RFC,MIDATL,PEP,PEPCO,2900.397,True
2/15/2025 5:00:00 AM,2/15/2025 12:00:00 AM,RFC,MIDATL,PEP,PEPCO,2794.145,True
2/15/2025 6:00:00 AM,2/15/2025 1:00:00 AM,RFC,MIDATL,PEP,PEPCO,2713.709,True
2/15/2025 7:00:00 AM,2/15/2025 2:00:00 AM,RFC,MIDATL,PEP,PEPCO,2668.042,True
2/15/2025 8:00:00 AM,2/15/2025 3:00:00 AM,RFC,MIDATL,PEP,PEPCO,2626.221,True
2/15/2025 9:00:00 AM,2/15/2025 4:00:00 AM,RFC,MIDATL,PEP,PEPCO,2613.919,True
2/15/2025 10:00:00 AM,2/15/2025 5:00:00 AM,RFC,MIDATL,PEP,PEPCO,2686.462,True
2/15/2025 11:00:00 AM,2/15/2025 6:00:00 AM,RFC,MIDATL,PEP,PEPCO,2804.146,True
2/15/2025 12:00:00 PM,2/15/2025 7:00:00 AM,RFC,MIDATL,PEP,PEPCO,2880.815,True
2/15/2025 1:00:00 PM,2/15/2025 8:00:00 AM,RFC,MIDATL,PEP,PEPCO,2943.479,True
2/15/2025 2:00:00 PM,2/15/2025 9:00:00 AM,RFC,MIDATL,PEP,PEPCO,3007.371,True
2/15/2025 3:00:00 PM,2/15/2025 10:00:00 AM,RFC,MIDATL,PEP,PEPCO,3054.826,True
2/15/2025 4:00:00 PM,2/15/2025 11:00:00 AM,RFC,MIDATL,PEP,PEPCO,3070.928,True
2/15/2025 5:00:00 PM,2/15/2025 12:00:00 PM,RFC,MIDATL,PEP,PEPCO,3080.996,True
2/15/2025 6:00:00 PM,2/15/2025 1:00:00 PM,RFC,MIDATL,PEP,PEPCO,3034.407,True
2/15/2025 7:00:00 PM,2/15/2025 2:00:00 PM,RFC,MIDATL,PEP,PEPCO,3064.254,True
2/15/2025 8:00:00 PM,2/15/2025 3:00:00 PM,RFC,MIDATL,PEP,PEPCO,3086.923,True
2/15/2025 9:00:00 PM,2/15/2025 4:00:00 PM,RFC,MIDATL,PEP,PEPCO,3129.064,True
2/15/2025 10:00:00 PM,2/15/2025 5:00:00 PM,RFC,MIDATL,PEP,PEPCO,3193.431,True
2/15/2025 11:00:00 PM,2/15/2025 6:00:00 PM,RFC,MIDATL,PEP,PEPCO,3214.672,True
2/16/2025 12:00:00 AM,2/15/2025 7:00:00 PM,RFC,MIDATL,PEP,PEPCO,3149.592,True
2/16/2025 1:00:00 AM,2/15/2025 8:00:00 PM,RFC,MIDATL,PEP,PEPCO,3084.384,True
2/16/2025 2:00:00 AM,2/15/2025 9:00:00 PM,RFC,MIDATL,PEP,PEPCO,2967.671,True
2/16/2025 3:00:00 AM,2/15/2025 10:00:00 PM,RFC,MIDATL,PEP,PEPCO,2888.695,True
2/16/2025 4:00:00 AM,2/15/2025 11:00:00 PM,RFC,MIDATL,PEP,PEPCO,2742.434,True
2/16/2025 5:00:00 AM,2/16/2025 12:00:00 AM,RFC,MIDATL,PEP,PEPCO,2672.778,True
2/16/2025 6:00:00 AM,2/16/2025 1:00:00 AM,RFC,MIDATL,PEP,PEPCO,2556.333,True
2/16/2025 7:00:00 AM,2/16/2025 2:00:00 AM,RFC,MIDATL,PEP,PEPCO,2489.622,True
2/16/2025 8:00:00 AM,2/16/2025 3:00:00 AM,RFC,MIDATL,PEP,PEPCO,2455.882,True
2/16/2025 9:00:00 AM,2/16/2025 4:00:00 AM,RFC,MIDATL,PEP,PEPCO,2440.371,True
2/16/2025 10:00:00 AM,2/16/2025 5:00:00 AM,RFC,MIDATL,PEP,PEPCO,2459.217,True
2/16/2025 11:00:00 AM,2/16/2025 6:00:00 AM,RFC,MIDATL,PEP,PEPCO,2511.811,True
2/16/2025 12:00:00 PM,2/16/2025 7:00:00 AM,RFC,MIDATL,PEP,PEPCO,2563.364,True
2/16/2025 1:00:00 PM,2/16/2025 8:00:00 AM,RFC,MIDATL,PEP,PEPCO,2643.185,True
2/16/2025 2:00:00 PM,2/16/2025 9:00:00 AM,RFC,MIDATL,PEP,PEPCO,2727.081,True
2/16/2025 3:00:00 PM,2/16/2025 10:00:00 AM,RFC,MIDATL,PEP,PEPCO,2802.180,True
2/16/2025 4:00:00 PM,2/16/2025 11:00:00 AM,RFC,MIDATL,PEP,PEPCO,2782.384,True
2/16/2025 5:00:00 PM,2/16/2025 12:00:00 PM,RFC,MIDATL,PEP,PEPCO,2659.096,True
2/16/2025 6:00:00 PM,2/16/2025 1:00:00 PM,RFC,MIDATL,PEP,PEPCO,2534.912,True
2/16/2025 7:00:00 PM,2/16/2025 2:00:00 PM,RFC,MIDATL,PEP,PEPCO,2465.711,True
2/16/2025 8:00:00 PM,2/16/2025 3:00:00 PM,RFC,MIDATL,PEP,PEPCO,2471.413,True
2/16/2025 9:00:00 PM,2/16/2025 4:00:00 PM,RFC,MIDATL,PEP,PEPCO,2521.054,True
2/16/2025 10:00:00 PM,2/16/2025 5:00:00 PM,RFC,MIDATL,PEP,PEPCO,2686.861,True
2/16/2025 11:00:00 PM,2/16/2025 6:00:00 PM,RFC,MIDATL,PEP,PEPCO,2902.548,True
2/17/2025 12:00:00 AM,2/16/2025 7:00:00 PM,RFC,MIDATL,PEP,PEPCO,2933.148,True
2/17/2025 1:00:00 AM,2/16/2025 8:00:00 PM,RFC,MIDATL,PEP,PEPCO,2959.080,True
2/17/2025 2:00:00 AM,2/16/2025 9:00:00 PM,RFC,MIDATL,PEP,PEPCO,2964.747,True
2/17/2025 3:00:00 AM,2/16/2025 10:00:00 PM,RFC,MIDATL,PEP,PEPCO,2857.061,True
2/17/2025 4:00:00 AM,2/16/2025 11:00:00 PM,RFC,MIDATL,PEP,PEPCO,2795.122,True
2/17/2025 5:00:00 AM,2/17/2025 12:00:00 AM,RFC,MIDATL,PEP,PEPCO,2726.037,True
2/17/2025 6:00:00 AM,2/17/2025 1:00:00 AM,RFC,MIDATL,PEP,PEPCO,2644.777,True
2/17/2025 7:00:00 AM,2/17/2025 2:00:00 AM,RFC,MIDATL,PEP,PEPCO,2652.499,True
2/17/2025 8:00:00 AM,2/17/2025 3:00:00 AM,RFC,MIDATL,PEP,PEPCO,2667.767,True
2/17/2025 9:00:00 AM,2/17/2025 4:00:00 AM,RFC,MIDATL,PEP,PEPCO,2772.337,True
2/17/2025 10:00:00 AM,2/17/2025 5:00:00 AM,RFC,MIDATL,PEP,PEPCO,2996.069,True
2/17/2025 11:00:00 AM,2/17/2025 6:00:00 AM,RFC,MIDATL,PEP,PEPCO,3242.880,True
2/17/2025 12:00:00 PM,2/17/2025 7:00:00 AM,RFC,MIDATL,PEP,PEPCO,3308.911,True
2/17/2025 1:00:00 PM,2/17/2025 8:00:00 AM,RFC,MIDATL,PEP,PEPCO,3207.977,True
2/17/2025 2:00:00 PM,2/17/2025 9:00:00 AM,RFC,MIDATL,PEP,PEPCO,3120.749,True
2/17/2025 3:00:00 PM,2/17/2025 10:00:00 AM,RFC,MIDATL,PEP,PEPCO,3003.698,True
2/17/2025 4:00:00 PM,2/17/2025 11:00:00 AM,RFC,MIDATL,PEP,PEPCO,2909.417,True
2/17/2025 5:00:00 PM,2/17/2025 12:00:00 PM,RFC,MIDATL,PEP,PEPCO,2848.884,True
2/17/2025 6:00:00 PM,2/17/2025 1:00:00 PM,RFC,MIDATL,PEP,PEPCO,2808.703,True
2/17/2025 7:00:00 PM,2/17/2025 2:00:00 PM,RFC,MIDATL,PEP,PEPCO,2817.273,True
2/17/2025 8:00:00 PM,2/17/2025 3:00:00 PM,RFC,MIDATL,PEP,PEPCO,2893.146,True
2/17/2025 9:00:00 PM,2/17/2025 4:00:00 PM,RFC,MIDATL,PEP,PEPCO,3039.574,True
2/17/2025 10:00:00 PM,2/17/2025 5:00:00 PM,RFC,MIDATL,PEP,PEPCO,3247.421,True
2/17/2025 11:00:00 PM,2/17/2025 6:00:00 PM,RFC,MIDATL,PEP,PEPCO,3409.272,True
2/18/2025 12:00:00 AM,2/17/2025 7:00:00 PM,RFC,MIDATL,PEP,PEPCO,3420.610,True
2/18/2025 1:00:00 AM,2/17/2025 8:00:00 PM,RFC,MIDATL,PEP,PEPCO,3394.328,True
2/18/2025 2:00:00 AM,2/17/2025 9:00:00 PM,RFC,MIDATL,PEP,PEPCO,3318.058,True
2/18/2025 3:00:00 AM,2/17/2025 10:00:00 PM,RFC,MIDATL,PEP,PEPCO,3178.001,True
2/18/2025 4:00:00 AM,2/17/2025 11:00:00 PM,RFC,MIDATL,PEP,PEPCO,3057.220,True
2/18/2025 5:00:00 AM,2/18/2025 12:00:00 AM,RFC,MIDATL,PEP,PEPCO,2919.416,True
2/18/2025 6:00:00 AM,2/18/2025 1:00:00 AM,RFC,MIDATL,PEP,PEPCO,2894.643,True
2/18/2025 7:00:00 AM,2/18/2025 2:00:00 AM,RFC,MIDATL,PEP,PEPCO,2872.741,True
2/18/2025 8:00:00 AM,2/18/2025 3:00:00 AM,RFC,MIDATL,PEP,PEPCO,2928.206,True
2/18/2025 9:00:00 AM,2/18/2025 4:00:00 AM,RFC,MIDATL,PEP,PEPCO,3046.851,True
2/18/2025 10:00:00 AM,2/18/2025 5:00:00 AM,RFC,MIDATL,PEP,PEPCO,3327.524,True
2/18/2025 11:00:00 AM,2/18/2025 6:00:00 AM,RFC,MIDATL,PEP,PEPCO,3678.469,True
2/18/2025 12:00:00 PM,2/18/2025 7:00:00 AM,RFC,MIDATL,PEP,PEPCO,3886.330,True
2/18/2025 1:00:00 PM,2/18/2025 8:00:00 AM,RFC,MIDATL,PEP,PEPCO,3826.367,True
2/18/2025 2:00:00 PM,2/18/2025 9:00:00 AM,RFC,MIDATL,PEP,PEPCO,3761.350,True
2/18/2025 3:00:00 PM,2/18/2025 10:00:00 AM,RFC,MIDATL,PEP,PEPCO,3623.391,True
2/18/2025 4:00:00 PM,2/18/2025 11:00:00 AM,RFC,MIDATL,PEP,PEPCO,3472.439,True
2/18/2025 5:00:00 PM,2/18/2025 12:00:00 PM,RFC,MIDATL,PEP,PEPCO,3458.518,True
2/18/2025 6:00:00 PM,2/18/2025 1:00:00 PM,RFC,MIDATL,PEP,PEPCO,3353.022,True
2/18/2025 7:00:00 PM,2/18/2025 2:00:00 PM,RFC,MIDATL,PEP,PEPCO,3270.319,True
2/18/2025 8:00:00 PM,2/18/2025 3:00:00 PM,RFC,MIDATL,PEP,PEPCO,3272.301,True
2/18/2025 9:00:00 PM,2/18/2025 4:00:00 PM,RFC,MIDATL,PEP,PEPCO,3381.588,True
2/18/2025 10:00:00 PM,2/18/2025 5:00:00 PM,RFC,MIDATL,PEP,PEPCO,3589.506,True
2/18/2025 11:00:00 PM,2/18/2025 6:00:00 PM,RFC,MIDATL,PEP,PEPCO,3720.162,True
2/19/2025 12:00:00 AM,2/18/2025 7:00:00 PM,RFC,MIDATL,PEP,PEPCO,3747.170,True
2/19/2025 1:00:00 AM,2/18/2025 8:00:00 PM,RFC,MIDATL,PEP,PEPCO,3712.506,True
2/19/2025 2:00:00 AM,2/18/2025 9:00:00 PM,RFC,MIDATL,PEP,PEPCO,3658.023,True
2/19/2025 3:00:00 AM,2/18/2025 10:00:00 PM,RFC,MIDATL,PEP,PEPCO,3550.115,True
2/19/2025 4:00:00 AM,2/18/2025 11:00:00 PM,RFC,MIDATL,PEP,PEPCO,3424.241,True
2/19/2025 5:00:00 AM,2/19/2025 12:00:00 AM,RFC,MIDATL,PEP,PEPCO,3336.063,True
2/19/2025 6:00:00 AM,2/19/2025 1:00:00 AM,RFC,MIDATL,PEP,PEPCO,3302.765,True
2/19/2025 7:00:00 AM,2/19/2025 2:00:00 AM,RFC,MIDATL,PEP,PEPCO,3312.432,True
2/19/2025 8:00:00 AM,2/19/2025 3:00:00 AM,RFC,MIDATL,PEP,PEPCO,3311.186,True
2/19/2025 9:00:00 AM,2/19/2025 4:00:00 AM,RFC,MIDATL,PEP,PEPCO,3410.633,True
2/19/2025 10:00:00 AM,2/19/2025 5:00:00 AM,RFC,MIDATL,PEP,PEPCO,3681.574,True
2/19/2025 11:00:00 AM,2/19/2025 6:00:00 AM,RFC,MIDATL,PEP,PEPCO,3976.504,True
2/19/2025 12:00:00 PM,2/19/2025 7:00:00 AM,RFC,MIDATL,PEP,PEPCO,4198.650,True
2/19/2025 1:00:00 PM,2/19/2025 8:00:00 AM,RFC,MIDATL,PEP,PEPCO,4246.743,True
2/19/2025 2:00:00 PM,2/19/2025 9:00:00 AM,RFC,MIDATL,PEP,PEPCO,4172.695,True
2/19/2025 3:00:00 PM,2/19/2025 10:00:00 AM,RFC,MIDATL,PEP,PEPCO,4080.809,True
2/19/2025 4:00:00 PM,2/19/2025 11:00:00 AM,RFC,MIDATL,PEP,PEPCO,4039.243,True
2/19/2025 5:00:00 PM,2/19/2025 12:00:00 PM,RFC,MIDATL,PEP,PEPCO,4011.509,True
2/19/2025 6:00:00 PM,2/19/2025 1:00:00 PM,RFC,MIDATL,PEP,PEPCO,4038.701,True
2/19/2025 7:00:00 PM,2/19/2025 2:00:00 PM,RFC,MIDATL,PEP,PEPCO,3938.840,True
2/19/2025 8:00:00 PM,2/19/2025 3:00:00 PM,RFC,MIDATL,PEP,PEPCO,3927.036,True
2/19/2025 9:00:00 PM,2/19/2025 4:00:00 PM,RFC,MIDATL,PEP,PEPCO,4003.583,True
2/19/2025 10:00:00 PM,2/19/2025 5:00:00 PM,RFC,MIDATL,PEP,PEPCO,4032.389,True
2/19/2025 11:00:00 PM,2/19/2025 6:00:00 PM,RFC,MIDATL,PEP,PEPCO,4054.916,True
2/20/2025 12:00:00 AM,2/19/2025 7:00:00 PM,RFC,MIDATL,PEP,PEPCO,4017.322,True
2/20/2025 1:00:00 AM,2/19/2025 8:00:00 PM,RFC,MIDATL,PEP,PEPCO,3913.224,True
2/20/2025 2:00:00 AM,2/19/2025 9:00:00 PM,RFC,MIDATL,PEP,PEPCO,3831.243,True
2/20/2025 3:00:00 AM,2/19/2025 10:00:00 PM,RFC,MIDATL,PEP,PEPCO,3652.275,True
2/20/2025 4:00:00 AM,2/19/2025 11:00:00 PM,RFC,MIDATL,PEP,PEPCO,3498.755,True
2/20/2025 5:00:00 AM,2/20/2025 12:00:00 AM,RFC,MIDATL,PEP,PEPCO,3360.300,True
2/20/2025 6:00:00 AM,2/20/2025 1:00:00 AM,RFC,MIDATL,PEP,PEPCO,3300.625,True
2/20/2025 7:00:00 AM,2/20/2025 2:00:00 AM,RFC,MIDATL,PEP,PEPCO,3233.089,True
2/20/2025 8:00:00 AM,2/20/2025 3:00:00 AM,RFC,MIDATL,PEP,PEPCO,3215.642,True
2/20/2025 9:00:00 AM,2/20/2025 4:00:00 AM,RFC,MIDATL,PEP,PEPCO,3310.458,True
2/20/2025 10:00:00 AM,2/20/2025 5:00:00 AM,RFC,MIDATL,PEP,PEPCO,3585.141,True
2/20/2025 11:00:00 AM,2/20/2025 6:00:00 AM,RFC,MIDATL,PEP,PEPCO,3870.754,True
2/20/2025 12:00:00 PM,2/20/2025 7:00:00 AM,RFC,MIDATL,PEP,PEPCO,4110.297,True
2/20/2025 1:00:00 PM,2/20/2025 8:00:00 AM,RFC,MIDATL,PEP,PEPCO,4060.053,True
2/20/2025 2:00:00 PM,2/20/2025 9:00:00 AM,RFC,MIDATL,PEP,PEPCO,3925.627,True
2/20/2025 3:00:00 PM,2/20/2025 10:00:00 AM,RFC,MIDATL,PEP,PEPCO,3872.292,True
2/20/2025 4:00:00 PM,2/20/2025 11:00:00 AM,RFC,MIDATL,PEP,PEPCO,3680.358,True
2/20/2025 5:00:00 PM,2/20/2025 12:00:00 PM,RFC,MIDATL,PEP,PEPCO,3563.761,True
2/20/2025 6:00:00 PM,2/20/2025 1:00:00 PM,RFC,MIDATL,PEP,PEPCO,3658.487,True
2/20/2025 7:00:00 PM,2/20/2025 2:00:00 PM,RFC,MIDATL,PEP,PEPCO,3660.152,True
2/20/2025 8:00:00 PM,2/20/2025 3:00:00 PM,RFC,MIDATL,PEP,PEPCO,3677.657,True
2/20/2025 9:00:00 PM,2/20/2025 4:00:00 PM,RFC,MIDATL,PEP,PEPCO,3827.271,True
2/20/2025 10:00:00 PM,2/20/2025 5:00:00 PM,RFC,MIDATL,PEP,PEPCO,4033.296,True
2/20/2025 11:00:00 PM,2/20/2025 6:00:00 PM,RFC,MIDATL,PEP,PEPCO,4109.792,True
2/21/2025 12:00:00 AM,2/20/2025 7:00:00 PM,RFC,MIDATL,PEP,PEPCO,4062.832,True
2/21/2025 1:00:00 AM,2/20/2025 8:00:00 PM,RFC,MIDATL,PEP,PEPCO,3959.800,True
2/21/2025 2:00:00 AM,2/20/2025 9:00:00 PM,RFC,MIDATL,PEP,PEPCO,3890.896,True
2/21/2025 3:00:00 AM,2/20/2025 10:00:00 PM,RFC,MIDATL,PEP,PEPCO,3720.194,True
2/21/2025 4:00:00 AM,2/20/2025 11:00:00 PM,RFC,MIDATL,PEP,PEPCO,3546.186,True
2/21/2025 5:00:00 AM,2/21/2025 12:00:00 AM,RFC,MIDATL,PEP,PEPCO,3408.518,True
2/21/2025 6:00:00 AM,2/21/2025 1:00:00 AM,RFC,MIDATL,PEP,PEPCO,3324.096,True
2/21/2025 7:00:00 AM,2/21/2025 2:00:00 AM,RFC,MIDATL,PEP,PEPCO,3328.857,True
2/21/2025 8:00:00 AM,2/21/2025 3:00:00 AM,RFC,MIDATL,PEP,PEPCO,3324.836,True
2/21/2025 9:00:00 AM,2/21/2025 4:00:00 AM,RFC,MIDATL,PEP,PEPCO,3420.101,True
2/21/2025 10:00:00 AM,2/21/2025 5:00:00 AM,RFC,MIDATL,PEP,PEPCO,3608.416,True
2/21/2025 11:00:00 AM,2/21/2025 6:00:00 AM,RFC,MIDATL,PEP,PEPCO,3897.014,True
2/21/2025 12:00:00 PM,2/21/2025 7:00:00 AM,RFC,MIDATL,PEP,PEPCO,4015.783,True
2/21/2025 1:00:00 PM,2/21/2025 8:00:00 AM,RFC,MIDATL,PEP,PEPCO,3854.081,True
2/21/2025 2:00:00 PM,2/21/2025 9:00:00 AM,RFC,MIDATL,PEP,PEPCO,3629.701,True
2/21/2025 3:00:00 PM,2/21/2025 10:00:00 AM,RFC,MIDATL,PEP,PEPCO,3440.349,True
2/21/2025 4:00:00 PM,2/21/2025 11:00:00 AM,RFC,MIDATL,PEP,PEPCO,3252.163,True
2/21/2025 5:00:00 PM,2/21/2025 12:00:00 PM,RFC,MIDATL,PEP,PEPCO,3197.795,True
2/21/2025 6:00:00 PM,2/21/2025 1:00:00 PM,RFC,MIDATL,PEP,PEPCO,3124.803,True
2/21/2025 7:00:00 PM,2/21/2025 2:00:00 PM,RFC,MIDATL,PEP,PEPCO,3073.195,True
2/21/2025 8:00:00 PM,2/21/2025 3:00:00 PM,RFC,MIDATL,PEP,PEPCO,3165.368,True
2/21/2025 9:00:00 PM,2/21/2025 4:00:00 PM,RFC,MIDATL,PEP,PEPCO,3310.535,True
2/21/2025 10:00:00 PM,2/21/2025 5:00:00 PM,RFC,MIDATL,PEP,PEPCO,3508.454,True
2/21/2025 11:00:00 PM,2/21/2025 6:00:00 PM,RFC,MIDATL,PEP,PEPCO,3632.959,True
2/22/2025 12:00:00 AM,2/21/2025 7:00:00 PM,RFC,MIDATL,PEP,PEPCO,3588.600,True
2/22/2025 1:00:00 AM,2/21/2025 8:00:00 PM,RFC,MIDATL,PEP,PEPCO,3518.537,True
2/22/2025 2:00:00 AM,2/21/2025 9:00:00 PM,RFC,MIDATL,PEP,PEPCO,3472.593,True
2/22/2025 3:00:00 AM,2/21/2025 10:00:00 PM,RFC,MIDATL,PEP,PEPCO,3331.322,True
2/22/2025 4:00:00 AM,2/21/2025 11:00:00 PM,RFC,MIDATL,PEP,PEPCO,3259.931,True
2/22/2025 5:00:00 AM,2/22/2025 12:00:00 AM,RFC,MIDATL,PEP,PEPCO,3110.457,True
2/22/2025 6:00:00 AM,2/22/2025 1:00:00 AM,RFC,MIDATL,PEP,PEPCO,3103.600,True
2/22/2025 7:00:00 AM,2/22/2025 2:00:00 AM,RFC,MIDATL,PEP,PEPCO,3030.546,True
2/22/2025 8:00:00 AM,2/22/2025 3:00:00 AM,RFC,MIDATL,PEP,PEPCO,3074.654,True
2/22/2025 9:00:00 AM,2/22/2025 4:00:00 AM,RFC,MIDATL,PEP,PEPCO,3088.804,True
2/22/2025 10:00:00 AM,2/22/2025 5:00:00 AM,RFC,MIDATL,PEP,PEPCO,3208.298,True
2/22/2025 11:00:00 AM,2/22/2025 6:00:00 AM,RFC,MIDATL,PEP,PEPCO,3336.700,True
2/22/2025 12:00:00 PM,2/22/2025 7:00:00 AM,RFC,MIDATL,PEP,PEPCO,3393.034,True
2/22/2025 1:00:00 PM,2/22/2025 8:00:00 AM,RFC,MIDATL,PEP,PEPCO,3268.756,True
2/22/2025 2:00:00 PM,2/22/2025 9:00:00 AM,RFC,MIDATL,PEP,PEPCO,3066.256,True
2/22/2025 3:00:00 PM,2/22/2025 10:00:00 AM,RFC,MIDATL,PEP,PEPCO,2887.524,True
2/22/2025 4:00:00 PM,2/22/2025 11:00:00 AM,RFC,MIDATL,PEP,PEPCO,2761.681,True
2/22/2025 5:00:00 PM,2/22/2025 12:00:00 PM,RFC,MIDATL,PEP,PEPCO,2681.766,True
2/22/2025 6:00:00 PM,2/22/2025 1:00:00 PM,RFC,MIDATL,PEP,PEPCO,2681.991,True
2/22/2025 7:00:00 PM,2/22/2025 2:00:00 PM,RFC,MIDATL,PEP,PEPCO,2701.184,True
2/22/2025 8:00:00 PM,2/22/2025 3:00:00 PM,RFC,MIDATL,PEP,PEPCO,2840.183,True
2/22/2025 9:00:00 PM,2/22/2025 4:00:00 PM,RFC,MIDATL,PEP,PEPCO,2943.728,True
2/22/2025 10:00:00 PM,2/22/2025 5:00:00 PM,RFC,MIDATL,PEP,PEPCO,3058.591,True
2/22/2025 11:00:00 PM,2/22/2025 6:00:00 PM,RFC,MIDATL,PEP,PEPCO,3151.925,True
2/23/2025 12:00:00 AM,2/22/2025 7:00:00 PM,RFC,MIDATL,PEP,PEPCO,3162.360,True
2/23/2025 1:00:00 AM,2/22/2025 8:00:00 PM,RFC,MIDATL,PEP,PEPCO,3155.535,True
2/23/2025 2:00:00 AM,2/22/2025 9:00:00 PM,RFC,MIDATL,PEP,PEPCO,3109.027,True
2/23/2025 3:00:00 AM,2/22/2025 10:00:00 PM,RFC,MIDATL,PEP,PEPCO,3046.032,True
2/23/2025 4:00:00 AM,2/22/2025 11:00:00 PM,RFC,MIDATL,PEP,PEPCO,2959.368,True
2/23/2025 5:00:00 AM,2/23/2025 12:00:00 AM,RFC,MIDATL,PEP,PEPCO,2864.333,True
2/23/2025 6:00:00 AM,2/23/2025 1:00:00 AM,RFC,MIDATL,PEP,PEPCO,2802.405,True
2/23/2025 7:00:00 AM,2/23/2025 2:00:00 AM,RFC,MIDATL,PEP,PEPCO,2761.068,True
2/23/2025 8:00:00 AM,2/23/2025 3:00:00 AM,RFC,MIDATL,PEP,PEPCO,2783.665,True
2/23/2025 9:00:00 AM,2/23/2025 4:00:00 AM,RFC,MIDATL,PEP,PEPCO,2797.430,True
2/23/2025 10:00:00 AM,2/23/2025 5:00:00 AM,RFC,MIDATL,PEP,PEPCO,2858.136,True
2/23/2025 11:00:00 AM,2/23/2025 6:00:00 AM,RFC,MIDATL,PEP,PEPCO,2930.713,True
2/23/2025 12:00:00 PM,2/23/2025 7:00:00 AM,RFC,MIDATL,PEP,PEPCO,2925.946,True
2/23/2025 1:00:00 PM,2/23/2025 8:00:00 AM,RFC,MIDATL,PEP,PEPCO,2824.055,True
2/23/2025 2:00:00 PM,2/23/2025 9:00:00 AM,RFC,MIDATL,PEP,PEPCO,2693.037,True
2/23/2025 3:00:00 PM,2/23/2025 10:00:00 AM,RFC,MIDATL,PEP,PEPCO,2580.521,True
2/23/2025 4:00:00 PM,2/23/2025 11:00:00 AM,RFC,MIDATL,PEP,PEPCO,2486.413,True
2/23/2025 5:00:00 PM,2/23/2025 12:00:00 PM,RFC,MIDATL,PEP,PEPCO,2446.031,True
2/23/2025 6:00:00 PM,2/23/2025 1:00:00 PM,RFC,MIDATL,PEP,PEPCO,2366.674,True
2/23/2025 7:00:00 PM,2/23/2025 2:00:00 PM,RFC,MIDATL,PEP,PEPCO,2409.980,True
2/23/2025 8:00:00 PM,2/23/2025 3:00:00 PM,RFC,MIDATL,PEP,PEPCO,2471.484,True
2/23/2025 9:00:00 PM,2/23/2025 4:00:00 PM,RFC,MIDATL,PEP,PEPCO,2581.012,True
2/23/2025 10:00:00 PM,2/23/2025 5:00:00 PM,RFC,MIDATL,PEP,PEPCO,2774.794,True
2/23/2025 11:00:00 PM,2/23/2025 6:00:00 PM,RFC,MIDATL,PEP,PEPCO,2970.126,True
2/24/2025 12:00:00 AM,2/23/2025 7:00:00 PM,RFC,MIDATL,PEP,PEPCO,3033.756,True
2/24/2025 1:00:00 AM,2/23/2025 8:00:00 PM,RFC,MIDATL,PEP,PEPCO,3003.742,True
2/24/2025 2:00:00 AM,2/23/2025 9:00:00 PM,RFC,MIDATL,PEP,PEPCO,2966.907,True
2/24/2025 3:00:00 AM,2/23/2025 10:00:00 PM,RFC,MIDATL,PEP,PEPCO,2839.506,True
2/24/2025 4:00:00 AM,2/23/2025 11:00:00 PM,RFC,MIDATL,PEP,PEPCO,2702.575,True
2/24/2025 5:00:00 AM,2/24/2025 12:00:00 AM,RFC,MIDATL,PEP,PEPCO,2603.060,True
2/24/2025 6:00:00 AM,2/24/2025 1:00:00 AM,RFC,MIDATL,PEP,PEPCO,2530.987,True
2/24/2025 7:00:00 AM,2/24/2025 2:00:00 AM,RFC,MIDATL,PEP,PEPCO,2513.751,True
2/24/2025 8:00:00 AM,2/24/2025 3:00:00 AM,RFC,MIDATL,PEP,PEPCO,2535.733,True
2/24/2025 9:00:00 AM,2/24/2025 4:00:00 AM,RFC,MIDATL,PEP,PEPCO,2650.501,True
2/24/2025 10:00:00 AM,2/24/2025 5:00:00 AM,RFC,MIDATL,PEP,PEPCO,2895.749,True
2/24/2025 11:00:00 AM,2/24/2025 6:00:00 AM,RFC,MIDATL,PEP,PEPCO,3235.483,True
2/24/2025 12:00:00 PM,2/24/2025 7:00:00 AM,RFC,MIDATL,PEP,PEPCO,3425.007,True
2/24/2025 1:00:00 PM,2/24/2025 8:00:00 AM,RFC,MIDATL,PEP,PEPCO,3176.734,True
2/24/2025 2:00:00 PM,2/24/2025 9:00:00 AM,RFC,MIDATL,PEP,PEPCO,2937.437,True
2/24/2025 3:00:00 PM,2/24/2025 10:00:00 AM,RFC,MIDATL,PEP,PEPCO,2752.710,True
2/24/2025 4:00:00 PM,2/24/2025 11:00:00 AM,RFC,MIDATL,PEP,PEPCO,2636.008,True
2/24/2025 5:00:00 PM,2/24/2025 12:00:00 PM,RFC,MIDATL,PEP,PEPCO,2570.652,True
2/24/2025 6:00:00 PM,2/24/2025 1:00:00 PM,RFC,MIDATL,PEP,PEPCO,2520.953,True
2/24/2025 7:00:00 PM,2/24/2025 2:00:00 PM,RFC,MIDATL,PEP,PEPCO,2498.776,True
2/24/2025 8:00:00 PM,2/24/2025 3:00:00 PM,RFC,MIDATL,PEP,PEPCO,2605.534,True
2/24/2025 9:00:00 PM,2/24/2025 4:00:00 PM,RFC,MIDATL,PEP,PEPCO,2726.540,True
2/24/2025 10:00:00 PM,2/24/2025 5:00:00 PM,RFC,MIDATL,PEP,PEPCO,2847.785,True
2/24/2025 11:00:00 PM,2/24/2025 6:00:00 PM,RFC,MIDATL,PEP,PEPCO,2914.892,True
2/25/2025 12:00:00 AM,2/24/2025 7:00:00 PM,RFC,MIDATL,PEP,PEPCO,2878.399,True
2/25/2025 1:00:00 AM,2/24/2025 8:00:00 PM,RFC,MIDATL,PEP,PEPCO,2834.795,True
2/25/2025 2:00:00 AM,2/24/2025 9:00:00 PM,RFC,MIDATL,PEP,PEPCO,2721.673,True
2/25/2025 3:00:00 AM,2/24/2025 10:00:00 PM,RFC,MIDATL,PEP,PEPCO,2576.072,True
2/25/2025 4:00:00 AM,2/24/2025 11:00:00 PM,RFC,MIDATL,PEP,PEPCO,2436.419,True
2/25/2025 5:00:00 AM,2/25/2025 12:00:00 AM,RFC,MIDATL,PEP,PEPCO,2308.435,True
2/25/2025 6:00:00 AM,2/25/2025 1:00:00 AM,RFC,MIDATL,PEP,PEPCO,2256.553,True
2/25/2025 7:00:00 AM,2/25/2025 2:00:00 AM,RFC,MIDATL,PEP,PEPCO,2223.938,True
2/25/2025 8:00:00 AM,2/25/2025 3:00:00 AM,RFC,MIDATL,PEP,PEPCO,2264.163,True
2/25/2025 9:00:00 AM,2/25/2025 4:00:00 AM,RFC,MIDATL,PEP,PEPCO,2350.532,True
2/25/2025 10:00:00 AM,2/25/2025 5:00:00 AM,RFC,MIDATL,PEP,PEPCO,2589.811,True
2/25/2025 11:00:00 AM,2/25/2025 6:00:00 AM,RFC,MIDATL,PEP,PEPCO,2950.364,True
2/25/2025 12:00:00 PM,2/25/2025 7:00:00 AM,RFC,MIDATL,PEP,PEPCO,3064.570,True
2/25/2025 1:00:00 PM,2/25/2025 8:00:00 AM,RFC,MIDATL,PEP,PEPCO,2862.039,True
2/25/2025 2:00:00 PM,2/25/2025 9:00:00 AM,RFC,MIDATL,PEP,PEPCO,2673.242,True
2/25/2025 3:00:00 PM,2/25/2025 10:00:00 AM,RFC,MIDATL,PEP,PEPCO,2657.358,True
2/25/2025 4:00:00 PM,2/25/2025 11:00:00 AM,RFC,MIDATL,PEP,PEPCO,2672.448,True
2/25/2025 5:00:00 PM,2/25/2025 12:00:00 PM,RFC,MIDATL,PEP,PEPCO,2635.594,True
2/25/2025 6:00:00 PM,2/25/2025 1:00:00 PM,RFC,MIDATL,PEP,PEPCO,2611.950,True
2/25/2025 7:00:00 PM,2/25/2025 2:00:00 PM,RFC,MIDATL,PEP,PEPCO,2480.758,True
2/25/2025 8:00:00 PM,2/25/2025 3:00:00 PM,RFC,MIDATL,PEP,PEPCO,2450.459,True
2/25/2025 9:00:00 PM,2/25/2025 4:00:00 PM,RFC,MIDATL,PEP,PEPCO,2585.080,True
2/25/2025 10:00:00 PM,2/25/2025 5:00:00 PM,RFC,MIDATL,PEP,PEPCO,2685.778,True
2/25/2025 11:00:00 PM,2/25/2025 6:00:00 PM,RFC,MIDATL,PEP,PEPCO,2742.982,True
2/26/2025 12:00:00 AM,2/25/2025 7:00:00 PM,RFC,MIDATL,PEP,PEPCO,2747.207,True
2/26/2025 1:00:00 AM,2/25/2025 8:00:00 PM,RFC,MIDATL,PEP,PEPCO,2711.118,True
2/26/2025 2:00:00 AM,2/25/2025 9:00:00 PM,RFC,MIDATL,PEP,PEPCO,2647.423,True
2/26/2025 3:00:00 AM,2/25/2025 10:00:00 PM,RFC,MIDATL,PEP,PEPCO,2490.112,True
2/26/2025 4:00:00 AM,2/25/2025 11:00:00 PM,RFC,MIDATL,PEP,PEPCO,2358.818,True
2/26/2025 5:00:00 AM,2/26/2025 12:00:00 AM,RFC,MIDATL,PEP,PEPCO,2236.075,True
2/26/2025 6:00:00 AM,2/26/2025 1:00:00 AM,RFC,MIDATL,PEP,PEPCO,2186.066,True
2/26/2025 7:00:00 AM,2/26/2025 2:00:00 AM,RFC,MIDATL,PEP,PEPCO,2170.239,True
2/26/2025 8:00:00 AM,2/26/2025 3:00:00 AM,RFC,MIDATL,PEP,PEPCO,2184.127,True
2/26/2025 9:00:00 AM,2/26/2025 4:00:00 AM,RFC,MIDATL,PEP,PEPCO,2310.392,True
2/26/2025 10:00:00 AM,2/26/2025 5:00:00 AM,RFC,MIDATL,PEP,PEPCO,2529.850,True
2/26/2025 11:00:00 AM,2/26/2025 6:00:00 AM,RFC,MIDATL,PEP,PEPCO,2847.816,True
2/26/2025 12:00:00 PM,2/26/2025 7:00:00 AM,RFC,MIDATL,PEP,PEPCO,2990.520,True
2/26/2025 1:00:00 PM,2/26/2025 8:00:00 AM,RFC,MIDATL,PEP,PEPCO,2806.173,True
2/26/2025 2:00:00 PM,2/26/2025 9:00:00 AM,RFC,MIDATL,PEP,PEPCO,2598.614,True
2/26/2025 3:00:00 PM,2/26/2025 10:00:00 AM,RFC,MIDATL,PEP,PEPCO,2473.748,True
2/26/2025 4:00:00 PM,2/26/2025 11:00:00 AM,RFC,MIDATL,PEP,PEPCO,2396.378,True
2/26/2025 5:00:00 PM,2/26/2025 12:00:00 PM,RFC,MIDATL,PEP,PEPCO,2373.948,True
2/26/2025 6:00:00 PM,2/26/2025 1:00:00 PM,RFC,MIDATL,PEP,PEPCO,2335.444,True
2/26/2025 7:00:00 PM,2/26/2025 2:00:00 PM,RFC,MIDATL,PEP,PEPCO,2381.976,True
2/26/2025 8:00:00 PM,2/26/2025 3:00:00 PM,RFC,MIDATL,PEP,PEPCO,2455.901,True
2/26/2025 9:00:00 PM,2/26/2025 4:00:00 PM,RFC,MIDATL,PEP,PEPCO,2534.554,True
2/26/2025 10:00:00 PM,2/26/2025 5:00:00 PM,RFC,MIDATL,PEP,PEPCO,2627.098,True
2/26/2025 11:00:00 PM,2/26/2025 6:00:00 PM,RFC,MIDATL,PEP,PEPCO,2705.040,True
2/27/2025 12:00:00 AM,2/26/2025 7:00:00 PM,RFC,MIDATL,PEP,PEPCO,2654.804,True
2/27/2025 1:00:00 AM,2/26/2025 8:00:00 PM,RFC,MIDATL,PEP,PEPCO,2630.858,True
2/27/2025 2:00:00 AM,2/26/2025 9:00:00 PM,RFC,MIDATL,PEP,PEPCO,2513.241,True
2/27/2025 3:00:00 AM,2/26/2025 10:00:00 PM,RFC,MIDATL,PEP,PEPCO,2402.215,True
2/27/2025 4:00:00 AM,2/26/2025 11:00:00 PM,RFC,MIDATL,PEP,PEPCO,2266.567,True
2/27/2025 5:00:00 AM,2/27/2025 12:00:00 AM,RFC,MIDATL,PEP,PEPCO,2137.965,True
2/27/2025 6:00:00 AM,2/27/2025 1:00:00 AM,RFC,MIDATL,PEP,PEPCO,2056.823,True
2/27/2025 7:00:00 AM,2/27/2025 2:00:00 AM,RFC,MIDATL,PEP,PEPCO,2045.940,True
2/27/2025 8:00:00 AM,2/27/2025 3:00:00 AM,RFC,MIDATL,PEP,PEPCO,2043.362,True
2/27/2025 9:00:00 AM,2/27/2025 4:00:00 AM,RFC,MIDATL,PEP,PEPCO,2102.070,True
2/27/2025 10:00:00 AM,2/27/2025 5:00:00 AM,RFC,MIDATL,PEP,PEPCO,2301.144,True
2/27/2025 11:00:00 AM,2/27/2025 6:00:00 AM,RFC,MIDATL,PEP,PEPCO,2569.642,True
2/27/2025 12:00:00 PM,2/27/2025 7:00:00 AM,RFC,MIDATL,PEP,PEPCO,2719.310,True
2/27/2025 1:00:00 PM,2/27/2025 8:00:00 AM,RFC,MIDATL,PEP,PEPCO,2801.061,True
2/27/2025 2:00:00 PM,2/27/2025 9:00:00 AM,RFC,MIDATL,PEP,PEPCO,2807.352,True
2/27/2025 3:00:00 PM,2/27/2025 10:00:00 AM,RFC,MIDATL,PEP,PEPCO,2738.350,True
2/27/2025 4:00:00 PM,2/27/2025 11:00:00 AM,RFC,MIDATL,PEP,PEPCO,2701.121,True
2/27/2025 5:00:00 PM,2/27/2025 12:00:00 PM,RFC,MIDATL,PEP,PEPCO,2670.252,True
2/27/2025 6:00:00 PM,2/27/2025 1:00:00 PM,RFC,MIDATL,PEP,PEPCO,2615.614,True
2/27/2025 7:00:00 PM,2/27/2025 2:00:00 PM,RFC,MIDATL,PEP,PEPCO,2643.428,True
2/27/2025 8:00:00 PM,2/27/2025 3:00:00 PM,RFC,MIDATL,PEP,PEPCO,2603.115,True
2/27/2025 9:00:00 PM,2/27/2025 4:00:00 PM,RFC,MIDATL,PEP,PEPCO,2649.395,True
2/27/2025 10:00:00 PM,2/27/2025 5:00:00 PM,RFC,MIDATL,PEP,PEPCO,2681.160,True
2/27/2025 11:00:00 PM,2/27/2025 6:00:00 PM,RFC,MIDATL,PEP,PEPCO,2751.935,True
2/28/2025 12:00:00 AM,2/27/2025 7:00:00 PM,RFC,MIDATL,PEP,PEPCO,2712.286,True
2/28/2025 1:00:00 AM,2/27/2025 8:00:00 PM,RFC,MIDATL,PEP,PEPCO,2663.200,True
2/28/2025 2:00:00 AM,2/27/2025 9:00:00 PM,RFC,MIDATL,PEP,PEPCO,2600.799,True
2/28/2025 3:00:00 AM,2/27/2025 10:00:00 PM,RFC,MIDATL,PEP,PEPCO,2467.568,True
2/28/2025 4:00:00 AM,2/27/2025 11:00:00 PM,RFC,MIDATL,PEP,PEPCO,2333.022,True
2/28/2025 5:00:00 AM,2/28/2025 12:00:00 AM,RFC,MIDATL,PEP,PEPCO,2234.108,True
2/28/2025 6:00:00 AM,2/28/2025 1:00:00 AM,RFC,MIDATL,PEP,PEPCO,2144.206,True
2/28/2025 7:00:00 AM,2/28/2025 2:00:00 AM,RFC,MIDATL,PEP,PEPCO,2131.259,True
2/28/2025 8:00:00 AM,2/28/2025 3:00:00 AM,RFC,MIDATL,PEP,PEPCO,2146.969,True
2/28/2025 9:00:00 AM,2/28/2025 4:00:00 AM,RFC,MIDATL,PEP,PEPCO,2201.544,True
2/28/2025 10:00:00 AM,2/28/2025 5:00:00 AM,RFC,MIDATL,PEP,PEPCO,2426.336,True
2/28/2025 11:00:00 AM,2/28/2025 6:00:00 AM,RFC,MIDATL,PEP,PEPCO,2727.349,True
2/28/2025 12:00:00 PM,2/28/2025 7:00:00 AM,RFC,MIDATL,PEP,PEPCO,2828.093,True
2/28/2025 1:00:00 PM,2/28/2025 8:00:00 AM,RFC,MIDATL,PEP,PEPCO,2790.230,True
2/28/2025 2:00:00 PM,2/28/2025 9:00:00 AM,RFC,MIDATL,PEP,PEPCO,2726.992,True
2/28/2025 3:00:00 PM,2/28/2025 10:00:00 AM,RFC,MIDATL,PEP,PEPCO,2646.493,True
2/28/2025 4:00:00 PM,2/28/2025 11:00:00 AM,RFC,MIDATL,PEP,PEPCO,2470.337,True
2/28/2025 5:00:00 PM,2/28/2025 12:00:00 PM,RFC,MIDATL,PEP,PEPCO,2416.405,True
2/28/2025 6:00:00 PM,2/28/2025 1:00:00 PM,RFC,MIDATL,PEP,PEPCO,2354.504,True
2/28/2025 7:00:00 PM,2/28/2025 2:00:00 PM,RFC,MIDATL,PEP,PEPCO,2362.203,True
2/28/2025 8:00:00 PM,2/28/2025 3:00:00 PM,RFC,MIDATL,PEP,PEPCO,2424.702,True
2/28/2025 9:00:00 PM,2/28/2025 4:00:00 PM,RFC,MIDATL,PEP,PEPCO,2541.944,True
2/28/2025 10:00:00 PM,2/28/2025 5:00:00 PM,RFC,MIDATL,PEP,PEPCO,2674.310,True
2/28/2025 11:00:00 PM,2/28/2025 6:00:00 PM,RFC,MIDATL,PEP,PEPCO,2746.946,True
3/1/2025 12:00:00 AM,2/28/2025 7:00:00 PM,RFC,MIDATL,PEP,PEPCO,2735.336,True
3/1/2025 1:00:00 AM,2/28/2025 8:00:00 PM,RFC,MIDATL,PEP,PEPCO,2673.996,True
3/1/2025 2:00:00 AM,2/28/2025 9:00:00 PM,RFC,MIDATL,PEP,PEPCO,2610.918,True
3/1/2025 3:00:00 AM,2/28/2025 10:00:00 PM,RFC,MIDATL,PEP,PEPCO,2485.242,True
3/1/2025 4:00:00 AM,2/28/2025 11:00:00 PM,RFC,MIDATL,PEP,PEPCO,2400.398,True
3/1/2025 5:00:00 AM,3/1/2025 12:00:00 AM,RFC,MIDATL,PEP,PEPCO,2320.818,True
3/1/2025 6:00:00 AM,3/1/2025 1:00:00 AM,RFC,MIDATL,PEP,PEPCO,2185.764,True
3/1/2025 7:00:00 AM,3/1/2025 2:00:00 AM,RFC,MIDATL,PEP,PEPCO,2180.816,True
3/1/2025 8:00:00 AM,3/1/2025 3:00:00 AM,RFC,MIDATL,PEP,PEPCO,2123.771,True
3/1/2025 9:00:00 AM,3/1/2025 4:00:00 AM,RFC,MIDATL,PEP,PEPCO,2162.715,True
3/1/2025 10:00:00 AM,3/1/2025 5:00:00 AM,RFC,MIDATL,PEP,PEPCO,2176.599,True
3/1/2025 11:00:00 AM,3/1/2025 6:00:00 AM,RFC,MIDATL,PEP,PEPCO,2285.876,True
3/1/2025 12:00:00 PM,3/1/2025 7:00:00 AM,RFC,MIDATL,PEP,PEPCO,2333.371,True
3/1/2025 1:00:00 PM,3/1/2025 8:00:00 AM,RFC,MIDATL,PEP,PEPCO,2378.920,True
3/1/2025 2:00:00 PM,3/1/2025 9:00:00 AM,RFC,MIDATL,PEP,PEPCO,2210.170,True
3/1/2025 3:00:00 PM,3/1/2025 10:00:00 AM,RFC,MIDATL,PEP,PEPCO,2114.444,True
3/1/2025 4:00:00 PM,3/1/2025 11:00:00 AM,RFC,MIDATL,PEP,PEPCO,2103.975,True
3/1/2025 5:00:00 PM,3/1/2025 12:00:00 PM,RFC,MIDATL,PEP,PEPCO,2091.622,True
3/1/2025 6:00:00 PM,3/1/2025 1:00:00 PM,RFC,MIDATL,PEP,PEPCO,2032.327,True
3/1/2025 7:00:00 PM,3/1/2025 2:00:00 PM,RFC,MIDATL,PEP,PEPCO,2087.282,True
3/1/2025 8:00:00 PM,3/1/2025 3:00:00 PM,RFC,MIDATL,PEP,PEPCO,2205.031,True
3/1/2025 9:00:00 PM,3/1/2025 4:00:00 PM,RFC,MIDATL,PEP,PEPCO,2316.620,True
3/1/2025 10:00:00 PM,3/1/2025 5:00:00 PM,RFC,MIDATL,PEP,PEPCO,2527.823,True
3/1/2025 11:00:00 PM,3/1/2025 6:00:00 PM,RFC,MIDATL,PEP,PEPCO,2740.419,True
3/2/2025 12:00:00 AM,3/1/2025 7:00:00 PM,RFC,MIDATL,PEP,PEPCO,2836.533,True
3/2/2025 1:00:00 AM,3/1/2025 8:00:00 PM,RFC,MIDATL,PEP,PEPCO,2884.879,True
3/2/2025 2:00:00 AM,3/1/2025 9:00:00 PM,RFC,MIDATL,PEP,PEPCO,2899.408,True
3/2/2025 3:00:00 AM,3/1/2025 10:00:00 PM,RFC,MIDATL,PEP,PEPCO,2881.055,True
3/2/2025 4:00:00 AM,3/1/2025 11:00:00 PM,RFC,MIDATL,PEP,PEPCO,2841.495,True
3/2/2025 5:00:00 AM,3/2/2025 12:00:00 AM,RFC,MIDATL,PEP,PEPCO,2784.214,True
3/2/2025 6:00:00 AM,3/2/2025 1:00:00 AM,RFC,MIDATL,PEP,PEPCO,2790.678,True
3/2/2025 7:00:00 AM,3/2/2025 2:00:00 AM,RFC,MIDATL,PEP,PEPCO,2807.321,True
3/2/2025 8:00:00 AM,3/2/2025 3:00:00 AM,RFC,MIDATL,PEP,PEPCO,2832.719,True
3/2/2025 9:00:00 AM,3/2/2025 4:00:00 AM,RFC,MIDATL,PEP,PEPCO,2896.293,True
3/2/2025 10:00:00 AM,3/2/2025 5:00:00 AM,RFC,MIDATL,PEP,PEPCO,2948.745,True
3/2/2025 11:00:00 AM,3/2/2025 6:00:00 AM,RFC,MIDATL,PEP,PEPCO,3088.460,True
3/2/2025 12:00:00 PM,3/2/2025 7:00:00 AM,RFC,MIDATL,PEP,PEPCO,3087.676,True
3/2/2025 1:00:00 PM,3/2/2025 8:00:00 AM,RFC,MIDATL,PEP,PEPCO,2985.316,True
3/2/2025 2:00:00 PM,3/2/2025 9:00:00 AM,RFC,MIDATL,PEP,PEPCO,2857.421,True
3/2/2025 3:00:00 PM,3/2/2025 10:00:00 AM,RFC,MIDATL,PEP,PEPCO,2746.496,True
3/2/2025 4:00:00 PM,3/2/2025 11:00:00 AM,RFC,MIDATL,PEP,PEPCO,2660.343,True
3/2/2025 5:00:00 PM,3/2/2025 12:00:00 PM,RFC,MIDATL,PEP,PEPCO,2568.791,True
3/2/2025 6:00:00 PM,3/2/2025 1:00:00 PM,RFC,MIDATL,PEP,PEPCO,2584.429,True
3/2/2025 7:00:00 PM,3/2/2025 2:00:00 PM,RFC,MIDATL,PEP,PEPCO,2560.649,True
3/2/2025 8:00:00 PM,3/2/2025 3:00:00 PM,RFC,MIDATL,PEP,PEPCO,2586.163,True
3/2/2025 9:00:00 PM,3/2/2025 4:00:00 PM,RFC,MIDATL,PEP,PEPCO,2731.539,True
3/2/2025 10:00:00 PM,3/2/2025 5:00:00 PM,RFC,MIDATL,PEP,PEPCO,2951.538,True
3/2/2025 11:00:00 PM,3/2/2025 6:00:00 PM,RFC,MIDATL,PEP,PEPCO,3157.649,True
3/3/2025 12:00:00 AM,3/2/2025 7:00:00 PM,RFC,MIDATL,PEP,PEPCO,3207.114,True
3/3/2025 1:00:00 AM,3/2/2025 8:00:00 PM,RFC,MIDATL,PEP,PEPCO,3201.678,True
3/3/2025 2:00:00 AM,3/2/2025 9:00:00 PM,RFC,MIDATL,PEP,PEPCO,3182.866,True
3/3/2025 3:00:00 AM,3/2/2025 10:00:00 PM,RFC,MIDATL,PEP,PEPCO,3025.223,True
3/3/2025 4:00:00 AM,3/2/2025 11:00:00 PM,RFC,MIDATL,PEP,PEPCO,2942.494,True
3/3/2025 5:00:00 AM,3/3/2025 12:00:00 AM,RFC,MIDATL,PEP,PEPCO,2856.161,True
3/3/2025 6:00:00 AM,3/3/2025 1:00:00 AM,RFC,MIDATL,PEP,PEPCO,2812.319,True
3/3/2025 7:00:00 AM,3/3/2025 2:00:00 AM,RFC,MIDATL,PEP,PEPCO,2795.462,True
3/3/2025 8:00:00 AM,3/3/2025 3:00:00 AM,RFC,MIDATL,PEP,PEPCO,2814.261,True
3/3/2025 9:00:00 AM,3/3/2025 4:00:00 AM,RFC,MIDATL,PEP,PEPCO,2939.295,True
3/3/2025 10:00:00 AM,3/3/2025 5:00:00 AM,RFC,MIDATL,PEP,PEPCO,3155.710,True
3/3/2025 11:00:00 AM,3/3/2025 6:00:00 AM,RFC,MIDATL,PEP,PEPCO,3471.852,True
3/3/2025 12:00:00 PM,3/3/2025 7:00:00 AM,RFC,MIDATL,PEP,PEPCO,3573.142,True
3/3/2025 1:00:00 PM,3/3/2025 8:00:00 AM,RFC,MIDATL,PEP,PEPCO,3372.647,True
3/3/2025 2:00:00 PM,3/3/2025 9:00:00 AM,RFC,MIDATL,PEP,PEPCO,3132.661,True
3/3/2025 3:00:00 PM,3/3/2025 10:00:00 AM,RFC,MIDATL,PEP,PEPCO,2976.549,True
3/3/2025 4:00:00 PM,3/3/2025 11:00:00 AM,RFC,MIDATL,PEP,PEPCO,2835.350,True
3/3/2025 5:00:00 PM,3/3/2025 12:00:00 PM,RFC,MIDATL,PEP,PEPCO,2795.473,True
3/3/2025 6:00:00 PM,3/3/2025 1:00:00 PM,RFC,MIDATL,PEP,PEPCO,2716.144,True
3/3/2025 7:00:00 PM,3/3/2025 2:00:00 PM,RFC,MIDATL,PEP,PEPCO,2689.075,True
3/3/2025 8:00:00 PM,3/3/2025 3:00:00 PM,RFC,MIDATL,PEP,PEPCO,2729.766,True
3/3/2025 9:00:00 PM,3/3/2025 4:00:00 PM,RFC,MIDATL,PEP,PEPCO,2853.068,True
3/3/2025 10:00:00 PM,3/3/2025 5:00:00 PM,RFC,MIDATL,PEP,PEPCO,3023.153,True
3/3/2025 11:00:00 PM,3/3/2025 6:00:00 PM,RFC,MIDATL,PEP,PEPCO,3179.166,True
3/4/2025 12:00:00 AM,3/3/2025 7:00:00 PM,RFC,MIDATL,PEP,PEPCO,3162.467,True
3/4/2025 1:00:00 AM,3/3/2025 8:00:00 PM,RFC,MIDATL,PEP,PEPCO,3142.816,True
3/4/2025 2:00:00 AM,3/3/2025 9:00:00 PM,RFC,MIDATL,PEP,PEPCO,3073.448,True
3/4/2025 3:00:00 AM,3/3/2025 10:00:00 PM,RFC,MIDATL,PEP,PEPCO,2891.979,True
3/4/2025 4:00:00 AM,3/3/2025 11:00:00 PM,RFC,MIDATL,PEP,PEPCO,2761.292,True
3/4/2025 5:00:00 AM,3/4/2025 12:00:00 AM,RFC,MIDATL,PEP,PEPCO,2603.383,True
3/4/2025 6:00:00 AM,3/4/2025 1:00:00 AM,RFC,MIDATL,PEP,PEPCO,2567.197,True
3/4/2025 7:00:00 AM,3/4/2025 2:00:00 AM,RFC,MIDATL,PEP,PEPCO,2474.517,True
3/4/2025 8:00:00 AM,3/4/2025 3:00:00 AM,RFC,MIDATL,PEP,PEPCO,2506.374,True
3/4/2025 9:00:00 AM,3/4/2025 4:00:00 AM,RFC,MIDATL,PEP,PEPCO,2562.998,True
3/4/2025 10:00:00 AM,3/4/2025 5:00:00 AM,RFC,MIDATL,PEP,PEPCO,2800.225,True
3/4/2025 11:00:00 AM,3/4/2025 6:00:00 AM,RFC,MIDATL,PEP,PEPCO,3109.040,True
3/4/2025 12:00:00 PM,3/4/2025 7:00:00 AM,RFC,MIDATL,PEP,PEPCO,3210.652,True
3/4/2025 1:00:00 PM,3/4/2025 8:00:00 AM,RFC,MIDATL,PEP,PEPCO,3138.884,True
3/4/2025 2:00:00 PM,3/4/2025 9:00:00 AM,RFC,MIDATL,PEP,PEPCO,2849.916,True
3/4/2025 3:00:00 PM,3/4/2025 10:00:00 AM,RFC,MIDATL,PEP,PEPCO,2675.679,True
3/4/2025 4:00:00 PM,3/4/2025 11:00:00 AM,RFC,MIDATL,PEP,PEPCO,2608.261,True
3/4/2025 5:00:00 PM,3/4/2025 12:00:00 PM,RFC,MIDATL,PEP,PEPCO,2501.172,True
3/4/2025 6:00:00 PM,3/4/2025 1:00:00 PM,RFC,MIDATL,PEP,PEPCO,2530.062,True
3/4/2025 7:00:00 PM,3/4/2025 2:00:00 PM,RFC,MIDATL,PEP,PEPCO,2562.476,True
3/4/2025 8:00:00 PM,3/4/2025 3:00:00 PM,RFC,MIDATL,PEP,PEPCO,2494.972,True
3/4/2025 9:00:00 PM,3/4/2025 4:00:00 PM,RFC,MIDATL,PEP,PEPCO,2626.201,True
3/4/2025 10:00:00 PM,3/4/2025 5:00:00 PM,RFC,MIDATL,PEP,PEPCO,2733.867,True
3/4/2025 11:00:00 PM,3/4/2025 6:00:00 PM,RFC,MIDATL,PEP,PEPCO,2816.010,True
3/5/2025 12:00:00 AM,3/4/2025 7:00:00 PM,RFC,MIDATL,PEP,PEPCO,2795.359,True
3/5/2025 1:00:00 AM,3/4/2025 8:00:00 PM,RFC,MIDATL,PEP,PEPCO,2754.742,True
3/5/2025 2:00:00 AM,3/4/2025 9:00:00 PM,RFC,MIDATL,PEP,PEPCO,2652.868,True
3/5/2025 3:00:00 AM,3/4/2025 10:00:00 PM,RFC,MIDATL,PEP,PEPCO,2500.192,True
3/5/2025 4:00:00 AM,3/4/2025 11:00:00 PM,RFC,MIDATL,PEP,PEPCO,2339.010,True
3/5/2025 5:00:00 AM,3/5/2025 12:00:00 AM,RFC,MIDATL,PEP,PEPCO,2051.415,True
3/5/2025 6:00:00 AM,3/5/2025 1:00:00 AM,RFC,MIDATL,PEP,PEPCO,1984.502,True
3/5/2025 7:00:00 AM,3/5/2025 2:00:00 AM,RFC,MIDATL,PEP,PEPCO,1938.495,True
3/5/2025 8:00:00 AM,3/5/2025 3:00:00 AM,RFC,MIDATL,PEP,PEPCO,1914.956,True
3/5/2025 9:00:00 AM,3/5/2025 4:00:00 AM,RFC,MIDATL,PEP,PEPCO,1948.147,True
3/5/2025 10:00:00 AM,3/5/2025 5:00:00 AM,RFC,MIDATL,PEP,PEPCO,2156.562,True
3/5/2025 11:00:00 AM,3/5/2025 6:00:00 AM,RFC,MIDATL,PEP,PEPCO,2439.917,True
3/5/2025 12:00:00 PM,3/5/2025 7:00:00 AM,RFC,MIDATL,PEP,PEPCO,2599.141,True
3/5/2025 1:00:00 PM,3/5/2025 8:00:00 AM,RFC,MIDATL,PEP,PEPCO,2651.999,True
3/5/2025 2:00:00 PM,3/5/2025 9:00:00 AM,RFC,MIDATL,PEP,PEPCO,2668.042,True
3/5/2025 3:00:00 PM,3/5/2025 10:00:00 AM,RFC,MIDATL,PEP,PEPCO,2669.753,True
3/5/2025 4:00:00 PM,3/5/2025 11:00:00 AM,RFC,MIDATL,PEP,PEPCO,2730.776,True
3/5/2025 5:00:00 PM,3/5/2025 12:00:00 PM,RFC,MIDATL,PEP,PEPCO,2719.529,True
3/5/2025 6:00:00 PM,3/5/2025 1:00:00 PM,RFC,MIDATL,PEP,PEPCO,2699.331,True
3/5/2025 7:00:00 PM,3/5/2025 2:00:00 PM,RFC,MIDATL,PEP,PEPCO,2732.039,True
3/5/2025 8:00:00 PM,3/5/2025 3:00:00 PM,RFC,MIDATL,PEP,PEPCO,2733.494,True
3/5/2025 9:00:00 PM,3/5/2025 4:00:00 PM,RFC,MIDATL,PEP,PEPCO,2747.143,True
3/5/2025 10:00:00 PM,3/5/2025 5:00:00 PM,RFC,MIDATL,PEP,PEPCO,2690.185,True
3/5/2025 11:00:00 PM,3/5/2025 6:00:00 PM,RFC,MIDATL,PEP,PEPCO,2706.483,True
3/6/2025 12:00:00 AM,3/5/2025 7:00:00 PM,RFC,MIDATL,PEP,PEPCO,2642.333,True
3/6/2025 1:00:00 AM,3/5/2025 8:00:00 PM,RFC,MIDATL,PEP,PEPCO,2540.820,True
3/6/2025 2:00:00 AM,3/5/2025 9:00:00 PM,RFC,MIDATL,PEP,PEPCO,2413.687,True
3/6/2025 3:00:00 AM,3/5/2025 10:00:00 PM,RFC,MIDATL,PEP,PEPCO,2236.416,True
3/6/2025 4:00:00 AM,3/5/2025 11:00:00 PM,RFC,MIDATL,PEP,PEPCO,2079.945,True
3/6/2025 5:00:00 AM,3/6/2025 12:00:00 AM,RFC,MIDATL,PEP,PEPCO,2108.312,True
3/6/2025 6:00:00 AM,3/6/2025 1:00:00 AM,RFC,MIDATL,PEP,PEPCO,2072.546,True
3/6/2025 7:00:00 AM,3/6/2025 2:00:00 AM,RFC,MIDATL,PEP,PEPCO,2036.185,True
3/6/2025 8:00:00 AM,3/6/2025 3:00:00 AM,RFC,MIDATL,PEP,PEPCO,2094.917,True
3/6/2025 9:00:00 AM,3/6/2025 4:00:00 AM,RFC,MIDATL,PEP,PEPCO,2165.730,True
3/6/2025 10:00:00 AM,3/6/2025 5:00:00 AM,RFC,MIDATL,PEP,PEPCO,2437.036,True
3/6/2025 11:00:00 AM,3/6/2025 6:00:00 AM,RFC,MIDATL,PEP,PEPCO,2719.441,True
3/6/2025 12:00:00 PM,3/6/2025 7:00:00 AM,RFC,MIDATL,PEP,PEPCO,2935.330,True
3/6/2025 1:00:00 PM,3/6/2025 8:00:00 AM,RFC,MIDATL,PEP,PEPCO,2851.635,True
3/6/2025 2:00:00 PM,3/6/2025 9:00:00 AM,RFC,MIDATL,PEP,PEPCO,2760.478,True
3/6/2025 3:00:00 PM,3/6/2025 10:00:00 AM,RFC,MIDATL,PEP,PEPCO,2659.553,True
3/6/2025 4:00:00 PM,3/6/2025 11:00:00 AM,RFC,MIDATL,PEP,PEPCO,2814.900,True
3/6/2025 5:00:00 PM,3/6/2025 12:00:00 PM,RFC,MIDATL,PEP,PEPCO,2892.058,True
3/6/2025 6:00:00 PM,3/6/2025 1:00:00 PM,RFC,MIDATL,PEP,PEPCO,2897.971,True
3/6/2025 7:00:00 PM,3/6/2025 2:00:00 PM,RFC,MIDATL,PEP,PEPCO,2886.076,True
3/6/2025 8:00:00 PM,3/6/2025 3:00:00 PM,RFC,MIDATL,PEP,PEPCO,2992.257,True
3/6/2025 9:00:00 PM,3/6/2025 4:00:00 PM,RFC,MIDATL,PEP,PEPCO,3060.353,True
3/6/2025 10:00:00 PM,3/6/2025 5:00:00 PM,RFC,MIDATL,PEP,PEPCO,3166.258,True
3/6/2025 11:00:00 PM,3/6/2025 6:00:00 PM,RFC,MIDATL,PEP,PEPCO,3204.036,True
3/7/2025 12:00:00 AM,3/6/2025 7:00:00 PM,RFC,MIDATL,PEP,PEPCO,3155.239,True
3/7/2025 1:00:00 AM,3/6/2025 8:00:00 PM,RFC,MIDATL,PEP,PEPCO,3086.355,True
3/7/2025 2:00:00 AM,3/6/2025 9:00:00 PM,RFC,MIDATL,PEP,PEPCO,3012.877,True
3/7/2025 3:00:00 AM,3/6/2025 10:00:00 PM,RFC,MIDATL,PEP,PEPCO,2821.008,True
3/7/2025 4:00:00 AM,3/6/2025 11:00:00 PM,RFC,MIDATL,PEP,PEPCO,2682.204,True
3/7/2025 5:00:00 AM,3/7/2025 12:00:00 AM,RFC,MIDATL,PEP,PEPCO,2603.482,True
3/7/2025 6:00:00 AM,3/7/2025 1:00:00 AM,RFC,MIDATL,PEP,PEPCO,2510.432,True
3/7/2025 7:00:00 AM,3/7/2025 2:00:00 AM,RFC,MIDATL,PEP,PEPCO,2491.326,True
3/7/2025 8:00:00 AM,3/7/2025 3:00:00 AM,RFC,MIDATL,PEP,PEPCO,2515.946,True
3/7/2025 9:00:00 AM,3/7/2025 4:00:00 AM,RFC,MIDATL,PEP,PEPCO,2606.763,True
3/7/2025 10:00:00 AM,3/7/2025 5:00:00 AM,RFC,MIDATL,PEP,PEPCO,2823.126,True
3/7/2025 11:00:00 AM,3/7/2025 6:00:00 AM,RFC,MIDATL,PEP,PEPCO,3128.245,True
3/7/2025 12:00:00 PM,3/7/2025 7:00:00 AM,RFC,MIDATL,PEP,PEPCO,3233.759,True
3/7/2025 1:00:00 PM,3/7/2025 8:00:00 AM,RFC,MIDATL,PEP,PEPCO,3150.009,True
3/7/2025 2:00:00 PM,3/7/2025 9:00:00 AM,RFC,MIDATL,PEP,PEPCO,3000.736,True
3/7/2025 3:00:00 PM,3/7/2025 10:00:00 AM,RFC,MIDATL,PEP,PEPCO,2746.355,True
3/7/2025 4:00:00 PM,3/7/2025 11:00:00 AM,RFC,MIDATL,PEP,PEPCO,2607.489,True
3/7/2025 5:00:00 PM,3/7/2025 12:00:00 PM,RFC,MIDATL,PEP,PEPCO,2535.945,True
3/7/2025 6:00:00 PM,3/7/2025 1:00:00 PM,RFC,MIDATL,PEP,PEPCO,2474.604,True
3/7/2025 7:00:00 PM,3/7/2025 2:00:00 PM,RFC,MIDATL,PEP,PEPCO,2472.328,True
3/7/2025 8:00:00 PM,3/7/2025 3:00:00 PM,RFC,MIDATL,PEP,PEPCO,2512.787,True
3/7/2025 9:00:00 PM,3/7/2025 4:00:00 PM,RFC,MIDATL,PEP,PEPCO,2637.169,True
3/7/2025 10:00:00 PM,3/7/2025 5:00:00 PM,RFC,MIDATL,PEP,PEPCO,2794.586,True
3/7/2025 11:00:00 PM,3/7/2025 6:00:00 PM,RFC,MIDATL,PEP,PEPCO,2815.648,True
3/8/2025 12:00:00 AM,3/7/2025 7:00:00 PM,RFC,MIDATL,PEP,PEPCO,2814.576,True
3/8/2025 1:00:00 AM,3/7/2025 8:00:00 PM,RFC,MIDATL,PEP,PEPCO,2723.982,True
3/8/2025 2:00:00 AM,3/7/2025 9:00:00 PM,RFC,MIDATL,PEP,PEPCO,2651.250,True
3/8/2025 3:00:00 AM,3/7/2025 10:00:00 PM,RFC,MIDATL,PEP,PEPCO,2527.354,True
3/8/2025 4:00:00 AM,3/7/2025 11:00:00 PM,RFC,MIDATL,PEP,PEPCO,2424.654,True
3/8/2025 5:00:00 AM,3/8/2025 12:00:00 AM,RFC,MIDATL,PEP,PEPCO,2347.498,True
3/8/2025 6:00:00 AM,3/8/2025 1:00:00 AM,RFC,MIDATL,PEP,PEPCO,2260.481,True
3/8/2025 7:00:00 AM,3/8/2025 2:00:00 AM,RFC,MIDATL,PEP,PEPCO,2208.332,True
3/8/2025 8:00:00 AM,3/8/2025 3:00:00 AM,RFC,MIDATL,PEP,PEPCO,2161.219,True
3/8/2025 9:00:00 AM,3/8/2025 4:00:00 AM,RFC,MIDATL,PEP,PEPCO,2233.077,True
3/8/2025 10:00:00 AM,3/8/2025 5:00:00 AM,RFC,MIDATL,PEP,PEPCO,2279.443,True
3/8/2025 11:00:00 AM,3/8/2025 6:00:00 AM,RFC,MIDATL,PEP,PEPCO,2404.893,True
3/8/2025 12:00:00 PM,3/8/2025 7:00:00 AM,RFC,MIDATL,PEP,PEPCO,2467.965,True
3/8/2025 1:00:00 PM,3/8/2025 8:00:00 AM,RFC,MIDATL,PEP,PEPCO,2499.657,True
3/8/2025 2:00:00 PM,3/8/2025 9:00:00 AM,RFC,MIDATL,PEP,PEPCO,2583.769,True
3/8/2025 3:00:00 PM,3/8/2025 10:00:00 AM,RFC,MIDATL,PEP,PEPCO,2562.734,True
3/8/2025 4:00:00 PM,3/8/2025 11:00:00 AM,RFC,MIDATL,PEP,PEPCO,2382.484,True
3/8/2025 5:00:00 PM,3/8/2025 12:00:00 PM,RFC,MIDATL,PEP,PEPCO,2298.227,True
3/8/2025 6:00:00 PM,3/8/2025 1:00:00 PM,RFC,MIDATL,PEP,PEPCO,2199.628,True
3/8/2025 7:00:00 PM,3/8/2025 2:00:00 PM,RFC,MIDATL,PEP,PEPCO,2200.680,True
3/8/2025 8:00:00 PM,3/8/2025 3:00:00 PM,RFC,MIDATL,PEP,PEPCO,2273.473,True
3/8/2025 9:00:00 PM,3/8/2025 4:00:00 PM,RFC,MIDATL,PEP,PEPCO,2412.489,True
3/8/2025 10:00:00 PM,3/8/2025 5:00:00 PM,RFC,MIDATL,PEP,PEPCO,2596.731,True
3/8/2025 11:00:00 PM,3/8/2025 6:00:00 PM,RFC,MIDATL,PEP,PEPCO,2762.499,True
3/9/2025 12:00:00 AM,3/8/2025 7:00:00 PM,RFC,MIDATL,PEP,PEPCO,2820.523,True
3/9/2025 1:00:00 AM,3/8/2025 8:00:00 PM,RFC,MIDATL,PEP,PEPCO,2808.257,True
3/9/2025 2:00:00 AM,3/8/2025 9:00:00 PM,RFC,MIDATL,PEP,PEPCO,2766.620,True
3/9/2025 3:00:00 AM,3/8/2025 10:00:00 PM,RFC,MIDATL,PEP,PEPCO,2684.742,True
3/9/2025 4:00:00 AM,3/8/2025 11:00:00 PM,RFC,MIDATL,PEP,PEPCO,2604.275,True
3/9/2025 5:00:00 AM,3/9/2025 12:00:00 AM,RFC,MIDATL,PEP,PEPCO,2527.188,True
3/9/2025 6:00:00 AM,3/9/2025 1:00:00 AM,RFC,MIDATL,PEP,PEPCO,0.000,True
3/9/2025 7:00:00 AM,3/9/2025 3:00:00 AM,RFC,MIDATL,PEP,PEPCO,2440.039,True
3/9/2025 8:00:00 AM,3/9/2025 4:00:00 AM,RFC,MIDATL,PEP,PEPCO,2475.242,True
3/9/2025 9:00:00 AM,3/9/2025 5:00:00 AM,RFC,MIDATL,PEP,PEPCO,2511.163,True
3/9/2025 10:00:00 AM,3/9/2025 6:00:00 AM,RFC,MIDATL,PEP,PEPCO,2619.911,True
3/9/2025 11:00:00 AM,3/9/2025 7:00:00 AM,RFC,MIDATL,PEP,PEPCO,2706.003,True
3/9/2025 12:00:00 PM,3/9/2025 8:00:00 AM,RFC,MIDATL,PEP,PEPCO,2733.229,True
3/9/2025 1:00:00 PM,3/9/2025 9:00:00 AM,RFC,MIDATL,PEP,PEPCO,2567.839,True
3/9/2025 2:00:00 PM,3/9/2025 10:00:00 AM,RFC,MIDATL,PEP,PEPCO,2400.752,True
3/9/2025 3:00:00 PM,3/9/2025 11:00:00 AM,RFC,MIDATL,PEP,PEPCO,2290.293,True
3/9/2025 4:00:00 PM,3/9/2025 12:00:00 PM,RFC,MIDATL,PEP,PEPCO,2233.124,True
3/9/2025 5:00:00 PM,3/9/2025 1:00:00 PM,RFC,MIDATL,PEP,PEPCO,2210.258,True
3/9/2025 6:00:00 PM,3/9/2025 2:00:00 PM,RFC,MIDATL,PEP,PEPCO,2223.831,True
3/9/2025 7:00:00 PM,3/9/2025 3:00:00 PM,RFC,MIDATL,PEP,PEPCO,2170.737,True
3/9/2025 8:00:00 PM,3/9/2025 4:00:00 PM,RFC,MIDATL,PEP,PEPCO,2224.376,True
3/9/2025 9:00:00 PM,3/9/2025 5:00:00 PM,RFC,MIDATL,PEP,PEPCO,2364.091,True
3/9/2025 10:00:00 PM,3/9/2025 6:00:00 PM,RFC,MIDATL,PEP,PEPCO,2493.774,True
3/9/2025 11:00:00 PM,3/9/2025 7:00:00 PM,RFC,MIDATL,PEP,PEPCO,2651.000,True
3/10/2025 12:00:00 AM,3/9/2025 8:00:00 PM,RFC,MIDATL,PEP,PEPCO,2689.786,True
3/10/2025 1:00:00 AM,3/9/2025 9:00:00 PM,RFC,MIDATL,PEP,PEPCO,2651.641,True
3/10/2025 2:00:00 AM,3/9/2025 10:00:00 PM,RFC,MIDATL,PEP,PEPCO,2531.498,True
3/10/2025 3:00:00 AM,3/9/2025 11:00:00 PM,RFC,MIDATL,PEP,PEPCO,2412.669,True
3/10/2025 4:00:00 AM,3/10/2025 12:00:00 AM,RFC,MIDATL,PEP,PEPCO,2277.277,True
3/10/2025 5:00:00 AM,3/10/2025 1:00:00 AM,RFC,MIDATL,PEP,PEPCO,2215.014,True
3/10/2025 6:00:00 AM,3/10/2025 2:00:00 AM,RFC,MIDATL,PEP,PEPCO,2203.400,True
3/10/2025 7:00:00 AM,3/10/2025 3:00:00 AM,RFC,MIDATL,PEP,PEPCO,2219.646,True
3/10/2025 8:00:00 AM,3/10/2025 4:00:00 AM,RFC,MIDATL,PEP,PEPCO,2337.685,True
3/10/2025 9:00:00 AM,3/10/2025 5:00:00 AM,RFC,MIDATL,PEP,PEPCO,2586.510,True
3/10/2025 10:00:00 AM,3/10/2025 6:00:00 AM,RFC,MIDATL,PEP,PEPCO,2858.775,True
3/10/2025 11:00:00 AM,3/10/2025 7:00:00 AM,RFC,MIDATL,PEP,PEPCO,3084.385,True
3/10/2025 12:00:00 PM,3/10/2025 8:00:00 AM,RFC,MIDATL,PEP,PEPCO,3059.886,True
3/10/2025 1:00:00 PM,3/10/2025 9:00:00 AM,RFC,MIDATL,PEP,PEPCO,2812.887,True
3/10/2025 2:00:00 PM,3/10/2025 10:00:00 AM,RFC,MIDATL,PEP,PEPCO,2611.448,True
3/10/2025 3:00:00 PM,3/10/2025 11:00:00 AM,RFC,MIDATL,PEP,PEPCO,2458.332,True
3/10/2025 4:00:00 PM,3/10/2025 12:00:00 PM,RFC,MIDATL,PEP,PEPCO,2386.052,True
3/10/2025 5:00:00 PM,3/10/2025 1:00:00 PM,RFC,MIDATL,PEP,PEPCO,2377.824,True
3/10/2025 6:00:00 PM,3/10/2025 2:00:00 PM,RFC,MIDATL,PEP,PEPCO,2334.730,True
3/10/2025 7:00:00 PM,3/10/2025 3:00:00 PM,RFC,MIDATL,PEP,PEPCO,2375.977,True
3/10/2025 8:00:00 PM,3/10/2025 4:00:00 PM,RFC,MIDATL,PEP,PEPCO,2456.347,True
3/10/2025 9:00:00 PM,3/10/2025 5:00:00 PM,RFC,MIDATL,PEP,PEPCO,2502.144,True
3/10/2025 10:00:00 PM,3/10/2025 6:00:00 PM,RFC,MIDATL,PEP,PEPCO,2563.843,True
3/10/2025 11:00:00 PM,3/10/2025 7:00:00 PM,RFC,MIDATL,PEP,PEPCO,2628.891,True
3/11/2025 12:00:00 AM,3/10/2025 8:00:00 PM,RFC,MIDATL,PEP,PEPCO,2621.577,True
3/11/2025 1:00:00 AM,3/10/2025 9:00:00 PM,RFC,MIDATL,PEP,PEPCO,2559.006,True
3/11/2025 2:00:00 AM,3/10/2025 10:00:00 PM,RFC,MIDATL,PEP,PEPCO,2430.618,True
3/11/2025 3:00:00 AM,3/10/2025 11:00:00 PM,RFC,MIDATL,PEP,PEPCO,2281.878,True
3/11/2025 4:00:00 AM,3/11/2025 12:00:00 AM,RFC,MIDATL,PEP,PEPCO,2146.291,True
3/11/2025 5:00:00 AM,3/11/2025 1:00:00 AM,RFC,MIDATL,PEP,PEPCO,2104.078,True
3/11/2025 6:00:00 AM,3/11/2025 2:00:00 AM,RFC,MIDATL,PEP,PEPCO,2047.511,True
3/11/2025 7:00:00 AM,3/11/2025 3:00:00 AM,RFC,MIDATL,PEP,PEPCO,2097.440,True
3/11/2025 8:00:00 AM,3/11/2025 4:00:00 AM,RFC,MIDATL,PEP,PEPCO,2189.546,True
3/11/2025 9:00:00 AM,3/11/2025 5:00:00 AM,RFC,MIDATL,PEP,PEPCO,2445.383,True
3/11/2025 10:00:00 AM,3/11/2025 6:00:00 AM,RFC,MIDATL,PEP,PEPCO,2752.870,True
3/11/2025 11:00:00 AM,3/11/2025 7:00:00 AM,RFC,MIDATL,PEP,PEPCO,2974.240,True
3/11/2025 12:00:00 PM,3/11/2025 8:00:00 AM,RFC,MIDATL,PEP,PEPCO,2927.239,True
3/11/2025 1:00:00 PM,3/11/2025 9:00:00 AM,RFC,MIDATL,PEP,PEPCO,2712.789,True
3/11/2025 2:00:00 PM,3/11/2025 10:00:00 AM,RFC,MIDATL,PEP,PEPCO,2510.741,True
3/11/2025 3:00:00 PM,3/11/2025 11:00:00 AM,RFC,MIDATL,PEP,PEPCO,2415.507,True
3/11/2025 4:00:00 PM,3/11/2025 12:00:00 PM,RFC,MIDATL,PEP,PEPCO,2343.864,True
3/11/2025 5:00:00 PM,3/11/2025 1:00:00 PM,RFC,MIDATL,PEP,PEPCO,2312.343,True
3/11/2025 6:00:00 PM,3/11/2025 2:00:00 PM,RFC,MIDATL,PEP,PEPCO,2300.737,True
3/11/2025 7:00:00 PM,3/11/2025 3:00:00 PM,RFC,MIDATL,PEP,PEPCO,2316.653,True
3/11/2025 8:00:00 PM,3/11/2025 4:00:00 PM,RFC,MIDATL,PEP,PEPCO,2434.168,True
3/11/2025 9:00:00 PM,3/11/2025 5:00:00 PM,RFC,MIDATL,PEP,PEPCO,2502.641,True
3/11/2025 10:00:00 PM,3/11/2025 6:00:00 PM,RFC,MIDATL,PEP,PEPCO,2524.346,True
3/11/2025 11:00:00 PM,3/11/2025 7:00:00 PM,RFC,MIDATL,PEP,PEPCO,2579.049,True
3/12/2025 12:00:00 AM,3/11/2025 8:00:00 PM,RFC,MIDATL,PEP,PEPCO,2569.322,True
3/12/2025 1:00:00 AM,3/11/2025 9:00:00 PM,RFC,MIDATL,PEP,PEPCO,2502.288,True
3/12/2025 2:00:00 AM,3/11/2025 10:00:00 PM,RFC,MIDATL,PEP,PEPCO,2348.680,True
3/12/2025 3:00:00 AM,3/11/2025 11:00:00 PM,RFC,MIDATL,PEP,PEPCO,2175.603,True
3/12/2025 4:00:00 AM,3/12/2025 12:00:00 AM,RFC,MIDATL,PEP,PEPCO,2058.345,True
3/12/2025 5:00:00 AM,3/12/2025 1:00:00 AM,RFC,MIDATL,PEP,PEPCO,1977.932,True
3/12/2025 6:00:00 AM,3/12/2025 2:00:00 AM,RFC,MIDATL,PEP,PEPCO,1920.107,True
3/12/2025 7:00:00 AM,3/12/2025 3:00:00 AM,RFC,MIDATL,PEP,PEPCO,1917.751,True
3/12/2025 8:00:00 AM,3/12/2025 4:00:00 AM,RFC,MIDATL,PEP,PEPCO,2004.363,True
3/12/2025 9:00:00 AM,3/12/2025 5:00:00 AM,RFC,MIDATL,PEP,PEPCO,2190.971,True
3/12/2025 10:00:00 AM,3/12/2025 6:00:00 AM,RFC,MIDATL,PEP,PEPCO,2497.275,True
3/12/2025 11:00:00 AM,3/12/2025 7:00:00 AM,RFC,MIDATL,PEP,PEPCO,2699.468,True
3/12/2025 12:00:00 PM,3/12/2025 8:00:00 AM,RFC,MIDATL,PEP,PEPCO,2651.184,True
3/12/2025 1:00:00 PM,3/12/2025 9:00:00 AM,RFC,MIDATL,PEP,PEPCO,2557.661,True
3/12/2025 2:00:00 PM,3/12/2025 10:00:00 AM,RFC,MIDATL,PEP,PEPCO,2432.690,True
3/12/2025 3:00:00 PM,3/12/2025 11:00:00 AM,RFC,MIDATL,PEP,PEPCO,2346.441,True
3/12/2025 4:00:00 PM,3/12/2025 12:00:00 PM,RFC,MIDATL,PEP,PEPCO,2285.912,True
3/12/2025 5:00:00 PM,3/12/2025 1:00:00 PM,RFC,MIDATL,PEP,PEPCO,2260.148,True
3/12/2025 6:00:00 PM,3/12/2025 2:00:00 PM,RFC,MIDATL,PEP,PEPCO,2254.057,True
3/12/2025 7:00:00 PM,3/12/2025 3:00:00 PM,RFC,MIDATL,PEP,PEPCO,2271.992,True
3/12/2025 8:00:00 PM,3/12/2025 4:00:00 PM,RFC,MIDATL,PEP,PEPCO,2380.218,True
3/12/2025 9:00:00 PM,3/12/2025 5:00:00 PM,RFC,MIDATL,PEP,PEPCO,2458.832,True
3/12/2025 10:00:00 PM,3/12/2025 6:00:00 PM,RFC,MIDATL,PEP,PEPCO,2509.539,True
3/12/2025 11:00:00 PM,3/12/2025 7:00:00 PM,RFC,MIDATL,PEP,PEPCO,2582.082,True
3/13/2025 12:00:00 AM,3/12/2025 8:00:00 PM,RFC,MIDATL,PEP,PEPCO,2573.191,True
3/13/2025 1:00:00 AM,3/12/2025 9:00:00 PM,RFC,MIDATL,PEP,PEPCO,2493.672,True
3/13/2025 2:00:00 AM,3/12/2025 10:00:00 PM,RFC,MIDATL,PEP,PEPCO,2381.382,True
3/13/2025 3:00:00 AM,3/12/2025 11:00:00 PM,RFC,MIDATL,PEP,PEPCO,2239.375,True
3/13/2025 4:00:00 AM,3/13/2025 12:00:00 AM,RFC,MIDATL,PEP,PEPCO,2098.795,True
3/13/2025 5:00:00 AM,3/13/2025 1:00:00 AM,RFC,MIDATL,PEP,PEPCO,2035.755,True
3/13/2025 6:00:00 AM,3/13/2025 2:00:00 AM,RFC,MIDATL,PEP,PEPCO,2017.574,True
3/13/2025 7:00:00 AM,3/13/2025 3:00:00 AM,RFC,MIDATL,PEP,PEPCO,1987.663,True
3/13/2025 8:00:00 AM,3/13/2025 4:00:00 AM,RFC,MIDATL,PEP,PEPCO,2065.756,True
3/13/2025 9:00:00 AM,3/13/2025 5:00:00 AM,RFC,MIDATL,PEP,PEPCO,2302.405,True
3/13/2025 10:00:00 AM,3/13/2025 6:00:00 AM,RFC,MIDATL,PEP,PEPCO,2549.939,True
3/13/2025 11:00:00 AM,3/13/2025 7:00:00 AM,RFC,MIDATL,PEP,PEPCO,2767.295,True
3/13/2025 12:00:00 PM,3/13/2025 8:00:00 AM,RFC,MIDATL,PEP,PEPCO,2853.797,True
3/13/2025 1:00:00 PM,3/13/2025 9:00:00 AM,RFC,MIDATL,PEP,PEPCO,2878.545,True
3/13/2025 2:00:00 PM,3/13/2025 10:00:00 AM,RFC,MIDATL,PEP,PEPCO,2890.184,True
3/13/2025 3:00:00 PM,3/13/2025 11:00:00 AM,RFC,MIDATL,PEP,PEPCO,2865.521,True
3/13/2025 4:00:00 PM,3/13/2025 12:00:00 PM,RFC,MIDATL,PEP,PEPCO,2853.680,True
3/13/2025 5:00:00 PM,3/13/2025 1:00:00 PM,RFC,MIDATL,PEP,PEPCO,2749.685,True
3/13/2025 6:00:00 PM,3/13/2025 2:00:00 PM,RFC,MIDATL,PEP,PEPCO,2698.644,True
3/13/2025 7:00:00 PM,3/13/2025 3:00:00 PM,RFC,MIDATL,PEP,PEPCO,2593.421,True
3/13/2025 8:00:00 PM,3/13/2025 4:00:00 PM,RFC,MIDATL,PEP,PEPCO,2535.742,True
3/13/2025 9:00:00 PM,3/13/2025 5:00:00 PM,RFC,MIDATL,PEP,PEPCO,2561.292,True
3/13/2025 10:00:00 PM,3/13/2025 6:00:00 PM,RFC,MIDATL,PEP,PEPCO,2615.365,True
3/13/2025 11:00:00 PM,3/13/2025 7:00:00 PM,RFC,MIDATL,PEP,PEPCO,2726.810,True
3/14/2025 12:00:00 AM,3/13/2025 8:00:00 PM,RFC,MIDATL,PEP,PEPCO,2701.848,True
3/14/2025 1:00:00 AM,3/13/2025 9:00:00 PM,RFC,MIDATL,PEP,PEPCO,2659.300,True
3/14/2025 2:00:00 AM,3/13/2025 10:00:00 PM,RFC,MIDATL,PEP,PEPCO,2500.926,True
3/14/2025 3:00:00 AM,3/13/2025 11:00:00 PM,RFC,MIDATL,PEP,PEPCO,2368.294,True
3/14/2025 4:00:00 AM,3/14/2025 12:00:00 AM,RFC,MIDATL,PEP,PEPCO,2268.662,True
3/14/2025 5:00:00 AM,3/14/2025 1:00:00 AM,RFC,MIDATL,PEP,PEPCO,2193.067,True
3/14/2025 6:00:00 AM,3/14/2025 2:00:00 AM,RFC,MIDATL,PEP,PEPCO,2144.113,True
3/14/2025 7:00:00 AM,3/14/2025 3:00:00 AM,RFC,MIDATL,PEP,PEPCO,2154.094,True
3/14/2025 8:00:00 AM,3/14/2025 4:00:00 AM,RFC,MIDATL,PEP,PEPCO,2224.009,True
3/14/2025 9:00:00 AM,3/14/2025 5:00:00 AM,RFC,MIDATL,PEP,PEPCO,2407.253,True
3/14/2025 10:00:00 AM,3/14/2025 6:00:00 AM,RFC,MIDATL,PEP,PEPCO,2682.171,True
3/14/2025 11:00:00 AM,3/14/2025 7:00:00 AM,RFC,MIDATL,PEP,PEPCO,2867.961,True
3/14/2025 12:00:00 PM,3/14/2025 8:00:00 AM,RFC,MIDATL,PEP,PEPCO,2940.977,True
3/14/2025 1:00:00 PM,3/14/2025 9:00:00 AM,RFC,MIDATL,PEP,PEPCO,2937.250,True
3/14/2025 2:00:00 PM,3/14/2025 10:00:00 AM,RFC,MIDATL,PEP,PEPCO,2927.948,True
3/14/2025 3:00:00 PM,3/14/2025 11:00:00 AM,RFC,MIDATL,PEP,PEPCO,2856.961,True
3/14/2025 4:00:00 PM,3/14/2025 12:00:00 PM,RFC,MIDATL,PEP,PEPCO,2778.326,True
3/14/2025 5:00:00 PM,3/14/2025 1:00:00 PM,RFC,MIDATL,PEP,PEPCO,2623.119,True
3/14/2025 6:00:00 PM,3/14/2025 2:00:00 PM,RFC,MIDATL,PEP,PEPCO,2546.490,True
3/14/2025 7:00:00 PM,3/14/2025 3:00:00 PM,RFC,MIDATL,PEP,PEPCO,2504.294,True
3/14/2025 8:00:00 PM,3/14/2025 4:00:00 PM,RFC,MIDATL,PEP,PEPCO,2559.481,True
3/14/2025 9:00:00 PM,3/14/2025 5:00:00 PM,RFC,MIDATL,PEP,PEPCO,2642.204,True
3/14/2025 10:00:00 PM,3/14/2025 6:00:00 PM,RFC,MIDATL,PEP,PEPCO,2656.925,True
3/14/2025 11:00:00 PM,3/14/2025 7:00:00 PM,RFC,MIDATL,PEP,PEPCO,2718.538,True
3/15/2025 12:00:00 AM,3/14/2025 8:00:00 PM,RFC,MIDATL,PEP,PEPCO,2693.367,True
3/15/2025 1:00:00 AM,3/14/2025 9:00:00 PM,RFC,MIDATL,PEP,PEPCO,2616.029,True
3/15/2025 2:00:00 AM,3/14/2025 10:00:00 PM,RFC,MIDATL,PEP,PEPCO,2514.206,True
3/15/2025 3:00:00 AM,3/14/2025 11:00:00 PM,RFC,MIDATL,PEP,PEPCO,2390.485,True
3/15/2025 4:00:00 AM,3/15/2025 12:00:00 AM,RFC,MIDATL,PEP,PEPCO,2275.082,True
3/15/2025 5:00:00 AM,3/15/2025 1:00:00 AM,RFC,MIDATL,PEP,PEPCO,2174.397,True
3/15/2025 6:00:00 AM,3/15/2025 2:00:00 AM,RFC,MIDATL,PEP,PEPCO,2118.459,True
3/15/2025 7:00:00 AM,3/15/2025 3:00:00 AM,RFC,MIDATL,PEP,PEPCO,2074.027,True
3/15/2025 8:00:00 AM,3/15/2025 4:00:00 AM,RFC,MIDATL,PEP,PEPCO,2086.292,True
3/15/2025 9:00:00 AM,3/15/2025 5:00:00 AM,RFC,MIDATL,PEP,PEPCO,2127.613,True
3/15/2025 10:00:00 AM,3/15/2025 6:00:00 AM,RFC,MIDATL,PEP,PEPCO,2224.812,True
3/15/2025 11:00:00 AM,3/15/2025 7:00:00 AM,RFC,MIDATL,PEP,PEPCO,2334.162,True
3/15/2025 12:00:00 PM,3/15/2025 8:00:00 AM,RFC,MIDATL,PEP,PEPCO,2456.209,True
3/15/2025 1:00:00 PM,3/15/2025 9:00:00 AM,RFC,MIDATL,PEP,PEPCO,2556.197,True
3/15/2025 2:00:00 PM,3/15/2025 10:00:00 AM,RFC,MIDATL,PEP,PEPCO,2568.232,True
3/15/2025 3:00:00 PM,3/15/2025 11:00:00 AM,RFC,MIDATL,PEP,PEPCO,2582.532,True
3/15/2025 4:00:00 PM,3/15/2025 12:00:00 PM,RFC,MIDATL,PEP,PEPCO,2549.297,True
3/15/2025 5:00:00 PM,3/15/2025 1:00:00 PM,RFC,MIDATL,PEP,PEPCO,2481.516,True
3/15/2025 6:00:00 PM,3/15/2025 2:00:00 PM,RFC,MIDATL,PEP,PEPCO,2357.367,True
3/15/2025 7:00:00 PM,3/15/2025 3:00:00 PM,RFC,MIDATL,PEP,PEPCO,2228.937,True
3/15/2025 8:00:00 PM,3/15/2025 4:00:00 PM,RFC,MIDATL,PEP,PEPCO,2241.551,True
3/15/2025 9:00:00 PM,3/15/2025 5:00:00 PM,RFC,MIDATL,PEP,PEPCO,2348.049,True
3/15/2025 10:00:00 PM,3/15/2025 6:00:00 PM,RFC,MIDATL,PEP,PEPCO,2442.605,True
3/15/2025 11:00:00 PM,3/15/2025 7:00:00 PM,RFC,MIDATL,PEP,PEPCO,2471.653,True
3/16/2025 12:00:00 AM,3/15/2025 8:00:00 PM,RFC,MIDATL,PEP,PEPCO,2469.324,True
3/16/2025 1:00:00 AM,3/15/2025 9:00:00 PM,RFC,MIDATL,PEP,PEPCO,2428.150,True
3/16/2025 2:00:00 AM,3/15/2025 10:00:00 PM,RFC,MIDATL,PEP,PEPCO,2362.806,True
3/16/2025 3:00:00 AM,3/15/2025 11:00:00 PM,RFC,MIDATL,PEP,PEPCO,2268.049,True
3/16/2025 4:00:00 AM,3/16/2025 12:00:00 AM,RFC,MIDATL,PEP,PEPCO,2160.791,True
3/16/2025 5:00:00 AM,3/16/2025 1:00:00 AM,RFC,MIDATL,PEP,PEPCO,2067.915,True
3/16/2025 6:00:00 AM,3/16/2025 2:00:00 AM,RFC,MIDATL,PEP,PEPCO,1976.156,True
3/16/2025 7:00:00 AM,3/16/2025 3:00:00 AM,RFC,MIDATL,PEP,PEPCO,1949.897,True
3/16/2025 8:00:00 AM,3/16/2025 4:00:00 AM,RFC,MIDATL,PEP,PEPCO,1949.513,True
3/16/2025 9:00:00 AM,3/16/2025 5:00:00 AM,RFC,MIDATL,PEP,PEPCO,1973.673,True
3/16/2025 10:00:00 AM,3/16/2025 6:00:00 AM,RFC,MIDATL,PEP,PEPCO,2004.192,True
3/16/2025 11:00:00 AM,3/16/2025 7:00:00 AM,RFC,MIDATL,PEP,PEPCO,2099.786,True
3/16/2025 12:00:00 PM,3/16/2025 8:00:00 AM,RFC,MIDATL,PEP,PEPCO,2194.011,True
3/16/2025 1:00:00 PM,3/16/2025 9:00:00 AM,RFC,MIDATL,PEP,PEPCO,2277.175,True
3/16/2025 2:00:00 PM,3/16/2025 10:00:00 AM,RFC,MIDATL,PEP,PEPCO,2348.492,True
3/16/2025 3:00:00 PM,3/16/2025 11:00:00 AM,RFC,MIDATL,PEP,PEPCO,2375.556,True
3/16/2025 4:00:00 PM,3/16/2025 12:00:00 PM,RFC,MIDATL,PEP,PEPCO,2424.696,True
3/16/2025 5:00:00 PM,3/16/2025 1:00:00 PM,RFC,MIDATL,PEP,PEPCO,2389.108,True
3/16/2025 6:00:00 PM,3/16/2025 2:00:00 PM,RFC,MIDATL,PEP,PEPCO,2342.505,True
3/16/2025 7:00:00 PM,3/16/2025 3:00:00 PM,RFC,MIDATL,PEP,PEPCO,2246.205,True
3/16/2025 8:00:00 PM,3/16/2025 4:00:00 PM,RFC,MIDATL,PEP,PEPCO,2280.001,True
3/16/2025 9:00:00 PM,3/16/2025 5:00:00 PM,RFC,MIDATL,PEP,PEPCO,2405.400,True
3/16/2025 10:00:00 PM,3/16/2025 6:00:00 PM,RFC,MIDATL,PEP,PEPCO,2474.100,True
3/16/2025 11:00:00 PM,3/16/2025 7:00:00 PM,RFC,MIDATL,PEP,PEPCO,2591.424,True
3/17/2025 12:00:00 AM,3/16/2025 8:00:00 PM,RFC,MIDATL,PEP,PEPCO,2570.709,True
3/17/2025 1:00:00 AM,3/16/2025 9:00:00 PM,RFC,MIDATL,PEP,PEPCO,2503.510,True
3/17/2025 2:00:00 AM,3/16/2025 10:00:00 PM,RFC,MIDATL,PEP,PEPCO,2352.235,True
3/17/2025 3:00:00 AM,3/16/2025 11:00:00 PM,RFC,MIDATL,PEP,PEPCO,2194.074,True
3/17/2025 4:00:00 AM,3/17/2025 12:00:00 AM,RFC,MIDATL,PEP,PEPCO,2031.807,True
3/17/2025 5:00:00 AM,3/17/2025 1:00:00 AM,RFC,MIDATL,PEP,PEPCO,1935.259,True
3/17/2025 6:00:00 AM,3/17/2025 2:00:00 AM,RFC,MIDATL,PEP,PEPCO,1906.841,True
3/17/2025 7:00:00 AM,3/17/2025 3:00:00 AM,RFC,MIDATL,PEP,PEPCO,1881.066,True
3/17/2025 8:00:00 AM,3/17/2025 4:00:00 AM,RFC,MIDATL,PEP,PEPCO,1932.332,True
3/17/2025 9:00:00 AM,3/17/2025 5:00:00 AM,RFC,MIDATL,PEP,PEPCO,2123.342,True
3/17/2025 10:00:00 AM,3/17/2025 6:00:00 AM,RFC,MIDATL,PEP,PEPCO,2374.598,True
3/17/2025 11:00:00 AM,3/17/2025 7:00:00 AM,RFC,MIDATL,PEP,PEPCO,2569.189,True
3/17/2025 12:00:00 PM,3/17/2025 8:00:00 AM,RFC,MIDATL,PEP,PEPCO,2618.146,True
3/17/2025 1:00:00 PM,3/17/2025 9:00:00 AM,RFC,MIDATL,PEP,PEPCO,2540.384,True
3/17/2025 2:00:00 PM,3/17/2025 10:00:00 AM,RFC,MIDATL,PEP,PEPCO,2394.657,True
3/17/2025 3:00:00 PM,3/17/2025 11:00:00 AM,RFC,MIDATL,PEP,PEPCO,2330.842,True
3/17/2025 4:00:00 PM,3/17/2025 12:00:00 PM,RFC,MIDATL,PEP,PEPCO,2240.509,True
3/17/2025 5:00:00 PM,3/17/2025 1:00:00 PM,RFC,MIDATL,PEP,PEPCO,2240.893,True
3/17/2025 6:00:00 PM,3/17/2025 2:00:00 PM,RFC,MIDATL,PEP,PEPCO,2244.520,True
3/17/2025 7:00:00 PM,3/17/2025 3:00:00 PM,RFC,MIDATL,PEP,PEPCO,2254.856,True
3/17/2025 8:00:00 PM,3/17/2025 4:00:00 PM,RFC,MIDATL,PEP,PEPCO,2394.745,True
3/17/2025 9:00:00 PM,3/17/2025 5:00:00 PM,RFC,MIDATL,PEP,PEPCO,2504.779,True
3/17/2025 10:00:00 PM,3/17/2025 6:00:00 PM,RFC,MIDATL,PEP,PEPCO,2562.457,True
3/17/2025 11:00:00 PM,3/17/2025 7:00:00 PM,RFC,MIDATL,PEP,PEPCO,2695.339,True
3/18/2025 12:00:00 AM,3/17/2025 8:00:00 PM,RFC,MIDATL,PEP,PEPCO,2747.418,True
3/18/2025 1:00:00 AM,3/17/2025 9:00:00 PM,RFC,MIDATL,PEP,PEPCO,2683.871,True
3/18/2025 2:00:00 AM,3/17/2025 10:00:00 PM,RFC,MIDATL,PEP,PEPCO,2544.535,True
3/18/2025 3:00:00 AM,3/17/2025 11:00:00 PM,RFC,MIDATL,PEP,PEPCO,2414.443,True
3/18/2025 4:00:00 AM,3/18/2025 12:00:00 AM,RFC,MIDATL,PEP,PEPCO,2292.348,True
3/18/2025 5:00:00 AM,3/18/2025 1:00:00 AM,RFC,MIDATL,PEP,PEPCO,2227.838,True
3/18/2025 6:00:00 AM,3/18/2025 2:00:00 AM,RFC,MIDATL,PEP,PEPCO,2204.689,True
3/18/2025 7:00:00 AM,3/18/2025 3:00:00 AM,RFC,MIDATL,PEP,PEPCO,2237.143,True
3/18/2025 8:00:00 AM,3/18/2025 4:00:00 AM,RFC,MIDATL,PEP,PEPCO,2307.093,True
3/18/2025 9:00:00 AM,3/18/2025 5:00:00 AM,RFC,MIDATL,PEP,PEPCO,2587.082,True
3/18/2025 10:00:00 AM,3/18/2025 6:00:00 AM,RFC,MIDATL,PEP,PEPCO,2891.850,True
3/18/2025 11:00:00 AM,3/18/2025 7:00:00 AM,RFC,MIDATL,PEP,PEPCO,3064.707,True
3/18/2025 12:00:00 PM,3/18/2025 8:00:00 AM,RFC,MIDATL,PEP,PEPCO,2962.382,True
3/18/2025 1:00:00 PM,3/18/2025 9:00:00 AM,RFC,MIDATL,PEP,PEPCO,2744.134,True
3/18/2025 2:00:00 PM,3/18/2025 10:00:00 AM,RFC,MIDATL,PEP,PEPCO,2569.278,True
3/18/2025 3:00:00 PM,3/18/2025 11:00:00 AM,RFC,MIDATL,PEP,PEPCO,2402.369,True
3/18/2025 4:00:00 PM,3/18/2025 12:00:00 PM,RFC,MIDATL,PEP,PEPCO,2337.311,True
3/18/2025 5:00:00 PM,3/18/2025 1:00:00 PM,RFC,MIDATL,PEP,PEPCO,2302.250,True
3/18/2025 6:00:00 PM,3/18/2025 2:00:00 PM,RFC,MIDATL,PEP,PEPCO,2259.747,True
3/18/2025 7:00:00 PM,3/18/2025 3:00:00 PM,RFC,MIDATL,PEP,PEPCO,2264.494,True
3/18/2025 8:00:00 PM,3/18/2025 4:00:00 PM,RFC,MIDATL,PEP,PEPCO,2390.866,True
3/18/2025 9:00:00 PM,3/18/2025 5:00:00 PM,RFC,MIDATL,PEP,PEPCO,2430.144,True
3/18/2025 10:00:00 PM,3/18/2025 6:00:00 PM,RFC,MIDATL,PEP,PEPCO,2524.422,True
3/18/2025 11:00:00 PM,3/18/2025 7:00:00 PM,RFC,MIDATL,PEP,PEPCO,2604.624,True
3/19/2025 12:00:00 AM,3/18/2025 8:00:00 PM,RFC,MIDATL,PEP,PEPCO,2583.692,True
3/19/2025 1:00:00 AM,3/18/2025 9:00:00 PM,RFC,MIDATL,PEP,PEPCO,2501.083,True
3/19/2025 2:00:00 AM,3/18/2025 10:00:00 PM,RFC,MIDATL,PEP,PEPCO,2358.046,True
3/19/2025 3:00:00 AM,3/18/2025 11:00:00 PM,RFC,MIDATL,PEP,PEPCO,2234.556,True
3/19/2025 4:00:00 AM,3/19/2025 12:00:00 AM,RFC,MIDATL,PEP,PEPCO,1960.165,True
3/19/2025 5:00:00 AM,3/19/2025 1:00:00 AM,RFC,MIDATL,PEP,PEPCO,1890.167,True
3/19/2025 6:00:00 AM,3/19/2025 2:00:00 AM,RFC,MIDATL,PEP,PEPCO,1891.110,True
3/19/2025 7:00:00 AM,3/19/2025 3:00:00 AM,RFC,MIDATL,PEP,PEPCO,1900.614,True
3/19/2025 8:00:00 AM,3/19/2025 4:00:00 AM,RFC,MIDATL,PEP,PEPCO,1953.364,True
3/19/2025 9:00:00 AM,3/19/2025 5:00:00 AM,RFC,MIDATL,PEP,PEPCO,2188.815,True
3/19/2025 10:00:00 AM,3/19/2025 6:00:00 AM,RFC,MIDATL,PEP,PEPCO,2517.010,True
3/19/2025 11:00:00 AM,3/19/2025 7:00:00 AM,RFC,MIDATL,PEP,PEPCO,2631.260,True
3/19/2025 12:00:00 PM,3/19/2025 8:00:00 AM,RFC,MIDATL,PEP,PEPCO,2578.751,True
3/19/2025 1:00:00 PM,3/19/2025 9:00:00 AM,RFC,MIDATL,PEP,PEPCO,2358.139,True
3/19/2025 2:00:00 PM,3/19/2025 10:00:00 AM,RFC,MIDATL,PEP,PEPCO,2227.651,True
3/19/2025 3:00:00 PM,3/19/2025 11:00:00 AM,RFC,MIDATL,PEP,PEPCO,2175.075,True
3/19/2025 4:00:00 PM,3/19/2025 12:00:00 PM,RFC,MIDATL,PEP,PEPCO,2133.570,True
3/19/2025 5:00:00 PM,3/19/2025 1:00:00 PM,RFC,MIDATL,PEP,PEPCO,2302.227,True
3/19/2025 6:00:00 PM,3/19/2025 2:00:00 PM,RFC,MIDATL,PEP,PEPCO,2343.595,True
3/19/2025 7:00:00 PM,3/19/2025 3:00:00 PM,RFC,MIDATL,PEP,PEPCO,2317.059,True
3/19/2025 8:00:00 PM,3/19/2025 4:00:00 PM,RFC,MIDATL,PEP,PEPCO,2432.006,True
3/19/2025 9:00:00 PM,3/19/2025 5:00:00 PM,RFC,MIDATL,PEP,PEPCO,2405.349,True
3/19/2025 10:00:00 PM,3/19/2025 6:00:00 PM,RFC,MIDATL,PEP,PEPCO,2435.818,True
3/19/2025 11:00:00 PM,3/19/2025 7:00:00 PM,RFC,MIDATL,PEP,PEPCO,2455.682,True
3/20/2025 12:00:00 AM,3/19/2025 8:00:00 PM,RFC,MIDATL,PEP,PEPCO,2395.781,True
3/20/2025 1:00:00 AM,3/19/2025 9:00:00 PM,RFC,MIDATL,PEP,PEPCO,2283.586,True
3/20/2025 2:00:00 AM,3/19/2025 10:00:00 PM,RFC,MIDATL,PEP,PEPCO,2167.252,True
3/20/2025 3:00:00 AM,3/19/2025 11:00:00 PM,RFC,MIDATL,PEP,PEPCO,2008.604,True
3/20/2025 4:00:00 AM,3/20/2025 12:00:00 AM,RFC,MIDATL,PEP,PEPCO,2011.616,True
3/20/2025 5:00:00 AM,3/20/2025 1:00:00 AM,RFC,MIDATL,PEP,PEPCO,1938.758,True
3/20/2025 6:00:00 AM,3/20/2025 2:00:00 AM,RFC,MIDATL,PEP,PEPCO,1876.660,True
3/20/2025 7:00:00 AM,3/20/2025 3:00:00 AM,RFC,MIDATL,PEP,PEPCO,1887.400,True
3/20/2025 8:00:00 AM,3/20/2025 4:00:00 AM,RFC,MIDATL,PEP,PEPCO,1948.929,True
3/20/2025 9:00:00 AM,3/20/2025 5:00:00 AM,RFC,MIDATL,PEP,PEPCO,2157.551,True
3/20/2025 10:00:00 AM,3/20/2025 6:00:00 AM,RFC,MIDATL,PEP,PEPCO,2469.684,True
3/20/2025 11:00:00 AM,3/20/2025 7:00:00 AM,RFC,MIDATL,PEP,PEPCO,2645.792,True
3/20/2025 12:00:00 PM,3/20/2025 8:00:00 AM,RFC,MIDATL,PEP,PEPCO,2621.514,True
3/20/2025 1:00:00 PM,3/20/2025 9:00:00 AM,RFC,MIDATL,PEP,PEPCO,2557.675,True
3/20/2025 2:00:00 PM,3/20/2025 10:00:00 AM,RFC,MIDATL,PEP,PEPCO,2491.116,True
3/20/2025 3:00:00 PM,3/20/2025 11:00:00 AM,RFC,MIDATL,PEP,PEPCO,2388.036,True
3/20/2025 4:00:00 PM,3/20/2025 12:00:00 PM,RFC,MIDATL,PEP,PEPCO,2340.886,True
3/20/2025 5:00:00 PM,3/20/2025 1:00:00 PM,RFC,MIDATL,PEP,PEPCO,2263.221,True
3/20/2025 6:00:00 PM,3/20/2025 2:00:00 PM,RFC,MIDATL,PEP,PEPCO,2288.721,True
3/20/2025 7:00:00 PM,3/20/2025 3:00:00 PM,RFC,MIDATL,PEP,PEPCO,2397.993,True
3/20/2025 8:00:00 PM,3/20/2025 4:00:00 PM,RFC,MIDATL,PEP,PEPCO,2457.890,True
3/20/2025 9:00:00 PM,3/20/2025 5:00:00 PM,RFC,MIDATL,PEP,PEPCO,2602.668,True
3/20/2025 10:00:00 PM,3/20/2025 6:00:00 PM,RFC,MIDATL,PEP,PEPCO,2606.238,True
3/20/2025 11:00:00 PM,3/20/2025 7:00:00 PM,RFC,MIDATL,PEP,PEPCO,2590.104,True
3/21/2025 12:00:00 AM,3/20/2025 8:00:00 PM,RFC,MIDATL,PEP,PEPCO,2507.896,True
3/21/2025 1:00:00 AM,3/20/2025 9:00:00 PM,RFC,MIDATL,PEP,PEPCO,2400.368,True
3/21/2025 2:00:00 AM,3/20/2025 10:00:00 PM,RFC,MIDATL,PEP,PEPCO,2287.627,True
3/21/2025 3:00:00 AM,3/20/2025 11:00:00 PM,RFC,MIDATL,PEP,PEPCO,2157.528,True
3/21/2025 4:00:00 AM,3/21/2025 12:00:00 AM,RFC,MIDATL,PEP,PEPCO,2043.623,True
3/21/2025 5:00:00 AM,3/21/2025 1:00:00 AM,RFC,MIDATL,PEP,PEPCO,1964.143,True
3/21/2025 6:00:00 AM,3/21/2025 2:00:00 AM,RFC,MIDATL,PEP,PEPCO,1973.023,True
3/21/2025 7:00:00 AM,3/21/2025 3:00:00 AM,RFC,MIDATL,PEP,PEPCO,1979.524,True
3/21/2025 8:00:00 AM,3/21/2025 4:00:00 AM,RFC,MIDATL,PEP,PEPCO,2084.151,True
3/21/2025 9:00:00 AM,3/21/2025 5:00:00 AM,RFC,MIDATL,PEP,PEPCO,2334.660,True
3/21/2025 10:00:00 AM,3/21/2025 6:00:00 AM,RFC,MIDATL,PEP,PEPCO,2641.480,True
3/21/2025 11:00:00 AM,3/21/2025 7:00:00 AM,RFC,MIDATL,PEP,PEPCO,2843.291,True
3/21/2025 12:00:00 PM,3/21/2025 8:00:00 AM,RFC,MIDATL,PEP,PEPCO,2832.915,True
3/21/2025 1:00:00 PM,3/21/2025 9:00:00 AM,RFC,MIDATL,PEP,PEPCO,2694.303,True
3/21/2025 2:00:00 PM,3/21/2025 10:00:00 AM,RFC,MIDATL,PEP,PEPCO,2533.068,True
3/21/2025 3:00:00 PM,3/21/2025 11:00:00 AM,RFC,MIDATL,PEP,PEPCO,2449.465,True
3/21/2025 4:00:00 PM,3/21/2025 12:00:00 PM,RFC,MIDATL,PEP,PEPCO,2326.310,True
3/21/2025 5:00:00 PM,3/21/2025 1:00:00 PM,RFC,MIDATL,PEP,PEPCO,2297.937,True
3/21/2025 6:00:00 PM,3/21/2025 2:00:00 PM,RFC,MIDATL,PEP,PEPCO,2263.053,True
3/21/2025 7:00:00 PM,3/21/2025 3:00:00 PM,RFC,MIDATL,PEP,PEPCO,2254.622,True
3/21/2025 8:00:00 PM,3/21/2025 4:00:00 PM,RFC,MIDATL,PEP,PEPCO,2326.402,True
3/21/2025 9:00:00 PM,3/21/2025 5:00:00 PM,RFC,MIDATL,PEP,PEPCO,2363.515,True
3/21/2025 10:00:00 PM,3/21/2025 6:00:00 PM,RFC,MIDATL,PEP,PEPCO,2372.978,True
3/21/2025 11:00:00 PM,3/21/2025 7:00:00 PM,RFC,MIDATL,PEP,PEPCO,2417.087,True
3/22/2025 12:00:00 AM,3/21/2025 8:00:00 PM,RFC,MIDATL,PEP,PEPCO,2435.193,True
3/22/2025 1:00:00 AM,3/21/2025 9:00:00 PM,RFC,MIDATL,PEP,PEPCO,2488.878,True
3/22/2025 2:00:00 AM,3/21/2025 10:00:00 PM,RFC,MIDATL,PEP,PEPCO,2413.288,True
3/22/2025 3:00:00 AM,3/21/2025 11:00:00 PM,RFC,MIDATL,PEP,PEPCO,2303.022,True
3/22/2025 4:00:00 AM,3/22/2025 12:00:00 AM,RFC,MIDATL,PEP,PEPCO,2185.370,True
3/22/2025 5:00:00 AM,3/22/2025 1:00:00 AM,RFC,MIDATL,PEP,PEPCO,2122.715,True
3/22/2025 6:00:00 AM,3/22/2025 2:00:00 AM,RFC,MIDATL,PEP,PEPCO,2045.781,True
3/22/2025 7:00:00 AM,3/22/2025 3:00:00 AM,RFC,MIDATL,PEP,PEPCO,2060.651,True
3/22/2025 8:00:00 AM,3/22/2025 4:00:00 AM,RFC,MIDATL,PEP,PEPCO,2042.660,True
3/22/2025 9:00:00 AM,3/22/2025 5:00:00 AM,RFC,MIDATL,PEP,PEPCO,2104.642,True
3/22/2025 10:00:00 AM,3/22/2025 6:00:00 AM,RFC,MIDATL,PEP,PEPCO,2215.496,True
3/22/2025 11:00:00 AM,3/22/2025 7:00:00 AM,RFC,MIDATL,PEP,PEPCO,2318.519,True
3/22/2025 12:00:00 PM,3/22/2025 8:00:00 AM,RFC,MIDATL,PEP,PEPCO,2398.449,True
3/22/2025 1:00:00 PM,3/22/2025 9:00:00 AM,RFC,MIDATL,PEP,PEPCO,2406.053,True
3/22/2025 2:00:00 PM,3/22/2025 10:00:00 AM,RFC,MIDATL,PEP,PEPCO,2332.417,True
3/22/2025 3:00:00 PM,3/22/2025 11:00:00 AM,RFC,MIDATL,PEP,PEPCO,2253.553,True
3/22/2025 4:00:00 PM,3/22/2025 12:00:00 PM,RFC,MIDATL,PEP,PEPCO,2075.494,True
3/22/2025 5:00:00 PM,3/22/2025 1:00:00 PM,RFC,MIDATL,PEP,PEPCO,2132.734,True
3/22/2025 6:00:00 PM,3/22/2025 2:00:00 PM,RFC,MIDATL,PEP,PEPCO,1985.873,True
3/22/2025 7:00:00 PM,3/22/2025 3:00:00 PM,RFC,MIDATL,PEP,PEPCO,1987.723,True
3/22/2025 8:00:00 PM,3/22/2025 4:00:00 PM,RFC,MIDATL,PEP,PEPCO,2084.418,True
3/22/2025 9:00:00 PM,3/22/2025 5:00:00 PM,RFC,MIDATL,PEP,PEPCO,2171.352,True
3/22/2025 10:00:00 PM,3/22/2025 6:00:00 PM,RFC,MIDATL,PEP,PEPCO,2311.574,True
3/22/2025 11:00:00 PM,3/22/2025 7:00:00 PM,RFC,MIDATL,PEP,PEPCO,2381.829,True
3/23/2025 12:00:00 AM,3/22/2025 8:00:00 PM,RFC,MIDATL,PEP,PEPCO,2414.709,True
3/23/2025 1:00:00 AM,3/22/2025 9:00:00 PM,RFC,MIDATL,PEP,PEPCO,2369.267,True
3/23/2025 2:00:00 AM,3/22/2025 10:00:00 PM,RFC,MIDATL,PEP,PEPCO,2321.491,True
3/23/2025 3:00:00 AM,3/22/2025 11:00:00 PM,RFC,MIDATL,PEP,PEPCO,2235.484,True
3/23/2025 4:00:00 AM,3/23/2025 12:00:00 AM,RFC,MIDATL,PEP,PEPCO,2144.100,True
3/23/2025 5:00:00 AM,3/23/2025 1:00:00 AM,RFC,MIDATL,PEP,PEPCO,2046.129,True
3/23/2025 6:00:00 AM,3/23/2025 2:00:00 AM,RFC,MIDATL,PEP,PEPCO,2026.984,True
3/23/2025 7:00:00 AM,3/23/2025 3:00:00 AM,RFC,MIDATL,PEP,PEPCO,2027.924,True
3/23/2025 8:00:00 AM,3/23/2025 4:00:00 AM,RFC,MIDATL,PEP,PEPCO,2026.310,True
3/23/2025 9:00:00 AM,3/23/2025 5:00:00 AM,RFC,MIDATL,PEP,PEPCO,2104.974,True
3/23/2025 10:00:00 AM,3/23/2025 6:00:00 AM,RFC,MIDATL,PEP,PEPCO,2208.075,True
3/23/2025 11:00:00 AM,3/23/2025 7:00:00 AM,RFC,MIDATL,PEP,PEPCO,2306.877,True
3/23/2025 12:00:00 PM,3/23/2025 8:00:00 AM,RFC,MIDATL,PEP,PEPCO,2330.741,True
3/23/2025 1:00:00 PM,3/23/2025 9:00:00 AM,RFC,MIDATL,PEP,PEPCO,2236.363,True
3/23/2025 2:00:00 PM,3/23/2025 10:00:00 AM,RFC,MIDATL,PEP,PEPCO,2153.184,True
3/23/2025 3:00:00 PM,3/23/2025 11:00:00 AM,RFC,MIDATL,PEP,PEPCO,2063.014,True
3/23/2025 4:00:00 PM,3/23/2025 12:00:00 PM,RFC,MIDATL,PEP,PEPCO,2054.052,True
3/23/2025 5:00:00 PM,3/23/2025 1:00:00 PM,RFC,MIDATL,PEP,PEPCO,2006.735,True
3/23/2025 6:00:00 PM,3/23/2025 2:00:00 PM,RFC,MIDATL,PEP,PEPCO,1958.593,True
3/23/2025 7:00:00 PM,3/23/2025 3:00:00 PM,RFC,MIDATL,PEP,PEPCO,2026.694,True
3/23/2025 8:00:00 PM,3/23/2025 4:00:00 PM,RFC,MIDATL,PEP,PEPCO,2093.373,True
3/23/2025 9:00:00 PM,3/23/2025 5:00:00 PM,RFC,MIDATL,PEP,PEPCO,2308.337,True
3/23/2025 10:00:00 PM,3/23/2025 6:00:00 PM,RFC,MIDATL,PEP,PEPCO,2425.124,True
3/23/2025 11:00:00 PM,3/23/2025 7:00:00 PM,RFC,MIDATL,PEP,PEPCO,2553.646,True
3/24/2025 12:00:00 AM,3/23/2025 8:00:00 PM,RFC,MIDATL,PEP,PEPCO,2583.793,True
3/24/2025 1:00:00 AM,3/23/2025 9:00:00 PM,RFC,MIDATL,PEP,PEPCO,2502.770,True
3/24/2025 2:00:00 AM,3/23/2025 10:00:00 PM,RFC,MIDATL,PEP,PEPCO,2383.132,True
3/24/2025 3:00:00 AM,3/23/2025 11:00:00 PM,RFC,MIDATL,PEP,PEPCO,2233.207,True
3/24/2025 4:00:00 AM,3/24/2025 12:00:00 AM,RFC,MIDATL,PEP,PEPCO,2085.288,True
3/24/2025 5:00:00 AM,3/24/2025 1:00:00 AM,RFC,MIDATL,PEP,PEPCO,2012.794,True
3/24/2025 6:00:00 AM,3/24/2025 2:00:00 AM,RFC,MIDATL,PEP,PEPCO,1975.133,True
3/24/2025 7:00:00 AM,3/24/2025 3:00:00 AM,RFC,MIDATL,PEP,PEPCO,1972.800,True
3/24/2025 8:00:00 AM,3/24/2025 4:00:00 AM,RFC,MIDATL,PEP,PEPCO,2029.943,True
3/24/2025 9:00:00 AM,3/24/2025 5:00:00 AM,RFC,MIDATL,PEP,PEPCO,2255.991,True
3/24/2025 10:00:00 AM,3/24/2025 6:00:00 AM,RFC,MIDATL,PEP,PEPCO,2545.357,True
3/24/2025 11:00:00 AM,3/24/2025 7:00:00 AM,RFC,MIDATL,PEP,PEPCO,2702.456,True
3/24/2025 12:00:00 PM,3/24/2025 8:00:00 AM,RFC,MIDATL,PEP,PEPCO,2759.560,True
3/24/2025 1:00:00 PM,3/24/2025 9:00:00 AM,RFC,MIDATL,PEP,PEPCO,2775.275,True
3/24/2025 2:00:00 PM,3/24/2025 10:00:00 AM,RFC,MIDATL,PEP,PEPCO,2770.162,True
3/24/2025 3:00:00 PM,3/24/2025 11:00:00 AM,RFC,MIDATL,PEP,PEPCO,2752.801,True
3/24/2025 4:00:00 PM,3/24/2025 12:00:00 PM,RFC,MIDATL,PEP,PEPCO,2738.051,True
3/24/2025 5:00:00 PM,3/24/2025 1:00:00 PM,RFC,MIDATL,PEP,PEPCO,2709.696,True
3/24/2025 6:00:00 PM,3/24/2025 2:00:00 PM,RFC,MIDATL,PEP,PEPCO,2702.453,True
3/24/2025 7:00:00 PM,3/24/2025 3:00:00 PM,RFC,MIDATL,PEP,PEPCO,2565.730,True
3/24/2025 8:00:00 PM,3/24/2025 4:00:00 PM,RFC,MIDATL,PEP,PEPCO,2461.493,True
3/24/2025 9:00:00 PM,3/24/2025 5:00:00 PM,RFC,MIDATL,PEP,PEPCO,2493.580,True
3/24/2025 10:00:00 PM,3/24/2025 6:00:00 PM,RFC,MIDATL,PEP,PEPCO,2521.536,True
3/24/2025 11:00:00 PM,3/24/2025 7:00:00 PM,RFC,MIDATL,PEP,PEPCO,2604.013,True
3/25/2025 12:00:00 AM,3/24/2025 8:00:00 PM,RFC,MIDATL,PEP,PEPCO,2632.663,True
3/25/2025 1:00:00 AM,3/24/2025 9:00:00 PM,RFC,MIDATL,PEP,PEPCO,2526.318,True
3/25/2025 2:00:00 AM,3/24/2025 10:00:00 PM,RFC,MIDATL,PEP,PEPCO,2382.481,True
3/25/2025 3:00:00 AM,3/24/2025 11:00:00 PM,RFC,MIDATL,PEP,PEPCO,2225.580,True
3/25/2025 4:00:00 AM,3/25/2025 12:00:00 AM,RFC,MIDATL,PEP,PEPCO,2117.421,True
3/25/2025 5:00:00 AM,3/25/2025 1:00:00 AM,RFC,MIDATL,PEP,PEPCO,2017.310,True
3/25/2025 6:00:00 AM,3/25/2025 2:00:00 AM,RFC,MIDATL,PEP,PEPCO,1987.326,True
3/25/2025 7:00:00 AM,3/25/2025 3:00:00 AM,RFC,MIDATL,PEP,PEPCO,1978.240,True
3/25/2025 8:00:00 AM,3/25/2025 4:00:00 AM,RFC,MIDATL,PEP,PEPCO,2059.242,True
3/25/2025 9:00:00 AM,3/25/2025 5:00:00 AM,RFC,MIDATL,PEP,PEPCO,2277.999,True
3/25/2025 10:00:00 AM,3/25/2025 6:00:00 AM,RFC,MIDATL,PEP,PEPCO,2595.168,True
3/25/2025 11:00:00 AM,3/25/2025 7:00:00 AM,RFC,MIDATL,PEP,PEPCO,2748.846,True
3/25/2025 12:00:00 PM,3/25/2025 8:00:00 AM,RFC,MIDATL,PEP,PEPCO,2677.974,True
3/25/2025 1:00:00 PM,3/25/2025 9:00:00 AM,RFC,MIDATL,PEP,PEPCO,2536.296,True
3/25/2025 2:00:00 PM,3/25/2025 10:00:00 AM,RFC,MIDATL,PEP,PEPCO,2380.014,True
3/25/2025 3:00:00 PM,3/25/2025 11:00:00 AM,RFC,MIDATL,PEP,PEPCO,2312.216,True
3/25/2025 4:00:00 PM,3/25/2025 12:00:00 PM,RFC,MIDATL,PEP,PEPCO,2249.621,True
3/25/2025 5:00:00 PM,3/25/2025 1:00:00 PM,RFC,MIDATL,PEP,PEPCO,2228.284,True
3/25/2025 6:00:00 PM,3/25/2025 2:00:00 PM,RFC,MIDATL,PEP,PEPCO,2283.871,True
3/25/2025 7:00:00 PM,3/25/2025 3:00:00 PM,RFC,MIDATL,PEP,PEPCO,2325.949,True
3/25/2025 8:00:00 PM,3/25/2025 4:00:00 PM,RFC,MIDATL,PEP,PEPCO,2485.366,True
3/25/2025 9:00:00 PM,3/25/2025 5:00:00 PM,RFC,MIDATL,PEP,PEPCO,2541.525,True
3/25/2025 10:00:00 PM,3/25/2025 6:00:00 PM,RFC,MIDATL,PEP,PEPCO,2552.669,True
3/25/2025 11:00:00 PM,3/25/2025 7:00:00 PM,RFC,MIDATL,PEP,PEPCO,2616.773,True
3/26/2025 12:00:00 AM,3/25/2025 8:00:00 PM,RFC,MIDATL,PEP,PEPCO,2573.466,True
3/26/2025 1:00:00 AM,3/25/2025 9:00:00 PM,RFC,MIDATL,PEP,PEPCO,2495.038,True
3/26/2025 2:00:00 AM,3/25/2025 10:00:00 PM,RFC,MIDATL,PEP,PEPCO,2354.965,True
3/26/2025 3:00:00 AM,3/25/2025 11:00:00 PM,RFC,MIDATL,PEP,PEPCO,2216.731,True
3/26/2025 4:00:00 AM,3/26/2025 12:00:00 AM,RFC,MIDATL,PEP,PEPCO,2088.519,True
3/26/2025 5:00:00 AM,3/26/2025 1:00:00 AM,RFC,MIDATL,PEP,PEPCO,1986.710,True
3/26/2025 6:00:00 AM,3/26/2025 2:00:00 AM,RFC,MIDATL,PEP,PEPCO,1990.649,True
3/26/2025 7:00:00 AM,3/26/2025 3:00:00 AM,RFC,MIDATL,PEP,PEPCO,1992.845,True
3/26/2025 8:00:00 AM,3/26/2025 4:00:00 AM,RFC,MIDATL,PEP,PEPCO,2059.974,True
3/26/2025 9:00:00 AM,3/26/2025 5:00:00 AM,RFC,MIDATL,PEP,PEPCO,2284.021,True
3/26/2025 10:00:00 AM,3/26/2025 6:00:00 AM,RFC,MIDATL,PEP,PEPCO,2587.563,True
3/26/2025 11:00:00 AM,3/26/2025 7:00:00 AM,RFC,MIDATL,PEP,PEPCO,2799.374,True
3/26/2025 12:00:00 PM,3/26/2025 8:00:00 AM,RFC,MIDATL,PEP,PEPCO,2737.532,True
3/26/2025 1:00:00 PM,3/26/2025 9:00:00 AM,RFC,MIDATL,PEP,PEPCO,2574.956,True
3/26/2025 2:00:00 PM,3/26/2025 10:00:00 AM,RFC,MIDATL,PEP,PEPCO,2469.115,True
3/26/2025 3:00:00 PM,3/26/2025 11:00:00 AM,RFC,MIDATL,PEP,PEPCO,2451.105,True
3/26/2025 4:00:00 PM,3/26/2025 12:00:00 PM,RFC,MIDATL,PEP,PEPCO,2382.392,True
3/26/2025 5:00:00 PM,3/26/2025 1:00:00 PM,RFC,MIDATL,PEP,PEPCO,2321.215,True
3/26/2025 6:00:00 PM,3/26/2025 2:00:00 PM,RFC,MIDATL,PEP,PEPCO,2286.539,True
3/26/2025 7:00:00 PM,3/26/2025 3:00:00 PM,RFC,MIDATL,PEP,PEPCO,2339.608,True
3/26/2025 8:00:00 PM,3/26/2025 4:00:00 PM,RFC,MIDATL,PEP,PEPCO,2392.156,True
3/26/2025 9:00:00 PM,3/26/2025 5:00:00 PM,RFC,MIDATL,PEP,PEPCO,2507.481,True
3/26/2025 10:00:00 PM,3/26/2025 6:00:00 PM,RFC,MIDATL,PEP,PEPCO,2597.661,True
3/26/2025 11:00:00 PM,3/26/2025 7:00:00 PM,RFC,MIDATL,PEP,PEPCO,2698.373,True
3/27/2025 12:00:00 AM,3/26/2025 8:00:00 PM,RFC,MIDATL,PEP,PEPCO,2705.304,True
3/27/2025 1:00:00 AM,3/26/2025 9:00:00 PM,RFC,MIDATL,PEP,PEPCO,2666.831,True
3/27/2025 2:00:00 AM,3/26/2025 10:00:00 PM,RFC,MIDATL,PEP,PEPCO,2518.453,True
3/27/2025 3:00:00 AM,3/26/2025 11:00:00 PM,RFC,MIDATL,PEP,PEPCO,2408.436,True
3/27/2025 4:00:00 AM,3/27/2025 12:00:00 AM,RFC,MIDATL,PEP,PEPCO,2319.081,True
3/27/2025 5:00:00 AM,3/27/2025 1:00:00 AM,RFC,MIDATL,PEP,PEPCO,2226.630,True
3/27/2025 6:00:00 AM,3/27/2025 2:00:00 AM,RFC,MIDATL,PEP,PEPCO,2216.312,True
3/27/2025 7:00:00 AM,3/27/2025 3:00:00 AM,RFC,MIDATL,PEP,PEPCO,2264.920,True
3/27/2025 8:00:00 AM,3/27/2025 4:00:00 AM,RFC,MIDATL,PEP,PEPCO,2351.811,True
3/27/2025 9:00:00 AM,3/27/2025 5:00:00 AM,RFC,MIDATL,PEP,PEPCO,2598.921,True
3/27/2025 10:00:00 AM,3/27/2025 6:00:00 AM,RFC,MIDATL,PEP,PEPCO,2938.426,True
3/27/2025 11:00:00 AM,3/27/2025 7:00:00 AM,RFC,MIDATL,PEP,PEPCO,3110.094,True
3/27/2025 12:00:00 PM,3/27/2025 8:00:00 AM,RFC,MIDATL,PEP,PEPCO,2984.910,True
3/27/2025 1:00:00 PM,3/27/2025 9:00:00 AM,RFC,MIDATL,PEP,PEPCO,2779.306,True
3/27/2025 2:00:00 PM,3/27/2025 10:00:00 AM,RFC,MIDATL,PEP,PEPCO,2575.957,True
3/27/2025 3:00:00 PM,3/27/2025 11:00:00 AM,RFC,MIDATL,PEP,PEPCO,2466.570,True
3/27/2025 4:00:00 PM,3/27/2025 12:00:00 PM,RFC,MIDATL,PEP,PEPCO,2378.561,True
3/27/2025 5:00:00 PM,3/27/2025 1:00:00 PM,RFC,MIDATL,PEP,PEPCO,2333.594,True
3/27/2025 6:00:00 PM,3/27/2025 2:00:00 PM,RFC,MIDATL,PEP,PEPCO,2300.279,True
3/27/2025 7:00:00 PM,3/27/2025 3:00:00 PM,RFC,MIDATL,PEP,PEPCO,2266.518,True
3/27/2025 8:00:00 PM,3/27/2025 4:00:00 PM,RFC,MIDATL,PEP,PEPCO,2389.194,True
3/27/2025 9:00:00 PM,3/27/2025 5:00:00 PM,RFC,MIDATL,PEP,PEPCO,2492.270,True
3/27/2025 10:00:00 PM,3/27/2025 6:00:00 PM,RFC,MIDATL,PEP,PEPCO,2524.393,True
3/27/2025 11:00:00 PM,3/27/2025 7:00:00 PM,RFC,MIDATL,PEP,PEPCO,2578.735,True
3/28/2025 12:00:00 AM,3/27/2025 8:00:00 PM,RFC,MIDATL,PEP,PEPCO,2624.303,True
3/28/2025 1:00:00 AM,3/27/2025 9:00:00 PM,RFC,MIDATL,PEP,PEPCO,2542.676,True
3/28/2025 2:00:00 AM,3/27/2025 10:00:00 PM,RFC,MIDATL,PEP,PEPCO,2448.288,True
3/28/2025 3:00:00 AM,3/27/2025 11:00:00 PM,RFC,MIDATL,PEP,PEPCO,2288.575,True
3/28/2025 4:00:00 AM,3/28/2025 12:00:00 AM,RFC,MIDATL,PEP,PEPCO,2204.386,True
3/28/2025 5:00:00 AM,3/28/2025 1:00:00 AM,RFC,MIDATL,PEP,PEPCO,2121.057,True
3/28/2025 6:00:00 AM,3/28/2025 2:00:00 AM,RFC,MIDATL,PEP,PEPCO,2082.055,True
3/28/2025 7:00:00 AM,3/28/2025 3:00:00 AM,RFC,MIDATL,PEP,PEPCO,2076.801,True
3/28/2025 8:00:00 AM,3/28/2025 4:00:00 AM,RFC,MIDATL,PEP,PEPCO,2122.634,True
3/28/2025 9:00:00 AM,3/28/2025 5:00:00 AM,RFC,MIDATL,PEP,PEPCO,2346.716,True
3/28/2025 10:00:00 AM,3/28/2025 6:00:00 AM,RFC,MIDATL,PEP,PEPCO,2596.032,True
3/28/2025 11:00:00 AM,3/28/2025 7:00:00 AM,RFC,MIDATL,PEP,PEPCO,2759.708,True
3/28/2025 12:00:00 PM,3/28/2025 8:00:00 AM,RFC,MIDATL,PEP,PEPCO,2754.245,True
3/28/2025 1:00:00 PM,3/28/2025 9:00:00 AM,RFC,MIDATL,PEP,PEPCO,2642.603,True
3/28/2025 2:00:00 PM,3/28/2025 10:00:00 AM,RFC,MIDATL,PEP,PEPCO,2502.876,True
3/28/2025 3:00:00 PM,3/28/2025 11:00:00 AM,RFC,MIDATL,PEP,PEPCO,2389.183,True
3/28/2025 4:00:00 PM,3/28/2025 12:00:00 PM,RFC,MIDATL,PEP,PEPCO,2280.341,True
3/28/2025 5:00:00 PM,3/28/2025 1:00:00 PM,RFC,MIDATL,PEP,PEPCO,2394.155,True
3/28/2025 6:00:00 PM,3/28/2025 2:00:00 PM,RFC,MIDATL,PEP,PEPCO,2513.367,True
3/28/2025 7:00:00 PM,3/28/2025 3:00:00 PM,RFC,MIDATL,PEP,PEPCO,2411.495,True
3/28/2025 8:00:00 PM,3/28/2025 4:00:00 PM,RFC,MIDATL,PEP,PEPCO,2426.739,True
3/28/2025 9:00:00 PM,3/28/2025 5:00:00 PM,RFC,MIDATL,PEP,PEPCO,2535.477,True
3/28/2025 10:00:00 PM,3/28/2025 6:00:00 PM,RFC,MIDATL,PEP,PEPCO,2490.212,True
3/28/2025 11:00:00 PM,3/28/2025 7:00:00 PM,RFC,MIDATL,PEP,PEPCO,2481.745,True
3/29/2025 12:00:00 AM,3/28/2025 8:00:00 PM,RFC,MIDATL,PEP,PEPCO,2452.852,True
3/29/2025 1:00:00 AM,3/28/2025 9:00:00 PM,RFC,MIDATL,PEP,PEPCO,2389.309,True
3/29/2025 2:00:00 AM,3/28/2025 10:00:00 PM,RFC,MIDATL,PEP,PEPCO,2273.730,True
3/29/2025 3:00:00 AM,3/28/2025 11:00:00 PM,RFC,MIDATL,PEP,PEPCO,2167.059,True
3/29/2025 4:00:00 AM,3/29/2025 12:00:00 AM,RFC,MIDATL,PEP,PEPCO,2039.801,True
3/29/2025 5:00:00 AM,3/29/2025 1:00:00 AM,RFC,MIDATL,PEP,PEPCO,1960.403,True
3/29/2025 6:00:00 AM,3/29/2025 2:00:00 AM,RFC,MIDATL,PEP,PEPCO,1898.688,True
3/29/2025 7:00:00 AM,3/29/2025 3:00:00 AM,RFC,MIDATL,PEP,PEPCO,1867.243,True
3/29/2025 8:00:00 AM,3/29/2025 4:00:00 AM,RFC,MIDATL,PEP,PEPCO,1824.851,True
3/29/2025 9:00:00 AM,3/29/2025 5:00:00 AM,RFC,MIDATL,PEP,PEPCO,1896.888,True
3/29/2025 10:00:00 AM,3/29/2025 6:00:00 AM,RFC,MIDATL,PEP,PEPCO,1955.044,True
3/29/2025 11:00:00 AM,3/29/2025 7:00:00 AM,RFC,MIDATL,PEP,PEPCO,2028.063,True
3/29/2025 12:00:00 PM,3/29/2025 8:00:00 AM,RFC,MIDATL,PEP,PEPCO,2182.331,True
3/29/2025 1:00:00 PM,3/29/2025 9:00:00 AM,RFC,MIDATL,PEP,PEPCO,2240.075,True
3/29/2025 2:00:00 PM,3/29/2025 10:00:00 AM,RFC,MIDATL,PEP,PEPCO,2239.780,True
3/29/2025 3:00:00 PM,3/29/2025 11:00:00 AM,RFC,MIDATL,PEP,PEPCO,2195.854,True
3/29/2025 4:00:00 PM,3/29/2025 12:00:00 PM,RFC,MIDATL,PEP,PEPCO,2117.364,True
3/29/2025 5:00:00 PM,3/29/2025 1:00:00 PM,RFC,MIDATL,PEP,PEPCO,2188.045,True
3/29/2025 6:00:00 PM,3/29/2025 2:00:00 PM,RFC,MIDATL,PEP,PEPCO,2115.807,True
3/29/2025 7:00:00 PM,3/29/2025 3:00:00 PM,RFC,MIDATL,PEP,PEPCO,2183.116,True
3/29/2025 8:00:00 PM,3/29/2025 4:00:00 PM,RFC,MIDATL,PEP,PEPCO,2269.210,True
3/29/2025 9:00:00 PM,3/29/2025 5:00:00 PM,RFC,MIDATL,PEP,PEPCO,2336.437,True
3/29/2025 10:00:00 PM,3/29/2025 6:00:00 PM,RFC,MIDATL,PEP,PEPCO,2402.021,True
3/29/2025 11:00:00 PM,3/29/2025 7:00:00 PM,RFC,MIDATL,PEP,PEPCO,2448.968,True
3/30/2025 12:00:00 AM,3/29/2025 8:00:00 PM,RFC,MIDATL,PEP,PEPCO,2468.223,True
3/30/2025 1:00:00 AM,3/29/2025 9:00:00 PM,RFC,MIDATL,PEP,PEPCO,2405.062,True
3/30/2025 2:00:00 AM,3/29/2025 10:00:00 PM,RFC,MIDATL,PEP,PEPCO,2361.166,True
3/30/2025 3:00:00 AM,3/29/2025 11:00:00 PM,RFC,MIDATL,PEP,PEPCO,2227.380,True
3/30/2025 4:00:00 AM,3/30/2025 12:00:00 AM,RFC,MIDATL,PEP,PEPCO,2098.477,True
3/30/2025 5:00:00 AM,3/30/2025 1:00:00 AM,RFC,MIDATL,PEP,PEPCO,1988.133,True
3/30/2025 6:00:00 AM,3/30/2025 2:00:00 AM,RFC,MIDATL,PEP,PEPCO,1905.091,True
3/30/2025 7:00:00 AM,3/30/2025 3:00:00 AM,RFC,MIDATL,PEP,PEPCO,1855.542,True
3/30/2025 8:00:00 AM,3/30/2025 4:00:00 AM,RFC,MIDATL,PEP,PEPCO,1846.419,True
3/30/2025 9:00:00 AM,3/30/2025 5:00:00 AM,RFC,MIDATL,PEP,PEPCO,1858.513,True
3/30/2025 10:00:00 AM,3/30/2025 6:00:00 AM,RFC,MIDATL,PEP,PEPCO,1881.976,True
3/30/2025 11:00:00 AM,3/30/2025 7:00:00 AM,RFC,MIDATL,PEP,PEPCO,1985.602,True
3/30/2025 12:00:00 PM,3/30/2025 8:00:00 AM,RFC,MIDATL,PEP,PEPCO,2095.885,True
3/30/2025 1:00:00 PM,3/30/2025 9:00:00 AM,RFC,MIDATL,PEP,PEPCO,2106.058,True
3/30/2025 2:00:00 PM,3/30/2025 10:00:00 AM,RFC,MIDATL,PEP,PEPCO,2078.184,True
3/30/2025 3:00:00 PM,3/30/2025 11:00:00 AM,RFC,MIDATL,PEP,PEPCO,2105.302,True
3/30/2025 4:00:00 PM,3/30/2025 12:00:00 PM,RFC,MIDATL,PEP,PEPCO,2144.659,True
3/30/2025 5:00:00 PM,3/30/2025 1:00:00 PM,RFC,MIDATL,PEP,PEPCO,2229.171,True
3/30/2025 6:00:00 PM,3/30/2025 2:00:00 PM,RFC,MIDATL,PEP,PEPCO,2341.938,True
3/30/2025 7:00:00 PM,3/30/2025 3:00:00 PM,RFC,MIDATL,PEP,PEPCO,2397.516,True
3/30/2025 8:00:00 PM,3/30/2025 4:00:00 PM,RFC,MIDATL,PEP,PEPCO,2501.706,True
3/30/2025 9:00:00 PM,3/30/2025 5:00:00 PM,RFC,MIDATL,PEP,PEPCO,2599.213,True
3/30/2025 10:00:00 PM,3/30/2025 6:00:00 PM,RFC,MIDATL,PEP,PEPCO,2652.962,True
3/30/2025 11:00:00 PM,3/30/2025 7:00:00 PM,RFC,MIDATL,PEP,PEPCO,2709.305,True
3/31/2025 12:00:00 AM,3/30/2025 8:00:00 PM,RFC,MIDATL,PEP,PEPCO,2760.441,True
3/31/2025 1:00:00 AM,3/30/2025 9:00:00 PM,RFC,MIDATL,PEP,PEPCO,2680.223,True
3/31/2025 2:00:00 AM,3/30/2025 10:00:00 PM,RFC,MIDATL,PEP,PEPCO,2536.218,True
3/31/2025 3:00:00 AM,3/30/2025 11:00:00 PM,RFC,MIDATL,PEP,PEPCO,2323.493,True
3/31/2025 4:00:00 AM,3/31/2025 12:00:00 AM,RFC,MIDATL,PEP,PEPCO,2158.356,True
3/31/2025 5:00:00 AM,3/31/2025 1:00:00 AM,RFC,MIDATL,PEP,PEPCO,2067.401,True
3/31/2025 6:00:00 AM,3/31/2025 2:00:00 AM,RFC,MIDATL,PEP,PEPCO,1988.131,True
3/31/2025 7:00:00 AM,3/31/2025 3:00:00 AM,RFC,MIDATL,PEP,PEPCO,1976.356,True
3/31/2025 8:00:00 AM,3/31/2025 4:00:00 AM,RFC,MIDATL,PEP,PEPCO,1991.789,True
3/31/2025 9:00:00 AM,3/31/2025 5:00:00 AM,RFC,MIDATL,PEP,PEPCO,2160.291,True
3/31/2025 10:00:00 AM,3/31/2025 6:00:00 AM,RFC,MIDATL,PEP,PEPCO,2408.285,True
3/31/2025 11:00:00 AM,3/31/2025 7:00:00 AM,RFC,MIDATL,PEP,PEPCO,2563.718,True
3/31/2025 12:00:00 PM,3/31/2025 8:00:00 AM,RFC,MIDATL,PEP,PEPCO,2666.923,True
3/31/2025 1:00:00 PM,3/31/2025 9:00:00 AM,RFC,MIDATL,PEP,PEPCO,2615.698,True
3/31/2025 2:00:00 PM,3/31/2025 10:00:00 AM,RFC,MIDATL,PEP,PEPCO,2668.087,True
3/31/2025 3:00:00 PM,3/31/2025 11:00:00 AM,RFC,MIDATL,PEP,PEPCO,2694.062,True
3/31/2025 4:00:00 PM,3/31/2025 12:00:00 PM,RFC,MIDATL,PEP,PEPCO,2726.744,True
3/31/2025 5:00:00 PM,3/31/2025 1:00:00 PM,RFC,MIDATL,PEP,PEPCO,2771.242,True
3/31/2025 6:00:00 PM,3/31/2025 2:00:00 PM,RFC,MIDATL,PEP,PEPCO,2916.110,True
3/31/2025 7:00:00 PM,3/31/2025 3:00:00 PM,RFC,MIDATL,PEP,PEPCO,3032.938,True
3/31/2025 8:00:00 PM,3/31/2025 4:00:00 PM,RFC,MIDATL,PEP,PEPCO,3125.529,True
3/31/2025 9:00:00 PM,3/31/2025 5:00:00 PM,RFC,MIDATL,PEP,PEPCO,3133.456,True
3/31/2025 10:00:00 PM,3/31/2025 6:00:00 PM,RFC,MIDATL,PEP,PEPCO,3102.003,True
3/31/2025 11:00:00 PM,3/31/2025 7:00:00 PM,RFC,MIDATL,PEP,PEPCO,3044.145,True
4/1/2025 12:00:00 AM,3/31/2025 8:00:00 PM,RFC,MIDATL,PEP,PEPCO,2890.931,True
4/1/2025 1:00:00 AM,3/31/2025 9:00:00 PM,RFC,MIDATL,PEP,PEPCO,2764.642,True
4/1/2025 2:00:00 AM,3/31/2025 10:00:00 PM,RFC,MIDATL,PEP,PEPCO,2546.814,True
4/1/2025 3:00:00 AM,3/31/2025 11:00:00 PM,RFC,MIDATL,PEP,PEPCO,2350.621,True
4/1/2025 4:00:00 AM,4/1/2025 12:00:00 AM,RFC,MIDATL,PEP,PEPCO,2127.295,False
4/1/2025 5:00:00 AM,4/1/2025 1:00:00 AM,RFC,MIDATL,PEP,PEPCO,1972.957,False
4/1/2025 6:00:00 AM,4/1/2025 2:00:00 AM,RFC,MIDATL,PEP,PEPCO,1864.223,False
4/1/2025 7:00:00 AM,4/1/2025 3:00:00 AM,RFC,MIDATL,PEP,PEPCO,1801.851,False
4/1/2025 8:00:00 AM,4/1/2025 4:00:00 AM,RFC,MIDATL,PEP,PEPCO,1853.526,False
4/1/2025 9:00:00 AM,4/1/2025 5:00:00 AM,RFC,MIDATL,PEP,PEPCO,2019.902,False
4/1/2025 10:00:00 AM,4/1/2025 6:00:00 AM,RFC,MIDATL,PEP,PEPCO,2271.656,False
4/1/2025 11:00:00 AM,4/1/2025 7:00:00 AM,RFC,MIDATL,PEP,PEPCO,2443.400,False
4/1/2025 12:00:00 PM,4/1/2025 8:00:00 AM,RFC,MIDATL,PEP,PEPCO,2468.626,False
4/1/2025 1:00:00 PM,4/1/2025 9:00:00 AM,RFC,MIDATL,PEP,PEPCO,2356.613,False
4/1/2025 2:00:00 PM,4/1/2025 10:00:00 AM,RFC,MIDATL,PEP,PEPCO,2284.179,False
4/1/2025 3:00:00 PM,4/1/2025 11:00:00 AM,RFC,MIDATL,PEP,PEPCO,2205.869,False
4/1/2025 4:00:00 PM,4/1/2025 12:00:00 PM,RFC,MIDATL,PEP,PEPCO,2188.419,False
4/1/2025 5:00:00 PM,4/1/2025 1:00:00 PM,RFC,MIDATL,PEP,PEPCO,2125.530,False
4/1/2025 6:00:00 PM,4/1/2025 2:00:00 PM,RFC,MIDATL,PEP,PEPCO,2157.229,False
4/1/2025 7:00:00 PM,4/1/2025 3:00:00 PM,RFC,MIDATL,PEP,PEPCO,2184.392,False
4/1/2025 8:00:00 PM,4/1/2025 4:00:00 PM,RFC,MIDATL,PEP,PEPCO,2262.690,False
4/1/2025 9:00:00 PM,4/1/2025 5:00:00 PM,RFC,MIDATL,PEP,PEPCO,2364.583,False
4/1/2025 10:00:00 PM,4/1/2025 6:00:00 PM,RFC,MIDATL,PEP,PEPCO,2449.935,False
4/1/2025 11:00:00 PM,4/1/2025 7:00:00 PM,RFC,MIDATL,PEP,PEPCO,2514.190,False
4/2/2025 12:00:00 AM,4/1/2025 8:00:00 PM,RFC,MIDATL,PEP,PEPCO,2536.288,False
4/2/2025 1:00:00 AM,4/1/2025 9:00:00 PM,RFC,MIDATL,PEP,PEPCO,2477.919,False
4/2/2025 2:00:00 AM,4/1/2025 10:00:00 PM,RFC,MIDATL,PEP,PEPCO,2347.883,False
4/2/2025 3:00:00 AM,4/1/2025 11:00:00 PM,RFC,MIDATL,PEP,PEPCO,2184.640,False
4/2/2025 4:00:00 AM,4/2/2025 12:00:00 AM,RFC,MIDATL,PEP,PEPCO,2053.999,False
4/2/2025 5:00:00 AM,4/2/2025 1:00:00 AM,RFC,MIDATL,PEP,PEPCO,1976.664,False
4/2/2025 6:00:00 AM,4/2/2025 2:00:00 AM,RFC,MIDATL,PEP,PEPCO,1954.305,False
4/2/2025 7:00:00 AM,4/2/2025 3:00:00 AM,RFC,MIDATL,PEP,PEPCO,1942.960,False
4/2/2025 8:00:00 AM,4/2/2025 4:00:00 AM,RFC,MIDATL,PEP,PEPCO,1994.168,False
4/2/2025 9:00:00 AM,4/2/2025 5:00:00 AM,RFC,MIDATL,PEP,PEPCO,2228.568,False
4/2/2025 10:00:00 AM,4/2/2025 6:00:00 AM,RFC,MIDATL,PEP,PEPCO,2512.185,False
4/2/2025 11:00:00 AM,4/2/2025 7:00:00 AM,RFC,MIDATL,PEP,PEPCO,2708.250,False
4/2/2025 12:00:00 PM,4/2/2025 8:00:00 AM,RFC,MIDATL,PEP,PEPCO,2740.213,False
4/2/2025 1:00:00 PM,4/2/2025 9:00:00 AM,RFC,MIDATL,PEP,PEPCO,2685.578,False
4/2/2025 2:00:00 PM,4/2/2025 10:00:00 AM,RFC,MIDATL,PEP,PEPCO,2604.688,False
4/2/2025 3:00:00 PM,4/2/2025 11:00:00 AM,RFC,MIDATL,PEP,PEPCO,2455.614,False
4/2/2025 4:00:00 PM,4/2/2025 12:00:00 PM,RFC,MIDATL,PEP,PEPCO,2467.514,False
4/2/2025 5:00:00 PM,4/2/2025 1:00:00 PM,RFC,MIDATL,PEP,PEPCO,2487.814,False
4/2/2025 6:00:00 PM,4/2/2025 2:00:00 PM,RFC,MIDATL,PEP,PEPCO,2410.867,False
4/2/2025 7:00:00 PM,4/2/2025 3:00:00 PM,RFC,MIDATL,PEP,PEPCO,2480.683,False
4/2/2025 8:00:00 PM,4/2/2025 4:00:00 PM,RFC,MIDATL,PEP,PEPCO,2634.263,False
4/2/2025 9:00:00 PM,4/2/2025 5:00:00 PM,RFC,MIDATL,PEP,PEPCO,2691.861,False
4/2/2025 10:00:00 PM,4/2/2025 6:00:00 PM,RFC,MIDATL,PEP,PEPCO,2667.756,False
4/2/2025 11:00:00 PM,4/2/2025 7:00:00 PM,RFC,MIDATL,PEP,PEPCO,2652.499,False
4/3/2025 12:00:00 AM,4/2/2025 8:00:00 PM,RFC,MIDATL,PEP,PEPCO,2601.506,False
4/3/2025 1:00:00 AM,4/2/2025 9:00:00 PM,RFC,MIDATL,PEP,PEPCO,2544.770,False
4/3/2025 2:00:00 AM,4/2/2025 10:00:00 PM,RFC,MIDATL,PEP,PEPCO,2363.810,False
4/3/2025 3:00:00 AM,4/2/2025 11:00:00 PM,RFC,MIDATL,PEP,PEPCO,2190.722,False
4/3/2025 4:00:00 AM,4/3/2025 12:00:00 AM,RFC,MIDATL,PEP,PEPCO,2054.660,False
4/3/2025 5:00:00 AM,4/3/2025 1:00:00 AM,RFC,MIDATL,PEP,PEPCO,1969.035,False
4/3/2025 6:00:00 AM,4/3/2025 2:00:00 AM,RFC,MIDATL,PEP,PEPCO,1899.544,False
4/3/2025 7:00:00 AM,4/3/2025 3:00:00 AM,RFC,MIDATL,PEP,PEPCO,1884.393,False
4/3/2025 8:00:00 AM,4/3/2025 4:00:00 AM,RFC,MIDATL,PEP,PEPCO,1948.857,False
4/3/2025 9:00:00 AM,4/3/2025 5:00:00 AM,RFC,MIDATL,PEP,PEPCO,2117.070,False
4/3/2025 10:00:00 AM,4/3/2025 6:00:00 AM,RFC,MIDATL,PEP,PEPCO,2412.349,False
4/3/2025 11:00:00 AM,4/3/2025 7:00:00 AM,RFC,MIDATL,PEP,PEPCO,2552.391,False
4/3/2025 12:00:00 PM,4/3/2025 8:00:00 AM,RFC,MIDATL,PEP,PEPCO,2621.210,False
4/3/2025 1:00:00 PM,4/3/2025 9:00:00 AM,RFC,MIDATL,PEP,PEPCO,2694.160,False
4/3/2025 2:00:00 PM,4/3/2025 10:00:00 AM,RFC,MIDATL,PEP,PEPCO,2693.514,False
4/3/2025 3:00:00 PM,4/3/2025 11:00:00 AM,RFC,MIDATL,PEP,PEPCO,2570.623,False
4/3/2025 4:00:00 PM,4/3/2025 12:00:00 PM,RFC,MIDATL,PEP,PEPCO,2572.067,False
4/3/2025 5:00:00 PM,4/3/2025 1:00:00 PM,RFC,MIDATL,PEP,PEPCO,2524.490,False
4/3/2025 6:00:00 PM,4/3/2025 2:00:00 PM,RFC,MIDATL,PEP,PEPCO,2543.533,False
4/3/2025 7:00:00 PM,4/3/2025 3:00:00 PM,RFC,MIDATL,PEP,PEPCO,2657.528,False
4/3/2025 8:00:00 PM,4/3/2025 4:00:00 PM,RFC,MIDATL,PEP,PEPCO,2762.023,False
4/3/2025 9:00:00 PM,4/3/2025 5:00:00 PM,RFC,MIDATL,PEP,PEPCO,2764.795,False
4/3/2025 10:00:00 PM,4/3/2025 6:00:00 PM,RFC,MIDATL,PEP,PEPCO,2732.388,False
4/3/2025 11:00:00 PM,4/3/2025 7:00:00 PM,RFC,MIDATL,PEP,PEPCO,2773.353,False
4/4/2025 12:00:00 AM,4/3/2025 8:00:00 PM,RFC,MIDATL,PEP,PEPCO,2760.673,False
4/4/2025 1:00:00 AM,4/3/2025 9:00:00 PM,RFC,MIDATL,PEP,PEPCO,2690.054,False
4/4/2025 2:00:00 AM,4/3/2025 10:00:00 PM,RFC,MIDATL,PEP,PEPCO,2530.693,False
4/4/2025 3:00:00 AM,4/3/2025 11:00:00 PM,RFC,MIDATL,PEP,PEPCO,2383.628,False
4/4/2025 4:00:00 AM,4/4/2025 12:00:00 AM,RFC,MIDATL,PEP,PEPCO,2248.648,False
4/4/2025 5:00:00 AM,4/4/2025 1:00:00 AM,RFC,MIDATL,PEP,PEPCO,2135.870,False
4/4/2025 6:00:00 AM,4/4/2025 2:00:00 AM,RFC,MIDATL,PEP,PEPCO,2046.646,False
4/4/2025 7:00:00 AM,4/4/2025 3:00:00 AM,RFC,MIDATL,PEP,PEPCO,2044.012,False
4/4/2025 8:00:00 AM,4/4/2025 4:00:00 AM,RFC,MIDATL,PEP,PEPCO,2069.518,False
4/4/2025 9:00:00 AM,4/4/2025 5:00:00 AM,RFC,MIDATL,PEP,PEPCO,2235.440,False
4/4/2025 10:00:00 AM,4/4/2025 6:00:00 AM,RFC,MIDATL,PEP,PEPCO,2450.001,False
4/4/2025 11:00:00 AM,4/4/2025 7:00:00 AM,RFC,MIDATL,PEP,PEPCO,2605.946,False
4/4/2025 12:00:00 PM,4/4/2025 8:00:00 AM,RFC,MIDATL,PEP,PEPCO,2657.677,False
4/4/2025 1:00:00 PM,4/4/2025 9:00:00 AM,RFC,MIDATL,PEP,PEPCO,2673.832,False
4/4/2025 2:00:00 PM,4/4/2025 10:00:00 AM,RFC,MIDATL,PEP,PEPCO,2736.046,False
4/4/2025 3:00:00 PM,4/4/2025 11:00:00 AM,RFC,MIDATL,PEP,PEPCO,2678.733,False
4/4/2025 4:00:00 PM,4/4/2025 12:00:00 PM,RFC,MIDATL,PEP,PEPCO,2565.028,False
4/4/2025 5:00:00 PM,4/4/2025 1:00:00 PM,RFC,MIDATL,PEP,PEPCO,2633.591,False
4/4/2025 6:00:00 PM,4/4/2025 2:00:00 PM,RFC,MIDATL,PEP,PEPCO,2605.305,False
4/4/2025 7:00:00 PM,4/4/2025 3:00:00 PM,RFC,MIDATL,PEP,PEPCO,2605.179,False
4/4/2025 8:00:00 PM,4/4/2025 4:00:00 PM,RFC,MIDATL,PEP,PEPCO,2731.038,False
4/4/2025 9:00:00 PM,4/4/2025 5:00:00 PM,RFC,MIDATL,PEP,PEPCO,2696.429,False
4/4/2025 10:00:00 PM,4/4/2025 6:00:00 PM,RFC,MIDATL,PEP,PEPCO,2664.690,False
4/4/2025 11:00:00 PM,4/4/2025 7:00:00 PM,RFC,MIDATL,PEP,PEPCO,2604.222,False
4/5/2025 12:00:00 AM,4/4/2025 8:00:00 PM,RFC,MIDATL,PEP,PEPCO,2597.706,False
4/5/2025 1:00:00 AM,4/4/2025 9:00:00 PM,RFC,MIDATL,PEP,PEPCO,2502.899,False
4/5/2025 2:00:00 AM,4/4/2025 10:00:00 PM,RFC,MIDATL,PEP,PEPCO,2398.394,False
4/5/2025 3:00:00 AM,4/4/2025 11:00:00 PM,RFC,MIDATL,PEP,PEPCO,2222.215,False
4/5/2025 4:00:00 AM,4/5/2025 12:00:00 AM,RFC,MIDATL,PEP,PEPCO,2139.319,False
4/5/2025 5:00:00 AM,4/5/2025 1:00:00 AM,RFC,MIDATL,PEP,PEPCO,1987.646,False
4/5/2025 6:00:00 AM,4/5/2025 2:00:00 AM,RFC,MIDATL,PEP,PEPCO,1906.303,False
4/5/2025 7:00:00 AM,4/5/2025 3:00:00 AM,RFC,MIDATL,PEP,PEPCO,1842.860,False
4/5/2025 8:00:00 AM,4/5/2025 4:00:00 AM,RFC,MIDATL,PEP,PEPCO,1848.270,False
4/5/2025 9:00:00 AM,4/5/2025 5:00:00 AM,RFC,MIDATL,PEP,PEPCO,1870.700,False
4/5/2025 10:00:00 AM,4/5/2025 6:00:00 AM,RFC,MIDATL,PEP,PEPCO,1932.583,False
4/5/2025 11:00:00 AM,4/5/2025 7:00:00 AM,RFC,MIDATL,PEP,PEPCO,2059.714,False
4/5/2025 12:00:00 PM,4/5/2025 8:00:00 AM,RFC,MIDATL,PEP,PEPCO,2213.465,False
4/5/2025 1:00:00 PM,4/5/2025 9:00:00 AM,RFC,MIDATL,PEP,PEPCO,2323.766,False
4/5/2025 2:00:00 PM,4/5/2025 10:00:00 AM,RFC,MIDATL,PEP,PEPCO,2334.423,False
4/5/2025 3:00:00 PM,4/5/2025 11:00:00 AM,RFC,MIDATL,PEP,PEPCO,2331.927,False
4/5/2025 4:00:00 PM,4/5/2025 12:00:00 PM,RFC,MIDATL,PEP,PEPCO,2349.112,False
4/5/2025 5:00:00 PM,4/5/2025 1:00:00 PM,RFC,MIDATL,PEP,PEPCO,2315.302,False
4/5/2025 6:00:00 PM,4/5/2025 2:00:00 PM,RFC,MIDATL,PEP,PEPCO,2352.999,False
4/5/2025 7:00:00 PM,4/5/2025 3:00:00 PM,RFC,MIDATL,PEP,PEPCO,2347.587,False
4/5/2025 8:00:00 PM,4/5/2025 4:00:00 PM,RFC,MIDATL,PEP,PEPCO,2310.004,False
4/5/2025 9:00:00 PM,4/5/2025 5:00:00 PM,RFC,MIDATL,PEP,PEPCO,2431.479,False
4/5/2025 10:00:00 PM,4/5/2025 6:00:00 PM,RFC,MIDATL,PEP,PEPCO,2601.274,False
4/5/2025 11:00:00 PM,4/5/2025 7:00:00 PM,RFC,MIDATL,PEP,PEPCO,2594.239,False
4/6/2025 12:00:00 AM,4/5/2025 8:00:00 PM,RFC,MIDATL,PEP,PEPCO,2563.456,False
4/6/2025 1:00:00 AM,4/5/2025 9:00:00 PM,RFC,MIDATL,PEP,PEPCO,2479.375,False
4/6/2025 2:00:00 AM,4/5/2025 10:00:00 PM,RFC,MIDATL,PEP,PEPCO,2367.655,False
4/6/2025 3:00:00 AM,4/5/2025 11:00:00 PM,RFC,MIDATL,PEP,PEPCO,2197.910,False
4/6/2025 4:00:00 AM,4/6/2025 12:00:00 AM,RFC,MIDATL,PEP,PEPCO,2095.830,False
4/6/2025 5:00:00 AM,4/6/2025 1:00:00 AM,RFC,MIDATL,PEP,PEPCO,1934.790,False
4/6/2025 6:00:00 AM,4/6/2025 2:00:00 AM,RFC,MIDATL,PEP,PEPCO,1885.980,False
4/6/2025 7:00:00 AM,4/6/2025 3:00:00 AM,RFC,MIDATL,PEP,PEPCO,1863.941,False
4/6/2025 8:00:00 AM,4/6/2025 4:00:00 AM,RFC,MIDATL,PEP,PEPCO,1797.016,False
4/6/2025 9:00:00 AM,4/6/2025 5:00:00 AM,RFC,MIDATL,PEP,PEPCO,1881.590,False
4/6/2025 10:00:00 AM,4/6/2025 6:00:00 AM,RFC,MIDATL,PEP,PEPCO,1932.476,False
4/6/2025 11:00:00 AM,4/6/2025 7:00:00 AM,RFC,MIDATL,PEP,PEPCO,1976.360,False
4/6/2025 12:00:00 PM,4/6/2025 8:00:00 AM,RFC,MIDATL,PEP,PEPCO,2085.384,False
4/6/2025 1:00:00 PM,4/6/2025 9:00:00 AM,RFC,MIDATL,PEP,PEPCO,2155.793,False
4/6/2025 2:00:00 PM,4/6/2025 10:00:00 AM,RFC,MIDATL,PEP,PEPCO,2141.572,False
4/6/2025 3:00:00 PM,4/6/2025 11:00:00 AM,RFC,MIDATL,PEP,PEPCO,2336.674,False
4/6/2025 4:00:00 PM,4/6/2025 12:00:00 PM,RFC,MIDATL,PEP,PEPCO,2364.555,False
4/6/2025 5:00:00 PM,4/6/2025 1:00:00 PM,RFC,MIDATL,PEP,PEPCO,2362.239,False
4/6/2025 6:00:00 PM,4/6/2025 2:00:00 PM,RFC,MIDATL,PEP,PEPCO,2298.008,False
4/6/2025 7:00:00 PM,4/6/2025 3:00:00 PM,RFC,MIDATL,PEP,PEPCO,2319.038,False
4/6/2025 8:00:00 PM,4/6/2025 4:00:00 PM,RFC,MIDATL,PEP,PEPCO,2336.963,False
4/6/2025 9:00:00 PM,4/6/2025 5:00:00 PM,RFC,MIDATL,PEP,PEPCO,2414.882,False
4/6/2025 10:00:00 PM,4/6/2025 6:00:00 PM,RFC,MIDATL,PEP,PEPCO,2433.723,False
4/6/2025 11:00:00 PM,4/6/2025 7:00:00 PM,RFC,MIDATL,PEP,PEPCO,2493.330,False
4/7/2025 12:00:00 AM,4/6/2025 8:00:00 PM,RFC,MIDATL,PEP,PEPCO,2487.204,False
4/7/2025 1:00:00 AM,4/6/2025 9:00:00 PM,RFC,MIDATL,PEP,PEPCO,2441.072,False
4/7/2025 2:00:00 AM,4/6/2025 10:00:00 PM,RFC,MIDATL,PEP,PEPCO,2278.856,False
4/7/2025 3:00:00 AM,4/6/2025 11:00:00 PM,RFC,MIDATL,PEP,PEPCO,2143.411,False
4/7/2025 4:00:00 AM,4/7/2025 12:00:00 AM,RFC,MIDATL,PEP,PEPCO,2025.079,False
4/7/2025 5:00:00 AM,4/7/2025 1:00:00 AM,RFC,MIDATL,PEP,PEPCO,1915.112,False
4/7/2025 6:00:00 AM,4/7/2025 2:00:00 AM,RFC,MIDATL,PEP,PEPCO,1912.926,False
4/7/2025 7:00:00 AM,4/7/2025 3:00:00 AM,RFC,MIDATL,PEP,PEPCO,1882.134,False
4/7/2025 8:00:00 AM,4/7/2025 4:00:00 AM,RFC,MIDATL,PEP,PEPCO,1947.593,False
4/7/2025 9:00:00 AM,4/7/2025 5:00:00 AM,RFC,MIDATL,PEP,PEPCO,2137.023,False
4/7/2025 10:00:00 AM,4/7/2025 6:00:00 AM,RFC,MIDATL,PEP,PEPCO,2394.228,False
4/7/2025 11:00:00 AM,4/7/2025 7:00:00 AM,RFC,MIDATL,PEP,PEPCO,2567.829,False
4/7/2025 12:00:00 PM,4/7/2025 8:00:00 AM,RFC,MIDATL,PEP,PEPCO,2703.709,False
4/7/2025 1:00:00 PM,4/7/2025 9:00:00 AM,RFC,MIDATL,PEP,PEPCO,2763.218,False
4/7/2025 2:00:00 PM,4/7/2025 10:00:00 AM,RFC,MIDATL,PEP,PEPCO,2798.249,False
4/7/2025 3:00:00 PM,4/7/2025 11:00:00 AM,RFC,MIDATL,PEP,PEPCO,2832.253,False
4/7/2025 4:00:00 PM,4/7/2025 12:00:00 PM,RFC,MIDATL,PEP,PEPCO,2784.407,False
4/7/2025 5:00:00 PM,4/7/2025 1:00:00 PM,RFC,MIDATL,PEP,PEPCO,2827.860,False
4/7/2025 6:00:00 PM,4/7/2025 2:00:00 PM,RFC,MIDATL,PEP,PEPCO,2794.212,False
4/7/2025 7:00:00 PM,4/7/2025 3:00:00 PM,RFC,MIDATL,PEP,PEPCO,2823.227,False
4/7/2025 8:00:00 PM,4/7/2025 4:00:00 PM,RFC,MIDATL,PEP,PEPCO,2835.898,False
4/7/2025 9:00:00 PM,4/7/2025 5:00:00 PM,RFC,MIDATL,PEP,PEPCO,2837.400,False
4/7/2025 10:00:00 PM,4/7/2025 6:00:00 PM,RFC,MIDATL,PEP,PEPCO,2832.633,False
4/7/2025 11:00:00 PM,4/7/2025 7:00:00 PM,RFC,MIDATL,PEP,PEPCO,2838.670,False
4/8/2025 12:00:00 AM,4/7/2025 8:00:00 PM,RFC,MIDATL,PEP,PEPCO,2787.557,False
4/8/2025 1:00:00 AM,4/7/2025 9:00:00 PM,RFC,MIDATL,PEP,PEPCO,2675.327,False
4/8/2025 2:00:00 AM,4/7/2025 10:00:00 PM,RFC,MIDATL,PEP,PEPCO,2517.110,False
4/8/2025 3:00:00 AM,4/7/2025 11:00:00 PM,RFC,MIDATL,PEP,PEPCO,2358.665,False
4/8/2025 4:00:00 AM,4/8/2025 12:00:00 AM,RFC,MIDATL,PEP,PEPCO,2224.011,False
4/8/2025 5:00:00 AM,4/8/2025 1:00:00 AM,RFC,MIDATL,PEP,PEPCO,2145.744,False
4/8/2025 6:00:00 AM,4/8/2025 2:00:00 AM,RFC,MIDATL,PEP,PEPCO,2092.896,False
4/8/2025 7:00:00 AM,4/8/2025 3:00:00 AM,RFC,MIDATL,PEP,PEPCO,2084.271,False
4/8/2025 8:00:00 AM,4/8/2025 4:00:00 AM,RFC,MIDATL,PEP,PEPCO,2177.984,False
4/8/2025 9:00:00 AM,4/8/2025 5:00:00 AM,RFC,MIDATL,PEP,PEPCO,2398.948,False
4/8/2025 10:00:00 AM,4/8/2025 6:00:00 AM,RFC,MIDATL,PEP,PEPCO,2796.641,False
4/8/2025 11:00:00 AM,4/8/2025 7:00:00 AM,RFC,MIDATL,PEP,PEPCO,2965.243,False
4/8/2025 12:00:00 PM,4/8/2025 8:00:00 AM,RFC,MIDATL,PEP,PEPCO,2906.844,False
4/8/2025 1:00:00 PM,4/8/2025 9:00:00 AM,RFC,MIDATL,PEP,PEPCO,2780.521,False
4/8/2025 2:00:00 PM,4/8/2025 10:00:00 AM,RFC,MIDATL,PEP,PEPCO,2664.218,False
4/8/2025 3:00:00 PM,4/8/2025 11:00:00 AM,RFC,MIDATL,PEP,PEPCO,2543.961,False
4/8/2025 4:00:00 PM,4/8/2025 12:00:00 PM,RFC,MIDATL,PEP,PEPCO,2496.158,False
4/8/2025 5:00:00 PM,4/8/2025 1:00:00 PM,RFC,MIDATL,PEP,PEPCO,2413.339,False
4/8/2025 6:00:00 PM,4/8/2025 2:00:00 PM,RFC,MIDATL,PEP,PEPCO,2383.510,False
4/8/2025 7:00:00 PM,4/8/2025 3:00:00 PM,RFC,MIDATL,PEP,PEPCO,2390.025,False
4/8/2025 8:00:00 PM,4/8/2025 4:00:00 PM,RFC,MIDATL,PEP,PEPCO,2484.476,False
4/8/2025 9:00:00 PM,4/8/2025 5:00:00 PM,RFC,MIDATL,PEP,PEPCO,2596.961,False
4/8/2025 10:00:00 PM,4/8/2025 6:00:00 PM,RFC,MIDATL,PEP,PEPCO,2669.980,False
4/8/2025 11:00:00 PM,4/8/2025 7:00:00 PM,RFC,MIDATL,PEP,PEPCO,2821.975,False
4/9/2025 12:00:00 AM,4/8/2025 8:00:00 PM,RFC,MIDATL,PEP,PEPCO,2874.905,False
4/9/2025 1:00:00 AM,4/8/2025 9:00:00 PM,RFC,MIDATL,PEP,PEPCO,2822.673,False
4/9/2025 2:00:00 AM,4/8/2025 10:00:00 PM,RFC,MIDATL,PEP,PEPCO,2715.961,False
4/9/2025 3:00:00 AM,4/8/2025 11:00:00 PM,RFC,MIDATL,PEP,PEPCO,2555.809,False
4/9/2025 4:00:00 AM,4/9/2025 12:00:00 AM,RFC,MIDATL,PEP,PEPCO,2430.715,False
4/9/2025 5:00:00 AM,4/9/2025 1:00:00 AM,RFC,MIDATL,PEP,PEPCO,2368.986,False
4/9/2025 6:00:00 AM,4/9/2025 2:00:00 AM,RFC,MIDATL,PEP,PEPCO,2366.694,False
4/9/2025 7:00:00 AM,4/9/2025 3:00:00 AM,RFC,MIDATL,PEP,PEPCO,2390.282,False
4/9/2025 8:00:00 AM,4/9/2025 4:00:00 AM,RFC,MIDATL,PEP,PEPCO,2467.034,False
4/9/2025 9:00:00 AM,4/9/2025 5:00:00 AM,RFC,MIDATL,PEP,PEPCO,2736.347,False
4/9/2025 10:00:00 AM,4/9/2025 6:00:00 AM,RFC,MIDATL,PEP,PEPCO,3049.593,False
4/9/2025 11:00:00 AM,4/9/2025 7:00:00 AM,RFC,MIDATL,PEP,PEPCO,3185.897,False
4/9/2025 12:00:00 PM,4/9/2025 8:00:00 AM,RFC,MIDATL,PEP,PEPCO,3027.918,False
4/9/2025 1:00:00 PM,4/9/2025 9:00:00 AM,RFC,MIDATL,PEP,PEPCO,2802.907,False
4/9/2025 2:00:00 PM,4/9/2025 10:00:00 AM,RFC,MIDATL,PEP,PEPCO,2616.569,False
4/9/2025 3:00:00 PM,4/9/2025 11:00:00 AM,RFC,MIDATL,PEP,PEPCO,2514.871,False
4/9/2025 4:00:00 PM,4/9/2025 12:00:00 PM,RFC,MIDATL,PEP,PEPCO,2407.713,False
4/9/2025 5:00:00 PM,4/9/2025 1:00:00 PM,RFC,MIDATL,PEP,PEPCO,2391.590,False
4/9/2025 6:00:00 PM,4/9/2025 2:00:00 PM,RFC,MIDATL,PEP,PEPCO,2314.142,False
4/9/2025 7:00:00 PM,4/9/2025 3:00:00 PM,RFC,MIDATL,PEP,PEPCO,2319.560,False
4/9/2025 8:00:00 PM,4/9/2025 4:00:00 PM,RFC,MIDATL,PEP,PEPCO,2430.656,False
4/9/2025 9:00:00 PM,4/9/2025 5:00:00 PM,RFC,MIDATL,PEP,PEPCO,2496.721,False
4/9/2025 10:00:00 PM,4/9/2025 6:00:00 PM,RFC,MIDATL,PEP,PEPCO,2571.795,False
4/9/2025 11:00:00 PM,4/9/2025 7:00:00 PM,RFC,MIDATL,PEP,PEPCO,2657.294,False
4/10/2025 12:00:00 AM,4/9/2025 8:00:00 PM,RFC,MIDATL,PEP,PEPCO,2724.600,False
4/10/2025 1:00:00 AM,4/9/2025 9:00:00 PM,RFC,MIDATL,PEP,PEPCO,2679.085,False
4/10/2025 2:00:00 AM,4/9/2025 10:00:00 PM,RFC,MIDATL,PEP,PEPCO,2552.969,False
4/10/2025 3:00:00 AM,4/9/2025 11:00:00 PM,RFC,MIDATL,PEP,PEPCO,2403.947,False
4/10/2025 4:00:00 AM,4/10/2025 12:00:00 AM,RFC,MIDATL,PEP,PEPCO,2255.014,False
4/10/2025 5:00:00 AM,4/10/2025 1:00:00 AM,RFC,MIDATL,PEP,PEPCO,2163.791,False
4/10/2025 6:00:00 AM,4/10/2025 2:00:00 AM,RFC,MIDATL,PEP,PEPCO,2146.595,False
4/10/2025 7:00:00 AM,4/10/2025 3:00:00 AM,RFC,MIDATL,PEP,PEPCO,2135.285,False
4/10/2025 8:00:00 AM,4/10/2025 4:00:00 AM,RFC,MIDATL,PEP,PEPCO,2186.006,False
4/10/2025 9:00:00 AM,4/10/2025 5:00:00 AM,RFC,MIDATL,PEP,PEPCO,2396.658,False
4/10/2025 10:00:00 AM,4/10/2025 6:00:00 AM,RFC,MIDATL,PEP,PEPCO,2670.809,False
4/10/2025 11:00:00 AM,4/10/2025 7:00:00 AM,RFC,MIDATL,PEP,PEPCO,2829.674,False
4/10/2025 12:00:00 PM,4/10/2025 8:00:00 AM,RFC,MIDATL,PEP,PEPCO,2834.616,False
4/10/2025 1:00:00 PM,4/10/2025 9:00:00 AM,RFC,MIDATL,PEP,PEPCO,2724.465,False
4/10/2025 2:00:00 PM,4/10/2025 10:00:00 AM,RFC,MIDATL,PEP,PEPCO,2648.051,False
4/10/2025 3:00:00 PM,4/10/2025 11:00:00 AM,RFC,MIDATL,PEP,PEPCO,2622.464,False
4/10/2025 4:00:00 PM,4/10/2025 12:00:00 PM,RFC,MIDATL,PEP,PEPCO,2564.842,False
4/10/2025 5:00:00 PM,4/10/2025 1:00:00 PM,RFC,MIDATL,PEP,PEPCO,2539.309,False
4/10/2025 6:00:00 PM,4/10/2025 2:00:00 PM,RFC,MIDATL,PEP,PEPCO,2656.614,False
4/10/2025 7:00:00 PM,4/10/2025 3:00:00 PM,RFC,MIDATL,PEP,PEPCO,2617.879,False
4/10/2025 8:00:00 PM,4/10/2025 4:00:00 PM,RFC,MIDATL,PEP,PEPCO,2615.353,False
4/10/2025 9:00:00 PM,4/10/2025 5:00:00 PM,RFC,MIDATL,PEP,PEPCO,2609.893,False
4/10/2025 10:00:00 PM,4/10/2025 6:00:00 PM,RFC,MIDATL,PEP,PEPCO,2604.492,False
4/10/2025 11:00:00 PM,4/10/2025 7:00:00 PM,RFC,MIDATL,PEP,PEPCO,2666.261,False
4/11/2025 12:00:00 AM,4/10/2025 8:00:00 PM,RFC,MIDATL,PEP,PEPCO,2668.246,False
4/11/2025 1:00:00 AM,4/10/2025 9:00:00 PM,RFC,MIDATL,PEP,PEPCO,2588.943,False
4/11/2025 2:00:00 AM,4/10/2025 10:00:00 PM,RFC,MIDATL,PEP,PEPCO,2453.230,False
4/11/2025 3:00:00 AM,4/10/2025 11:00:00 PM,RFC,MIDATL,PEP,PEPCO,2316.812,False
4/11/2025 4:00:00 AM,4/11/2025 12:00:00 AM,RFC,MIDATL,PEP,PEPCO,2177.781,False
4/11/2025 5:00:00 AM,4/11/2025 1:00:00 AM,RFC,MIDATL,PEP,PEPCO,2101.871,False
4/11/2025 6:00:00 AM,4/11/2025 2:00:00 AM,RFC,MIDATL,PEP,PEPCO,2049.731,False
4/11/2025 7:00:00 AM,4/11/2025 3:00:00 AM,RFC,MIDATL,PEP,PEPCO,2045.640,False
4/11/2025 8:00:00 AM,4/11/2025 4:00:00 AM,RFC,MIDATL,PEP,PEPCO,2119.599,False
4/11/2025 9:00:00 AM,4/11/2025 5:00:00 AM,RFC,MIDATL,PEP,PEPCO,2295.492,False
4/11/2025 10:00:00 AM,4/11/2025 6:00:00 AM,RFC,MIDATL,PEP,PEPCO,2597.122,False
4/11/2025 11:00:00 AM,4/11/2025 7:00:00 AM,RFC,MIDATL,PEP,PEPCO,2729.262,False
4/11/2025 12:00:00 PM,4/11/2025 8:00:00 AM,RFC,MIDATL,PEP,PEPCO,2832.563,False
4/11/2025 1:00:00 PM,4/11/2025 9:00:00 AM,RFC,MIDATL,PEP,PEPCO,2915.049,False
4/11/2025 2:00:00 PM,4/11/2025 10:00:00 AM,RFC,MIDATL,PEP,PEPCO,2895.184,False
4/11/2025 3:00:00 PM,4/11/2025 11:00:00 AM,RFC,MIDATL,PEP,PEPCO,2942.207,False
4/11/2025 4:00:00 PM,4/11/2025 12:00:00 PM,RFC,MIDATL,PEP,PEPCO,2932.163,False
4/11/2025 5:00:00 PM,4/11/2025 1:00:00 PM,RFC,MIDATL,PEP,PEPCO,2904.701,False
4/11/2025 6:00:00 PM,4/11/2025 2:00:00 PM,RFC,MIDATL,PEP,PEPCO,2875.192,False
4/11/2025 7:00:00 PM,4/11/2025 3:00:00 PM,RFC,MIDATL,PEP,PEPCO,2878.826,False
4/11/2025 8:00:00 PM,4/11/2025 4:00:00 PM,RFC,MIDATL,PEP,PEPCO,2863.479,False
4/11/2025 9:00:00 PM,4/11/2025 5:00:00 PM,RFC,MIDATL,PEP,PEPCO,2870.838,False
4/11/2025 10:00:00 PM,4/11/2025 6:00:00 PM,RFC,MIDATL,PEP,PEPCO,2779.324,False
4/11/2025 11:00:00 PM,4/11/2025 7:00:00 PM,RFC,MIDATL,PEP,PEPCO,2766.340,False
4/12/2025 12:00:00 AM,4/11/2025 8:00:00 PM,RFC,MIDATL,PEP,PEPCO,2714.208,False
4/12/2025 1:00:00 AM,4/11/2025 9:00:00 PM,RFC,MIDATL,PEP,PEPCO,2631.969,False
4/12/2025 2:00:00 AM,4/11/2025 10:00:00 PM,RFC,MIDATL,PEP,PEPCO,2534.022,False
4/12/2025 3:00:00 AM,4/11/2025 11:00:00 PM,RFC,MIDATL,PEP,PEPCO,2417.727,False
4/12/2025 4:00:00 AM,4/12/2025 12:00:00 AM,RFC,MIDATL,PEP,PEPCO,2319.156,False
4/12/2025 5:00:00 AM,4/12/2025 1:00:00 AM,RFC,MIDATL,PEP,PEPCO,2230.079,False
4/12/2025 6:00:00 AM,4/12/2025 2:00:00 AM,RFC,MIDATL,PEP,PEPCO,2173.432,False
4/12/2025 7:00:00 AM,4/12/2025 3:00:00 AM,RFC,MIDATL,PEP,PEPCO,2138.103,False
4/12/2025 8:00:00 AM,4/12/2025 4:00:00 AM,RFC,MIDATL,PEP,PEPCO,2135.612,False
4/12/2025 9:00:00 AM,4/12/2025 5:00:00 AM,RFC,MIDATL,PEP,PEPCO,2185.968,False
4/12/2025 10:00:00 AM,4/12/2025 6:00:00 AM,RFC,MIDATL,PEP,PEPCO,2285.478,False
4/12/2025 11:00:00 AM,4/12/2025 7:00:00 AM,RFC,MIDATL,PEP,PEPCO,2384.978,False
4/12/2025 12:00:00 PM,4/12/2025 8:00:00 AM,RFC,MIDATL,PEP,PEPCO,2457.344,False
4/12/2025 1:00:00 PM,4/12/2025 9:00:00 AM,RFC,MIDATL,PEP,PEPCO,2536.560,False
4/12/2025 2:00:00 PM,4/12/2025 10:00:00 AM,RFC,MIDATL,PEP,PEPCO,2602.948,False
4/12/2025 3:00:00 PM,4/12/2025 11:00:00 AM,RFC,MIDATL,PEP,PEPCO,2529.395,False
4/12/2025 4:00:00 PM,4/12/2025 12:00:00 PM,RFC,MIDATL,PEP,PEPCO,2459.159,False
4/12/2025 5:00:00 PM,4/12/2025 1:00:00 PM,RFC,MIDATL,PEP,PEPCO,2404.790,False
4/12/2025 6:00:00 PM,4/12/2025 2:00:00 PM,RFC,MIDATL,PEP,PEPCO,2414.316,False
4/12/2025 7:00:00 PM,4/12/2025 3:00:00 PM,RFC,MIDATL,PEP,PEPCO,2423.238,False
4/12/2025 8:00:00 PM,4/12/2025 4:00:00 PM,RFC,MIDATL,PEP,PEPCO,2496.925,False
4/12/2025 9:00:00 PM,4/12/2025 5:00:00 PM,RFC,MIDATL,PEP,PEPCO,2533.141,False
4/12/2025 10:00:00 PM,4/12/2025 6:00:00 PM,RFC,MIDATL,PEP,PEPCO,2564.778,False
4/12/2025 11:00:00 PM,4/12/2025 7:00:00 PM,RFC,MIDATL,PEP,PEPCO,2565.376,False
4/13/2025 12:00:00 AM,4/12/2025 8:00:00 PM,RFC,MIDATL,PEP,PEPCO,2593.719,False
4/13/2025 1:00:00 AM,4/12/2025 9:00:00 PM,RFC,MIDATL,PEP,PEPCO,2539.641,False
4/13/2025 2:00:00 AM,4/12/2025 10:00:00 PM,RFC,MIDATL,PEP,PEPCO,2455.057,False
4/13/2025 3:00:00 AM,4/12/2025 11:00:00 PM,RFC,MIDATL,PEP,PEPCO,2333.475,False
4/13/2025 4:00:00 AM,4/13/2025 12:00:00 AM,RFC,MIDATL,PEP,PEPCO,2264.125,False
4/13/2025 5:00:00 AM,4/13/2025 1:00:00 AM,RFC,MIDATL,PEP,PEPCO,2156.702,False
4/13/2025 6:00:00 AM,4/13/2025 2:00:00 AM,RFC,MIDATL,PEP,PEPCO,2103.745,False
4/13/2025 7:00:00 AM,4/13/2025 3:00:00 AM,RFC,MIDATL,PEP,PEPCO,2065.684,False
4/13/2025 8:00:00 AM,4/13/2025 4:00:00 AM,RFC,MIDATL,PEP,PEPCO,2088.752,False
4/13/2025 9:00:00 AM,4/13/2025 5:00:00 AM,RFC,MIDATL,PEP,PEPCO,2113.676,False
4/13/2025 10:00:00 AM,4/13/2025 6:00:00 AM,RFC,MIDATL,PEP,PEPCO,2200.906,False
4/13/2025 11:00:00 AM,4/13/2025 7:00:00 AM,RFC,MIDATL,PEP,PEPCO,2269.292,False
4/13/2025 12:00:00 PM,4/13/2025 8:00:00 AM,RFC,MIDATL,PEP,PEPCO,2240.987,False
4/13/2025 1:00:00 PM,4/13/2025 9:00:00 AM,RFC,MIDATL,PEP,PEPCO,2171.854,False
4/13/2025 2:00:00 PM,4/13/2025 10:00:00 AM,RFC,MIDATL,PEP,PEPCO,2178.281,False
4/13/2025 3:00:00 PM,4/13/2025 11:00:00 AM,RFC,MIDATL,PEP,PEPCO,2059.218,False
4/13/2025 4:00:00 PM,4/13/2025 12:00:00 PM,RFC,MIDATL,PEP,PEPCO,2006.803,False
4/13/2025 5:00:00 PM,4/13/2025 1:00:00 PM,RFC,MIDATL,PEP,PEPCO,1987.902,False
4/13/2025 6:00:00 PM,4/13/2025 2:00:00 PM,RFC,MIDATL,PEP,PEPCO,1950.823,False
4/13/2025 7:00:00 PM,4/13/2025 3:00:00 PM,RFC,MIDATL,PEP,PEPCO,1970.369,False
4/13/2025 8:00:00 PM,4/13/2025 4:00:00 PM,RFC,MIDATL,PEP,PEPCO,2038.327,False
4/13/2025 9:00:00 PM,4/13/2025 5:00:00 PM,RFC,MIDATL,PEP,PEPCO,2180.817,False
4/13/2025 10:00:00 PM,4/13/2025 6:00:00 PM,RFC,MIDATL,PEP,PEPCO,2302.244,False
4/13/2025 11:00:00 PM,4/13/2025 7:00:00 PM,RFC,MIDATL,PEP,PEPCO,2406.878,False
4/14/2025 12:00:00 AM,4/13/2025 8:00:00 PM,RFC,MIDATL,PEP,PEPCO,2453.998,False
4/14/2025 1:00:00 AM,4/13/2025 9:00:00 PM,RFC,MIDATL,PEP,PEPCO,2436.213,False
4/14/2025 2:00:00 AM,4/13/2025 10:00:00 PM,RFC,MIDATL,PEP,PEPCO,2354.485,False
4/14/2025 3:00:00 AM,4/13/2025 11:00:00 PM,RFC,MIDATL,PEP,PEPCO,2228.829,False
4/14/2025 4:00:00 AM,4/14/2025 12:00:00 AM,RFC,MIDATL,PEP,PEPCO,2101.309,False
4/14/2025 5:00:00 AM,4/14/2025 1:00:00 AM,RFC,MIDATL,PEP,PEPCO,2028.171,False
4/14/2025 6:00:00 AM,4/14/2025 2:00:00 AM,RFC,MIDATL,PEP,PEPCO,1987.609,False
4/14/2025 7:00:00 AM,4/14/2025 3:00:00 AM,RFC,MIDATL,PEP,PEPCO,1982.076,False
4/14/2025 8:00:00 AM,4/14/2025 4:00:00 AM,RFC,MIDATL,PEP,PEPCO,2056.907,False
4/14/2025 9:00:00 AM,4/14/2025 5:00:00 AM,RFC,MIDATL,PEP,PEPCO,2225.339,False
4/14/2025 10:00:00 AM,4/14/2025 6:00:00 AM,RFC,MIDATL,PEP,PEPCO,2494.444,False
4/14/2025 11:00:00 AM,4/14/2025 7:00:00 AM,RFC,MIDATL,PEP,PEPCO,2591.881,False
4/14/2025 12:00:00 PM,4/14/2025 8:00:00 AM,RFC,MIDATL,PEP,PEPCO,2677.528,False
4/14/2025 1:00:00 PM,4/14/2025 9:00:00 AM,RFC,MIDATL,PEP,PEPCO,2609.312,False
4/14/2025 2:00:00 PM,4/14/2025 10:00:00 AM,RFC,MIDATL,PEP,PEPCO,2428.226,False
4/14/2025 3:00:00 PM,4/14/2025 11:00:00 AM,RFC,MIDATL,PEP,PEPCO,2375.651,False
4/14/2025 4:00:00 PM,4/14/2025 12:00:00 PM,RFC,MIDATL,PEP,PEPCO,2253.778,False
4/14/2025 5:00:00 PM,4/14/2025 1:00:00 PM,RFC,MIDATL,PEP,PEPCO,2271.571,False
4/14/2025 6:00:00 PM,4/14/2025 2:00:00 PM,RFC,MIDATL,PEP,PEPCO,2389.706,False
4/14/2025 7:00:00 PM,4/14/2025 3:00:00 PM,RFC,MIDATL,PEP,PEPCO,2393.741,False
4/14/2025 8:00:00 PM,4/14/2025 4:00:00 PM,RFC,MIDATL,PEP,PEPCO,2438.159,False
4/14/2025 9:00:00 PM,4/14/2025 5:00:00 PM,RFC,MIDATL,PEP,PEPCO,2541.321,False
4/14/2025 10:00:00 PM,4/14/2025 6:00:00 PM,RFC,MIDATL,PEP,PEPCO,2530.193,False
4/14/2025 11:00:00 PM,4/14/2025 7:00:00 PM,RFC,MIDATL,PEP,PEPCO,2587.095,False
4/15/2025 12:00:00 AM,4/14/2025 8:00:00 PM,RFC,MIDATL,PEP,PEPCO,2569.516,False
4/15/2025 1:00:00 AM,4/14/2025 9:00:00 PM,RFC,MIDATL,PEP,PEPCO,2492.509,False
4/15/2025 2:00:00 AM,4/14/2025 10:00:00 PM,RFC,MIDATL,PEP,PEPCO,2345.516,False
4/15/2025 3:00:00 AM,4/14/2025 11:00:00 PM,RFC,MIDATL,PEP,PEPCO,2191.455,False
4/15/2025 4:00:00 AM,4/15/2025 12:00:00 AM,RFC,MIDATL,PEP,PEPCO,2041.854,False
4/15/2025 5:00:00 AM,4/15/2025 1:00:00 AM,RFC,MIDATL,PEP,PEPCO,1939.438,False
4/15/2025 6:00:00 AM,4/15/2025 2:00:00 AM,RFC,MIDATL,PEP,PEPCO,1876.149,False
4/15/2025 7:00:00 AM,4/15/2025 3:00:00 AM,RFC,MIDATL,PEP,PEPCO,1865.454,False
4/15/2025 8:00:00 AM,4/15/2025 4:00:00 AM,RFC,MIDATL,PEP,PEPCO,1911.211,False
4/15/2025 9:00:00 AM,4/15/2025 5:00:00 AM,RFC,MIDATL,PEP,PEPCO,2080.526,False
4/15/2025 10:00:00 AM,4/15/2025 6:00:00 AM,RFC,MIDATL,PEP,PEPCO,2312.797,False
4/15/2025 11:00:00 AM,4/15/2025 7:00:00 AM,RFC,MIDATL,PEP,PEPCO,2444.564,False
4/15/2025 12:00:00 PM,4/15/2025 8:00:00 AM,RFC,MIDATL,PEP,PEPCO,2559.304,False
4/15/2025 1:00:00 PM,4/15/2025 9:00:00 AM,RFC,MIDATL,PEP,PEPCO,2583.261,False
4/15/2025 2:00:00 PM,4/15/2025 10:00:00 AM,RFC,MIDATL,PEP,PEPCO,2627.184,False
4/15/2025 3:00:00 PM,4/15/2025 11:00:00 AM,RFC,MIDATL,PEP,PEPCO,2552.316,False
4/15/2025 4:00:00 PM,4/15/2025 12:00:00 PM,RFC,MIDATL,PEP,PEPCO,2297.916,False
4/15/2025 5:00:00 PM,4/15/2025 1:00:00 PM,RFC,MIDATL,PEP,PEPCO,2323.879,False
4/15/2025 6:00:00 PM,4/15/2025 2:00:00 PM,RFC,MIDATL,PEP,PEPCO,2386.261,False
4/15/2025 7:00:00 PM,4/15/2025 3:00:00 PM,RFC,MIDATL,PEP,PEPCO,2270.408,False
4/15/2025 8:00:00 PM,4/15/2025 4:00:00 PM,RFC,MIDATL,PEP,PEPCO,2296.564,False
4/15/2025 9:00:00 PM,4/15/2025 5:00:00 PM,RFC,MIDATL,PEP,PEPCO,2430.475,False
4/15/2025 10:00:00 PM,4/15/2025 6:00:00 PM,RFC,MIDATL,PEP,PEPCO,2398.775,False
4/15/2025 11:00:00 PM,4/15/2025 7:00:00 PM,RFC,MIDATL,PEP,PEPCO,2468.844,False
4/16/2025 12:00:00 AM,4/15/2025 8:00:00 PM,RFC,MIDATL,PEP,PEPCO,2505.324,False
4/16/2025 1:00:00 AM,4/15/2025 9:00:00 PM,RFC,MIDATL,PEP,PEPCO,2425.705,False
4/16/2025 2:00:00 AM,4/15/2025 10:00:00 PM,RFC,MIDATL,PEP,PEPCO,2327.239,False
4/16/2025 3:00:00 AM,4/15/2025 11:00:00 PM,RFC,MIDATL,PEP,PEPCO,2187.255,False
4/16/2025 4:00:00 AM,4/16/2025 12:00:00 AM,RFC,MIDATL,PEP,PEPCO,2037.764,False
4/16/2025 5:00:00 AM,4/16/2025 1:00:00 AM,RFC,MIDATL,PEP,PEPCO,1958.093,False
4/16/2025 6:00:00 AM,4/16/2025 2:00:00 AM,RFC,MIDATL,PEP,PEPCO,1947.857,False
4/16/2025 7:00:00 AM,4/16/2025 3:00:00 AM,RFC,MIDATL,PEP,PEPCO,1919.797,False
4/16/2025 8:00:00 AM,4/16/2025 4:00:00 AM,RFC,MIDATL,PEP,PEPCO,1986.979,False
4/16/2025 9:00:00 AM,4/16/2025 5:00:00 AM,RFC,MIDATL,PEP,PEPCO,2192.651,False
4/16/2025 10:00:00 AM,4/16/2025 6:00:00 AM,RFC,MIDATL,PEP,PEPCO,2436.738,False
4/16/2025 11:00:00 AM,4/16/2025 7:00:00 AM,RFC,MIDATL,PEP,PEPCO,2559.696,False
4/16/2025 12:00:00 PM,4/16/2025 8:00:00 AM,RFC,MIDATL,PEP,PEPCO,2521.000,False
4/16/2025 1:00:00 PM,4/16/2025 9:00:00 AM,RFC,MIDATL,PEP,PEPCO,2416.124,False
4/16/2025 2:00:00 PM,4/16/2025 10:00:00 AM,RFC,MIDATL,PEP,PEPCO,2352.166,False
4/16/2025 3:00:00 PM,4/16/2025 11:00:00 AM,RFC,MIDATL,PEP,PEPCO,2291.599,False
4/16/2025 4:00:00 PM,4/16/2025 12:00:00 PM,RFC,MIDATL,PEP,PEPCO,2301.388,False
4/16/2025 5:00:00 PM,4/16/2025 1:00:00 PM,RFC,MIDATL,PEP,PEPCO,2204.159,False
4/16/2025 6:00:00 PM,4/16/2025 2:00:00 PM,RFC,MIDATL,PEP,PEPCO,2223.443,False
4/16/2025 7:00:00 PM,4/16/2025 3:00:00 PM,RFC,MIDATL,PEP,PEPCO,2221.442,False
4/16/2025 8:00:00 PM,4/16/2025 4:00:00 PM,RFC,MIDATL,PEP,PEPCO,2281.635,False
4/16/2025 9:00:00 PM,4/16/2025 5:00:00 PM,RFC,MIDATL,PEP,PEPCO,2357.529,False
4/16/2025 10:00:00 PM,4/16/2025 6:00:00 PM,RFC,MIDATL,PEP,PEPCO,2448.479,False
4/16/2025 11:00:00 PM,4/16/2025 7:00:00 PM,RFC,MIDATL,PEP,PEPCO,2453.408,False
4/17/2025 12:00:00 AM,4/16/2025 8:00:00 PM,RFC,MIDATL,PEP,PEPCO,2527.301,False
4/17/2025 1:00:00 AM,4/16/2025 9:00:00 PM,RFC,MIDATL,PEP,PEPCO,2471.134,False
4/17/2025 2:00:00 AM,4/16/2025 10:00:00 PM,RFC,MIDATL,PEP,PEPCO,2359.707,False
4/17/2025 3:00:00 AM,4/16/2025 11:00:00 PM,RFC,MIDATL,PEP,PEPCO,2210.982,False
4/17/2025 4:00:00 AM,4/17/2025 12:00:00 AM,RFC,MIDATL,PEP,PEPCO,2106.220,False
4/17/2025 5:00:00 AM,4/17/2025 1:00:00 AM,RFC,MIDATL,PEP,PEPCO,2043.113,False
4/17/2025 6:00:00 AM,4/17/2025 2:00:00 AM,RFC,MIDATL,PEP,PEPCO,2031.839,False
4/17/2025 7:00:00 AM,4/17/2025 3:00:00 AM,RFC,MIDATL,PEP,PEPCO,2030.081,False
4/17/2025 8:00:00 AM,4/17/2025 4:00:00 AM,RFC,MIDATL,PEP,PEPCO,2091.535,False
4/17/2025 9:00:00 AM,4/17/2025 5:00:00 AM,RFC,MIDATL,PEP,PEPCO,2330.190,False
4/17/2025 10:00:00 AM,4/17/2025 6:00:00 AM,RFC,MIDATL,PEP,PEPCO,2582.385,False
4/17/2025 11:00:00 AM,4/17/2025 7:00:00 AM,RFC,MIDATL,PEP,PEPCO,2667.217,False
4/17/2025 12:00:00 PM,4/17/2025 8:00:00 AM,RFC,MIDATL,PEP,PEPCO,2577.529,False
4/17/2025 1:00:00 PM,4/17/2025 9:00:00 AM,RFC,MIDATL,PEP,PEPCO,2453.404,False
4/17/2025 2:00:00 PM,4/17/2025 10:00:00 AM,RFC,MIDATL,PEP,PEPCO,2324.491,False
4/17/2025 3:00:00 PM,4/17/2025 11:00:00 AM,RFC,MIDATL,PEP,PEPCO,2241.677,False
4/17/2025 4:00:00 PM,4/17/2025 12:00:00 PM,RFC,MIDATL,PEP,PEPCO,2195.151,False
4/17/2025 5:00:00 PM,4/17/2025 1:00:00 PM,RFC,MIDATL,PEP,PEPCO,2153.008,False
4/17/2025 6:00:00 PM,4/17/2025 2:00:00 PM,RFC,MIDATL,PEP,PEPCO,2145.427,False
4/17/2025 7:00:00 PM,4/17/2025 3:00:00 PM,RFC,MIDATL,PEP,PEPCO,2168.322,False
4/17/2025 8:00:00 PM,4/17/2025 4:00:00 PM,RFC,MIDATL,PEP,PEPCO,2277.988,False
4/17/2025 9:00:00 PM,4/17/2025 5:00:00 PM,RFC,MIDATL,PEP,PEPCO,2366.047,False
4/17/2025 10:00:00 PM,4/17/2025 6:00:00 PM,RFC,MIDATL,PEP,PEPCO,2408.459,False
4/17/2025 11:00:00 PM,4/17/2025 7:00:00 PM,RFC,MIDATL,PEP,PEPCO,2404.039,False
4/18/2025 12:00:00 AM,4/17/2025 8:00:00 PM,RFC,MIDATL,PEP,PEPCO,2483.806,False
4/18/2025 1:00:00 AM,4/17/2025 9:00:00 PM,RFC,MIDATL,PEP,PEPCO,2417.882,False
4/18/2025 2:00:00 AM,4/17/2025 10:00:00 PM,RFC,MIDATL,PEP,PEPCO,2288.835,False
4/18/2025 3:00:00 AM,4/17/2025 11:00:00 PM,RFC,MIDATL,PEP,PEPCO,2203.195,False
4/18/2025 4:00:00 AM,4/18/2025 12:00:00 AM,RFC,MIDATL,PEP,PEPCO,2070.974,False
4/18/2025 5:00:00 AM,4/18/2025 1:00:00 AM,RFC,MIDATL,PEP,PEPCO,1976.653,False
4/18/2025 6:00:00 AM,4/18/2025 2:00:00 AM,RFC,MIDATL,PEP,PEPCO,1963.271,False
4/18/2025 7:00:00 AM,4/18/2025 3:00:00 AM,RFC,MIDATL,PEP,PEPCO,1941.525,False
4/18/2025 8:00:00 AM,4/18/2025 4:00:00 AM,RFC,MIDATL,PEP,PEPCO,2006.782,False
4/18/2025 9:00:00 AM,4/18/2025 5:00:00 AM,RFC,MIDATL,PEP,PEPCO,2182.223,False
4/18/2025 10:00:00 AM,4/18/2025 6:00:00 AM,RFC,MIDATL,PEP,PEPCO,2377.035,False
4/18/2025 11:00:00 AM,4/18/2025 7:00:00 AM,RFC,MIDATL,PEP,PEPCO,2470.601,False
4/18/2025 12:00:00 PM,4/18/2025 8:00:00 AM,RFC,MIDATL,PEP,PEPCO,2428.654,False
4/18/2025 1:00:00 PM,4/18/2025 9:00:00 AM,RFC,MIDATL,PEP,PEPCO,2342.711,False
4/18/2025 2:00:00 PM,4/18/2025 10:00:00 AM,RFC,MIDATL,PEP,PEPCO,2253.416,False
4/18/2025 3:00:00 PM,4/18/2025 11:00:00 AM,RFC,MIDATL,PEP,PEPCO,2312.119,False
4/18/2025 4:00:00 PM,4/18/2025 12:00:00 PM,RFC,MIDATL,PEP,PEPCO,2215.764,False
4/18/2025 5:00:00 PM,4/18/2025 1:00:00 PM,RFC,MIDATL,PEP,PEPCO,2186.981,False
4/18/2025 6:00:00 PM,4/18/2025 2:00:00 PM,RFC,MIDATL,PEP,PEPCO,2235.401,False
4/18/2025 7:00:00 PM,4/18/2025 3:00:00 PM,RFC,MIDATL,PEP,PEPCO,2296.667,False
4/18/2025 8:00:00 PM,4/18/2025 4:00:00 PM,RFC,MIDATL,PEP,PEPCO,2433.132,False
4/18/2025 9:00:00 PM,4/18/2025 5:00:00 PM,RFC,MIDATL,PEP,PEPCO,2542.154,False
4/18/2025 10:00:00 PM,4/18/2025 6:00:00 PM,RFC,MIDATL,PEP,PEPCO,2562.065,False
4/18/2025 11:00:00 PM,4/18/2025 7:00:00 PM,RFC,MIDATL,PEP,PEPCO,2518.345,False
4/19/2025 12:00:00 AM,4/18/2025 8:00:00 PM,RFC,MIDATL,PEP,PEPCO,2528.876,False
4/19/2025 1:00:00 AM,4/18/2025 9:00:00 PM,RFC,MIDATL,PEP,PEPCO,2497.786,False
4/19/2025 2:00:00 AM,4/18/2025 10:00:00 PM,RFC,MIDATL,PEP,PEPCO,2375.217,False
4/19/2025 3:00:00 AM,4/18/2025 11:00:00 PM,RFC,MIDATL,PEP,PEPCO,2223.633,False
4/19/2025 4:00:00 AM,4/19/2025 12:00:00 AM,RFC,MIDATL,PEP,PEPCO,2122.451,False
4/19/2025 5:00:00 AM,4/19/2025 1:00:00 AM,RFC,MIDATL,PEP,PEPCO,1985.835,False
4/19/2025 6:00:00 AM,4/19/2025 2:00:00 AM,RFC,MIDATL,PEP,PEPCO,1898.543,False
4/19/2025 7:00:00 AM,4/19/2025 3:00:00 AM,RFC,MIDATL,PEP,PEPCO,1902.356,False
4/19/2025 8:00:00 AM,4/19/2025 4:00:00 AM,RFC,MIDATL,PEP,PEPCO,1852.374,False
4/19/2025 9:00:00 AM,4/19/2025 5:00:00 AM,RFC,MIDATL,PEP,PEPCO,1865.187,False
4/19/2025 10:00:00 AM,4/19/2025 6:00:00 AM,RFC,MIDATL,PEP,PEPCO,1913.990,False
4/19/2025 11:00:00 AM,4/19/2025 7:00:00 AM,RFC,MIDATL,PEP,PEPCO,2030.954,False
4/19/2025 12:00:00 PM,4/19/2025 8:00:00 AM,RFC,MIDATL,PEP,PEPCO,2137.245,False
4/19/2025 1:00:00 PM,4/19/2025 9:00:00 AM,RFC,MIDATL,PEP,PEPCO,2242.716,False
4/19/2025 2:00:00 PM,4/19/2025 10:00:00 AM,RFC,MIDATL,PEP,PEPCO,2298.525,False
4/19/2025 3:00:00 PM,4/19/2025 11:00:00 AM,RFC,MIDATL,PEP,PEPCO,2323.616,False
4/19/2025 4:00:00 PM,4/19/2025 12:00:00 PM,RFC,MIDATL,PEP,PEPCO,2317.944,False
4/19/2025 5:00:00 PM,4/19/2025 1:00:00 PM,RFC,MIDATL,PEP,PEPCO,2254.636,False
4/19/2025 6:00:00 PM,4/19/2025 2:00:00 PM,RFC,MIDATL,PEP,PEPCO,2319.738,False
4/19/2025 7:00:00 PM,4/19/2025 3:00:00 PM,RFC,MIDATL,PEP,PEPCO,2427.302,False
4/19/2025 8:00:00 PM,4/19/2025 4:00:00 PM,RFC,MIDATL,PEP,PEPCO,2464.246,False
4/19/2025 9:00:00 PM,4/19/2025 5:00:00 PM,RFC,MIDATL,PEP,PEPCO,2519.455,False
4/19/2025 10:00:00 PM,4/19/2025 6:00:00 PM,RFC,MIDATL,PEP,PEPCO,2574.415,False
4/19/2025 11:00:00 PM,4/19/2025 7:00:00 PM,RFC,MIDATL,PEP,PEPCO,2623.936,False
4/20/2025 12:00:00 AM,4/19/2025 8:00:00 PM,RFC,MIDATL,PEP,PEPCO,2682.670,False
4/20/2025 1:00:00 AM,4/19/2025 9:00:00 PM,RFC,MIDATL,PEP,PEPCO,2617.789,False
4/20/2025 2:00:00 AM,4/19/2025 10:00:00 PM,RFC,MIDATL,PEP,PEPCO,2560.362,False
4/20/2025 3:00:00 AM,4/19/2025 11:00:00 PM,RFC,MIDATL,PEP,PEPCO,2440.240,False
4/20/2025 4:00:00 AM,4/20/2025 12:00:00 AM,RFC,MIDATL,PEP,PEPCO,2307.271,False
4/20/2025 5:00:00 AM,4/20/2025 1:00:00 AM,RFC,MIDATL,PEP,PEPCO,2141.298,False
4/20/2025 6:00:00 AM,4/20/2025 2:00:00 AM,RFC,MIDATL,PEP,PEPCO,2057.992,False
4/20/2025 7:00:00 AM,4/20/2025 3:00:00 AM,RFC,MIDATL,PEP,PEPCO,2014.648,False
4/20/2025 8:00:00 AM,4/20/2025 4:00:00 AM,RFC,MIDATL,PEP,PEPCO,1952.983,False
4/20/2025 9:00:00 AM,4/20/2025 5:00:00 AM,RFC,MIDATL,PEP,PEPCO,1967.046,False
4/20/2025 10:00:00 AM,4/20/2025 6:00:00 AM,RFC,MIDATL,PEP,PEPCO,1973.606,False
4/20/2025 11:00:00 AM,4/20/2025 7:00:00 AM,RFC,MIDATL,PEP,PEPCO,2084.645,False
4/20/2025 12:00:00 PM,4/20/2025 8:00:00 AM,RFC,MIDATL,PEP,PEPCO,2167.291,False
4/20/2025 1:00:00 PM,4/20/2025 9:00:00 AM,RFC,MIDATL,PEP,PEPCO,2175.910,False
4/20/2025 2:00:00 PM,4/20/2025 10:00:00 AM,RFC,MIDATL,PEP,PEPCO,2149.013,False
4/20/2025 3:00:00 PM,4/20/2025 11:00:00 AM,RFC,MIDATL,PEP,PEPCO,2201.050,False
4/20/2025 4:00:00 PM,4/20/2025 12:00:00 PM,RFC,MIDATL,PEP,PEPCO,2175.856,False
4/20/2025 5:00:00 PM,4/20/2025 1:00:00 PM,RFC,MIDATL,PEP,PEPCO,2181.869,False
4/20/2025 6:00:00 PM,4/20/2025 2:00:00 PM,RFC,MIDATL,PEP,PEPCO,2248.409,False
4/20/2025 7:00:00 PM,4/20/2025 3:00:00 PM,RFC,MIDATL,PEP,PEPCO,2379.356,False
4/20/2025 8:00:00 PM,4/20/2025 4:00:00 PM,RFC,MIDATL,PEP,PEPCO,2471.437,False
4/20/2025 9:00:00 PM,4/20/2025 5:00:00 PM,RFC,MIDATL,PEP,PEPCO,2487.506,False
4/20/2025 10:00:00 PM,4/20/2025 6:00:00 PM,RFC,MIDATL,PEP,PEPCO,2482.148,False
4/20/2025 11:00:00 PM,4/20/2025 7:00:00 PM,RFC,MIDATL,PEP,PEPCO,2515.222,False
4/21/2025 12:00:00 AM,4/20/2025 8:00:00 PM,RFC,MIDATL,PEP,PEPCO,2546.680,False
4/21/2025 1:00:00 AM,4/20/2025 9:00:00 PM,RFC,MIDATL,PEP,PEPCO,2466.819,False
4/21/2025 2:00:00 AM,4/20/2025 10:00:00 PM,RFC,MIDATL,PEP,PEPCO,2326.529,False
4/21/2025 3:00:00 AM,4/20/2025 11:00:00 PM,RFC,MIDATL,PEP,PEPCO,2153.194,False
4/21/2025 4:00:00 AM,4/21/2025 12:00:00 AM,RFC,MIDATL,PEP,PEPCO,2020.155,False
4/21/2025 5:00:00 AM,4/21/2025 1:00:00 AM,RFC,MIDATL,PEP,PEPCO,1928.074,False
4/21/2025 6:00:00 AM,4/21/2025 2:00:00 AM,RFC,MIDATL,PEP,PEPCO,1872.930,False
4/21/2025 7:00:00 AM,4/21/2025 3:00:00 AM,RFC,MIDATL,PEP,PEPCO,1824.989,False
4/21/2025 8:00:00 AM,4/21/2025 4:00:00 AM,RFC,MIDATL,PEP,PEPCO,1868.760,False
4/21/2025 9:00:00 AM,4/21/2025 5:00:00 AM,RFC,MIDATL,PEP,PEPCO,2033.368,False
4/21/2025 10:00:00 AM,4/21/2025 6:00:00 AM,RFC,MIDATL,PEP,PEPCO,2229.732,False
4/21/2025 11:00:00 AM,4/21/2025 7:00:00 AM,RFC,MIDATL,PEP,PEPCO,2339.618,False
4/21/2025 12:00:00 PM,4/21/2025 8:00:00 AM,RFC,MIDATL,PEP,PEPCO,2440.466,False
4/21/2025 1:00:00 PM,4/21/2025 9:00:00 AM,RFC,MIDATL,PEP,PEPCO,2522.336,False
4/21/2025 2:00:00 PM,4/21/2025 10:00:00 AM,RFC,MIDATL,PEP,PEPCO,2553.260,False
4/21/2025 3:00:00 PM,4/21/2025 11:00:00 AM,RFC,MIDATL,PEP,PEPCO,2513.574,False
4/21/2025 4:00:00 PM,4/21/2025 12:00:00 PM,RFC,MIDATL,PEP,PEPCO,2448.534,False
4/21/2025 5:00:00 PM,4/21/2025 1:00:00 PM,RFC,MIDATL,PEP,PEPCO,2429.642,False
4/21/2025 6:00:00 PM,4/21/2025 2:00:00 PM,RFC,MIDATL,PEP,PEPCO,2372.946,False
4/21/2025 7:00:00 PM,4/21/2025 3:00:00 PM,RFC,MIDATL,PEP,PEPCO,2541.734,False
4/21/2025 8:00:00 PM,4/21/2025 4:00:00 PM,RFC,MIDATL,PEP,PEPCO,2668.255,False
4/21/2025 9:00:00 PM,4/21/2025 5:00:00 PM,RFC,MIDATL,PEP,PEPCO,2752.039,False
4/21/2025 10:00:00 PM,4/21/2025 6:00:00 PM,RFC,MIDATL,PEP,PEPCO,2721.127,False
4/21/2025 11:00:00 PM,4/21/2025 7:00:00 PM,RFC,MIDATL,PEP,PEPCO,2710.733,False
4/22/2025 12:00:00 AM,4/21/2025 8:00:00 PM,RFC,MIDATL,PEP,PEPCO,2750.242,False
4/22/2025 1:00:00 AM,4/21/2025 9:00:00 PM,RFC,MIDATL,PEP,PEPCO,2665.334,False
4/22/2025 2:00:00 AM,4/21/2025 10:00:00 PM,RFC,MIDATL,PEP,PEPCO,2491.451,False
4/22/2025 3:00:00 AM,4/21/2025 11:00:00 PM,RFC,MIDATL,PEP,PEPCO,2328.419,False
4/22/2025 4:00:00 AM,4/22/2025 12:00:00 AM,RFC,MIDATL,PEP,PEPCO,2122.259,False
4/22/2025 5:00:00 AM,4/22/2025 1:00:00 AM,RFC,MIDATL,PEP,PEPCO,2008.366,False
4/22/2025 6:00:00 AM,4/22/2025 2:00:00 AM,RFC,MIDATL,PEP,PEPCO,1985.973,False
4/22/2025 7:00:00 AM,4/22/2025 3:00:00 AM,RFC,MIDATL,PEP,PEPCO,1939.949,False
4/22/2025 8:00:00 AM,4/22/2025 4:00:00 AM,RFC,MIDATL,PEP,PEPCO,1964.223,False
4/22/2025 9:00:00 AM,4/22/2025 5:00:00 AM,RFC,MIDATL,PEP,PEPCO,2129.117,False
4/22/2025 10:00:00 AM,4/22/2025 6:00:00 AM,RFC,MIDATL,PEP,PEPCO,2353.513,False
4/22/2025 11:00:00 AM,4/22/2025 7:00:00 AM,RFC,MIDATL,PEP,PEPCO,2517.169,False
4/22/2025 12:00:00 PM,4/22/2025 8:00:00 AM,RFC,MIDATL,PEP,PEPCO,2565.886,False
4/22/2025 1:00:00 PM,4/22/2025 9:00:00 AM,RFC,MIDATL,PEP,PEPCO,2567.826,False
4/22/2025 2:00:00 PM,4/22/2025 10:00:00 AM,RFC,MIDATL,PEP,PEPCO,2549.332,False
4/22/2025 3:00:00 PM,4/22/2025 11:00:00 AM,RFC,MIDATL,PEP,PEPCO,2602.196,False
4/22/2025 4:00:00 PM,4/22/2025 12:00:00 PM,RFC,MIDATL,PEP,PEPCO,2623.666,False
4/22/2025 5:00:00 PM,4/22/2025 1:00:00 PM,RFC,MIDATL,PEP,PEPCO,2661.757,False
4/22/2025 6:00:00 PM,4/22/2025 2:00:00 PM,RFC,MIDATL,PEP,PEPCO,2724.698,False
4/22/2025 7:00:00 PM,4/22/2025 3:00:00 PM,RFC,MIDATL,PEP,PEPCO,2805.885,False
4/22/2025 8:00:00 PM,4/22/2025 4:00:00 PM,RFC,MIDATL,PEP,PEPCO,2936.990,False
4/22/2025 9:00:00 PM,4/22/2025 5:00:00 PM,RFC,MIDATL,PEP,PEPCO,2989.641,False
4/22/2025 10:00:00 PM,4/22/2025 6:00:00 PM,RFC,MIDATL,PEP,PEPCO,2905.115,False
4/22/2025 11:00:00 PM,4/22/2025 7:00:00 PM,RFC,MIDATL,PEP,PEPCO,2847.215,False
4/23/2025 12:00:00 AM,4/22/2025 8:00:00 PM,RFC,MIDATL,PEP,PEPCO,2802.236,False
4/23/2025 1:00:00 AM,4/22/2025 9:00:00 PM,RFC,MIDATL,PEP,PEPCO,2702.376,False
4/23/2025 2:00:00 AM,4/22/2025 10:00:00 PM,RFC,MIDATL,PEP,PEPCO,2476.849,False
4/23/2025 3:00:00 AM,4/22/2025 11:00:00 PM,RFC,MIDATL,PEP,PEPCO,2275.735,False
4/23/2025 4:00:00 AM,4/23/2025 12:00:00 AM,RFC,MIDATL,PEP,PEPCO,2089.931,False
4/23/2025 5:00:00 AM,4/23/2025 1:00:00 AM,RFC,MIDATL,PEP,PEPCO,1962.626,False
4/23/2025 6:00:00 AM,4/23/2025 2:00:00 AM,RFC,MIDATL,PEP,PEPCO,1885.788,False
4/23/2025 7:00:00 AM,4/23/2025 3:00:00 AM,RFC,MIDATL,PEP,PEPCO,1850.437,False
4/23/2025 8:00:00 AM,4/23/2025 4:00:00 AM,RFC,MIDATL,PEP,PEPCO,1889.978,False
4/23/2025 9:00:00 AM,4/23/2025 5:00:00 AM,RFC,MIDATL,PEP,PEPCO,2049.832,False
4/23/2025 10:00:00 AM,4/23/2025 6:00:00 AM,RFC,MIDATL,PEP,PEPCO,2239.090,False
4/23/2025 11:00:00 AM,4/23/2025 7:00:00 AM,RFC,MIDATL,PEP,PEPCO,2416.050,False
4/23/2025 12:00:00 PM,4/23/2025 8:00:00 AM,RFC,MIDATL,PEP,PEPCO,2416.656,False
4/23/2025 1:00:00 PM,4/23/2025 9:00:00 AM,RFC,MIDATL,PEP,PEPCO,2399.934,False
4/23/2025 2:00:00 PM,4/23/2025 10:00:00 AM,RFC,MIDATL,PEP,PEPCO,2325.769,False
4/23/2025 3:00:00 PM,4/23/2025 11:00:00 AM,RFC,MIDATL,PEP,PEPCO,2343.860,False
4/23/2025 4:00:00 PM,4/23/2025 12:00:00 PM,RFC,MIDATL,PEP,PEPCO,2369.096,False
4/23/2025 5:00:00 PM,4/23/2025 1:00:00 PM,RFC,MIDATL,PEP,PEPCO,2383.550,False
4/23/2025 6:00:00 PM,4/23/2025 2:00:00 PM,RFC,MIDATL,PEP,PEPCO,2426.818,False
4/23/2025 7:00:00 PM,4/23/2025 3:00:00 PM,RFC,MIDATL,PEP,PEPCO,2535.271,False
4/23/2025 8:00:00 PM,4/23/2025 4:00:00 PM,RFC,MIDATL,PEP,PEPCO,2691.874,False
4/23/2025 9:00:00 PM,4/23/2025 5:00:00 PM,RFC,MIDATL,PEP,PEPCO,2824.075,False
4/23/2025 10:00:00 PM,4/23/2025 6:00:00 PM,RFC,MIDATL,PEP,PEPCO,2792.747,False
4/23/2025 11:00:00 PM,4/23/2025 7:00:00 PM,RFC,MIDATL,PEP,PEPCO,2768.300,False
4/24/2025 12:00:00 AM,4/23/2025 8:00:00 PM,RFC,MIDATL,PEP,PEPCO,2702.703,False
4/24/2025 1:00:00 AM,4/23/2025 9:00:00 PM,RFC,MIDATL,PEP,PEPCO,2604.461,False
4/24/2025 2:00:00 AM,4/23/2025 10:00:00 PM,RFC,MIDATL,PEP,PEPCO,2450.441,False
4/24/2025 3:00:00 AM,4/23/2025 11:00:00 PM,RFC,MIDATL,PEP,PEPCO,2244.046,False
4/24/2025 4:00:00 AM,4/24/2025 12:00:00 AM,RFC,MIDATL,PEP,PEPCO,2066.911,False
4/24/2025 5:00:00 AM,4/24/2025 1:00:00 AM,RFC,MIDATL,PEP,PEPCO,1947.134,False
4/24/2025 6:00:00 AM,4/24/2025 2:00:00 AM,RFC,MIDATL,PEP,PEPCO,1897.187,False
4/24/2025 7:00:00 AM,4/24/2025 3:00:00 AM,RFC,MIDATL,PEP,PEPCO,1840.138,False
4/24/2025 8:00:00 AM,4/24/2025 4:00:00 AM,RFC,MIDATL,PEP,PEPCO,1906.239,False
4/24/2025 9:00:00 AM,4/24/2025 5:00:00 AM,RFC,MIDATL,PEP,PEPCO,2047.364,False
4/24/2025 10:00:00 AM,4/24/2025 6:00:00 AM,RFC,MIDATL,PEP,PEPCO,2273.666,False
4/24/2025 11:00:00 AM,4/24/2025 7:00:00 AM,RFC,MIDATL,PEP,PEPCO,2396.094,False
4/24/2025 12:00:00 PM,4/24/2025 8:00:00 AM,RFC,MIDATL,PEP,PEPCO,2413.017,False
4/24/2025 1:00:00 PM,4/24/2025 9:00:00 AM,RFC,MIDATL,PEP,PEPCO,2420.680,False
4/24/2025 2:00:00 PM,4/24/2025 10:00:00 AM,RFC,MIDATL,PEP,PEPCO,2418.152,False
4/24/2025 3:00:00 PM,4/24/2025 11:00:00 AM,RFC,MIDATL,PEP,PEPCO,2447.476,False
4/24/2025 4:00:00 PM,4/24/2025 12:00:00 PM,RFC,MIDATL,PEP,PEPCO,2472.518,False
4/24/2025 5:00:00 PM,4/24/2025 1:00:00 PM,RFC,MIDATL,PEP,PEPCO,2470.222,False
4/24/2025 6:00:00 PM,4/24/2025 2:00:00 PM,RFC,MIDATL,PEP,PEPCO,2565.261,False
4/24/2025 7:00:00 PM,4/24/2025 3:00:00 PM,RFC,MIDATL,PEP,PEPCO,2659.758,False
4/24/2025 8:00:00 PM,4/24/2025 4:00:00 PM,RFC,MIDATL,PEP,PEPCO,2761.579,False
4/24/2025 9:00:00 PM,4/24/2025 5:00:00 PM,RFC,MIDATL,PEP,PEPCO,2815.358,False
4/24/2025 10:00:00 PM,4/24/2025 6:00:00 PM,RFC,MIDATL,PEP,PEPCO,2825.929,False
4/24/2025 11:00:00 PM,4/24/2025 7:00:00 PM,RFC,MIDATL,PEP,PEPCO,2755.121,False
4/25/2025 12:00:00 AM,4/24/2025 8:00:00 PM,RFC,MIDATL,PEP,PEPCO,2734.617,False
4/25/2025 1:00:00 AM,4/24/2025 9:00:00 PM,RFC,MIDATL,PEP,PEPCO,2617.324,False
4/25/2025 2:00:00 AM,4/24/2025 10:00:00 PM,RFC,MIDATL,PEP,PEPCO,2406.481,False
4/25/2025 3:00:00 AM,4/24/2025 11:00:00 PM,RFC,MIDATL,PEP,PEPCO,2233.049,False
4/25/2025 4:00:00 AM,4/25/2025 12:00:00 AM,RFC,MIDATL,PEP,PEPCO,2060.956,False
4/25/2025 5:00:00 AM,4/25/2025 1:00:00 AM,RFC,MIDATL,PEP,PEPCO,1958.766,False
4/25/2025 6:00:00 AM,4/25/2025 2:00:00 AM,RFC,MIDATL,PEP,PEPCO,1874.769,False
4/25/2025 7:00:00 AM,4/25/2025 3:00:00 AM,RFC,MIDATL,PEP,PEPCO,1867.271,False
4/25/2025 8:00:00 AM,4/25/2025 4:00:00 AM,RFC,MIDATL,PEP,PEPCO,1890.581,False
4/25/2025 9:00:00 AM,4/25/2025 5:00:00 AM,RFC,MIDATL,PEP,PEPCO,2041.391,False
4/25/2025 10:00:00 AM,4/25/2025 6:00:00 AM,RFC,MIDATL,PEP,PEPCO,2258.321,False
4/25/2025 11:00:00 AM,4/25/2025 7:00:00 AM,RFC,MIDATL,PEP,PEPCO,2379.273,False
4/25/2025 12:00:00 PM,4/25/2025 8:00:00 AM,RFC,MIDATL,PEP,PEPCO,2464.913,False
4/25/2025 1:00:00 PM,4/25/2025 9:00:00 AM,RFC,MIDATL,PEP,PEPCO,2475.398,False
4/25/2025 2:00:00 PM,4/25/2025 10:00:00 AM,RFC,MIDATL,PEP,PEPCO,2495.607,False
4/25/2025 3:00:00 PM,4/25/2025 11:00:00 AM,RFC,MIDATL,PEP,PEPCO,2555.252,False
4/25/2025 4:00:00 PM,4/25/2025 12:00:00 PM,RFC,MIDATL,PEP,PEPCO,2627.005,False
4/25/2025 5:00:00 PM,4/25/2025 1:00:00 PM,RFC,MIDATL,PEP,PEPCO,2794.066,False
4/25/2025 6:00:00 PM,4/25/2025 2:00:00 PM,RFC,MIDATL,PEP,PEPCO,2788.934,False
4/25/2025 7:00:00 PM,4/25/2025 3:00:00 PM,RFC,MIDATL,PEP,PEPCO,2925.593,False
4/25/2025 8:00:00 PM,4/25/2025 4:00:00 PM,RFC,MIDATL,PEP,PEPCO,2889.951,False
4/25/2025 9:00:00 PM,4/25/2025 5:00:00 PM,RFC,MIDATL,PEP,PEPCO,2916.809,False
4/25/2025 10:00:00 PM,4/25/2025 6:00:00 PM,RFC,MIDATL,PEP,PEPCO,2839.204,False
4/25/2025 11:00:00 PM,4/25/2025 7:00:00 PM,RFC,MIDATL,PEP,PEPCO,2772.498,False
4/26/2025 12:00:00 AM,4/25/2025 8:00:00 PM,RFC,MIDATL,PEP,PEPCO,2730.231,False
4/26/2025 1:00:00 AM,4/25/2025 9:00:00 PM,RFC,MIDATL,PEP,PEPCO,2656.976,False
4/26/2025 2:00:00 AM,4/25/2025 10:00:00 PM,RFC,MIDATL,PEP,PEPCO,2518.384,False
4/26/2025 3:00:00 AM,4/25/2025 11:00:00 PM,RFC,MIDATL,PEP,PEPCO,2398.102,False
4/26/2025 4:00:00 AM,4/26/2025 12:00:00 AM,RFC,MIDATL,PEP,PEPCO,2237.584,False
4/26/2025 5:00:00 AM,4/26/2025 1:00:00 AM,RFC,MIDATL,PEP,PEPCO,2134.586,False
4/26/2025 6:00:00 AM,4/26/2025 2:00:00 AM,RFC,MIDATL,PEP,PEPCO,2045.830,False
4/26/2025 7:00:00 AM,4/26/2025 3:00:00 AM,RFC,MIDATL,PEP,PEPCO,1991.843,False
4/26/2025 8:00:00 AM,4/26/2025 4:00:00 AM,RFC,MIDATL,PEP,PEPCO,1959.821,False
4/26/2025 9:00:00 AM,4/26/2025 5:00:00 AM,RFC,MIDATL,PEP,PEPCO,2012.287,False
4/26/2025 10:00:00 AM,4/26/2025 6:00:00 AM,RFC,MIDATL,PEP,PEPCO,2064.038,False
4/26/2025 11:00:00 AM,4/26/2025 7:00:00 AM,RFC,MIDATL,PEP,PEPCO,2172.768,False
4/26/2025 12:00:00 PM,4/26/2025 8:00:00 AM,RFC,MIDATL,PEP,PEPCO,2297.481,False
4/26/2025 1:00:00 PM,4/26/2025 9:00:00 AM,RFC,MIDATL,PEP,PEPCO,2351.029,False
4/26/2025 2:00:00 PM,4/26/2025 10:00:00 AM,RFC,MIDATL,PEP,PEPCO,2482.934,False
4/26/2025 3:00:00 PM,4/26/2025 11:00:00 AM,RFC,MIDATL,PEP,PEPCO,2517.646,False
4/26/2025 4:00:00 PM,4/26/2025 12:00:00 PM,RFC,MIDATL,PEP,PEPCO,2542.628,False
4/26/2025 5:00:00 PM,4/26/2025 1:00:00 PM,RFC,MIDATL,PEP,PEPCO,2411.575,False
4/26/2025 6:00:00 PM,4/26/2025 2:00:00 PM,RFC,MIDATL,PEP,PEPCO,2494.152,False
4/26/2025 7:00:00 PM,4/26/2025 3:00:00 PM,RFC,MIDATL,PEP,PEPCO,2592.838,False
4/26/2025 8:00:00 PM,4/26/2025 4:00:00 PM,RFC,MIDATL,PEP,PEPCO,2599.199,False
4/26/2025 9:00:00 PM,4/26/2025 5:00:00 PM,RFC,MIDATL,PEP,PEPCO,2607.570,False
4/26/2025 10:00:00 PM,4/26/2025 6:00:00 PM,RFC,MIDATL,PEP,PEPCO,2537.296,False
4/26/2025 11:00:00 PM,4/26/2025 7:00:00 PM,RFC,MIDATL,PEP,PEPCO,2499.035,False
4/27/2025 12:00:00 AM,4/26/2025 8:00:00 PM,RFC,MIDATL,PEP,PEPCO,2434.022,False
4/27/2025 1:00:00 AM,4/26/2025 9:00:00 PM,RFC,MIDATL,PEP,PEPCO,2379.272,False
4/27/2025 2:00:00 AM,4/26/2025 10:00:00 PM,RFC,MIDATL,PEP,PEPCO,2247.683,False
4/27/2025 3:00:00 AM,4/26/2025 11:00:00 PM,RFC,MIDATL,PEP,PEPCO,2157.253,False
4/27/2025 4:00:00 AM,4/27/2025 12:00:00 AM,RFC,MIDATL,PEP,PEPCO,1993.038,False
4/27/2025 5:00:00 AM,4/27/2025 1:00:00 AM,RFC,MIDATL,PEP,PEPCO,1903.829,False
4/27/2025 6:00:00 AM,4/27/2025 2:00:00 AM,RFC,MIDATL,PEP,PEPCO,1823.649,False
4/27/2025 7:00:00 AM,4/27/2025 3:00:00 AM,RFC,MIDATL,PEP,PEPCO,1816.357,False
4/27/2025 8:00:00 AM,4/27/2025 4:00:00 AM,RFC,MIDATL,PEP,PEPCO,1778.686,False
4/27/2025 9:00:00 AM,4/27/2025 5:00:00 AM,RFC,MIDATL,PEP,PEPCO,1812.354,False
4/27/2025 10:00:00 AM,4/27/2025 6:00:00 AM,RFC,MIDATL,PEP,PEPCO,1841.617,False
4/27/2025 11:00:00 AM,4/27/2025 7:00:00 AM,RFC,MIDATL,PEP,PEPCO,1849.657,False
4/27/2025 12:00:00 PM,4/27/2025 8:00:00 AM,RFC,MIDATL,PEP,PEPCO,1921.125,False
4/27/2025 1:00:00 PM,4/27/2025 9:00:00 AM,RFC,MIDATL,PEP,PEPCO,1891.048,False
4/27/2025 2:00:00 PM,4/27/2025 10:00:00 AM,RFC,MIDATL,PEP,PEPCO,1849.433,False
4/27/2025 3:00:00 PM,4/27/2025 11:00:00 AM,RFC,MIDATL,PEP,PEPCO,1825.806,False
4/27/2025 4:00:00 PM,4/27/2025 12:00:00 PM,RFC,MIDATL,PEP,PEPCO,1822.145,False
4/27/2025 5:00:00 PM,4/27/2025 1:00:00 PM,RFC,MIDATL,PEP,PEPCO,1811.094,False
4/27/2025 6:00:00 PM,4/27/2025 2:00:00 PM,RFC,MIDATL,PEP,PEPCO,1855.628,False
4/27/2025 7:00:00 PM,4/27/2025 3:00:00 PM,RFC,MIDATL,PEP,PEPCO,1900.676,False
4/27/2025 8:00:00 PM,4/27/2025 4:00:00 PM,RFC,MIDATL,PEP,PEPCO,2035.395,False
4/27/2025 9:00:00 PM,4/27/2025 5:00:00 PM,RFC,MIDATL,PEP,PEPCO,2189.030,False
4/27/2025 10:00:00 PM,4/27/2025 6:00:00 PM,RFC,MIDATL,PEP,PEPCO,2316.645,False
4/27/2025 11:00:00 PM,4/27/2025 7:00:00 PM,RFC,MIDATL,PEP,PEPCO,2382.933,False
4/28/2025 12:00:00 AM,4/27/2025 8:00:00 PM,RFC,MIDATL,PEP,PEPCO,2431.093,False
4/28/2025 1:00:00 AM,4/27/2025 9:00:00 PM,RFC,MIDATL,PEP,PEPCO,2409.002,False
4/28/2025 2:00:00 AM,4/27/2025 10:00:00 PM,RFC,MIDATL,PEP,PEPCO,2273.997,False
4/28/2025 3:00:00 AM,4/27/2025 11:00:00 PM,RFC,MIDATL,PEP,PEPCO,2105.573,False
4/28/2025 4:00:00 AM,4/28/2025 12:00:00 AM,RFC,MIDATL,PEP,PEPCO,1952.771,False
4/28/2025 5:00:00 AM,4/28/2025 1:00:00 AM,RFC,MIDATL,PEP,PEPCO,1875.182,False
4/28/2025 6:00:00 AM,4/28/2025 2:00:00 AM,RFC,MIDATL,PEP,PEPCO,1830.482,False
4/28/2025 7:00:00 AM,4/28/2025 3:00:00 AM,RFC,MIDATL,PEP,PEPCO,1827.486,False
4/28/2025 8:00:00 AM,4/28/2025 4:00:00 AM,RFC,MIDATL,PEP,PEPCO,1856.945,False
4/28/2025 9:00:00 AM,4/28/2025 5:00:00 AM,RFC,MIDATL,PEP,PEPCO,2046.983,False
4/28/2025 10:00:00 AM,4/28/2025 6:00:00 AM,RFC,MIDATL,PEP,PEPCO,2298.478,False
4/28/2025 11:00:00 AM,4/28/2025 7:00:00 AM,RFC,MIDATL,PEP,PEPCO,2400.437,False
4/28/2025 12:00:00 PM,4/28/2025 8:00:00 AM,RFC,MIDATL,PEP,PEPCO,2401.383,False
4/28/2025 1:00:00 PM,4/28/2025 9:00:00 AM,RFC,MIDATL,PEP,PEPCO,2323.380,False
4/28/2025 2:00:00 PM,4/28/2025 10:00:00 AM,RFC,MIDATL,PEP,PEPCO,2309.148,False
4/28/2025 3:00:00 PM,4/28/2025 11:00:00 AM,RFC,MIDATL,PEP,PEPCO,2274.798,False
4/28/2025 4:00:00 PM,4/28/2025 12:00:00 PM,RFC,MIDATL,PEP,PEPCO,2251.119,False
4/28/2025 5:00:00 PM,4/28/2025 1:00:00 PM,RFC,MIDATL,PEP,PEPCO,2294.829,False
4/28/2025 6:00:00 PM,4/28/2025 2:00:00 PM,RFC,MIDATL,PEP,PEPCO,2295.450,False
4/28/2025 7:00:00 PM,4/28/2025 3:00:00 PM,RFC,MIDATL,PEP,PEPCO,2380.327,False
4/28/2025 8:00:00 PM,4/28/2025 4:00:00 PM,RFC,MIDATL,PEP,PEPCO,2509.025,False
4/28/2025 9:00:00 PM,4/28/2025 5:00:00 PM,RFC,MIDATL,PEP,PEPCO,2630.161,False
4/28/2025 10:00:00 PM,4/28/2025 6:00:00 PM,RFC,MIDATL,PEP,PEPCO,2641.133,False
4/28/2025 11:00:00 PM,4/28/2025 7:00:00 PM,RFC,MIDATL,PEP,PEPCO,2623.862,False
4/29/2025 12:00:00 AM,4/28/2025 8:00:00 PM,RFC,MIDATL,PEP,PEPCO,2623.640,False
4/29/2025 1:00:00 AM,4/28/2025 9:00:00 PM,RFC,MIDATL,PEP,PEPCO,2521.094,False
4/29/2025 2:00:00 AM,4/28/2025 10:00:00 PM,RFC,MIDATL,PEP,PEPCO,2330.689,False
4/29/2025 3:00:00 AM,4/28/2025 11:00:00 PM,RFC,MIDATL,PEP,PEPCO,2156.959,False
4/29/2025 4:00:00 AM,4/29/2025 12:00:00 AM,RFC,MIDATL,PEP,PEPCO,1983.174,False
4/29/2025 5:00:00 AM,4/29/2025 1:00:00 AM,RFC,MIDATL,PEP,PEPCO,1873.544,False
4/29/2025 6:00:00 AM,4/29/2025 2:00:00 AM,RFC,MIDATL,PEP,PEPCO,1817.606,False
4/29/2025 7:00:00 AM,4/29/2025 3:00:00 AM,RFC,MIDATL,PEP,PEPCO,1797.299,False
4/29/2025 8:00:00 AM,4/29/2025 4:00:00 AM,RFC,MIDATL,PEP,PEPCO,1844.370,False
4/29/2025 9:00:00 AM,4/29/2025 5:00:00 AM,RFC,MIDATL,PEP,PEPCO,2015.123,False
4/29/2025 10:00:00 AM,4/29/2025 6:00:00 AM,RFC,MIDATL,PEP,PEPCO,2261.757,False
4/29/2025 11:00:00 AM,4/29/2025 7:00:00 AM,RFC,MIDATL,PEP,PEPCO,2390.862,False
4/29/2025 12:00:00 PM,4/29/2025 8:00:00 AM,RFC,MIDATL,PEP,PEPCO,2357.067,False
4/29/2025 1:00:00 PM,4/29/2025 9:00:00 AM,RFC,MIDATL,PEP,PEPCO,2276.196,False
4/29/2025 2:00:00 PM,4/29/2025 10:00:00 AM,RFC,MIDATL,PEP,PEPCO,2242.597,False
4/29/2025 3:00:00 PM,4/29/2025 11:00:00 AM,RFC,MIDATL,PEP,PEPCO,2240.408,False
4/29/2025 4:00:00 PM,4/29/2025 12:00:00 PM,RFC,MIDATL,PEP,PEPCO,2315.986,False
4/29/2025 5:00:00 PM,4/29/2025 1:00:00 PM,RFC,MIDATL,PEP,PEPCO,2378.366,False
4/29/2025 6:00:00 PM,4/29/2025 2:00:00 PM,RFC,MIDATL,PEP,PEPCO,2497.052,False
4/29/2025 7:00:00 PM,4/29/2025 3:00:00 PM,RFC,MIDATL,PEP,PEPCO,2608.003,False
4/29/2025 8:00:00 PM,4/29/2025 4:00:00 PM,RFC,MIDATL,PEP,PEPCO,2772.549,False
4/29/2025 9:00:00 PM,4/29/2025 5:00:00 PM,RFC,MIDATL,PEP,PEPCO,2947.357,False
4/29/2025 10:00:00 PM,4/29/2025 6:00:00 PM,RFC,MIDATL,PEP,PEPCO,2946.602,False
4/29/2025 11:00:00 PM,4/29/2025 7:00:00 PM,RFC,MIDATL,PEP,PEPCO,2904.913,False
4/30/2025 12:00:00 AM,4/29/2025 8:00:00 PM,RFC,MIDATL,PEP,PEPCO,2924.793,False
4/30/2025 1:00:00 AM,4/29/2025 9:00:00 PM,RFC,MIDATL,PEP,PEPCO,2809.227,False
4/30/2025 2:00:00 AM,4/29/2025 10:00:00 PM,RFC,MIDATL,PEP,PEPCO,2647.427,False
4/30/2025 3:00:00 AM,4/29/2025 11:00:00 PM,RFC,MIDATL,PEP,PEPCO,2479.811,False
4/30/2025 4:00:00 AM,4/30/2025 12:00:00 AM,RFC,MIDATL,PEP,PEPCO,2270.495,False
4/30/2025 5:00:00 AM,4/30/2025 1:00:00 AM,RFC,MIDATL,PEP,PEPCO,2119.666,False
4/30/2025 6:00:00 AM,4/30/2025 2:00:00 AM,RFC,MIDATL,PEP,PEPCO,2043.814,False
4/30/2025 7:00:00 AM,4/30/2025 3:00:00 AM,RFC,MIDATL,PEP,PEPCO,2019.064,False
4/30/2025 8:00:00 AM,4/30/2025 4:00:00 AM,RFC,MIDATL,PEP,PEPCO,2009.548,False
4/30/2025 9:00:00 AM,4/30/2025 5:00:00 AM,RFC,MIDATL,PEP,PEPCO,2200.914,False
4/30/2025 10:00:00 AM,4/30/2025 6:00:00 AM,RFC,MIDATL,PEP,PEPCO,2423.833,False
4/30/2025 11:00:00 AM,4/30/2025 7:00:00 AM,RFC,MIDATL,PEP,PEPCO,2590.709,False
4/30/2025 12:00:00 PM,4/30/2025 8:00:00 AM,RFC,MIDATL,PEP,PEPCO,2666.816,False
4/30/2025 1:00:00 PM,4/30/2025 9:00:00 AM,RFC,MIDATL,PEP,PEPCO,2697.444,False
4/30/2025 2:00:00 PM,4/30/2025 10:00:00 AM,RFC,MIDATL,PEP,PEPCO,2664.562,False
4/30/2025 3:00:00 PM,4/30/2025 11:00:00 AM,RFC,MIDATL,PEP,PEPCO,2675.906,False
4/30/2025 4:00:00 PM,4/30/2025 12:00:00 PM,RFC,MIDATL,PEP,PEPCO,2753.606,False
4/30/2025 5:00:00 PM,4/30/2025 1:00:00 PM,RFC,MIDATL,PEP,PEPCO,2838.005,False
4/30/2025 6:00:00 PM,4/30/2025 2:00:00 PM,RFC,MIDATL,PEP,PEPCO,2881.832,False
4/30/2025 7:00:00 PM,4/30/2025 3:00:00 PM,RFC,MIDATL,PEP,PEPCO,2995.246,False
4/30/2025 8:00:00 PM,4/30/2025 4:00:00 PM,RFC,MIDATL,PEP,PEPCO,3129.986,False
4/30/2025 9:00:00 PM,4/30/2025 5:00:00 PM,RFC,MIDATL,PEP,PEPCO,3205.732,False
4/30/2025 10:00:00 PM,4/30/2025 6:00:00 PM,RFC,MIDATL,PEP,PEPCO,3145.399,False
4/30/2025 11:00:00 PM,4/30/2025 7:00:00 PM,RFC,MIDATL,PEP,PEPCO,3062.057,False
5/1/2025 12:00:00 AM,4/30/2025 8:00:00 PM,RFC,MIDATL,PEP,PEPCO,2984.582,False
5/1/2025 1:00:00 AM,4/30/2025 9:00:00 PM,RFC,MIDATL,PEP,PEPCO,2860.661,False
5/1/2025 2:00:00 AM,4/30/2025 10:00:00 PM,RFC,MIDATL,PEP,PEPCO,2650.257,False
5/1/2025 3:00:00 AM,4/30/2025 11:00:00 PM,RFC,MIDATL,PEP,PEPCO,2373.499,False
5/1/2025 4:00:00 AM,5/1/2025 12:00:00 AM,RFC,MIDATL,PEP,PEPCO,2158.179,False
5/1/2025 5:00:00 AM,5/1/2025 1:00:00 AM,RFC,MIDATL,PEP,PEPCO,2030.330,False
5/1/2025 6:00:00 AM,5/1/2025 2:00:00 AM,RFC,MIDATL,PEP,PEPCO,1905.482,False
5/1/2025 7:00:00 AM,5/1/2025 3:00:00 AM,RFC,MIDATL,PEP,PEPCO,1879.565,False
5/1/2025 8:00:00 AM,5/1/2025 4:00:00 AM,RFC,MIDATL,PEP,PEPCO,1893.723,False
5/1/2025 9:00:00 AM,5/1/2025 5:00:00 AM,RFC,MIDATL,PEP,PEPCO,2062.212,False
5/1/2025 10:00:00 AM,5/1/2025 6:00:00 AM,RFC,MIDATL,PEP,PEPCO,2269.554,False
5/1/2025 11:00:00 AM,5/1/2025 7:00:00 AM,RFC,MIDATL,PEP,PEPCO,2435.037,False
5/1/2025 12:00:00 PM,5/1/2025 8:00:00 AM,RFC,MIDATL,PEP,PEPCO,2460.416,False
5/1/2025 1:00:00 PM,5/1/2025 9:00:00 AM,RFC,MIDATL,PEP,PEPCO,2507.369,False
5/1/2025 2:00:00 PM,5/1/2025 10:00:00 AM,RFC,MIDATL,PEP,PEPCO,2560.523,False
5/1/2025 3:00:00 PM,5/1/2025 11:00:00 AM,RFC,MIDATL,PEP,PEPCO,2553.831,False
5/1/2025 4:00:00 PM,5/1/2025 12:00:00 PM,RFC,MIDATL,PEP,PEPCO,2667.603,False
5/1/2025 5:00:00 PM,5/1/2025 1:00:00 PM,RFC,MIDATL,PEP,PEPCO,2820.617,False
5/1/2025 6:00:00 PM,5/1/2025 2:00:00 PM,RFC,MIDATL,PEP,PEPCO,2962.221,False
5/1/2025 7:00:00 PM,5/1/2025 3:00:00 PM,RFC,MIDATL,PEP,PEPCO,3107.699,False
5/1/2025 8:00:00 PM,5/1/2025 4:00:00 PM,RFC,MIDATL,PEP,PEPCO,3317.993,False
5/1/2025 9:00:00 PM,5/1/2025 5:00:00 PM,RFC,MIDATL,PEP,PEPCO,3400.178,False
5/1/2025 10:00:00 PM,5/1/2025 6:00:00 PM,RFC,MIDATL,PEP,PEPCO,3282.845,False
5/1/2025 11:00:00 PM,5/1/2025 7:00:00 PM,RFC,MIDATL,PEP,PEPCO,3247.259,False
5/2/2025 12:00:00 AM,5/1/2025 8:00:00 PM,RFC,MIDATL,PEP,PEPCO,3167.007,False
5/2/2025 1:00:00 AM,5/1/2025 9:00:00 PM,RFC,MIDATL,PEP,PEPCO,3072.532,False
5/2/2025 2:00:00 AM,5/1/2025 10:00:00 PM,RFC,MIDATL,PEP,PEPCO,2856.711,False
5/2/2025 3:00:00 AM,5/1/2025 11:00:00 PM,RFC,MIDATL,PEP,PEPCO,2658.348,False
5/2/2025 4:00:00 AM,5/2/2025 12:00:00 AM,RFC,MIDATL,PEP,PEPCO,2414.347,False
5/2/2025 5:00:00 AM,5/2/2025 1:00:00 AM,RFC,MIDATL,PEP,PEPCO,2287.701,False
5/2/2025 6:00:00 AM,5/2/2025 2:00:00 AM,RFC,MIDATL,PEP,PEPCO,2193.831,False
5/2/2025 7:00:00 AM,5/2/2025 3:00:00 AM,RFC,MIDATL,PEP,PEPCO,2138.065,False
5/2/2025 8:00:00 AM,5/2/2025 4:00:00 AM,RFC,MIDATL,PEP,PEPCO,2129.555,False
5/2/2025 9:00:00 AM,5/2/2025 5:00:00 AM,RFC,MIDATL,PEP,PEPCO,2301.988,False
5/2/2025 10:00:00 AM,5/2/2025 6:00:00 AM,RFC,MIDATL,PEP,PEPCO,2530.001,False
5/2/2025 11:00:00 AM,5/2/2025 7:00:00 AM,RFC,MIDATL,PEP,PEPCO,2703.717,False
5/2/2025 12:00:00 PM,5/2/2025 8:00:00 AM,RFC,MIDATL,PEP,PEPCO,2757.737,False
5/2/2025 1:00:00 PM,5/2/2025 9:00:00 AM,RFC,MIDATL,PEP,PEPCO,2850.307,False
5/2/2025 2:00:00 PM,5/2/2025 10:00:00 AM,RFC,MIDATL,PEP,PEPCO,2936.971,False
5/2/2025 3:00:00 PM,5/2/2025 11:00:00 AM,RFC,MIDATL,PEP,PEPCO,2952.593,False
5/2/2025 4:00:00 PM,5/2/2025 12:00:00 PM,RFC,MIDATL,PEP,PEPCO,3158.021,False
5/2/2025 5:00:00 PM,5/2/2025 1:00:00 PM,RFC,MIDATL,PEP,PEPCO,3267.095,False
5/2/2025 6:00:00 PM,5/2/2025 2:00:00 PM,RFC,MIDATL,PEP,PEPCO,3340.911,False
5/2/2025 7:00:00 PM,5/2/2025 3:00:00 PM,RFC,MIDATL,PEP,PEPCO,3449.381,False
5/2/2025 8:00:00 PM,5/2/2025 4:00:00 PM,RFC,MIDATL,PEP,PEPCO,3483.925,False
5/2/2025 9:00:00 PM,5/2/2025 5:00:00 PM,RFC,MIDATL,PEP,PEPCO,3503.778,False
5/2/2025 10:00:00 PM,5/2/2025 6:00:00 PM,RFC,MIDATL,PEP,PEPCO,3453.927,False
5/2/2025 11:00:00 PM,5/2/2025 7:00:00 PM,RFC,MIDATL,PEP,PEPCO,3331.798,False
5/3/2025 12:00:00 AM,5/2/2025 8:00:00 PM,RFC,MIDATL,PEP,PEPCO,3206.351,False
5/3/2025 1:00:00 AM,5/2/2025 9:00:00 PM,RFC,MIDATL,PEP,PEPCO,3078.710,False
5/3/2025 2:00:00 AM,5/2/2025 10:00:00 PM,RFC,MIDATL,PEP,PEPCO,2947.987,False
5/3/2025 3:00:00 AM,5/2/2025 11:00:00 PM,RFC,MIDATL,PEP,PEPCO,2735.952,False
5/3/2025 4:00:00 AM,5/3/2025 12:00:00 AM,RFC,MIDATL,PEP,PEPCO,2534.932,False
5/3/2025 5:00:00 AM,5/3/2025 1:00:00 AM,RFC,MIDATL,PEP,PEPCO,2388.027,False
5/3/2025 6:00:00 AM,5/3/2025 2:00:00 AM,RFC,MIDATL,PEP,PEPCO,2250.675,False
5/3/2025 7:00:00 AM,5/3/2025 3:00:00 AM,RFC,MIDATL,PEP,PEPCO,2162.174,False
5/3/2025 8:00:00 AM,5/3/2025 4:00:00 AM,RFC,MIDATL,PEP,PEPCO,2120.639,False
5/3/2025 9:00:00 AM,5/3/2025 5:00:00 AM,RFC,MIDATL,PEP,PEPCO,2142.588,False
5/3/2025 10:00:00 AM,5/3/2025 6:00:00 AM,RFC,MIDATL,PEP,PEPCO,2168.904,False
5/3/2025 11:00:00 AM,5/3/2025 7:00:00 AM,RFC,MIDATL,PEP,PEPCO,2268.695,False
5/3/2025 12:00:00 PM,5/3/2025 8:00:00 AM,RFC,MIDATL,PEP,PEPCO,2427.195,False
5/3/2025 1:00:00 PM,5/3/2025 9:00:00 AM,RFC,MIDATL,PEP,PEPCO,2539.480,False
5/3/2025 2:00:00 PM,5/3/2025 10:00:00 AM,RFC,MIDATL,PEP,PEPCO,2600.156,False
5/3/2025 3:00:00 PM,5/3/2025 11:00:00 AM,RFC,MIDATL,PEP,PEPCO,2625.442,False
5/3/2025 4:00:00 PM,5/3/2025 12:00:00 PM,RFC,MIDATL,PEP,PEPCO,2686.187,False
5/3/2025 5:00:00 PM,5/3/2025 1:00:00 PM,RFC,MIDATL,PEP,PEPCO,2824.237,False
5/3/2025 6:00:00 PM,5/3/2025 2:00:00 PM,RFC,MIDATL,PEP,PEPCO,2938.515,False
5/3/2025 7:00:00 PM,5/3/2025 3:00:00 PM,RFC,MIDATL,PEP,PEPCO,3062.260,False
5/3/2025 8:00:00 PM,5/3/2025 4:00:00 PM,RFC,MIDATL,PEP,PEPCO,3114.312,False
5/3/2025 9:00:00 PM,5/3/2025 5:00:00 PM,RFC,MIDATL,PEP,PEPCO,3134.323,False
5/3/2025 10:00:00 PM,5/3/2025 6:00:00 PM,RFC,MIDATL,PEP,PEPCO,3134.641,False
5/3/2025 11:00:00 PM,5/3/2025 7:00:00 PM,RFC,MIDATL,PEP,PEPCO,3100.379,False
5/4/2025 12:00:00 AM,5/3/2025 8:00:00 PM,RFC,MIDATL,PEP,PEPCO,3055.850,False
5/4/2025 1:00:00 AM,5/3/2025 9:00:00 PM,RFC,MIDATL,PEP,PEPCO,2952.237,False
5/4/2025 2:00:00 AM,5/3/2025 10:00:00 PM,RFC,MIDATL,PEP,PEPCO,2745.248,False
5/4/2025 3:00:00 AM,5/3/2025 11:00:00 PM,RFC,MIDATL,PEP,PEPCO,2577.766,False
5/4/2025 4:00:00 AM,5/4/2025 12:00:00 AM,RFC,MIDATL,PEP,PEPCO,2428.363,False
5/4/2025 5:00:00 AM,5/4/2025 1:00:00 AM,RFC,MIDATL,PEP,PEPCO,2237.731,False
5/4/2025 6:00:00 AM,5/4/2025 2:00:00 AM,RFC,MIDATL,PEP,PEPCO,2178.499,False
5/4/2025 7:00:00 AM,5/4/2025 3:00:00 AM,RFC,MIDATL,PEP,PEPCO,2121.978,False
5/4/2025 8:00:00 AM,5/4/2025 4:00:00 AM,RFC,MIDATL,PEP,PEPCO,2051.754,False
5/4/2025 9:00:00 AM,5/4/2025 5:00:00 AM,RFC,MIDATL,PEP,PEPCO,2072.190,False
5/4/2025 10:00:00 AM,5/4/2025 6:00:00 AM,RFC,MIDATL,PEP,PEPCO,2107.519,False
5/4/2025 11:00:00 AM,5/4/2025 7:00:00 AM,RFC,MIDATL,PEP,PEPCO,2172.660,False
5/4/2025 12:00:00 PM,5/4/2025 8:00:00 AM,RFC,MIDATL,PEP,PEPCO,2310.614,False
5/4/2025 1:00:00 PM,5/4/2025 9:00:00 AM,RFC,MIDATL,PEP,PEPCO,2424.997,False
5/4/2025 2:00:00 PM,5/4/2025 10:00:00 AM,RFC,MIDATL,PEP,PEPCO,2455.643,False
5/4/2025 3:00:00 PM,5/4/2025 11:00:00 AM,RFC,MIDATL,PEP,PEPCO,2486.383,False
5/4/2025 4:00:00 PM,5/4/2025 12:00:00 PM,RFC,MIDATL,PEP,PEPCO,2613.263,False
5/4/2025 5:00:00 PM,5/4/2025 1:00:00 PM,RFC,MIDATL,PEP,PEPCO,2599.484,False
5/4/2025 6:00:00 PM,5/4/2025 2:00:00 PM,RFC,MIDATL,PEP,PEPCO,2552.156,False
5/4/2025 7:00:00 PM,5/4/2025 3:00:00 PM,RFC,MIDATL,PEP,PEPCO,2613.732,False
5/4/2025 8:00:00 PM,5/4/2025 4:00:00 PM,RFC,MIDATL,PEP,PEPCO,2717.784,False
5/4/2025 9:00:00 PM,5/4/2025 5:00:00 PM,RFC,MIDATL,PEP,PEPCO,2727.961,False
5/4/2025 10:00:00 PM,5/4/2025 6:00:00 PM,RFC,MIDATL,PEP,PEPCO,2772.348,False
5/4/2025 11:00:00 PM,5/4/2025 7:00:00 PM,RFC,MIDATL,PEP,PEPCO,2832.132,False
5/5/2025 12:00:00 AM,5/4/2025 8:00:00 PM,RFC,MIDATL,PEP,PEPCO,2819.973,False
5/5/2025 1:00:00 AM,5/4/2025 9:00:00 PM,RFC,MIDATL,PEP,PEPCO,2800.683,False
5/5/2025 2:00:00 AM,5/4/2025 10:00:00 PM,RFC,MIDATL,PEP,PEPCO,2618.221,False
5/5/2025 3:00:00 AM,5/4/2025 11:00:00 PM,RFC,MIDATL,PEP,PEPCO,2455.792,False
5/5/2025 4:00:00 AM,5/5/2025 12:00:00 AM,RFC,MIDATL,PEP,PEPCO,2246.595,False
5/5/2025 5:00:00 AM,5/5/2025 1:00:00 AM,RFC,MIDATL,PEP,PEPCO,2129.923,False
5/5/2025 6:00:00 AM,5/5/2025 2:00:00 AM,RFC,MIDATL,PEP,PEPCO,2073.444,False
5/5/2025 7:00:00 AM,5/5/2025 3:00:00 AM,RFC,MIDATL,PEP,PEPCO,2037.793,False
5/5/2025 8:00:00 AM,5/5/2025 4:00:00 AM,RFC,MIDATL,PEP,PEPCO,2097.962,False
5/5/2025 9:00:00 AM,5/5/2025 5:00:00 AM,RFC,MIDATL,PEP,PEPCO,2288.506,False
5/5/2025 10:00:00 AM,5/5/2025 6:00:00 AM,RFC,MIDATL,PEP,PEPCO,2554.634,False
5/5/2025 11:00:00 AM,5/5/2025 7:00:00 AM,RFC,MIDATL,PEP,PEPCO,2724.580,False
5/5/2025 12:00:00 PM,5/5/2025 8:00:00 AM,RFC,MIDATL,PEP,PEPCO,2807.513,False
5/5/2025 1:00:00 PM,5/5/2025 9:00:00 AM,RFC,MIDATL,PEP,PEPCO,2852.363,False
5/5/2025 2:00:00 PM,5/5/2025 10:00:00 AM,RFC,MIDATL,PEP,PEPCO,2908.053,False
5/5/2025 3:00:00 PM,5/5/2025 11:00:00 AM,RFC,MIDATL,PEP,PEPCO,2873.485,False
5/5/2025 4:00:00 PM,5/5/2025 12:00:00 PM,RFC,MIDATL,PEP,PEPCO,2887.314,False
5/5/2025 5:00:00 PM,5/5/2025 1:00:00 PM,RFC,MIDATL,PEP,PEPCO,2888.340,False
5/5/2025 6:00:00 PM,5/5/2025 2:00:00 PM,RFC,MIDATL,PEP,PEPCO,2929.813,False
5/5/2025 7:00:00 PM,5/5/2025 3:00:00 PM,RFC,MIDATL,PEP,PEPCO,2860.899,False
5/5/2025 8:00:00 PM,5/5/2025 4:00:00 PM,RFC,MIDATL,PEP,PEPCO,2902.323,False
5/5/2025 9:00:00 PM,5/5/2025 5:00:00 PM,RFC,MIDATL,PEP,PEPCO,3053.151,False
5/5/2025 10:00:00 PM,5/5/2025 6:00:00 PM,RFC,MIDATL,PEP,PEPCO,2998.454,False
5/5/2025 11:00:00 PM,5/5/2025 7:00:00 PM,RFC,MIDATL,PEP,PEPCO,2967.869,False
5/6/2025 12:00:00 AM,5/5/2025 8:00:00 PM,RFC,MIDATL,PEP,PEPCO,2816.737,False
5/6/2025 1:00:00 AM,5/5/2025 9:00:00 PM,RFC,MIDATL,PEP,PEPCO,2707.715,False
5/6/2025 2:00:00 AM,5/5/2025 10:00:00 PM,RFC,MIDATL,PEP,PEPCO,2523.541,False
5/6/2025 3:00:00 AM,5/5/2025 11:00:00 PM,RFC,MIDATL,PEP,PEPCO,2376.315,False
5/6/2025 4:00:00 AM,5/6/2025 12:00:00 AM,RFC,MIDATL,PEP,PEPCO,2219.570,False
5/6/2025 5:00:00 AM,5/6/2025 1:00:00 AM,RFC,MIDATL,PEP,PEPCO,2089.637,False
5/6/2025 6:00:00 AM,5/6/2025 2:00:00 AM,RFC,MIDATL,PEP,PEPCO,2049.831,False
5/6/2025 7:00:00 AM,5/6/2025 3:00:00 AM,RFC,MIDATL,PEP,PEPCO,2020.486,False
5/6/2025 8:00:00 AM,5/6/2025 4:00:00 AM,RFC,MIDATL,PEP,PEPCO,2063.750,False
5/6/2025 9:00:00 AM,5/6/2025 5:00:00 AM,RFC,MIDATL,PEP,PEPCO,2242.544,False
5/6/2025 10:00:00 AM,5/6/2025 6:00:00 AM,RFC,MIDATL,PEP,PEPCO,2468.979,False
5/6/2025 11:00:00 AM,5/6/2025 7:00:00 AM,RFC,MIDATL,PEP,PEPCO,2655.541,False
5/6/2025 12:00:00 PM,5/6/2025 8:00:00 AM,RFC,MIDATL,PEP,PEPCO,2687.109,False
5/6/2025 1:00:00 PM,5/6/2025 9:00:00 AM,RFC,MIDATL,PEP,PEPCO,2725.764,False
5/6/2025 2:00:00 PM,5/6/2025 10:00:00 AM,RFC,MIDATL,PEP,PEPCO,2717.045,False
5/6/2025 3:00:00 PM,5/6/2025 11:00:00 AM,RFC,MIDATL,PEP,PEPCO,2700.054,False
5/6/2025 4:00:00 PM,5/6/2025 12:00:00 PM,RFC,MIDATL,PEP,PEPCO,2725.156,False
5/6/2025 5:00:00 PM,5/6/2025 1:00:00 PM,RFC,MIDATL,PEP,PEPCO,2714.601,False
5/6/2025 6:00:00 PM,5/6/2025 2:00:00 PM,RFC,MIDATL,PEP,PEPCO,2741.438,False
5/6/2025 7:00:00 PM,5/6/2025 3:00:00 PM,RFC,MIDATL,PEP,PEPCO,2700.936,False
5/6/2025 8:00:00 PM,5/6/2025 4:00:00 PM,RFC,MIDATL,PEP,PEPCO,2694.269,False
5/6/2025 9:00:00 PM,5/6/2025 5:00:00 PM,RFC,MIDATL,PEP,PEPCO,2748.746,False
5/6/2025 10:00:00 PM,5/6/2025 6:00:00 PM,RFC,MIDATL,PEP,PEPCO,2753.301,False
5/6/2025 11:00:00 PM,5/6/2025 7:00:00 PM,RFC,MIDATL,PEP,PEPCO,2726.749,False
5/7/2025 12:00:00 AM,5/6/2025 8:00:00 PM,RFC,MIDATL,PEP,PEPCO,2707.336,False
5/7/2025 1:00:00 AM,5/6/2025 9:00:00 PM,RFC,MIDATL,PEP,PEPCO,2641.968,False
5/7/2025 2:00:00 AM,5/6/2025 10:00:00 PM,RFC,MIDATL,PEP,PEPCO,2468.269,False
5/7/2025 3:00:00 AM,5/6/2025 11:00:00 PM,RFC,MIDATL,PEP,PEPCO,2239.778,False
5/7/2025 4:00:00 AM,5/7/2025 12:00:00 AM,RFC,MIDATL,PEP,PEPCO,2085.482,False
5/7/2025 5:00:00 AM,5/7/2025 1:00:00 AM,RFC,MIDATL,PEP,PEPCO,1932.110,False
5/7/2025 6:00:00 AM,5/7/2025 2:00:00 AM,RFC,MIDATL,PEP,PEPCO,1901.837,False
5/7/2025 7:00:00 AM,5/7/2025 3:00:00 AM,RFC,MIDATL,PEP,PEPCO,1868.698,False
5/7/2025 8:00:00 AM,5/7/2025 4:00:00 AM,RFC,MIDATL,PEP,PEPCO,1916.192,False
5/7/2025 9:00:00 AM,5/7/2025 5:00:00 AM,RFC,MIDATL,PEP,PEPCO,2076.100,False
5/7/2025 10:00:00 AM,5/7/2025 6:00:00 AM,RFC,MIDATL,PEP,PEPCO,2320.557,False
5/7/2025 11:00:00 AM,5/7/2025 7:00:00 AM,RFC,MIDATL,PEP,PEPCO,2443.519,False
5/7/2025 12:00:00 PM,5/7/2025 8:00:00 AM,RFC,MIDATL,PEP,PEPCO,2493.775,False
5/7/2025 1:00:00 PM,5/7/2025 9:00:00 AM,RFC,MIDATL,PEP,PEPCO,2478.320,False
5/7/2025 2:00:00 PM,5/7/2025 10:00:00 AM,RFC,MIDATL,PEP,PEPCO,2447.937,False
5/7/2025 3:00:00 PM,5/7/2025 11:00:00 AM,RFC,MIDATL,PEP,PEPCO,2473.426,False
5/7/2025 4:00:00 PM,5/7/2025 12:00:00 PM,RFC,MIDATL,PEP,PEPCO,2560.223,False
5/7/2025 5:00:00 PM,5/7/2025 1:00:00 PM,RFC,MIDATL,PEP,PEPCO,2576.219,False
5/7/2025 6:00:00 PM,5/7/2025 2:00:00 PM,RFC,MIDATL,PEP,PEPCO,2647.091,False
5/7/2025 7:00:00 PM,5/7/2025 3:00:00 PM,RFC,MIDATL,PEP,PEPCO,2723.108,False
5/7/2025 8:00:00 PM,5/7/2025 4:00:00 PM,RFC,MIDATL,PEP,PEPCO,2805.721,False
5/7/2025 9:00:00 PM,5/7/2025 5:00:00 PM,RFC,MIDATL,PEP,PEPCO,2820.930,False
5/7/2025 10:00:00 PM,5/7/2025 6:00:00 PM,RFC,MIDATL,PEP,PEPCO,2814.043,False
5/7/2025 11:00:00 PM,5/7/2025 7:00:00 PM,RFC,MIDATL,PEP,PEPCO,2754.705,False
5/8/2025 12:00:00 AM,5/7/2025 8:00:00 PM,RFC,MIDATL,PEP,PEPCO,2730.521,False
5/8/2025 1:00:00 AM,5/7/2025 9:00:00 PM,RFC,MIDATL,PEP,PEPCO,2685.911,False
5/8/2025 2:00:00 AM,5/7/2025 10:00:00 PM,RFC,MIDATL,PEP,PEPCO,2460.839,False
5/8/2025 3:00:00 AM,5/7/2025 11:00:00 PM,RFC,MIDATL,PEP,PEPCO,2299.676,False
5/8/2025 4:00:00 AM,5/8/2025 12:00:00 AM,RFC,MIDATL,PEP,PEPCO,2116.202,False
5/8/2025 5:00:00 AM,5/8/2025 1:00:00 AM,RFC,MIDATL,PEP,PEPCO,1984.505,False
5/8/2025 6:00:00 AM,5/8/2025 2:00:00 AM,RFC,MIDATL,PEP,PEPCO,1920.476,False
5/8/2025 7:00:00 AM,5/8/2025 3:00:00 AM,RFC,MIDATL,PEP,PEPCO,1913.762,False
5/8/2025 8:00:00 AM,5/8/2025 4:00:00 AM,RFC,MIDATL,PEP,PEPCO,1925.289,False
5/8/2025 9:00:00 AM,5/8/2025 5:00:00 AM,RFC,MIDATL,PEP,PEPCO,2100.629,False
5/8/2025 10:00:00 AM,5/8/2025 6:00:00 AM,RFC,MIDATL,PEP,PEPCO,2351.188,False
5/8/2025 11:00:00 AM,5/8/2025 7:00:00 AM,RFC,MIDATL,PEP,PEPCO,2498.919,False
5/8/2025 12:00:00 PM,5/8/2025 8:00:00 AM,RFC,MIDATL,PEP,PEPCO,2570.383,False
5/8/2025 1:00:00 PM,5/8/2025 9:00:00 AM,RFC,MIDATL,PEP,PEPCO,2596.679,False
5/8/2025 2:00:00 PM,5/8/2025 10:00:00 AM,RFC,MIDATL,PEP,PEPCO,2654.284,False
5/8/2025 3:00:00 PM,5/8/2025 11:00:00 AM,RFC,MIDATL,PEP,PEPCO,2679.362,False
5/8/2025 4:00:00 PM,5/8/2025 12:00:00 PM,RFC,MIDATL,PEP,PEPCO,2726.114,False
5/8/2025 5:00:00 PM,5/8/2025 1:00:00 PM,RFC,MIDATL,PEP,PEPCO,2814.091,False
5/8/2025 6:00:00 PM,5/8/2025 2:00:00 PM,RFC,MIDATL,PEP,PEPCO,2820.573,False
5/8/2025 7:00:00 PM,5/8/2025 3:00:00 PM,RFC,MIDATL,PEP,PEPCO,2947.879,False
5/8/2025 8:00:00 PM,5/8/2025 4:00:00 PM,RFC,MIDATL,PEP,PEPCO,3073.674,False
5/8/2025 9:00:00 PM,5/8/2025 5:00:00 PM,RFC,MIDATL,PEP,PEPCO,2984.355,False
5/8/2025 10:00:00 PM,5/8/2025 6:00:00 PM,RFC,MIDATL,PEP,PEPCO,2904.002,False
5/8/2025 11:00:00 PM,5/8/2025 7:00:00 PM,RFC,MIDATL,PEP,PEPCO,2835.721,False
5/9/2025 12:00:00 AM,5/8/2025 8:00:00 PM,RFC,MIDATL,PEP,PEPCO,2824.704,False
5/9/2025 1:00:00 AM,5/8/2025 9:00:00 PM,RFC,MIDATL,PEP,PEPCO,2725.788,False
5/9/2025 2:00:00 AM,5/8/2025 10:00:00 PM,RFC,MIDATL,PEP,PEPCO,2568.770,False
5/9/2025 3:00:00 AM,5/8/2025 11:00:00 PM,RFC,MIDATL,PEP,PEPCO,2375.613,False
5/9/2025 4:00:00 AM,5/9/2025 12:00:00 AM,RFC,MIDATL,PEP,PEPCO,2201.498,False
5/9/2025 5:00:00 AM,5/9/2025 1:00:00 AM,RFC,MIDATL,PEP,PEPCO,2080.798,False
5/9/2025 6:00:00 AM,5/9/2025 2:00:00 AM,RFC,MIDATL,PEP,PEPCO,2005.833,False
5/9/2025 7:00:00 AM,5/9/2025 3:00:00 AM,RFC,MIDATL,PEP,PEPCO,1959.358,False
5/9/2025 8:00:00 AM,5/9/2025 4:00:00 AM,RFC,MIDATL,PEP,PEPCO,2003.659,False
5/9/2025 9:00:00 AM,5/9/2025 5:00:00 AM,RFC,MIDATL,PEP,PEPCO,2148.079,False
5/9/2025 10:00:00 AM,5/9/2025 6:00:00 AM,RFC,MIDATL,PEP,PEPCO,2382.882,False
5/9/2025 11:00:00 AM,5/9/2025 7:00:00 AM,RFC,MIDATL,PEP,PEPCO,2521.916,False
5/9/2025 12:00:00 PM,5/9/2025 8:00:00 AM,RFC,MIDATL,PEP,PEPCO,2615.394,False
5/9/2025 1:00:00 PM,5/9/2025 9:00:00 AM,RFC,MIDATL,PEP,PEPCO,2633.110,False
5/9/2025 2:00:00 PM,5/9/2025 10:00:00 AM,RFC,MIDATL,PEP,PEPCO,2568.186,False
5/9/2025 3:00:00 PM,5/9/2025 11:00:00 AM,RFC,MIDATL,PEP,PEPCO,2557.359,False
5/9/2025 4:00:00 PM,5/9/2025 12:00:00 PM,RFC,MIDATL,PEP,PEPCO,2583.471,False
5/9/2025 5:00:00 PM,5/9/2025 1:00:00 PM,RFC,MIDATL,PEP,PEPCO,2539.946,False
5/9/2025 6:00:00 PM,5/9/2025 2:00:00 PM,RFC,MIDATL,PEP,PEPCO,2420.118,False
5/9/2025 7:00:00 PM,5/9/2025 3:00:00 PM,RFC,MIDATL,PEP,PEPCO,2553.272,False
5/9/2025 8:00:00 PM,5/9/2025 4:00:00 PM,RFC,MIDATL,PEP,PEPCO,2491.211,False
5/9/2025 9:00:00 PM,5/9/2025 5:00:00 PM,RFC,MIDATL,PEP,PEPCO,2417.813,False
5/9/2025 10:00:00 PM,5/9/2025 6:00:00 PM,RFC,MIDATL,PEP,PEPCO,2421.499,False
5/9/2025 11:00:00 PM,5/9/2025 7:00:00 PM,RFC,MIDATL,PEP,PEPCO,2422.194,False
5/10/2025 12:00:00 AM,5/9/2025 8:00:00 PM,RFC,MIDATL,PEP,PEPCO,2400.497,False
5/10/2025 1:00:00 AM,5/9/2025 9:00:00 PM,RFC,MIDATL,PEP,PEPCO,2362.697,False
5/10/2025 2:00:00 AM,5/9/2025 10:00:00 PM,RFC,MIDATL,PEP,PEPCO,2231.692,False
5/10/2025 3:00:00 AM,5/9/2025 11:00:00 PM,RFC,MIDATL,PEP,PEPCO,2124.217,False
5/10/2025 4:00:00 AM,5/10/2025 12:00:00 AM,RFC,MIDATL,PEP,PEPCO,2015.238,False
5/10/2025 5:00:00 AM,5/10/2025 1:00:00 AM,RFC,MIDATL,PEP,PEPCO,1916.552,False
5/10/2025 6:00:00 AM,5/10/2025 2:00:00 AM,RFC,MIDATL,PEP,PEPCO,1844.588,False
5/10/2025 7:00:00 AM,5/10/2025 3:00:00 AM,RFC,MIDATL,PEP,PEPCO,1814.522,False
5/10/2025 8:00:00 AM,5/10/2025 4:00:00 AM,RFC,MIDATL,PEP,PEPCO,1777.243,False
5/10/2025 9:00:00 AM,5/10/2025 5:00:00 AM,RFC,MIDATL,PEP,PEPCO,1831.312,False
5/10/2025 10:00:00 AM,5/10/2025 6:00:00 AM,RFC,MIDATL,PEP,PEPCO,1871.414,False
5/10/2025 11:00:00 AM,5/10/2025 7:00:00 AM,RFC,MIDATL,PEP,PEPCO,1954.080,False
5/10/2025 12:00:00 PM,5/10/2025 8:00:00 AM,RFC,MIDATL,PEP,PEPCO,1978.596,False
5/10/2025 1:00:00 PM,5/10/2025 9:00:00 AM,RFC,MIDATL,PEP,PEPCO,1968.370,False
5/10/2025 2:00:00 PM,5/10/2025 10:00:00 AM,RFC,MIDATL,PEP,PEPCO,1926.479,False
5/10/2025 3:00:00 PM,5/10/2025 11:00:00 AM,RFC,MIDATL,PEP,PEPCO,1886.189,False
5/10/2025 4:00:00 PM,5/10/2025 12:00:00 PM,RFC,MIDATL,PEP,PEPCO,1878.019,False
5/10/2025 5:00:00 PM,5/10/2025 1:00:00 PM,RFC,MIDATL,PEP,PEPCO,1869.064,False
5/10/2025 6:00:00 PM,5/10/2025 2:00:00 PM,RFC,MIDATL,PEP,PEPCO,1886.310,False
5/10/2025 7:00:00 PM,5/10/2025 3:00:00 PM,RFC,MIDATL,PEP,PEPCO,1969.130,False
5/10/2025 8:00:00 PM,5/10/2025 4:00:00 PM,RFC,MIDATL,PEP,PEPCO,2102.493,False
5/10/2025 9:00:00 PM,5/10/2025 5:00:00 PM,RFC,MIDATL,PEP,PEPCO,2241.034,False
5/10/2025 10:00:00 PM,5/10/2025 6:00:00 PM,RFC,MIDATL,PEP,PEPCO,2324.932,False
5/10/2025 11:00:00 PM,5/10/2025 7:00:00 PM,RFC,MIDATL,PEP,PEPCO,2331.949,False
5/11/2025 12:00:00 AM,5/10/2025 8:00:00 PM,RFC,MIDATL,PEP,PEPCO,2389.467,False
5/11/2025 1:00:00 AM,5/10/2025 9:00:00 PM,RFC,MIDATL,PEP,PEPCO,2336.529,False
5/11/2025 2:00:00 AM,5/10/2025 10:00:00 PM,RFC,MIDATL,PEP,PEPCO,2243.953,False
5/11/2025 3:00:00 AM,5/10/2025 11:00:00 PM,RFC,MIDATL,PEP,PEPCO,2152.988,False
5/11/2025 4:00:00 AM,5/11/2025 12:00:00 AM,RFC,MIDATL,PEP,PEPCO,2020.779,False
5/11/2025 5:00:00 AM,5/11/2025 1:00:00 AM,RFC,MIDATL,PEP,PEPCO,1909.471,False
5/11/2025 6:00:00 AM,5/11/2025 2:00:00 AM,RFC,MIDATL,PEP,PEPCO,1840.862,False
5/11/2025 7:00:00 AM,5/11/2025 3:00:00 AM,RFC,MIDATL,PEP,PEPCO,1801.285,False
5/11/2025 8:00:00 AM,5/11/2025 4:00:00 AM,RFC,MIDATL,PEP,PEPCO,1778.536,False
5/11/2025 9:00:00 AM,5/11/2025 5:00:00 AM,RFC,MIDATL,PEP,PEPCO,1788.570,False
5/11/2025 10:00:00 AM,5/11/2025 6:00:00 AM,RFC,MIDATL,PEP,PEPCO,1805.494,False
5/11/2025 11:00:00 AM,5/11/2025 7:00:00 AM,RFC,MIDATL,PEP,PEPCO,1873.710,False
5/11/2025 12:00:00 PM,5/11/2025 8:00:00 AM,RFC,MIDATL,PEP,PEPCO,1925.966,False
5/11/2025 1:00:00 PM,5/11/2025 9:00:00 AM,RFC,MIDATL,PEP,PEPCO,1991.767,False
5/11/2025 2:00:00 PM,5/11/2025 10:00:00 AM,RFC,MIDATL,PEP,PEPCO,2026.847,False
5/11/2025 3:00:00 PM,5/11/2025 11:00:00 AM,RFC,MIDATL,PEP,PEPCO,2082.264,False
5/11/2025 4:00:00 PM,5/11/2025 12:00:00 PM,RFC,MIDATL,PEP,PEPCO,2127.970,False
5/11/2025 5:00:00 PM,5/11/2025 1:00:00 PM,RFC,MIDATL,PEP,PEPCO,2213.085,False
5/11/2025 6:00:00 PM,5/11/2025 2:00:00 PM,RFC,MIDATL,PEP,PEPCO,2363.089,False
5/11/2025 7:00:00 PM,5/11/2025 3:00:00 PM,RFC,MIDATL,PEP,PEPCO,2452.255,False
5/11/2025 8:00:00 PM,5/11/2025 4:00:00 PM,RFC,MIDATL,PEP,PEPCO,2582.593,False
5/11/2025 9:00:00 PM,5/11/2025 5:00:00 PM,RFC,MIDATL,PEP,PEPCO,2662.852,False
5/11/2025 10:00:00 PM,5/11/2025 6:00:00 PM,RFC,MIDATL,PEP,PEPCO,2697.819,False
5/11/2025 11:00:00 PM,5/11/2025 7:00:00 PM,RFC,MIDATL,PEP,PEPCO,2720.021,False
5/12/2025 12:00:00 AM,5/11/2025 8:00:00 PM,RFC,MIDATL,PEP,PEPCO,2730.677,False
5/12/2025 1:00:00 AM,5/11/2025 9:00:00 PM,RFC,MIDATL,PEP,PEPCO,2662.794,False
5/12/2025 2:00:00 AM,5/11/2025 10:00:00 PM,RFC,MIDATL,PEP,PEPCO,2509.888,False
5/12/2025 3:00:00 AM,5/11/2025 11:00:00 PM,RFC,MIDATL,PEP,PEPCO,2308.922,False
5/12/2025 4:00:00 AM,5/12/2025 12:00:00 AM,RFC,MIDATL,PEP,PEPCO,2136.127,False
5/12/2025 5:00:00 AM,5/12/2025 1:00:00 AM,RFC,MIDATL,PEP,PEPCO,1991.570,False
5/12/2025 6:00:00 AM,5/12/2025 2:00:00 AM,RFC,MIDATL,PEP,PEPCO,1919.535,False
5/12/2025 7:00:00 AM,5/12/2025 3:00:00 AM,RFC,MIDATL,PEP,PEPCO,1867.588,False
5/12/2025 8:00:00 AM,5/12/2025 4:00:00 AM,RFC,MIDATL,PEP,PEPCO,1939.764,False
5/12/2025 9:00:00 AM,5/12/2025 5:00:00 AM,RFC,MIDATL,PEP,PEPCO,2068.921,False
5/12/2025 10:00:00 AM,5/12/2025 6:00:00 AM,RFC,MIDATL,PEP,PEPCO,2299.600,False
5/12/2025 11:00:00 AM,5/12/2025 7:00:00 AM,RFC,MIDATL,PEP,PEPCO,2471.590,False
5/12/2025 12:00:00 PM,5/12/2025 8:00:00 AM,RFC,MIDATL,PEP,PEPCO,2534.820,False
5/12/2025 1:00:00 PM,5/12/2025 9:00:00 AM,RFC,MIDATL,PEP,PEPCO,2578.491,False
5/12/2025 2:00:00 PM,5/12/2025 10:00:00 AM,RFC,MIDATL,PEP,PEPCO,2598.608,False
5/12/2025 3:00:00 PM,5/12/2025 11:00:00 AM,RFC,MIDATL,PEP,PEPCO,2646.538,False
5/12/2025 4:00:00 PM,5/12/2025 12:00:00 PM,RFC,MIDATL,PEP,PEPCO,2746.545,False
5/12/2025 5:00:00 PM,5/12/2025 1:00:00 PM,RFC,MIDATL,PEP,PEPCO,2853.747,False
5/12/2025 6:00:00 PM,5/12/2025 2:00:00 PM,RFC,MIDATL,PEP,PEPCO,2941.392,False
5/12/2025 7:00:00 PM,5/12/2025 3:00:00 PM,RFC,MIDATL,PEP,PEPCO,3008.255,False
5/12/2025 8:00:00 PM,5/12/2025 4:00:00 PM,RFC,MIDATL,PEP,PEPCO,3092.281,False
5/12/2025 9:00:00 PM,5/12/2025 5:00:00 PM,RFC,MIDATL,PEP,PEPCO,3103.253,False
5/12/2025 10:00:00 PM,5/12/2025 6:00:00 PM,RFC,MIDATL,PEP,PEPCO,3004.599,False
5/12/2025 11:00:00 PM,5/12/2025 7:00:00 PM,RFC,MIDATL,PEP,PEPCO,2972.945,False
5/13/2025 12:00:00 AM,5/12/2025 8:00:00 PM,RFC,MIDATL,PEP,PEPCO,2921.839,False
5/13/2025 1:00:00 AM,5/12/2025 9:00:00 PM,RFC,MIDATL,PEP,PEPCO,2850.331,False
5/13/2025 2:00:00 AM,5/12/2025 10:00:00 PM,RFC,MIDATL,PEP,PEPCO,2647.338,False
5/13/2025 3:00:00 AM,5/12/2025 11:00:00 PM,RFC,MIDATL,PEP,PEPCO,2440.738,False
5/13/2025 4:00:00 AM,5/13/2025 12:00:00 AM,RFC,MIDATL,PEP,PEPCO,2236.901,False
5/13/2025 5:00:00 AM,5/13/2025 1:00:00 AM,RFC,MIDATL,PEP,PEPCO,2146.785,False
5/13/2025 6:00:00 AM,5/13/2025 2:00:00 AM,RFC,MIDATL,PEP,PEPCO,2067.380,False
5/13/2025 7:00:00 AM,5/13/2025 3:00:00 AM,RFC,MIDATL,PEP,PEPCO,2035.094,False
5/13/2025 8:00:00 AM,5/13/2025 4:00:00 AM,RFC,MIDATL,PEP,PEPCO,2075.236,False
5/13/2025 9:00:00 AM,5/13/2025 5:00:00 AM,RFC,MIDATL,PEP,PEPCO,2301.610,False
5/13/2025 10:00:00 AM,5/13/2025 6:00:00 AM,RFC,MIDATL,PEP,PEPCO,2557.121,False
5/13/2025 11:00:00 AM,5/13/2025 7:00:00 AM,RFC,MIDATL,PEP,PEPCO,2717.179,False
5/13/2025 12:00:00 PM,5/13/2025 8:00:00 AM,RFC,MIDATL,PEP,PEPCO,2832.934,False
5/13/2025 1:00:00 PM,5/13/2025 9:00:00 AM,RFC,MIDATL,PEP,PEPCO,2896.991,False
5/13/2025 2:00:00 PM,5/13/2025 10:00:00 AM,RFC,MIDATL,PEP,PEPCO,2885.757,False
5/13/2025 3:00:00 PM,5/13/2025 11:00:00 AM,RFC,MIDATL,PEP,PEPCO,2931.562,False
5/13/2025 4:00:00 PM,5/13/2025 12:00:00 PM,RFC,MIDATL,PEP,PEPCO,2911.815,False
5/13/2025 5:00:00 PM,5/13/2025 1:00:00 PM,RFC,MIDATL,PEP,PEPCO,2930.830,False
5/13/2025 6:00:00 PM,5/13/2025 2:00:00 PM,RFC,MIDATL,PEP,PEPCO,2916.550,False
5/13/2025 7:00:00 PM,5/13/2025 3:00:00 PM,RFC,MIDATL,PEP,PEPCO,2898.060,False
5/13/2025 8:00:00 PM,5/13/2025 4:00:00 PM,RFC,MIDATL,PEP,PEPCO,2901.832,False
5/13/2025 9:00:00 PM,5/13/2025 5:00:00 PM,RFC,MIDATL,PEP,PEPCO,2897.452,False
5/13/2025 10:00:00 PM,5/13/2025 6:00:00 PM,RFC,MIDATL,PEP,PEPCO,2804.133,False
5/13/2025 11:00:00 PM,5/13/2025 7:00:00 PM,RFC,MIDATL,PEP,PEPCO,2805.250,False
5/14/2025 12:00:00 AM,5/13/2025 8:00:00 PM,RFC,MIDATL,PEP,PEPCO,2752.788,False
5/14/2025 1:00:00 AM,5/13/2025 9:00:00 PM,RFC,MIDATL,PEP,PEPCO,2670.052,False
5/14/2025 2:00:00 AM,5/13/2025 10:00:00 PM,RFC,MIDATL,PEP,PEPCO,2481.674,False
5/14/2025 3:00:00 AM,5/13/2025 11:00:00 PM,RFC,MIDATL,PEP,PEPCO,2317.324,False
5/14/2025 4:00:00 AM,5/14/2025 12:00:00 AM,RFC,MIDATL,PEP,PEPCO,2114.394,False
5/14/2025 5:00:00 AM,5/14/2025 1:00:00 AM,RFC,MIDATL,PEP,PEPCO,2044.323,False
5/14/2025 6:00:00 AM,5/14/2025 2:00:00 AM,RFC,MIDATL,PEP,PEPCO,1978.167,False
5/14/2025 7:00:00 AM,5/14/2025 3:00:00 AM,RFC,MIDATL,PEP,PEPCO,1946.789,False
5/14/2025 8:00:00 AM,5/14/2025 4:00:00 AM,RFC,MIDATL,PEP,PEPCO,1992.820,False
5/14/2025 9:00:00 AM,5/14/2025 5:00:00 AM,RFC,MIDATL,PEP,PEPCO,2184.702,False
5/14/2025 10:00:00 AM,5/14/2025 6:00:00 AM,RFC,MIDATL,PEP,PEPCO,2442.145,False
5/14/2025 11:00:00 AM,5/14/2025 7:00:00 AM,RFC,MIDATL,PEP,PEPCO,2610.900,False
5/14/2025 12:00:00 PM,5/14/2025 8:00:00 AM,RFC,MIDATL,PEP,PEPCO,2695.609,False
5/14/2025 1:00:00 PM,5/14/2025 9:00:00 AM,RFC,MIDATL,PEP,PEPCO,2742.369,False
5/14/2025 2:00:00 PM,5/14/2025 10:00:00 AM,RFC,MIDATL,PEP,PEPCO,2744.221,False
5/14/2025 3:00:00 PM,5/14/2025 11:00:00 AM,RFC,MIDATL,PEP,PEPCO,2804.295,False
5/14/2025 4:00:00 PM,5/14/2025 12:00:00 PM,RFC,MIDATL,PEP,PEPCO,2807.738,False
5/14/2025 5:00:00 PM,5/14/2025 1:00:00 PM,RFC,MIDATL,PEP,PEPCO,2813.550,False
5/14/2025 6:00:00 PM,5/14/2025 2:00:00 PM,RFC,MIDATL,PEP,PEPCO,2771.847,False
5/14/2025 7:00:00 PM,5/14/2025 3:00:00 PM,RFC,MIDATL,PEP,PEPCO,2824.381,False
5/14/2025 8:00:00 PM,5/14/2025 4:00:00 PM,RFC,MIDATL,PEP,PEPCO,2891.350,False
5/14/2025 9:00:00 PM,5/14/2025 5:00:00 PM,RFC,MIDATL,PEP,PEPCO,2938.536,False
5/14/2025 10:00:00 PM,5/14/2025 6:00:00 PM,RFC,MIDATL,PEP,PEPCO,2876.908,False
5/14/2025 11:00:00 PM,5/14/2025 7:00:00 PM,RFC,MIDATL,PEP,PEPCO,2885.659,False
5/15/2025 12:00:00 AM,5/14/2025 8:00:00 PM,RFC,MIDATL,PEP,PEPCO,2827.145,False
5/15/2025 1:00:00 AM,5/14/2025 9:00:00 PM,RFC,MIDATL,PEP,PEPCO,2728.189,False
5/15/2025 2:00:00 AM,5/14/2025 10:00:00 PM,RFC,MIDATL,PEP,PEPCO,2594.902,False
5/15/2025 3:00:00 AM,5/14/2025 11:00:00 PM,RFC,MIDATL,PEP,PEPCO,2379.117,False
5/15/2025 4:00:00 AM,5/15/2025 12:00:00 AM,RFC,MIDATL,PEP,PEPCO,2215.525,False
5/15/2025 5:00:00 AM,5/15/2025 1:00:00 AM,RFC,MIDATL,PEP,PEPCO,2122.853,False
5/15/2025 6:00:00 AM,5/15/2025 2:00:00 AM,RFC,MIDATL,PEP,PEPCO,2034.166,False
5/15/2025 7:00:00 AM,5/15/2025 3:00:00 AM,RFC,MIDATL,PEP,PEPCO,2019.301,False
5/15/2025 8:00:00 AM,5/15/2025 4:00:00 AM,RFC,MIDATL,PEP,PEPCO,2055.630,False
5/15/2025 9:00:00 AM,5/15/2025 5:00:00 AM,RFC,MIDATL,PEP,PEPCO,2229.616,False
5/15/2025 10:00:00 AM,5/15/2025 6:00:00 AM,RFC,MIDATL,PEP,PEPCO,2508.930,False
5/15/2025 11:00:00 AM,5/15/2025 7:00:00 AM,RFC,MIDATL,PEP,PEPCO,2684.966,False
5/15/2025 12:00:00 PM,5/15/2025 8:00:00 AM,RFC,MIDATL,PEP,PEPCO,2744.750,False
5/15/2025 1:00:00 PM,5/15/2025 9:00:00 AM,RFC,MIDATL,PEP,PEPCO,2767.702,False
5/15/2025 2:00:00 PM,5/15/2025 10:00:00 AM,RFC,MIDATL,PEP,PEPCO,2787.140,False
5/15/2025 3:00:00 PM,5/15/2025 11:00:00 AM,RFC,MIDATL,PEP,PEPCO,2835.079,False
5/15/2025 4:00:00 PM,5/15/2025 12:00:00 PM,RFC,MIDATL,PEP,PEPCO,2905.813,False
5/15/2025 5:00:00 PM,5/15/2025 1:00:00 PM,RFC,MIDATL,PEP,PEPCO,3002.612,False
5/15/2025 6:00:00 PM,5/15/2025 2:00:00 PM,RFC,MIDATL,PEP,PEPCO,3102.605,False
5/15/2025 7:00:00 PM,5/15/2025 3:00:00 PM,RFC,MIDATL,PEP,PEPCO,3183.739,False
5/15/2025 8:00:00 PM,5/15/2025 4:00:00 PM,RFC,MIDATL,PEP,PEPCO,3306.678,False
5/15/2025 9:00:00 PM,5/15/2025 5:00:00 PM,RFC,MIDATL,PEP,PEPCO,3411.682,False
5/15/2025 10:00:00 PM,5/15/2025 6:00:00 PM,RFC,MIDATL,PEP,PEPCO,3385.438,False
5/15/2025 11:00:00 PM,5/15/2025 7:00:00 PM,RFC,MIDATL,PEP,PEPCO,3272.796,False
5/16/2025 12:00:00 AM,5/15/2025 8:00:00 PM,RFC,MIDATL,PEP,PEPCO,3202.322,False
5/16/2025 1:00:00 AM,5/15/2025 9:00:00 PM,RFC,MIDATL,PEP,PEPCO,3075.334,False
5/16/2025 2:00:00 AM,5/15/2025 10:00:00 PM,RFC,MIDATL,PEP,PEPCO,2897.889,False
5/16/2025 3:00:00 AM,5/15/2025 11:00:00 PM,RFC,MIDATL,PEP,PEPCO,2653.317,False
5/16/2025 4:00:00 AM,5/16/2025 12:00:00 AM,RFC,MIDATL,PEP,PEPCO,2460.692,False
5/16/2025 5:00:00 AM,5/16/2025 1:00:00 AM,RFC,MIDATL,PEP,PEPCO,2308.129,False
5/16/2025 6:00:00 AM,5/16/2025 2:00:00 AM,RFC,MIDATL,PEP,PEPCO,2237.642,False
5/16/2025 7:00:00 AM,5/16/2025 3:00:00 AM,RFC,MIDATL,PEP,PEPCO,2219.572,False
5/16/2025 8:00:00 AM,5/16/2025 4:00:00 AM,RFC,MIDATL,PEP,PEPCO,2235.409,False
5/16/2025 9:00:00 AM,5/16/2025 5:00:00 AM,RFC,MIDATL,PEP,PEPCO,2410.785,False
5/16/2025 10:00:00 AM,5/16/2025 6:00:00 AM,RFC,MIDATL,PEP,PEPCO,2624.975,False
5/16/2025 11:00:00 AM,5/16/2025 7:00:00 AM,RFC,MIDATL,PEP,PEPCO,2812.723,False
5/16/2025 12:00:00 PM,5/16/2025 8:00:00 AM,RFC,MIDATL,PEP,PEPCO,2971.763,False
5/16/2025 1:00:00 PM,5/16/2025 9:00:00 AM,RFC,MIDATL,PEP,PEPCO,3074.135,False
5/16/2025 2:00:00 PM,5/16/2025 10:00:00 AM,RFC,MIDATL,PEP,PEPCO,3156.561,False
5/16/2025 3:00:00 PM,5/16/2025 11:00:00 AM,RFC,MIDATL,PEP,PEPCO,3289.696,False
5/16/2025 4:00:00 PM,5/16/2025 12:00:00 PM,RFC,MIDATL,PEP,PEPCO,3436.918,False
5/16/2025 5:00:00 PM,5/16/2025 1:00:00 PM,RFC,MIDATL,PEP,PEPCO,3633.964,False
5/16/2025 6:00:00 PM,5/16/2025 2:00:00 PM,RFC,MIDATL,PEP,PEPCO,3781.731,False
5/16/2025 7:00:00 PM,5/16/2025 3:00:00 PM,RFC,MIDATL,PEP,PEPCO,3903.606,False
5/16/2025 8:00:00 PM,5/16/2025 4:00:00 PM,RFC,MIDATL,PEP,PEPCO,3978.797,False
5/16/2025 9:00:00 PM,5/16/2025 5:00:00 PM,RFC,MIDATL,PEP,PEPCO,3735.377,False
5/16/2025 10:00:00 PM,5/16/2025 6:00:00 PM,RFC,MIDATL,PEP,PEPCO,3310.772,False
5/16/2025 11:00:00 PM,5/16/2025 7:00:00 PM,RFC,MIDATL,PEP,PEPCO,3190.713,False
5/17/2025 12:00:00 AM,5/16/2025 8:00:00 PM,RFC,MIDATL,PEP,PEPCO,3118.237,False
5/17/2025 1:00:00 AM,5/16/2025 9:00:00 PM,RFC,MIDATL,PEP,PEPCO,3040.555,False
5/17/2025 2:00:00 AM,5/16/2025 10:00:00 PM,RFC,MIDATL,PEP,PEPCO,2823.261,False
5/17/2025 3:00:00 AM,5/16/2025 11:00:00 PM,RFC,MIDATL,PEP,PEPCO,2665.286,False
5/17/2025 4:00:00 AM,5/17/2025 12:00:00 AM,RFC,MIDATL,PEP,PEPCO,2476.922,False
5/17/2025 5:00:00 AM,5/17/2025 1:00:00 AM,RFC,MIDATL,PEP,PEPCO,2314.733,False
5/17/2025 6:00:00 AM,5/17/2025 2:00:00 AM,RFC,MIDATL,PEP,PEPCO,2224.092,False
5/17/2025 7:00:00 AM,5/17/2025 3:00:00 AM,RFC,MIDATL,PEP,PEPCO,2113.761,False
5/17/2025 8:00:00 AM,5/17/2025 4:00:00 AM,RFC,MIDATL,PEP,PEPCO,2101.414,False
5/17/2025 9:00:00 AM,5/17/2025 5:00:00 AM,RFC,MIDATL,PEP,PEPCO,2143.536,False
5/17/2025 10:00:00 AM,5/17/2025 6:00:00 AM,RFC,MIDATL,PEP,PEPCO,2160.740,False
5/17/2025 11:00:00 AM,5/17/2025 7:00:00 AM,RFC,MIDATL,PEP,PEPCO,2271.287,False
5/17/2025 12:00:00 PM,5/17/2025 8:00:00 AM,RFC,MIDATL,PEP,PEPCO,2375.051,False
5/17/2025 1:00:00 PM,5/17/2025 9:00:00 AM,RFC,MIDATL,PEP,PEPCO,2438.853,False
5/17/2025 2:00:00 PM,5/17/2025 10:00:00 AM,RFC,MIDATL,PEP,PEPCO,2440.539,False
5/17/2025 3:00:00 PM,5/17/2025 11:00:00 AM,RFC,MIDATL,PEP,PEPCO,2600.937,False
5/17/2025 4:00:00 PM,5/17/2025 12:00:00 PM,RFC,MIDATL,PEP,PEPCO,2662.539,False
5/17/2025 5:00:00 PM,5/17/2025 1:00:00 PM,RFC,MIDATL,PEP,PEPCO,2813.590,False
5/17/2025 6:00:00 PM,5/17/2025 2:00:00 PM,RFC,MIDATL,PEP,PEPCO,2884.895,False
5/17/2025 7:00:00 PM,5/17/2025 3:00:00 PM,RFC,MIDATL,PEP,PEPCO,3009.773,False
5/17/2025 8:00:00 PM,5/17/2025 4:00:00 PM,RFC,MIDATL,PEP,PEPCO,3175.557,False
5/17/2025 9:00:00 PM,5/17/2025 5:00:00 PM,RFC,MIDATL,PEP,PEPCO,3292.314,False
5/17/2025 10:00:00 PM,5/17/2025 6:00:00 PM,RFC,MIDATL,PEP,PEPCO,3304.964,False
5/17/2025 11:00:00 PM,5/17/2025 7:00:00 PM,RFC,MIDATL,PEP,PEPCO,3225.828,False
5/18/2025 12:00:00 AM,5/17/2025 8:00:00 PM,RFC,MIDATL,PEP,PEPCO,3124.540,False
5/18/2025 1:00:00 AM,5/17/2025 9:00:00 PM,RFC,MIDATL,PEP,PEPCO,3056.817,False
5/18/2025 2:00:00 AM,5/17/2025 10:00:00 PM,RFC,MIDATL,PEP,PEPCO,2900.796,False
5/18/2025 3:00:00 AM,5/17/2025 11:00:00 PM,RFC,MIDATL,PEP,PEPCO,2738.903,False
5/18/2025 4:00:00 AM,5/18/2025 12:00:00 AM,RFC,MIDATL,PEP,PEPCO,2488.944,False
5/18/2025 5:00:00 AM,5/18/2025 1:00:00 AM,RFC,MIDATL,PEP,PEPCO,2280.394,False
5/18/2025 6:00:00 AM,5/18/2025 2:00:00 AM,RFC,MIDATL,PEP,PEPCO,2147.892,False
5/18/2025 7:00:00 AM,5/18/2025 3:00:00 AM,RFC,MIDATL,PEP,PEPCO,2068.000,False
5/18/2025 8:00:00 AM,5/18/2025 4:00:00 AM,RFC,MIDATL,PEP,PEPCO,2013.650,False
5/18/2025 9:00:00 AM,5/18/2025 5:00:00 AM,RFC,MIDATL,PEP,PEPCO,2034.981,False
5/18/2025 10:00:00 AM,5/18/2025 6:00:00 AM,RFC,MIDATL,PEP,PEPCO,2014.116,False
5/18/2025 11:00:00 AM,5/18/2025 7:00:00 AM,RFC,MIDATL,PEP,PEPCO,2069.993,False
5/18/2025 12:00:00 PM,5/18/2025 8:00:00 AM,RFC,MIDATL,PEP,PEPCO,2178.356,False
5/18/2025 1:00:00 PM,5/18/2025 9:00:00 AM,RFC,MIDATL,PEP,PEPCO,2260.007,False
5/18/2025 2:00:00 PM,5/18/2025 10:00:00 AM,RFC,MIDATL,PEP,PEPCO,2291.483,False
5/18/2025 3:00:00 PM,5/18/2025 11:00:00 AM,RFC,MIDATL,PEP,PEPCO,2410.124,False
5/18/2025 4:00:00 PM,5/18/2025 12:00:00 PM,RFC,MIDATL,PEP,PEPCO,2411.163,False
5/18/2025 5:00:00 PM,5/18/2025 1:00:00 PM,RFC,MIDATL,PEP,PEPCO,2475.560,False
5/18/2025 6:00:00 PM,5/18/2025 2:00:00 PM,RFC,MIDATL,PEP,PEPCO,2516.798,False
5/18/2025 7:00:00 PM,5/18/2025 3:00:00 PM,RFC,MIDATL,PEP,PEPCO,2568.490,False
5/18/2025 8:00:00 PM,5/18/2025 4:00:00 PM,RFC,MIDATL,PEP,PEPCO,2667.753,False
5/18/2025 9:00:00 PM,5/18/2025 5:00:00 PM,RFC,MIDATL,PEP,PEPCO,2807.750,False
5/18/2025 10:00:00 PM,5/18/2025 6:00:00 PM,RFC,MIDATL,PEP,PEPCO,2842.352,False
5/18/2025 11:00:00 PM,5/18/2025 7:00:00 PM,RFC,MIDATL,PEP,PEPCO,2857.597,False
5/19/2025 12:00:00 AM,5/18/2025 8:00:00 PM,RFC,MIDATL,PEP,PEPCO,2843.853,False
5/19/2025 1:00:00 AM,5/18/2025 9:00:00 PM,RFC,MIDATL,PEP,PEPCO,2786.197,False
5/19/2025 2:00:00 AM,5/18/2025 10:00:00 PM,RFC,MIDATL,PEP,PEPCO,2607.229,False
5/19/2025 3:00:00 AM,5/18/2025 11:00:00 PM,RFC,MIDATL,PEP,PEPCO,2386.707,False
5/19/2025 4:00:00 AM,5/19/2025 12:00:00 AM,RFC,MIDATL,PEP,PEPCO,2212.624,False
5/19/2025 5:00:00 AM,5/19/2025 1:00:00 AM,RFC,MIDATL,PEP,PEPCO,2071.674,False
5/19/2025 6:00:00 AM,5/19/2025 2:00:00 AM,RFC,MIDATL,PEP,PEPCO,1995.792,False
5/19/2025 7:00:00 AM,5/19/2025 3:00:00 AM,RFC,MIDATL,PEP,PEPCO,1957.880,False
5/19/2025 8:00:00 AM,5/19/2025 4:00:00 AM,RFC,MIDATL,PEP,PEPCO,1997.814,False
5/19/2025 9:00:00 AM,5/19/2025 5:00:00 AM,RFC,MIDATL,PEP,PEPCO,2142.150,False
5/19/2025 10:00:00 AM,5/19/2025 6:00:00 AM,RFC,MIDATL,PEP,PEPCO,2377.158,False
5/19/2025 11:00:00 AM,5/19/2025 7:00:00 AM,RFC,MIDATL,PEP,PEPCO,2505.690,False
5/19/2025 12:00:00 PM,5/19/2025 8:00:00 AM,RFC,MIDATL,PEP,PEPCO,2544.139,False
5/19/2025 1:00:00 PM,5/19/2025 9:00:00 AM,RFC,MIDATL,PEP,PEPCO,2536.400,False
5/19/2025 2:00:00 PM,5/19/2025 10:00:00 AM,RFC,MIDATL,PEP,PEPCO,2550.262,False
5/19/2025 3:00:00 PM,5/19/2025 11:00:00 AM,RFC,MIDATL,PEP,PEPCO,2542.694,False
5/19/2025 4:00:00 PM,5/19/2025 12:00:00 PM,RFC,MIDATL,PEP,PEPCO,2575.970,False
5/19/2025 5:00:00 PM,5/19/2025 1:00:00 PM,RFC,MIDATL,PEP,PEPCO,2623.176,False
5/19/2025 6:00:00 PM,5/19/2025 2:00:00 PM,RFC,MIDATL,PEP,PEPCO,2709.339,False
5/19/2025 7:00:00 PM,5/19/2025 3:00:00 PM,RFC,MIDATL,PEP,PEPCO,2816.190,False
5/19/2025 8:00:00 PM,5/19/2025 4:00:00 PM,RFC,MIDATL,PEP,PEPCO,2915.773,False
5/19/2025 9:00:00 PM,5/19/2025 5:00:00 PM,RFC,MIDATL,PEP,PEPCO,2997.441,False
5/19/2025 10:00:00 PM,5/19/2025 6:00:00 PM,RFC,MIDATL,PEP,PEPCO,2951.904,False
5/19/2025 11:00:00 PM,5/19/2025 7:00:00 PM,RFC,MIDATL,PEP,PEPCO,2882.189,False
5/20/2025 12:00:00 AM,5/19/2025 8:00:00 PM,RFC,MIDATL,PEP,PEPCO,2799.014,False
5/20/2025 1:00:00 AM,5/19/2025 9:00:00 PM,RFC,MIDATL,PEP,PEPCO,2724.376,False
5/20/2025 2:00:00 AM,5/19/2025 10:00:00 PM,RFC,MIDATL,PEP,PEPCO,2503.429,False
5/20/2025 3:00:00 AM,5/19/2025 11:00:00 PM,RFC,MIDATL,PEP,PEPCO,2307.645,False
5/20/2025 4:00:00 AM,5/20/2025 12:00:00 AM,RFC,MIDATL,PEP,PEPCO,2106.335,False
5/20/2025 5:00:00 AM,5/20/2025 1:00:00 AM,RFC,MIDATL,PEP,PEPCO,1984.252,False
5/20/2025 6:00:00 AM,5/20/2025 2:00:00 AM,RFC,MIDATL,PEP,PEPCO,1932.832,False
5/20/2025 7:00:00 AM,5/20/2025 3:00:00 AM,RFC,MIDATL,PEP,PEPCO,1849.043,False
5/20/2025 8:00:00 AM,5/20/2025 4:00:00 AM,RFC,MIDATL,PEP,PEPCO,1943.884,False
5/20/2025 9:00:00 AM,5/20/2025 5:00:00 AM,RFC,MIDATL,PEP,PEPCO,2045.838,False
5/20/2025 10:00:00 AM,5/20/2025 6:00:00 AM,RFC,MIDATL,PEP,PEPCO,2264.591,False
5/20/2025 11:00:00 AM,5/20/2025 7:00:00 AM,RFC,MIDATL,PEP,PEPCO,2397.179,False
5/20/2025 12:00:00 PM,5/20/2025 8:00:00 AM,RFC,MIDATL,PEP,PEPCO,2354.360,False
5/20/2025 1:00:00 PM,5/20/2025 9:00:00 AM,RFC,MIDATL,PEP,PEPCO,2335.995,False
5/20/2025 2:00:00 PM,5/20/2025 10:00:00 AM,RFC,MIDATL,PEP,PEPCO,2322.963,False
5/20/2025 3:00:00 PM,5/20/2025 11:00:00 AM,RFC,MIDATL,PEP,PEPCO,2333.770,False
5/20/2025 4:00:00 PM,5/20/2025 12:00:00 PM,RFC,MIDATL,PEP,PEPCO,2426.753,False
5/20/2025 5:00:00 PM,5/20/2025 1:00:00 PM,RFC,MIDATL,PEP,PEPCO,2443.514,False
5/20/2025 6:00:00 PM,5/20/2025 2:00:00 PM,RFC,MIDATL,PEP,PEPCO,2419.522,False
5/20/2025 7:00:00 PM,5/20/2025 3:00:00 PM,RFC,MIDATL,PEP,PEPCO,2599.964,False
5/20/2025 8:00:00 PM,5/20/2025 4:00:00 PM,RFC,MIDATL,PEP,PEPCO,2701.887,False
5/20/2025 9:00:00 PM,5/20/2025 5:00:00 PM,RFC,MIDATL,PEP,PEPCO,2715.861,False
5/20/2025 10:00:00 PM,5/20/2025 6:00:00 PM,RFC,MIDATL,PEP,PEPCO,2632.092,False
5/20/2025 11:00:00 PM,5/20/2025 7:00:00 PM,RFC,MIDATL,PEP,PEPCO,2601.050,False
5/21/2025 12:00:00 AM,5/20/2025 8:00:00 PM,RFC,MIDATL,PEP,PEPCO,2582.302,False
5/21/2025 1:00:00 AM,5/20/2025 9:00:00 PM,RFC,MIDATL,PEP,PEPCO,2535.118,False
5/21/2025 2:00:00 AM,5/20/2025 10:00:00 PM,RFC,MIDATL,PEP,PEPCO,2348.793,False
5/21/2025 3:00:00 AM,5/20/2025 11:00:00 PM,RFC,MIDATL,PEP,PEPCO,2192.929,False
5/21/2025 4:00:00 AM,5/21/2025 12:00:00 AM,RFC,MIDATL,PEP,PEPCO,2020.620,False
5/21/2025 5:00:00 AM,5/21/2025 1:00:00 AM,RFC,MIDATL,PEP,PEPCO,1932.190,False
5/21/2025 6:00:00 AM,5/21/2025 2:00:00 AM,RFC,MIDATL,PEP,PEPCO,1853.334,False
5/21/2025 7:00:00 AM,5/21/2025 3:00:00 AM,RFC,MIDATL,PEP,PEPCO,1857.892,False
5/21/2025 8:00:00 AM,5/21/2025 4:00:00 AM,RFC,MIDATL,PEP,PEPCO,1881.911,False
5/21/2025 9:00:00 AM,5/21/2025 5:00:00 AM,RFC,MIDATL,PEP,PEPCO,2076.935,False
5/21/2025 10:00:00 AM,5/21/2025 6:00:00 AM,RFC,MIDATL,PEP,PEPCO,2309.950,False
5/21/2025 11:00:00 AM,5/21/2025 7:00:00 AM,RFC,MIDATL,PEP,PEPCO,2495.425,False
5/21/2025 12:00:00 PM,5/21/2025 8:00:00 AM,RFC,MIDATL,PEP,PEPCO,2570.031,False
5/21/2025 1:00:00 PM,5/21/2025 9:00:00 AM,RFC,MIDATL,PEP,PEPCO,2612.931,False
5/21/2025 2:00:00 PM,5/21/2025 10:00:00 AM,RFC,MIDATL,PEP,PEPCO,2643.974,False
5/21/2025 3:00:00 PM,5/21/2025 11:00:00 AM,RFC,MIDATL,PEP,PEPCO,2641.105,False
5/21/2025 4:00:00 PM,5/21/2025 12:00:00 PM,RFC,MIDATL,PEP,PEPCO,2595.880,False
5/21/2025 5:00:00 PM,5/21/2025 1:00:00 PM,RFC,MIDATL,PEP,PEPCO,2600.971,False
5/21/2025 6:00:00 PM,5/21/2025 2:00:00 PM,RFC,MIDATL,PEP,PEPCO,2624.380,False
5/21/2025 7:00:00 PM,5/21/2025 3:00:00 PM,RFC,MIDATL,PEP,PEPCO,2619.827,False
5/21/2025 8:00:00 PM,5/21/2025 4:00:00 PM,RFC,MIDATL,PEP,PEPCO,2605.452,False
5/21/2025 9:00:00 PM,5/21/2025 5:00:00 PM,RFC,MIDATL,PEP,PEPCO,2631.114,False
5/21/2025 10:00:00 PM,5/21/2025 6:00:00 PM,RFC,MIDATL,PEP,PEPCO,2577.600,False
5/21/2025 11:00:00 PM,5/21/2025 7:00:00 PM,RFC,MIDATL,PEP,PEPCO,2536.451,False
5/22/2025 12:00:00 AM,5/21/2025 8:00:00 PM,RFC,MIDATL,PEP,PEPCO,2490.317,False
5/22/2025 1:00:00 AM,5/21/2025 9:00:00 PM,RFC,MIDATL,PEP,PEPCO,2453.398,False
5/22/2025 2:00:00 AM,5/21/2025 10:00:00 PM,RFC,MIDATL,PEP,PEPCO,2275.251,False
5/22/2025 3:00:00 AM,5/21/2025 11:00:00 PM,RFC,MIDATL,PEP,PEPCO,2131.090,False
5/22/2025 4:00:00 AM,5/22/2025 12:00:00 AM,RFC,MIDATL,PEP,PEPCO,1994.840,False
5/22/2025 5:00:00 AM,5/22/2025 1:00:00 AM,RFC,MIDATL,PEP,PEPCO,1880.612,False
5/22/2025 6:00:00 AM,5/22/2025 2:00:00 AM,RFC,MIDATL,PEP,PEPCO,1859.394,False
5/22/2025 7:00:00 AM,5/22/2025 3:00:00 AM,RFC,MIDATL,PEP,PEPCO,1815.628,False
5/22/2025 8:00:00 AM,5/22/2025 4:00:00 AM,RFC,MIDATL,PEP,PEPCO,1865.017,False
5/22/2025 9:00:00 AM,5/22/2025 5:00:00 AM,RFC,MIDATL,PEP,PEPCO,2025.478,False
5/22/2025 10:00:00 AM,5/22/2025 6:00:00 AM,RFC,MIDATL,PEP,PEPCO,2274.564,False
5/22/2025 11:00:00 AM,5/22/2025 7:00:00 AM,RFC,MIDATL,PEP,PEPCO,2428.421,False
5/22/2025 12:00:00 PM,5/22/2025 8:00:00 AM,RFC,MIDATL,PEP,PEPCO,2479.587,False
5/22/2025 1:00:00 PM,5/22/2025 9:00:00 AM,RFC,MIDATL,PEP,PEPCO,2550.560,False
5/22/2025 2:00:00 PM,5/22/2025 10:00:00 AM,RFC,MIDATL,PEP,PEPCO,2570.734,False
5/22/2025 3:00:00 PM,5/22/2025 11:00:00 AM,RFC,MIDATL,PEP,PEPCO,2472.917,False
5/22/2025 4:00:00 PM,5/22/2025 12:00:00 PM,RFC,MIDATL,PEP,PEPCO,2500.706,False
5/22/2025 5:00:00 PM,5/22/2025 1:00:00 PM,RFC,MIDATL,PEP,PEPCO,2509.501,False
5/22/2025 6:00:00 PM,5/22/2025 2:00:00 PM,RFC,MIDATL,PEP,PEPCO,2475.009,False
5/22/2025 7:00:00 PM,5/22/2025 3:00:00 PM,RFC,MIDATL,PEP,PEPCO,2525.942,False
5/22/2025 8:00:00 PM,5/22/2025 4:00:00 PM,RFC,MIDATL,PEP,PEPCO,2555.050,False
5/22/2025 9:00:00 PM,5/22/2025 5:00:00 PM,RFC,MIDATL,PEP,PEPCO,2563.297,False
5/22/2025 10:00:00 PM,5/22/2025 6:00:00 PM,RFC,MIDATL,PEP,PEPCO,2495.488,False
5/22/2025 11:00:00 PM,5/22/2025 7:00:00 PM,RFC,MIDATL,PEP,PEPCO,2445.531,False
5/23/2025 12:00:00 AM,5/22/2025 8:00:00 PM,RFC,MIDATL,PEP,PEPCO,2481.937,False
5/23/2025 1:00:00 AM,5/22/2025 9:00:00 PM,RFC,MIDATL,PEP,PEPCO,2419.735,False
5/23/2025 2:00:00 AM,5/22/2025 10:00:00 PM,RFC,MIDATL,PEP,PEPCO,2306.248,False
5/23/2025 3:00:00 AM,5/22/2025 11:00:00 PM,RFC,MIDATL,PEP,PEPCO,2144.055,False
5/23/2025 4:00:00 AM,5/23/2025 12:00:00 AM,RFC,MIDATL,PEP,PEPCO,1973.165,False
5/23/2025 5:00:00 AM,5/23/2025 1:00:00 AM,RFC,MIDATL,PEP,PEPCO,1902.636,False
5/23/2025 6:00:00 AM,5/23/2025 2:00:00 AM,RFC,MIDATL,PEP,PEPCO,1846.897,False
5/23/2025 7:00:00 AM,5/23/2025 3:00:00 AM,RFC,MIDATL,PEP,PEPCO,1840.706,False
5/23/2025 8:00:00 AM,5/23/2025 4:00:00 AM,RFC,MIDATL,PEP,PEPCO,1844.160,False
5/23/2025 9:00:00 AM,5/23/2025 5:00:00 AM,RFC,MIDATL,PEP,PEPCO,2014.964,False
5/23/2025 10:00:00 AM,5/23/2025 6:00:00 AM,RFC,MIDATL,PEP,PEPCO,2228.749,False
5/23/2025 11:00:00 AM,5/23/2025 7:00:00 AM,RFC,MIDATL,PEP,PEPCO,2370.993,False
5/23/2025 12:00:00 PM,5/23/2025 8:00:00 AM,RFC,MIDATL,PEP,PEPCO,2320.938,False
5/23/2025 1:00:00 PM,5/23/2025 9:00:00 AM,RFC,MIDATL,PEP,PEPCO,2297.013,False
5/23/2025 2:00:00 PM,5/23/2025 10:00:00 AM,RFC,MIDATL,PEP,PEPCO,2381.041,False
5/23/2025 3:00:00 PM,5/23/2025 11:00:00 AM,RFC,MIDATL,PEP,PEPCO,2369.969,False
5/23/2025 4:00:00 PM,5/23/2025 12:00:00 PM,RFC,MIDATL,PEP,PEPCO,2333.095,False
5/23/2025 5:00:00 PM,5/23/2025 1:00:00 PM,RFC,MIDATL,PEP,PEPCO,2327.253,False
5/23/2025 6:00:00 PM,5/23/2025 2:00:00 PM,RFC,MIDATL,PEP,PEPCO,2321.157,False
5/23/2025 7:00:00 PM,5/23/2025 3:00:00 PM,RFC,MIDATL,PEP,PEPCO,2274.176,False
5/23/2025 8:00:00 PM,5/23/2025 4:00:00 PM,RFC,MIDATL,PEP,PEPCO,2329.001,False
5/23/2025 9:00:00 PM,5/23/2025 5:00:00 PM,RFC,MIDATL,PEP,PEPCO,2467.262,False
5/23/2025 10:00:00 PM,5/23/2025 6:00:00 PM,RFC,MIDATL,PEP,PEPCO,2391.997,False
5/23/2025 11:00:00 PM,5/23/2025 7:00:00 PM,RFC,MIDATL,PEP,PEPCO,2360.338,False
5/24/2025 12:00:00 AM,5/23/2025 8:00:00 PM,RFC,MIDATL,PEP,PEPCO,2337.822,False
5/24/2025 1:00:00 AM,5/23/2025 9:00:00 PM,RFC,MIDATL,PEP,PEPCO,2323.073,False
5/24/2025 2:00:00 AM,5/23/2025 10:00:00 PM,RFC,MIDATL,PEP,PEPCO,2192.594,False
5/24/2025 3:00:00 AM,5/23/2025 11:00:00 PM,RFC,MIDATL,PEP,PEPCO,2076.769,False
5/24/2025 4:00:00 AM,5/24/2025 12:00:00 AM,RFC,MIDATL,PEP,PEPCO,1997.353,False
5/24/2025 5:00:00 AM,5/24/2025 1:00:00 AM,RFC,MIDATL,PEP,PEPCO,1887.092,False
5/24/2025 6:00:00 AM,5/24/2025 2:00:00 AM,RFC,MIDATL,PEP,PEPCO,1852.726,False
5/24/2025 7:00:00 AM,5/24/2025 3:00:00 AM,RFC,MIDATL,PEP,PEPCO,1820.598,False
5/24/2025 8:00:00 AM,5/24/2025 4:00:00 AM,RFC,MIDATL,PEP,PEPCO,1785.490,False
5/24/2025 9:00:00 AM,5/24/2025 5:00:00 AM,RFC,MIDATL,PEP,PEPCO,1822.051,False
5/24/2025 10:00:00 AM,5/24/2025 6:00:00 AM,RFC,MIDATL,PEP,PEPCO,1835.357,False
5/24/2025 11:00:00 AM,5/24/2025 7:00:00 AM,RFC,MIDATL,PEP,PEPCO,1913.355,False
5/24/2025 12:00:00 PM,5/24/2025 8:00:00 AM,RFC,MIDATL,PEP,PEPCO,1940.389,False
5/24/2025 1:00:00 PM,5/24/2025 9:00:00 AM,RFC,MIDATL,PEP,PEPCO,1943.878,False
5/24/2025 2:00:00 PM,5/24/2025 10:00:00 AM,RFC,MIDATL,PEP,PEPCO,1989.003,False
5/24/2025 3:00:00 PM,5/24/2025 11:00:00 AM,RFC,MIDATL,PEP,PEPCO,1973.820,False
5/24/2025 4:00:00 PM,5/24/2025 12:00:00 PM,RFC,MIDATL,PEP,PEPCO,1943.128,False
5/24/2025 5:00:00 PM,5/24/2025 1:00:00 PM,RFC,MIDATL,PEP,PEPCO,1927.411,False
5/24/2025 6:00:00 PM,5/24/2025 2:00:00 PM,RFC,MIDATL,PEP,PEPCO,1932.143,False
5/24/2025 7:00:00 PM,5/24/2025 3:00:00 PM,RFC,MIDATL,PEP,PEPCO,1967.064,False
5/24/2025 8:00:00 PM,5/24/2025 4:00:00 PM,RFC,MIDATL,PEP,PEPCO,2068.530,False
5/24/2025 9:00:00 PM,5/24/2025 5:00:00 PM,RFC,MIDATL,PEP,PEPCO,2160.612,False
5/24/2025 10:00:00 PM,5/24/2025 6:00:00 PM,RFC,MIDATL,PEP,PEPCO,2226.020,False
5/24/2025 11:00:00 PM,5/24/2025 7:00:00 PM,RFC,MIDATL,PEP,PEPCO,2288.071,False
5/25/2025 12:00:00 AM,5/24/2025 8:00:00 PM,RFC,MIDATL,PEP,PEPCO,2271.643,False
5/25/2025 1:00:00 AM,5/24/2025 9:00:00 PM,RFC,MIDATL,PEP,PEPCO,2268.145,False
5/25/2025 2:00:00 AM,5/24/2025 10:00:00 PM,RFC,MIDATL,PEP,PEPCO,2167.559,False
5/25/2025 3:00:00 AM,5/24/2025 11:00:00 PM,RFC,MIDATL,PEP,PEPCO,2053.096,False
5/25/2025 4:00:00 AM,5/25/2025 12:00:00 AM,RFC,MIDATL,PEP,PEPCO,1990.374,False
5/25/2025 5:00:00 AM,5/25/2025 1:00:00 AM,RFC,MIDATL,PEP,PEPCO,1855.565,False
5/25/2025 6:00:00 AM,5/25/2025 2:00:00 AM,RFC,MIDATL,PEP,PEPCO,1807.128,False
5/25/2025 7:00:00 AM,5/25/2025 3:00:00 AM,RFC,MIDATL,PEP,PEPCO,1798.095,False
5/25/2025 8:00:00 AM,5/25/2025 4:00:00 AM,RFC,MIDATL,PEP,PEPCO,1756.655,False
5/25/2025 9:00:00 AM,5/25/2025 5:00:00 AM,RFC,MIDATL,PEP,PEPCO,1773.009,False
5/25/2025 10:00:00 AM,5/25/2025 6:00:00 AM,RFC,MIDATL,PEP,PEPCO,1777.263,False
5/25/2025 11:00:00 AM,5/25/2025 7:00:00 AM,RFC,MIDATL,PEP,PEPCO,1835.079,False
5/25/2025 12:00:00 PM,5/25/2025 8:00:00 AM,RFC,MIDATL,PEP,PEPCO,1837.045,False
5/25/2025 1:00:00 PM,5/25/2025 9:00:00 AM,RFC,MIDATL,PEP,PEPCO,1817.340,False
5/25/2025 2:00:00 PM,5/25/2025 10:00:00 AM,RFC,MIDATL,PEP,PEPCO,1842.874,False
5/25/2025 3:00:00 PM,5/25/2025 11:00:00 AM,RFC,MIDATL,PEP,PEPCO,1801.050,False
5/25/2025 4:00:00 PM,5/25/2025 12:00:00 PM,RFC,MIDATL,PEP,PEPCO,1822.271,False
5/25/2025 5:00:00 PM,5/25/2025 1:00:00 PM,RFC,MIDATL,PEP,PEPCO,1853.617,False
5/25/2025 6:00:00 PM,5/25/2025 2:00:00 PM,RFC,MIDATL,PEP,PEPCO,1891.118,False
5/25/2025 7:00:00 PM,5/25/2025 3:00:00 PM,RFC,MIDATL,PEP,PEPCO,1993.744,False
5/25/2025 8:00:00 PM,5/25/2025 4:00:00 PM,RFC,MIDATL,PEP,PEPCO,2122.076,False
5/25/2025 9:00:00 PM,5/25/2025 5:00:00 PM,RFC,MIDATL,PEP,PEPCO,2206.592,False
5/25/2025 10:00:00 PM,5/25/2025 6:00:00 PM,RFC,MIDATL,PEP,PEPCO,2285.071,False
5/25/2025 11:00:00 PM,5/25/2025 7:00:00 PM,RFC,MIDATL,PEP,PEPCO,2335.392,False
5/26/2025 12:00:00 AM,5/25/2025 8:00:00 PM,RFC,MIDATL,PEP,PEPCO,2350.929,False
5/26/2025 1:00:00 AM,5/25/2025 9:00:00 PM,RFC,MIDATL,PEP,PEPCO,2338.093,False
5/26/2025 2:00:00 AM,5/25/2025 10:00:00 PM,RFC,MIDATL,PEP,PEPCO,2234.073,False
5/26/2025 3:00:00 AM,5/25/2025 11:00:00 PM,RFC,MIDATL,PEP,PEPCO,2120.564,False
5/26/2025 4:00:00 AM,5/26/2025 12:00:00 AM,RFC,MIDATL,PEP,PEPCO,1989.606,False
5/26/2025 5:00:00 AM,5/26/2025 1:00:00 AM,RFC,MIDATL,PEP,PEPCO,1904.582,False
5/26/2025 6:00:00 AM,5/26/2025 2:00:00 AM,RFC,MIDATL,PEP,PEPCO,1837.951,False
5/26/2025 7:00:00 AM,5/26/2025 3:00:00 AM,RFC,MIDATL,PEP,PEPCO,1822.904,False
5/26/2025 8:00:00 AM,5/26/2025 4:00:00 AM,RFC,MIDATL,PEP,PEPCO,1816.154,False
5/26/2025 9:00:00 AM,5/26/2025 5:00:00 AM,RFC,MIDATL,PEP,PEPCO,1882.331,False
5/26/2025 10:00:00 AM,5/26/2025 6:00:00 AM,RFC,MIDATL,PEP,PEPCO,1914.269,False
5/26/2025 11:00:00 AM,5/26/2025 7:00:00 AM,RFC,MIDATL,PEP,PEPCO,1995.452,False
5/26/2025 12:00:00 PM,5/26/2025 8:00:00 AM,RFC,MIDATL,PEP,PEPCO,2072.077,False
5/26/2025 1:00:00 PM,5/26/2025 9:00:00 AM,RFC,MIDATL,PEP,PEPCO,2124.359,False
5/26/2025 2:00:00 PM,5/26/2025 10:00:00 AM,RFC,MIDATL,PEP,PEPCO,2187.249,False
5/26/2025 3:00:00 PM,5/26/2025 11:00:00 AM,RFC,MIDATL,PEP,PEPCO,2179.097,False
5/26/2025 4:00:00 PM,5/26/2025 12:00:00 PM,RFC,MIDATL,PEP,PEPCO,2126.633,False
5/26/2025 5:00:00 PM,5/26/2025 1:00:00 PM,RFC,MIDATL,PEP,PEPCO,2061.974,False
5/26/2025 6:00:00 PM,5/26/2025 2:00:00 PM,RFC,MIDATL,PEP,PEPCO,2115.282,False
5/26/2025 7:00:00 PM,5/26/2025 3:00:00 PM,RFC,MIDATL,PEP,PEPCO,2209.601,False
5/26/2025 8:00:00 PM,5/26/2025 4:00:00 PM,RFC,MIDATL,PEP,PEPCO,2334.471,False
5/26/2025 9:00:00 PM,5/26/2025 5:00:00 PM,RFC,MIDATL,PEP,PEPCO,2451.027,False
5/26/2025 10:00:00 PM,5/26/2025 6:00:00 PM,RFC,MIDATL,PEP,PEPCO,2536.320,False
5/26/2025 11:00:00 PM,5/26/2025 7:00:00 PM,RFC,MIDATL,PEP,PEPCO,2540.816,False
5/27/2025 12:00:00 AM,5/26/2025 8:00:00 PM,RFC,MIDATL,PEP,PEPCO,2525.850,False
5/27/2025 1:00:00 AM,5/26/2025 9:00:00 PM,RFC,MIDATL,PEP,PEPCO,2508.483,False
5/27/2025 2:00:00 AM,5/26/2025 10:00:00 PM,RFC,MIDATL,PEP,PEPCO,2340.531,False
5/27/2025 3:00:00 AM,5/26/2025 11:00:00 PM,RFC,MIDATL,PEP,PEPCO,2169.491,False
5/27/2025 4:00:00 AM,5/27/2025 12:00:00 AM,RFC,MIDATL,PEP,PEPCO,1997.853,False
5/27/2025 5:00:00 AM,5/27/2025 1:00:00 AM,RFC,MIDATL,PEP,PEPCO,1886.811,False
5/27/2025 6:00:00 AM,5/27/2025 2:00:00 AM,RFC,MIDATL,PEP,PEPCO,1839.862,False
5/27/2025 7:00:00 AM,5/27/2025 3:00:00 AM,RFC,MIDATL,PEP,PEPCO,1806.419,False
5/27/2025 8:00:00 AM,5/27/2025 4:00:00 AM,RFC,MIDATL,PEP,PEPCO,1850.974,False
5/27/2025 9:00:00 AM,5/27/2025 5:00:00 AM,RFC,MIDATL,PEP,PEPCO,2013.407,False
5/27/2025 10:00:00 AM,5/27/2025 6:00:00 AM,RFC,MIDATL,PEP,PEPCO,2237.578,False
5/27/2025 11:00:00 AM,5/27/2025 7:00:00 AM,RFC,MIDATL,PEP,PEPCO,2350.761,False
5/27/2025 12:00:00 PM,5/27/2025 8:00:00 AM,RFC,MIDATL,PEP,PEPCO,2485.926,False
5/27/2025 1:00:00 PM,5/27/2025 9:00:00 AM,RFC,MIDATL,PEP,PEPCO,2458.458,False
5/27/2025 2:00:00 PM,5/27/2025 10:00:00 AM,RFC,MIDATL,PEP,PEPCO,2487.833,False
5/27/2025 3:00:00 PM,5/27/2025 11:00:00 AM,RFC,MIDATL,PEP,PEPCO,2560.635,False
5/27/2025 4:00:00 PM,5/27/2025 12:00:00 PM,RFC,MIDATL,PEP,PEPCO,2610.670,False
5/27/2025 5:00:00 PM,5/27/2025 1:00:00 PM,RFC,MIDATL,PEP,PEPCO,2689.269,False
5/27/2025 6:00:00 PM,5/27/2025 2:00:00 PM,RFC,MIDATL,PEP,PEPCO,2625.261,False
5/27/2025 7:00:00 PM,5/27/2025 3:00:00 PM,RFC,MIDATL,PEP,PEPCO,2612.629,False
5/27/2025 8:00:00 PM,5/27/2025 4:00:00 PM,RFC,MIDATL,PEP,PEPCO,2615.102,False
5/27/2025 9:00:00 PM,5/27/2025 5:00:00 PM,RFC,MIDATL,PEP,PEPCO,2632.877,False
5/27/2025 10:00:00 PM,5/27/2025 6:00:00 PM,RFC,MIDATL,PEP,PEPCO,2557.755,False
5/27/2025 11:00:00 PM,5/27/2025 7:00:00 PM,RFC,MIDATL,PEP,PEPCO,2573.756,False
5/28/2025 12:00:00 AM,5/27/2025 8:00:00 PM,RFC,MIDATL,PEP,PEPCO,2523.660,False
5/28/2025 1:00:00 AM,5/27/2025 9:00:00 PM,RFC,MIDATL,PEP,PEPCO,2454.238,False
5/28/2025 2:00:00 AM,5/27/2025 10:00:00 PM,RFC,MIDATL,PEP,PEPCO,2308.181,False
5/28/2025 3:00:00 AM,5/27/2025 11:00:00 PM,RFC,MIDATL,PEP,PEPCO,2154.659,False
5/28/2025 4:00:00 AM,5/28/2025 12:00:00 AM,RFC,MIDATL,PEP,PEPCO,1991.195,False
5/28/2025 5:00:00 AM,5/28/2025 1:00:00 AM,RFC,MIDATL,PEP,PEPCO,1909.467,False
5/28/2025 6:00:00 AM,5/28/2025 2:00:00 AM,RFC,MIDATL,PEP,PEPCO,1856.223,False
5/28/2025 7:00:00 AM,5/28/2025 3:00:00 AM,RFC,MIDATL,PEP,PEPCO,1830.593,False
5/28/2025 8:00:00 AM,5/28/2025 4:00:00 AM,RFC,MIDATL,PEP,PEPCO,1883.437,False
5/28/2025 9:00:00 AM,5/28/2025 5:00:00 AM,RFC,MIDATL,PEP,PEPCO,2049.169,False
5/28/2025 10:00:00 AM,5/28/2025 6:00:00 AM,RFC,MIDATL,PEP,PEPCO,2264.444,False
5/28/2025 11:00:00 AM,5/28/2025 7:00:00 AM,RFC,MIDATL,PEP,PEPCO,2442.806,False
5/28/2025 12:00:00 PM,5/28/2025 8:00:00 AM,RFC,MIDATL,PEP,PEPCO,2568.888,False
5/28/2025 1:00:00 PM,5/28/2025 9:00:00 AM,RFC,MIDATL,PEP,PEPCO,2603.333,False
5/28/2025 2:00:00 PM,5/28/2025 10:00:00 AM,RFC,MIDATL,PEP,PEPCO,2648.375,False
5/28/2025 3:00:00 PM,5/28/2025 11:00:00 AM,RFC,MIDATL,PEP,PEPCO,2609.954,False
5/28/2025 4:00:00 PM,5/28/2025 12:00:00 PM,RFC,MIDATL,PEP,PEPCO,2644.201,False
5/28/2025 5:00:00 PM,5/28/2025 1:00:00 PM,RFC,MIDATL,PEP,PEPCO,2645.661,False
5/28/2025 6:00:00 PM,5/28/2025 2:00:00 PM,RFC,MIDATL,PEP,PEPCO,2638.154,False
5/28/2025 7:00:00 PM,5/28/2025 3:00:00 PM,RFC,MIDATL,PEP,PEPCO,2609.841,False
5/28/2025 8:00:00 PM,5/28/2025 4:00:00 PM,RFC,MIDATL,PEP,PEPCO,2638.930,False
5/28/2025 9:00:00 PM,5/28/2025 5:00:00 PM,RFC,MIDATL,PEP,PEPCO,2635.880,False
5/28/2025 10:00:00 PM,5/28/2025 6:00:00 PM,RFC,MIDATL,PEP,PEPCO,2561.080,False
5/28/2025 11:00:00 PM,5/28/2025 7:00:00 PM,RFC,MIDATL,PEP,PEPCO,2548.973,False
5/29/2025 12:00:00 AM,5/28/2025 8:00:00 PM,RFC,MIDATL,PEP,PEPCO,2541.409,False
5/29/2025 1:00:00 AM,5/28/2025 9:00:00 PM,RFC,MIDATL,PEP,PEPCO,2483.211,False
5/29/2025 2:00:00 AM,5/28/2025 10:00:00 PM,RFC,MIDATL,PEP,PEPCO,2344.331,False
5/29/2025 3:00:00 AM,5/28/2025 11:00:00 PM,RFC,MIDATL,PEP,PEPCO,2184.643,False
5/29/2025 4:00:00 AM,5/29/2025 12:00:00 AM,RFC,MIDATL,PEP,PEPCO,2043.545,False
5/29/2025 5:00:00 AM,5/29/2025 1:00:00 AM,RFC,MIDATL,PEP,PEPCO,1953.934,False
5/29/2025 6:00:00 AM,5/29/2025 2:00:00 AM,RFC,MIDATL,PEP,PEPCO,1914.512,False
5/29/2025 7:00:00 AM,5/29/2025 3:00:00 AM,RFC,MIDATL,PEP,PEPCO,1886.917,False
5/29/2025 8:00:00 AM,5/29/2025 4:00:00 AM,RFC,MIDATL,PEP,PEPCO,1906.643,False
5/29/2025 9:00:00 AM,5/29/2025 5:00:00 AM,RFC,MIDATL,PEP,PEPCO,2079.997,False
5/29/2025 10:00:00 AM,5/29/2025 6:00:00 AM,RFC,MIDATL,PEP,PEPCO,2307.566,False
5/29/2025 11:00:00 AM,5/29/2025 7:00:00 AM,RFC,MIDATL,PEP,PEPCO,2488.151,False
5/29/2025 12:00:00 PM,5/29/2025 8:00:00 AM,RFC,MIDATL,PEP,PEPCO,2550.292,False
5/29/2025 1:00:00 PM,5/29/2025 9:00:00 AM,RFC,MIDATL,PEP,PEPCO,2508.792,False
5/29/2025 2:00:00 PM,5/29/2025 10:00:00 AM,RFC,MIDATL,PEP,PEPCO,2495.612,False
5/29/2025 3:00:00 PM,5/29/2025 11:00:00 AM,RFC,MIDATL,PEP,PEPCO,2526.119,False
5/29/2025 4:00:00 PM,5/29/2025 12:00:00 PM,RFC,MIDATL,PEP,PEPCO,2536.167,False
5/29/2025 5:00:00 PM,5/29/2025 1:00:00 PM,RFC,MIDATL,PEP,PEPCO,2565.499,False
5/29/2025 6:00:00 PM,5/29/2025 2:00:00 PM,RFC,MIDATL,PEP,PEPCO,2573.110,False
5/29/2025 7:00:00 PM,5/29/2025 3:00:00 PM,RFC,MIDATL,PEP,PEPCO,2553.748,False
5/29/2025 8:00:00 PM,5/29/2025 4:00:00 PM,RFC,MIDATL,PEP,PEPCO,2644.695,False
5/29/2025 9:00:00 PM,5/29/2025 5:00:00 PM,RFC,MIDATL,PEP,PEPCO,2752.947,False
5/29/2025 10:00:00 PM,5/29/2025 6:00:00 PM,RFC,MIDATL,PEP,PEPCO,2721.790,False
5/29/2025 11:00:00 PM,5/29/2025 7:00:00 PM,RFC,MIDATL,PEP,PEPCO,2721.264,False
5/30/2025 12:00:00 AM,5/29/2025 8:00:00 PM,RFC,MIDATL,PEP,PEPCO,2690.997,False
5/30/2025 1:00:00 AM,5/29/2025 9:00:00 PM,RFC,MIDATL,PEP,PEPCO,2639.781,False
5/30/2025 2:00:00 AM,5/29/2025 10:00:00 PM,RFC,MIDATL,PEP,PEPCO,2517.848,False
5/30/2025 3:00:00 AM,5/29/2025 11:00:00 PM,RFC,MIDATL,PEP,PEPCO,2311.590,False
5/30/2025 4:00:00 AM,5/30/2025 12:00:00 AM,RFC,MIDATL,PEP,PEPCO,2156.592,False
5/30/2025 5:00:00 AM,5/30/2025 1:00:00 AM,RFC,MIDATL,PEP,PEPCO,2045.126,False
5/30/2025 6:00:00 AM,5/30/2025 2:00:00 AM,RFC,MIDATL,PEP,PEPCO,1995.356,False
5/30/2025 7:00:00 AM,5/30/2025 3:00:00 AM,RFC,MIDATL,PEP,PEPCO,1963.487,False
5/30/2025 8:00:00 AM,5/30/2025 4:00:00 AM,RFC,MIDATL,PEP,PEPCO,2013.349,False
5/30/2025 9:00:00 AM,5/30/2025 5:00:00 AM,RFC,MIDATL,PEP,PEPCO,2172.011,False
5/30/2025 10:00:00 AM,5/30/2025 6:00:00 AM,RFC,MIDATL,PEP,PEPCO,2411.592,False
5/30/2025 11:00:00 AM,5/30/2025 7:00:00 AM,RFC,MIDATL,PEP,PEPCO,2561.948,False
5/30/2025 12:00:00 PM,5/30/2025 8:00:00 AM,RFC,MIDATL,PEP,PEPCO,2621.909,False
5/30/2025 1:00:00 PM,5/30/2025 9:00:00 AM,RFC,MIDATL,PEP,PEPCO,2614.103,False
5/30/2025 2:00:00 PM,5/30/2025 10:00:00 AM,RFC,MIDATL,PEP,PEPCO,2651.607,False
5/30/2025 3:00:00 PM,5/30/2025 11:00:00 AM,RFC,MIDATL,PEP,PEPCO,2738.807,False
5/30/2025 4:00:00 PM,5/30/2025 12:00:00 PM,RFC,MIDATL,PEP,PEPCO,2793.206,False
5/30/2025 5:00:00 PM,5/30/2025 1:00:00 PM,RFC,MIDATL,PEP,PEPCO,2854.133,False
5/30/2025 6:00:00 PM,5/30/2025 2:00:00 PM,RFC,MIDATL,PEP,PEPCO,2934.891,False
5/30/2025 7:00:00 PM,5/30/2025 3:00:00 PM,RFC,MIDATL,PEP,PEPCO,3061.400,False
5/30/2025 8:00:00 PM,5/30/2025 4:00:00 PM,RFC,MIDATL,PEP,PEPCO,3079.522,False
5/30/2025 9:00:00 PM,5/30/2025 5:00:00 PM,RFC,MIDATL,PEP,PEPCO,3072.475,False
5/30/2025 10:00:00 PM,5/30/2025 6:00:00 PM,RFC,MIDATL,PEP,PEPCO,2944.166,False
5/30/2025 11:00:00 PM,5/30/2025 7:00:00 PM,RFC,MIDATL,PEP,PEPCO,2850.360,False
5/31/2025 12:00:00 AM,5/30/2025 8:00:00 PM,RFC,MIDATL,PEP,PEPCO,2755.373,False
5/31/2025 1:00:00 AM,5/30/2025 9:00:00 PM,RFC,MIDATL,PEP,PEPCO,2668.688,False
5/31/2025 2:00:00 AM,5/30/2025 10:00:00 PM,RFC,MIDATL,PEP,PEPCO,2479.794,False
5/31/2025 3:00:00 AM,5/30/2025 11:00:00 PM,RFC,MIDATL,PEP,PEPCO,2314.404,False
5/31/2025 4:00:00 AM,5/31/2025 12:00:00 AM,RFC,MIDATL,PEP,PEPCO,2152.483,False
5/31/2025 5:00:00 AM,5/31/2025 1:00:00 AM,RFC,MIDATL,PEP,PEPCO,2009.057,False
5/31/2025 6:00:00 AM,5/31/2025 2:00:00 AM,RFC,MIDATL,PEP,PEPCO,1940.099,False
5/31/2025 7:00:00 AM,5/31/2025 3:00:00 AM,RFC,MIDATL,PEP,PEPCO,1864.409,False
5/31/2025 8:00:00 AM,5/31/2025 4:00:00 AM,RFC,MIDATL,PEP,PEPCO,1835.545,False
5/31/2025 9:00:00 AM,5/31/2025 5:00:00 AM,RFC,MIDATL,PEP,PEPCO,1869.494,False
5/31/2025 10:00:00 AM,5/31/2025 6:00:00 AM,RFC,MIDATL,PEP,PEPCO,1872.275,False
5/31/2025 11:00:00 AM,5/31/2025 7:00:00 AM,RFC,MIDATL,PEP,PEPCO,1950.888,False
5/31/2025 12:00:00 PM,5/31/2025 8:00:00 AM,RFC,MIDATL,PEP,PEPCO,2032.370,False
5/31/2025 1:00:00 PM,5/31/2025 9:00:00 AM,RFC,MIDATL,PEP,PEPCO,2088.014,False
5/31/2025 2:00:00 PM,5/31/2025 10:00:00 AM,RFC,MIDATL,PEP,PEPCO,2109.901,False
5/31/2025 3:00:00 PM,5/31/2025 11:00:00 AM,RFC,MIDATL,PEP,PEPCO,2133.056,False
5/31/2025 4:00:00 PM,5/31/2025 12:00:00 PM,RFC,MIDATL,PEP,PEPCO,2341.707,False
5/31/2025 5:00:00 PM,5/31/2025 1:00:00 PM,RFC,MIDATL,PEP,PEPCO,2304.967,False
5/31/2025 6:00:00 PM,5/31/2025 2:00:00 PM,RFC,MIDATL,PEP,PEPCO,2241.500,False
5/31/2025 7:00:00 PM,5/31/2025 3:00:00 PM,RFC,MIDATL,PEP,PEPCO,2189.365,False
5/31/2025 8:00:00 PM,5/31/2025 4:00:00 PM,RFC,MIDATL,PEP,PEPCO,2218.530,False
5/31/2025 9:00:00 PM,5/31/2025 5:00:00 PM,RFC,MIDATL,PEP,PEPCO,2239.702,False
5/31/2025 10:00:00 PM,5/31/2025 6:00:00 PM,RFC,MIDATL,PEP,PEPCO,2289.926,False
5/31/2025 11:00:00 PM,5/31/2025 7:00:00 PM,RFC,MIDATL,PEP,PEPCO,2301.112,False
6/1/2025 12:00:00 AM,5/31/2025 8:00:00 PM,RFC,MIDATL,PEP,PEPCO,2314.672,False
6/1/2025 1:00:00 AM,5/31/2025 9:00:00 PM,RFC,MIDATL,PEP,PEPCO,2321.625,False
6/1/2025 2:00:00 AM,5/31/2025 10:00:00 PM,RFC,MIDATL,PEP,PEPCO,2219.743,False
6/1/2025 3:00:00 AM,5/31/2025 11:00:00 PM,RFC,MIDATL,PEP,PEPCO,2119.837,False
6/1/2025 4:00:00 AM,6/1/2025 12:00:00 AM,RFC,MIDATL,PEP,PEPCO,1986.117,True
6/1/2025 5:00:00 AM,6/1/2025 1:00:00 AM,RFC,MIDATL,PEP,PEPCO,1889.731,True
6/1/2025 6:00:00 AM,6/1/2025 2:00:00 AM,RFC,MIDATL,PEP,PEPCO,1815.711,True
6/1/2025 7:00:00 AM,6/1/2025 3:00:00 AM,RFC,MIDATL,PEP,PEPCO,1762.751,True
6/1/2025 8:00:00 AM,6/1/2025 4:00:00 AM,RFC,MIDATL,PEP,PEPCO,1762.017,True
6/1/2025 9:00:00 AM,6/1/2025 5:00:00 AM,RFC,MIDATL,PEP,PEPCO,1794.199,True
6/1/2025 10:00:00 AM,6/1/2025 6:00:00 AM,RFC,MIDATL,PEP,PEPCO,1785.631,True
6/1/2025 11:00:00 AM,6/1/2025 7:00:00 AM,RFC,MIDATL,PEP,PEPCO,1839.660,True
6/1/2025 12:00:00 PM,6/1/2025 8:00:00 AM,RFC,MIDATL,PEP,PEPCO,1890.564,True
6/1/2025 1:00:00 PM,6/1/2025 9:00:00 AM,RFC,MIDATL,PEP,PEPCO,1924.226,True
6/1/2025 2:00:00 PM,6/1/2025 10:00:00 AM,RFC,MIDATL,PEP,PEPCO,1889.487,True
6/1/2025 3:00:00 PM,6/1/2025 11:00:00 AM,RFC,MIDATL,PEP,PEPCO,1912.677,True
6/1/2025 4:00:00 PM,6/1/2025 12:00:00 PM,RFC,MIDATL,PEP,PEPCO,1919.847,True
6/1/2025 5:00:00 PM,6/1/2025 1:00:00 PM,RFC,MIDATL,PEP,PEPCO,1927.558,True
6/1/2025 6:00:00 PM,6/1/2025 2:00:00 PM,RFC,MIDATL,PEP,PEPCO,1984.127,True
6/1/2025 7:00:00 PM,6/1/2025 3:00:00 PM,RFC,MIDATL,PEP,PEPCO,2084.473,True
6/1/2025 8:00:00 PM,6/1/2025 4:00:00 PM,RFC,MIDATL,PEP,PEPCO,2210.876,True
6/1/2025 9:00:00 PM,6/1/2025 5:00:00 PM,RFC,MIDATL,PEP,PEPCO,2279.875,True
6/1/2025 10:00:00 PM,6/1/2025 6:00:00 PM,RFC,MIDATL,PEP,PEPCO,2307.979,True
6/1/2025 11:00:00 PM,6/1/2025 7:00:00 PM,RFC,MIDATL,PEP,PEPCO,2375.603,True
6/2/2025 12:00:00 AM,6/1/2025 8:00:00 PM,RFC,MIDATL,PEP,PEPCO,2394.885,True
6/2/2025 1:00:00 AM,6/1/2025 9:00:00 PM,RFC,MIDATL,PEP,PEPCO,2424.632,True
6/2/2025 2:00:00 AM,6/1/2025 10:00:00 PM,RFC,MIDATL,PEP,PEPCO,2241.457,True
6/2/2025 3:00:00 AM,6/1/2025 11:00:00 PM,RFC,MIDATL,PEP,PEPCO,2116.179,True
6/2/2025 4:00:00 AM,6/2/2025 12:00:00 AM,RFC,MIDATL,PEP,PEPCO,1953.798,True
6/2/2025 5:00:00 AM,6/2/2025 1:00:00 AM,RFC,MIDATL,PEP,PEPCO,1859.536,True
6/2/2025 6:00:00 AM,6/2/2025 2:00:00 AM,RFC,MIDATL,PEP,PEPCO,1807.521,True
6/2/2025 7:00:00 AM,6/2/2025 3:00:00 AM,RFC,MIDATL,PEP,PEPCO,1787.547,True
6/2/2025 8:00:00 AM,6/2/2025 4:00:00 AM,RFC,MIDATL,PEP,PEPCO,1816.920,True
6/2/2025 9:00:00 AM,6/2/2025 5:00:00 AM,RFC,MIDATL,PEP,PEPCO,2000.616,True
6/2/2025 10:00:00 AM,6/2/2025 6:00:00 AM,RFC,MIDATL,PEP,PEPCO,2210.783,True
6/2/2025 11:00:00 AM,6/2/2025 7:00:00 AM,RFC,MIDATL,PEP,PEPCO,2314.883,True
6/2/2025 12:00:00 PM,6/2/2025 8:00:00 AM,RFC,MIDATL,PEP,PEPCO,2333.930,True
6/2/2025 1:00:00 PM,6/2/2025 9:00:00 AM,RFC,MIDATL,PEP,PEPCO,2282.990,True
6/2/2025 2:00:00 PM,6/2/2025 10:00:00 AM,RFC,MIDATL,PEP,PEPCO,2287.939,True
6/2/2025 3:00:00 PM,6/2/2025 11:00:00 AM,RFC,MIDATL,PEP,PEPCO,2245.904,True
6/2/2025 4:00:00 PM,6/2/2025 12:00:00 PM,RFC,MIDATL,PEP,PEPCO,2281.872,True
6/2/2025 5:00:00 PM,6/2/2025 1:00:00 PM,RFC,MIDATL,PEP,PEPCO,2274.279,True
6/2/2025 6:00:00 PM,6/2/2025 2:00:00 PM,RFC,MIDATL,PEP,PEPCO,2354.140,True
6/2/2025 7:00:00 PM,6/2/2025 3:00:00 PM,RFC,MIDATL,PEP,PEPCO,2423.049,True
6/2/2025 8:00:00 PM,6/2/2025 4:00:00 PM,RFC,MIDATL,PEP,PEPCO,2538.852,True
6/2/2025 9:00:00 PM,6/2/2025 5:00:00 PM,RFC,MIDATL,PEP,PEPCO,2657.369,True
6/2/2025 10:00:00 PM,6/2/2025 6:00:00 PM,RFC,MIDATL,PEP,PEPCO,2661.578,True
6/2/2025 11:00:00 PM,6/2/2025 7:00:00 PM,RFC,MIDATL,PEP,PEPCO,2645.883,True
6/3/2025 12:00:00 AM,6/2/2025 8:00:00 PM,RFC,MIDATL,PEP,PEPCO,2601.838,True
6/3/2025 1:00:00 AM,6/2/2025 9:00:00 PM,RFC,MIDATL,PEP,PEPCO,2545.811,True
6/3/2025 2:00:00 AM,6/2/2025 10:00:00 PM,RFC,MIDATL,PEP,PEPCO,2355.802,True
6/3/2025 3:00:00 AM,6/2/2025 11:00:00 PM,RFC,MIDATL,PEP,PEPCO,2173.606,True
6/3/2025 4:00:00 AM,6/3/2025 12:00:00 AM,RFC,MIDATL,PEP,PEPCO,2010.768,True
6/3/2025 5:00:00 AM,6/3/2025 1:00:00 AM,RFC,MIDATL,PEP,PEPCO,1898.831,True
6/3/2025 6:00:00 AM,6/3/2025 2:00:00 AM,RFC,MIDATL,PEP,PEPCO,1836.601,True
6/3/2025 7:00:00 AM,6/3/2025 3:00:00 AM,RFC,MIDATL,PEP,PEPCO,1813.155,True
6/3/2025 8:00:00 AM,6/3/2025 4:00:00 AM,RFC,MIDATL,PEP,PEPCO,1871.515,True
6/3/2025 9:00:00 AM,6/3/2025 5:00:00 AM,RFC,MIDATL,PEP,PEPCO,2002.859,True
6/3/2025 10:00:00 AM,6/3/2025 6:00:00 AM,RFC,MIDATL,PEP,PEPCO,2226.540,True
6/3/2025 11:00:00 AM,6/3/2025 7:00:00 AM,RFC,MIDATL,PEP,PEPCO,2367.708,True
6/3/2025 12:00:00 PM,6/3/2025 8:00:00 AM,RFC,MIDATL,PEP,PEPCO,2407.778,True
6/3/2025 1:00:00 PM,6/3/2025 9:00:00 AM,RFC,MIDATL,PEP,PEPCO,2430.781,True
6/3/2025 2:00:00 PM,6/3/2025 10:00:00 AM,RFC,MIDATL,PEP,PEPCO,2447.836,True
6/3/2025 3:00:00 PM,6/3/2025 11:00:00 AM,RFC,MIDATL,PEP,PEPCO,2451.614,True
6/3/2025 4:00:00 PM,6/3/2025 12:00:00 PM,RFC,MIDATL,PEP,PEPCO,2500.649,True
6/3/2025 5:00:00 PM,6/3/2025 1:00:00 PM,RFC,MIDATL,PEP,PEPCO,2593.312,True
6/3/2025 6:00:00 PM,6/3/2025 2:00:00 PM,RFC,MIDATL,PEP,PEPCO,2639.316,True
6/3/2025 7:00:00 PM,6/3/2025 3:00:00 PM,RFC,MIDATL,PEP,PEPCO,2787.308,True
6/3/2025 8:00:00 PM,6/3/2025 4:00:00 PM,RFC,MIDATL,PEP,PEPCO,2938.191,True
6/3/2025 9:00:00 PM,6/3/2025 5:00:00 PM,RFC,MIDATL,PEP,PEPCO,3002.757,True
6/3/2025 10:00:00 PM,6/3/2025 6:00:00 PM,RFC,MIDATL,PEP,PEPCO,2938.734,True
6/3/2025 11:00:00 PM,6/3/2025 7:00:00 PM,RFC,MIDATL,PEP,PEPCO,2911.456,True
6/4/2025 12:00:00 AM,6/3/2025 8:00:00 PM,RFC,MIDATL,PEP,PEPCO,2782.442,True
6/4/2025 1:00:00 AM,6/3/2025 9:00:00 PM,RFC,MIDATL,PEP,PEPCO,2745.871,True
6/4/2025 2:00:00 AM,6/3/2025 10:00:00 PM,RFC,MIDATL,PEP,PEPCO,2557.681,True
6/4/2025 3:00:00 AM,6/3/2025 11:00:00 PM,RFC,MIDATL,PEP,PEPCO,2332.283,True
6/4/2025 4:00:00 AM,6/4/2025 12:00:00 AM,RFC,MIDATL,PEP,PEPCO,2144.882,True
6/4/2025 5:00:00 AM,6/4/2025 1:00:00 AM,RFC,MIDATL,PEP,PEPCO,2051.611,True
6/4/2025 6:00:00 AM,6/4/2025 2:00:00 AM,RFC,MIDATL,PEP,PEPCO,1929.552,True
6/4/2025 7:00:00 AM,6/4/2025 3:00:00 AM,RFC,MIDATL,PEP,PEPCO,1897.322,True
6/4/2025 8:00:00 AM,6/4/2025 4:00:00 AM,RFC,MIDATL,PEP,PEPCO,1953.267,True
6/4/2025 9:00:00 AM,6/4/2025 5:00:00 AM,RFC,MIDATL,PEP,PEPCO,2119.696,True
6/4/2025 10:00:00 AM,6/4/2025 6:00:00 AM,RFC,MIDATL,PEP,PEPCO,2309.753,True
6/4/2025 11:00:00 AM,6/4/2025 7:00:00 AM,RFC,MIDATL,PEP,PEPCO,2512.924,True
6/4/2025 12:00:00 PM,6/4/2025 8:00:00 AM,RFC,MIDATL,PEP,PEPCO,2578.866,True
6/4/2025 1:00:00 PM,6/4/2025 9:00:00 AM,RFC,MIDATL,PEP,PEPCO,2644.113,True
6/4/2025 2:00:00 PM,6/4/2025 10:00:00 AM,RFC,MIDATL,PEP,PEPCO,2719.352,True
6/4/2025 3:00:00 PM,6/4/2025 11:00:00 AM,RFC,MIDATL,PEP,PEPCO,2804.037,True
6/4/2025 4:00:00 PM,6/4/2025 12:00:00 PM,RFC,MIDATL,PEP,PEPCO,2910.403,True
6/4/2025 5:00:00 PM,6/4/2025 1:00:00 PM,RFC,MIDATL,PEP,PEPCO,3082.365,True
6/4/2025 6:00:00 PM,6/4/2025 2:00:00 PM,RFC,MIDATL,PEP,PEPCO,3213.104,True
6/4/2025 7:00:00 PM,6/4/2025 3:00:00 PM,RFC,MIDATL,PEP,PEPCO,3410.424,True
6/4/2025 8:00:00 PM,6/4/2025 4:00:00 PM,RFC,MIDATL,PEP,PEPCO,3581.510,True
6/4/2025 9:00:00 PM,6/4/2025 5:00:00 PM,RFC,MIDATL,PEP,PEPCO,3711.575,True
6/4/2025 10:00:00 PM,6/4/2025 6:00:00 PM,RFC,MIDATL,PEP,PEPCO,3653.966,True
6/4/2025 11:00:00 PM,6/4/2025 7:00:00 PM,RFC,MIDATL,PEP,PEPCO,3580.664,True
6/5/2025 12:00:00 AM,6/4/2025 8:00:00 PM,RFC,MIDATL,PEP,PEPCO,3467.883,True
6/5/2025 1:00:00 AM,6/4/2025 9:00:00 PM,RFC,MIDATL,PEP,PEPCO,3360.070,True
6/5/2025 2:00:00 AM,6/4/2025 10:00:00 PM,RFC,MIDATL,PEP,PEPCO,3125.241,True
6/5/2025 3:00:00 AM,6/4/2025 11:00:00 PM,RFC,MIDATL,PEP,PEPCO,2824.902,True
6/5/2025 4:00:00 AM,6/5/2025 12:00:00 AM,RFC,MIDATL,PEP,PEPCO,2585.326,True
6/5/2025 5:00:00 AM,6/5/2025 1:00:00 AM,RFC,MIDATL,PEP,PEPCO,2432.322,True
6/5/2025 6:00:00 AM,6/5/2025 2:00:00 AM,RFC,MIDATL,PEP,PEPCO,2316.387,True
6/5/2025 7:00:00 AM,6/5/2025 3:00:00 AM,RFC,MIDATL,PEP,PEPCO,2229.335,True
6/5/2025 8:00:00 AM,6/5/2025 4:00:00 AM,RFC,MIDATL,PEP,PEPCO,2243.288,True
6/5/2025 9:00:00 AM,6/5/2025 5:00:00 AM,RFC,MIDATL,PEP,PEPCO,2380.980,True
6/5/2025 10:00:00 AM,6/5/2025 6:00:00 AM,RFC,MIDATL,PEP,PEPCO,2590.250,True
6/5/2025 11:00:00 AM,6/5/2025 7:00:00 AM,RFC,MIDATL,PEP,PEPCO,2805.257,True
6/5/2025 12:00:00 PM,6/5/2025 8:00:00 AM,RFC,MIDATL,PEP,PEPCO,2895.137,True
6/5/2025 1:00:00 PM,6/5/2025 9:00:00 AM,RFC,MIDATL,PEP,PEPCO,2928.925,True
6/5/2025 2:00:00 PM,6/5/2025 10:00:00 AM,RFC,MIDATL,PEP,PEPCO,3003.278,True
6/5/2025 3:00:00 PM,6/5/2025 11:00:00 AM,RFC,MIDATL,PEP,PEPCO,3144.942,True
6/5/2025 4:00:00 PM,6/5/2025 12:00:00 PM,RFC,MIDATL,PEP,PEPCO,3266.698,True
6/5/2025 5:00:00 PM,6/5/2025 1:00:00 PM,RFC,MIDATL,PEP,PEPCO,3391.670,True
6/5/2025 6:00:00 PM,6/5/2025 2:00:00 PM,RFC,MIDATL,PEP,PEPCO,3574.817,True
6/5/2025 7:00:00 PM,6/5/2025 3:00:00 PM,RFC,MIDATL,PEP,PEPCO,3652.444,True
6/5/2025 8:00:00 PM,6/5/2025 4:00:00 PM,RFC,MIDATL,PEP,PEPCO,3837.383,True
6/5/2025 9:00:00 PM,6/5/2025 5:00:00 PM,RFC,MIDATL,PEP,PEPCO,3899.529,True
6/5/2025 10:00:00 PM,6/5/2025 6:00:00 PM,RFC,MIDATL,PEP,PEPCO,3721.727,True
6/5/2025 11:00:00 PM,6/5/2025 7:00:00 PM,RFC,MIDATL,PEP,PEPCO,3641.204,True
6/6/2025 12:00:00 AM,6/5/2025 8:00:00 PM,RFC,MIDATL,PEP,PEPCO,3504.616,True
6/6/2025 1:00:00 AM,6/5/2025 9:00:00 PM,RFC,MIDATL,PEP,PEPCO,3381.424,True
6/6/2025 2:00:00 AM,6/5/2025 10:00:00 PM,RFC,MIDATL,PEP,PEPCO,3151.632,True
6/6/2025 3:00:00 AM,6/5/2025 11:00:00 PM,RFC,MIDATL,PEP,PEPCO,2898.723,True
6/6/2025 4:00:00 AM,6/6/2025 12:00:00 AM,RFC,MIDATL,PEP,PEPCO,2644.852,True
6/6/2025 5:00:00 AM,6/6/2025 1:00:00 AM,RFC,MIDATL,PEP,PEPCO,2440.538,True
6/6/2025 6:00:00 AM,6/6/2025 2:00:00 AM,RFC,MIDATL,PEP,PEPCO,2346.984,True
6/6/2025 7:00:00 AM,6/6/2025 3:00:00 AM,RFC,MIDATL,PEP,PEPCO,2264.493,True
6/6/2025 8:00:00 AM,6/6/2025 4:00:00 AM,RFC,MIDATL,PEP,PEPCO,2295.681,True
6/6/2025 9:00:00 AM,6/6/2025 5:00:00 AM,RFC,MIDATL,PEP,PEPCO,2403.015,True
6/6/2025 10:00:00 AM,6/6/2025 6:00:00 AM,RFC,MIDATL,PEP,PEPCO,2645.859,True
6/6/2025 11:00:00 AM,6/6/2025 7:00:00 AM,RFC,MIDATL,PEP,PEPCO,2830.412,True
6/6/2025 12:00:00 PM,6/6/2025 8:00:00 AM,RFC,MIDATL,PEP,PEPCO,2976.314,True
6/6/2025 1:00:00 PM,6/6/2025 9:00:00 AM,RFC,MIDATL,PEP,PEPCO,3095.228,True
6/6/2025 2:00:00 PM,6/6/2025 10:00:00 AM,RFC,MIDATL,PEP,PEPCO,3203.051,True
6/6/2025 3:00:00 PM,6/6/2025 11:00:00 AM,RFC,MIDATL,PEP,PEPCO,3340.603,True
6/6/2025 4:00:00 PM,6/6/2025 12:00:00 PM,RFC,MIDATL,PEP,PEPCO,3459.748,True
6/6/2025 5:00:00 PM,6/6/2025 1:00:00 PM,RFC,MIDATL,PEP,PEPCO,3566.133,True
6/6/2025 6:00:00 PM,6/6/2025 2:00:00 PM,RFC,MIDATL,PEP,PEPCO,3743.213,True
6/6/2025 7:00:00 PM,6/6/2025 3:00:00 PM,RFC,MIDATL,PEP,PEPCO,3718.347,True
6/6/2025 8:00:00 PM,6/6/2025 4:00:00 PM,RFC,MIDATL,PEP,PEPCO,3717.124,True
6/6/2025 9:00:00 PM,6/6/2025 5:00:00 PM,RFC,MIDATL,PEP,PEPCO,3739.829,True
6/6/2025 10:00:00 PM,6/6/2025 6:00:00 PM,RFC,MIDATL,PEP,PEPCO,3515.861,True
6/6/2025 11:00:00 PM,6/6/2025 7:00:00 PM,RFC,MIDATL,PEP,PEPCO,3424.057,True
6/7/2025 12:00:00 AM,6/6/2025 8:00:00 PM,RFC,MIDATL,PEP,PEPCO,3273.372,True
6/7/2025 1:00:00 AM,6/6/2025 9:00:00 PM,RFC,MIDATL,PEP,PEPCO,3201.685,True
6/7/2025 2:00:00 AM,6/6/2025 10:00:00 PM,RFC,MIDATL,PEP,PEPCO,3021.519,True
6/7/2025 3:00:00 AM,6/6/2025 11:00:00 PM,RFC,MIDATL,PEP,PEPCO,2852.172,True
6/7/2025 4:00:00 AM,6/7/2025 12:00:00 AM,RFC,MIDATL,PEP,PEPCO,2678.682,True
6/7/2025 5:00:00 AM,6/7/2025 1:00:00 AM,RFC,MIDATL,PEP,PEPCO,2539.823,True
6/7/2025 6:00:00 AM,6/7/2025 2:00:00 AM,RFC,MIDATL,PEP,PEPCO,2381.121,True
6/7/2025 7:00:00 AM,6/7/2025 3:00:00 AM,RFC,MIDATL,PEP,PEPCO,2321.417,True
6/7/2025 8:00:00 AM,6/7/2025 4:00:00 AM,RFC,MIDATL,PEP,PEPCO,2289.797,True
6/7/2025 9:00:00 AM,6/7/2025 5:00:00 AM,RFC,MIDATL,PEP,PEPCO,2297.011,True
6/7/2025 10:00:00 AM,6/7/2025 6:00:00 AM,RFC,MIDATL,PEP,PEPCO,2388.714,True
6/7/2025 11:00:00 AM,6/7/2025 7:00:00 AM,RFC,MIDATL,PEP,PEPCO,2516.714,True
6/7/2025 12:00:00 PM,6/7/2025 8:00:00 AM,RFC,MIDATL,PEP,PEPCO,2641.331,True
6/7/2025 1:00:00 PM,6/7/2025 9:00:00 AM,RFC,MIDATL,PEP,PEPCO,2769.073,True
6/7/2025 2:00:00 PM,6/7/2025 10:00:00 AM,RFC,MIDATL,PEP,PEPCO,2764.791,True
6/7/2025 3:00:00 PM,6/7/2025 11:00:00 AM,RFC,MIDATL,PEP,PEPCO,2861.434,True
6/7/2025 4:00:00 PM,6/7/2025 12:00:00 PM,RFC,MIDATL,PEP,PEPCO,2866.515,True
6/7/2025 5:00:00 PM,6/7/2025 1:00:00 PM,RFC,MIDATL,PEP,PEPCO,2963.550,True
6/7/2025 6:00:00 PM,6/7/2025 2:00:00 PM,RFC,MIDATL,PEP,PEPCO,3090.729,True
6/7/2025 7:00:00 PM,6/7/2025 3:00:00 PM,RFC,MIDATL,PEP,PEPCO,3235.887,True
6/7/2025 8:00:00 PM,6/7/2025 4:00:00 PM,RFC,MIDATL,PEP,PEPCO,3332.000,True
6/7/2025 9:00:00 PM,6/7/2025 5:00:00 PM,RFC,MIDATL,PEP,PEPCO,3438.279,True
6/7/2025 10:00:00 PM,6/7/2025 6:00:00 PM,RFC,MIDATL,PEP,PEPCO,3455.539,True
6/7/2025 11:00:00 PM,6/7/2025 7:00:00 PM,RFC,MIDATL,PEP,PEPCO,3398.127,True
6/8/2025 12:00:00 AM,6/7/2025 8:00:00 PM,RFC,MIDATL,PEP,PEPCO,3313.875,True
6/8/2025 1:00:00 AM,6/7/2025 9:00:00 PM,RFC,MIDATL,PEP,PEPCO,3229.211,True
6/8/2025 2:00:00 AM,6/7/2025 10:00:00 PM,RFC,MIDATL,PEP,PEPCO,3069.971,True
6/8/2025 3:00:00 AM,6/7/2025 11:00:00 PM,RFC,MIDATL,PEP,PEPCO,2903.001,True
6/8/2025 4:00:00 AM,6/8/2025 12:00:00 AM,RFC,MIDATL,PEP,PEPCO,2695.979,True
6/8/2025 5:00:00 AM,6/8/2025 1:00:00 AM,RFC,MIDATL,PEP,PEPCO,2556.017,True
6/8/2025 6:00:00 AM,6/8/2025 2:00:00 AM,RFC,MIDATL,PEP,PEPCO,2437.859,True
6/8/2025 7:00:00 AM,6/8/2025 3:00:00 AM,RFC,MIDATL,PEP,PEPCO,2307.251,True
6/8/2025 8:00:00 AM,6/8/2025 4:00:00 AM,RFC,MIDATL,PEP,PEPCO,2257.657,True
6/8/2025 9:00:00 AM,6/8/2025 5:00:00 AM,RFC,MIDATL,PEP,PEPCO,2253.397,True
6/8/2025 10:00:00 AM,6/8/2025 6:00:00 AM,RFC,MIDATL,PEP,PEPCO,2268.469,True
6/8/2025 11:00:00 AM,6/8/2025 7:00:00 AM,RFC,MIDATL,PEP,PEPCO,2368.727,True
6/8/2025 12:00:00 PM,6/8/2025 8:00:00 AM,RFC,MIDATL,PEP,PEPCO,2441.173,True
6/8/2025 1:00:00 PM,6/8/2025 9:00:00 AM,RFC,MIDATL,PEP,PEPCO,2552.818,True
6/8/2025 2:00:00 PM,6/8/2025 10:00:00 AM,RFC,MIDATL,PEP,PEPCO,2606.928,True
6/8/2025 3:00:00 PM,6/8/2025 11:00:00 AM,RFC,MIDATL,PEP,PEPCO,2741.829,True
6/8/2025 4:00:00 PM,6/8/2025 12:00:00 PM,RFC,MIDATL,PEP,PEPCO,2823.490,True
6/8/2025 5:00:00 PM,6/8/2025 1:00:00 PM,RFC,MIDATL,PEP,PEPCO,2778.277,True
6/8/2025 6:00:00 PM,6/8/2025 2:00:00 PM,RFC,MIDATL,PEP,PEPCO,2749.774,True
6/8/2025 7:00:00 PM,6/8/2025 3:00:00 PM,RFC,MIDATL,PEP,PEPCO,2791.919,True
6/8/2025 8:00:00 PM,6/8/2025 4:00:00 PM,RFC,MIDATL,PEP,PEPCO,2835.096,True
6/8/2025 9:00:00 PM,6/8/2025 5:00:00 PM,RFC,MIDATL,PEP,PEPCO,2940.094,True
6/8/2025 10:00:00 PM,6/8/2025 6:00:00 PM,RFC,MIDATL,PEP,PEPCO,2989.432,True
6/8/2025 11:00:00 PM,6/8/2025 7:00:00 PM,RFC,MIDATL,PEP,PEPCO,2996.892,True
6/9/2025 12:00:00 AM,6/8/2025 8:00:00 PM,RFC,MIDATL,PEP,PEPCO,2983.494,True
6/9/2025 1:00:00 AM,6/8/2025 9:00:00 PM,RFC,MIDATL,PEP,PEPCO,2913.903,True
6/9/2025 2:00:00 AM,6/8/2025 10:00:00 PM,RFC,MIDATL,PEP,PEPCO,2765.614,True
6/9/2025 3:00:00 AM,6/8/2025 11:00:00 PM,RFC,MIDATL,PEP,PEPCO,2602.642,True
6/9/2025 4:00:00 AM,6/9/2025 12:00:00 AM,RFC,MIDATL,PEP,PEPCO,2398.735,True
6/9/2025 5:00:00 AM,6/9/2025 1:00:00 AM,RFC,MIDATL,PEP,PEPCO,2261.661,True
6/9/2025 6:00:00 AM,6/9/2025 2:00:00 AM,RFC,MIDATL,PEP,PEPCO,2172.621,True
6/9/2025 7:00:00 AM,6/9/2025 3:00:00 AM,RFC,MIDATL,PEP,PEPCO,2155.098,True
6/9/2025 8:00:00 AM,6/9/2025 4:00:00 AM,RFC,MIDATL,PEP,PEPCO,2216.299,True
6/9/2025 9:00:00 AM,6/9/2025 5:00:00 AM,RFC,MIDATL,PEP,PEPCO,2421.468,True
6/9/2025 10:00:00 AM,6/9/2025 6:00:00 AM,RFC,MIDATL,PEP,PEPCO,2658.005,True
6/9/2025 11:00:00 AM,6/9/2025 7:00:00 AM,RFC,MIDATL,PEP,PEPCO,2826.345,True
6/9/2025 12:00:00 PM,6/9/2025 8:00:00 AM,RFC,MIDATL,PEP,PEPCO,2886.672,True
6/9/2025 1:00:00 PM,6/9/2025 9:00:00 AM,RFC,MIDATL,PEP,PEPCO,2936.468,True
6/9/2025 2:00:00 PM,6/9/2025 10:00:00 AM,RFC,MIDATL,PEP,PEPCO,2995.311,True
6/9/2025 3:00:00 PM,6/9/2025 11:00:00 AM,RFC,MIDATL,PEP,PEPCO,3060.008,True
6/9/2025 4:00:00 PM,6/9/2025 12:00:00 PM,RFC,MIDATL,PEP,PEPCO,3171.277,True
6/9/2025 5:00:00 PM,6/9/2025 1:00:00 PM,RFC,MIDATL,PEP,PEPCO,3293.325,True
6/9/2025 6:00:00 PM,6/9/2025 2:00:00 PM,RFC,MIDATL,PEP,PEPCO,3402.802,True
6/9/2025 7:00:00 PM,6/9/2025 3:00:00 PM,RFC,MIDATL,PEP,PEPCO,3534.820,True
6/9/2025 8:00:00 PM,6/9/2025 4:00:00 PM,RFC,MIDATL,PEP,PEPCO,3659.119,True
6/9/2025 9:00:00 PM,6/9/2025 5:00:00 PM,RFC,MIDATL,PEP,PEPCO,3703.006,True
6/9/2025 10:00:00 PM,6/9/2025 6:00:00 PM,RFC,MIDATL,PEP,PEPCO,3580.322,True
6/9/2025 11:00:00 PM,6/9/2025 7:00:00 PM,RFC,MIDATL,PEP,PEPCO,3440.799,True
6/10/2025 12:00:00 AM,6/9/2025 8:00:00 PM,RFC,MIDATL,PEP,PEPCO,3386.127,True
6/10/2025 1:00:00 AM,6/9/2025 9:00:00 PM,RFC,MIDATL,PEP,PEPCO,3272.341,True
6/10/2025 2:00:00 AM,6/9/2025 10:00:00 PM,RFC,MIDATL,PEP,PEPCO,3107.073,True
6/10/2025 3:00:00 AM,6/9/2025 11:00:00 PM,RFC,MIDATL,PEP,PEPCO,2846.226,True
6/10/2025 4:00:00 AM,6/10/2025 12:00:00 AM,RFC,MIDATL,PEP,PEPCO,2635.973,True
6/10/2025 5:00:00 AM,6/10/2025 1:00:00 AM,RFC,MIDATL,PEP,PEPCO,2502.265,True
6/10/2025 6:00:00 AM,6/10/2025 2:00:00 AM,RFC,MIDATL,PEP,PEPCO,2422.187,True
6/10/2025 7:00:00 AM,6/10/2025 3:00:00 AM,RFC,MIDATL,PEP,PEPCO,2341.430,True
6/10/2025 8:00:00 AM,6/10/2025 4:00:00 AM,RFC,MIDATL,PEP,PEPCO,2398.697,True
6/10/2025 9:00:00 AM,6/10/2025 5:00:00 AM,RFC,MIDATL,PEP,PEPCO,2595.793,True
6/10/2025 10:00:00 AM,6/10/2025 6:00:00 AM,RFC,MIDATL,PEP,PEPCO,2878.015,True
6/10/2025 11:00:00 AM,6/10/2025 7:00:00 AM,RFC,MIDATL,PEP,PEPCO,3045.390,True
6/10/2025 12:00:00 PM,6/10/2025 8:00:00 AM,RFC,MIDATL,PEP,PEPCO,3125.416,True
6/10/2025 1:00:00 PM,6/10/2025 9:00:00 AM,RFC,MIDATL,PEP,PEPCO,3135.041,True
6/10/2025 2:00:00 PM,6/10/2025 10:00:00 AM,RFC,MIDATL,PEP,PEPCO,3154.139,True
6/10/2025 3:00:00 PM,6/10/2025 11:00:00 AM,RFC,MIDATL,PEP,PEPCO,3199.580,True
6/10/2025 4:00:00 PM,6/10/2025 12:00:00 PM,RFC,MIDATL,PEP,PEPCO,3238.398,True
6/10/2025 5:00:00 PM,6/10/2025 1:00:00 PM,RFC,MIDATL,PEP,PEPCO,3273.263,True
6/10/2025 6:00:00 PM,6/10/2025 2:00:00 PM,RFC,MIDATL,PEP,PEPCO,3343.747,True
6/10/2025 7:00:00 PM,6/10/2025 3:00:00 PM,RFC,MIDATL,PEP,PEPCO,3540.768,True
6/10/2025 8:00:00 PM,6/10/2025 4:00:00 PM,RFC,MIDATL,PEP,PEPCO,3682.650,True
6/10/2025 9:00:00 PM,6/10/2025 5:00:00 PM,RFC,MIDATL,PEP,PEPCO,3743.346,True
6/10/2025 10:00:00 PM,6/10/2025 6:00:00 PM,RFC,MIDATL,PEP,PEPCO,3638.984,True
6/10/2025 11:00:00 PM,6/10/2025 7:00:00 PM,RFC,MIDATL,PEP,PEPCO,3584.180,True
6/11/2025 12:00:00 AM,6/10/2025 8:00:00 PM,RFC,MIDATL,PEP,PEPCO,3436.244,True
6/11/2025 1:00:00 AM,6/10/2025 9:00:00 PM,RFC,MIDATL,PEP,PEPCO,3367.777,True
6/11/2025 2:00:00 AM,6/10/2025 10:00:00 PM,RFC,MIDATL,PEP,PEPCO,3146.105,True
6/11/2025 3:00:00 AM,6/10/2025 11:00:00 PM,RFC,MIDATL,PEP,PEPCO,2843.553,True
6/11/2025 4:00:00 AM,6/11/2025 12:00:00 AM,RFC,MIDATL,PEP,PEPCO,2610.043,True
6/11/2025 5:00:00 AM,6/11/2025 1:00:00 AM,RFC,MIDATL,PEP,PEPCO,2450.563,True
6/11/2025 6:00:00 AM,6/11/2025 2:00:00 AM,RFC,MIDATL,PEP,PEPCO,2340.238,True
6/11/2025 7:00:00 AM,6/11/2025 3:00:00 AM,RFC,MIDATL,PEP,PEPCO,2245.437,True
6/11/2025 8:00:00 AM,6/11/2025 4:00:00 AM,RFC,MIDATL,PEP,PEPCO,2269.387,True
6/11/2025 9:00:00 AM,6/11/2025 5:00:00 AM,RFC,MIDATL,PEP,PEPCO,2430.542,True
6/11/2025 10:00:00 AM,6/11/2025 6:00:00 AM,RFC,MIDATL,PEP,PEPCO,2647.121,True
6/11/2025 11:00:00 AM,6/11/2025 7:00:00 AM,RFC,MIDATL,PEP,PEPCO,2817.384,True
6/11/2025 12:00:00 PM,6/11/2025 8:00:00 AM,RFC,MIDATL,PEP,PEPCO,2947.014,True
6/11/2025 1:00:00 PM,6/11/2025 9:00:00 AM,RFC,MIDATL,PEP,PEPCO,2955.871,True
6/11/2025 2:00:00 PM,6/11/2025 10:00:00 AM,RFC,MIDATL,PEP,PEPCO,3023.203,True
6/11/2025 3:00:00 PM,6/11/2025 11:00:00 AM,RFC,MIDATL,PEP,PEPCO,3067.139,True
6/11/2025 4:00:00 PM,6/11/2025 12:00:00 PM,RFC,MIDATL,PEP,PEPCO,3185.727,True
6/11/2025 5:00:00 PM,6/11/2025 1:00:00 PM,RFC,MIDATL,PEP,PEPCO,3269.873,True
6/11/2025 6:00:00 PM,6/11/2025 2:00:00 PM,RFC,MIDATL,PEP,PEPCO,3373.249,True
6/11/2025 7:00:00 PM,6/11/2025 3:00:00 PM,RFC,MIDATL,PEP,PEPCO,3540.584,True
6/11/2025 8:00:00 PM,6/11/2025 4:00:00 PM,RFC,MIDATL,PEP,PEPCO,3694.870,True
6/11/2025 9:00:00 PM,6/11/2025 5:00:00 PM,RFC,MIDATL,PEP,PEPCO,3814.502,True
6/11/2025 10:00:00 PM,6/11/2025 6:00:00 PM,RFC,MIDATL,PEP,PEPCO,3765.337,True
6/11/2025 11:00:00 PM,6/11/2025 7:00:00 PM,RFC,MIDATL,PEP,PEPCO,3663.106,True
6/12/2025 12:00:00 AM,6/11/2025 8:00:00 PM,RFC,MIDATL,PEP,PEPCO,3555.954,True
6/12/2025 1:00:00 AM,6/11/2025 9:00:00 PM,RFC,MIDATL,PEP,PEPCO,3400.363,True
6/12/2025 2:00:00 AM,6/11/2025 10:00:00 PM,RFC,MIDATL,PEP,PEPCO,3190.183,True
6/12/2025 3:00:00 AM,6/11/2025 11:00:00 PM,RFC,MIDATL,PEP,PEPCO,2898.743,True
6/12/2025 4:00:00 AM,6/12/2025 12:00:00 AM,RFC,MIDATL,PEP,PEPCO,2692.374,True
6/12/2025 5:00:00 AM,6/12/2025 1:00:00 AM,RFC,MIDATL,PEP,PEPCO,2534.695,True
6/12/2025 6:00:00 AM,6/12/2025 2:00:00 AM,RFC,MIDATL,PEP,PEPCO,2400.079,True
6/12/2025 7:00:00 AM,6/12/2025 3:00:00 AM,RFC,MIDATL,PEP,PEPCO,2345.770,True
6/12/2025 8:00:00 AM,6/12/2025 4:00:00 AM,RFC,MIDATL,PEP,PEPCO,2351.587,True
6/12/2025 9:00:00 AM,6/12/2025 5:00:00 AM,RFC,MIDATL,PEP,PEPCO,2503.257,True
6/12/2025 10:00:00 AM,6/12/2025 6:00:00 AM,RFC,MIDATL,PEP,PEPCO,2720.260,True
6/12/2025 11:00:00 AM,6/12/2025 7:00:00 AM,RFC,MIDATL,PEP,PEPCO,2959.580,True
6/12/2025 12:00:00 PM,6/12/2025 8:00:00 AM,RFC,MIDATL,PEP,PEPCO,3088.579,True
6/12/2025 1:00:00 PM,6/12/2025 9:00:00 AM,RFC,MIDATL,PEP,PEPCO,3191.354,True
6/12/2025 2:00:00 PM,6/12/2025 10:00:00 AM,RFC,MIDATL,PEP,PEPCO,3291.061,True
6/12/2025 3:00:00 PM,6/12/2025 11:00:00 AM,RFC,MIDATL,PEP,PEPCO,3371.192,True
6/12/2025 4:00:00 PM,6/12/2025 12:00:00 PM,RFC,MIDATL,PEP,PEPCO,3517.778,True
6/12/2025 5:00:00 PM,6/12/2025 1:00:00 PM,RFC,MIDATL,PEP,PEPCO,3611.212,True
6/12/2025 6:00:00 PM,6/12/2025 2:00:00 PM,RFC,MIDATL,PEP,PEPCO,3747.249,True
6/12/2025 7:00:00 PM,6/12/2025 3:00:00 PM,RFC,MIDATL,PEP,PEPCO,3959.173,True
6/12/2025 8:00:00 PM,6/12/2025 4:00:00 PM,RFC,MIDATL,PEP,PEPCO,4149.701,True
6/12/2025 9:00:00 PM,6/12/2025 5:00:00 PM,RFC,MIDATL,PEP,PEPCO,4215.538,True
6/12/2025 10:00:00 PM,6/12/2025 6:00:00 PM,RFC,MIDATL,PEP,PEPCO,4132.919,True
6/12/2025 11:00:00 PM,6/12/2025 7:00:00 PM,RFC,MIDATL,PEP,PEPCO,4027.759,True
6/13/2025 12:00:00 AM,6/12/2025 8:00:00 PM,RFC,MIDATL,PEP,PEPCO,3823.039,True
6/13/2025 1:00:00 AM,6/12/2025 9:00:00 PM,RFC,MIDATL,PEP,PEPCO,3718.490,True
6/13/2025 2:00:00 AM,6/12/2025 10:00:00 PM,RFC,MIDATL,PEP,PEPCO,3442.144,True
6/13/2025 3:00:00 AM,6/12/2025 11:00:00 PM,RFC,MIDATL,PEP,PEPCO,3170.861,True
6/13/2025 4:00:00 AM,6/13/2025 12:00:00 AM,RFC,MIDATL,PEP,PEPCO,2919.772,True
6/13/2025 5:00:00 AM,6/13/2025 1:00:00 AM,RFC,MIDATL,PEP,PEPCO,2741.025,True
6/13/2025 6:00:00 AM,6/13/2025 2:00:00 AM,RFC,MIDATL,PEP,PEPCO,2581.441,True
6/13/2025 7:00:00 AM,6/13/2025 3:00:00 AM,RFC,MIDATL,PEP,PEPCO,2504.466,True
6/13/2025 8:00:00 AM,6/13/2025 4:00:00 AM,RFC,MIDATL,PEP,PEPCO,2520.729,True
6/13/2025 9:00:00 AM,6/13/2025 5:00:00 AM,RFC,MIDATL,PEP,PEPCO,2658.011,True
6/13/2025 10:00:00 AM,6/13/2025 6:00:00 AM,RFC,MIDATL,PEP,PEPCO,2860.614,True
6/13/2025 11:00:00 AM,6/13/2025 7:00:00 AM,RFC,MIDATL,PEP,PEPCO,3051.545,True
6/13/2025 12:00:00 PM,6/13/2025 8:00:00 AM,RFC,MIDATL,PEP,PEPCO,3232.050,True
6/13/2025 1:00:00 PM,6/13/2025 9:00:00 AM,RFC,MIDATL,PEP,PEPCO,3426.715,True
6/13/2025 2:00:00 PM,6/13/2025 10:00:00 AM,RFC,MIDATL,PEP,PEPCO,3530.534,True
6/13/2025 3:00:00 PM,6/13/2025 11:00:00 AM,RFC,MIDATL,PEP,PEPCO,3703.950,True
6/13/2025 4:00:00 PM,6/13/2025 12:00:00 PM,RFC,MIDATL,PEP,PEPCO,3847.828,True
6/13/2025 5:00:00 PM,6/13/2025 1:00:00 PM,RFC,MIDATL,PEP,PEPCO,3998.659,True
6/13/2025 6:00:00 PM,6/13/2025 2:00:00 PM,RFC,MIDATL,PEP,PEPCO,4137.495,True
6/13/2025 7:00:00 PM,6/13/2025 3:00:00 PM,RFC,MIDATL,PEP,PEPCO,4255.294,True
6/13/2025 8:00:00 PM,6/13/2025 4:00:00 PM,RFC,MIDATL,PEP,PEPCO,4272.501,True
6/13/2025 9:00:00 PM,6/13/2025 5:00:00 PM,RFC,MIDATL,PEP,PEPCO,4198.504,True
6/13/2025 10:00:00 PM,6/13/2025 6:00:00 PM,RFC,MIDATL,PEP,PEPCO,3947.991,True
6/13/2025 11:00:00 PM,6/13/2025 7:00:00 PM,RFC,MIDATL,PEP,PEPCO,3803.613,True
6/14/2025 12:00:00 AM,6/13/2025 8:00:00 PM,RFC,MIDATL,PEP,PEPCO,3645.961,True
6/14/2025 1:00:00 AM,6/13/2025 9:00:00 PM,RFC,MIDATL,PEP,PEPCO,3432.017,True
6/14/2025 2:00:00 AM,6/13/2025 10:00:00 PM,RFC,MIDATL,PEP,PEPCO,3236.366,True
6/14/2025 3:00:00 AM,6/13/2025 11:00:00 PM,RFC,MIDATL,PEP,PEPCO,3063.016,True
6/14/2025 4:00:00 AM,6/14/2025 12:00:00 AM,RFC,MIDATL,PEP,PEPCO,2864.398,True
6/14/2025 5:00:00 AM,6/14/2025 1:00:00 AM,RFC,MIDATL,PEP,PEPCO,2697.292,True
6/14/2025 6:00:00 AM,6/14/2025 2:00:00 AM,RFC,MIDATL,PEP,PEPCO,2560.759,True
6/14/2025 7:00:00 AM,6/14/2025 3:00:00 AM,RFC,MIDATL,PEP,PEPCO,2492.995,True
6/14/2025 8:00:00 AM,6/14/2025 4:00:00 AM,RFC,MIDATL,PEP,PEPCO,2454.756,True
6/14/2025 9:00:00 AM,6/14/2025 5:00:00 AM,RFC,MIDATL,PEP,PEPCO,2443.445,True
6/14/2025 10:00:00 AM,6/14/2025 6:00:00 AM,RFC,MIDATL,PEP,PEPCO,2474.117,True
6/14/2025 11:00:00 AM,6/14/2025 7:00:00 AM,RFC,MIDATL,PEP,PEPCO,2596.751,True
6/14/2025 12:00:00 PM,6/14/2025 8:00:00 AM,RFC,MIDATL,PEP,PEPCO,2784.025,True
6/14/2025 1:00:00 PM,6/14/2025 9:00:00 AM,RFC,MIDATL,PEP,PEPCO,2953.741,True
6/14/2025 2:00:00 PM,6/14/2025 10:00:00 AM,RFC,MIDATL,PEP,PEPCO,3046.371,True
6/14/2025 3:00:00 PM,6/14/2025 11:00:00 AM,RFC,MIDATL,PEP,PEPCO,3198.508,True
6/14/2025 4:00:00 PM,6/14/2025 12:00:00 PM,RFC,MIDATL,PEP,PEPCO,3226.496,True
6/14/2025 5:00:00 PM,6/14/2025 1:00:00 PM,RFC,MIDATL,PEP,PEPCO,3236.696,True
6/14/2025 6:00:00 PM,6/14/2025 2:00:00 PM,RFC,MIDATL,PEP,PEPCO,3398.445,True
6/14/2025 7:00:00 PM,6/14/2025 3:00:00 PM,RFC,MIDATL,PEP,PEPCO,3462.316,True
6/14/2025 8:00:00 PM,6/14/2025 4:00:00 PM,RFC,MIDATL,PEP,PEPCO,3563.060,True
6/14/2025 9:00:00 PM,6/14/2025 5:00:00 PM,RFC,MIDATL,PEP,PEPCO,3583.802,True
6/14/2025 10:00:00 PM,6/14/2025 6:00:00 PM,RFC,MIDATL,PEP,PEPCO,3527.839,True
6/14/2025 11:00:00 PM,6/14/2025 7:00:00 PM,RFC,MIDATL,PEP,PEPCO,3449.195,True
6/15/2025 12:00:00 AM,6/14/2025 8:00:00 PM,RFC,MIDATL,PEP,PEPCO,3375.993,True
6/15/2025 1:00:00 AM,6/14/2025 9:00:00 PM,RFC,MIDATL,PEP,PEPCO,3298.734,True
6/15/2025 2:00:00 AM,6/14/2025 10:00:00 PM,RFC,MIDATL,PEP,PEPCO,3158.260,True
6/15/2025 3:00:00 AM,6/14/2025 11:00:00 PM,RFC,MIDATL,PEP,PEPCO,2965.562,True
6/15/2025 4:00:00 AM,6/15/2025 12:00:00 AM,RFC,MIDATL,PEP,PEPCO,2733.419,True
6/15/2025 5:00:00 AM,6/15/2025 1:00:00 AM,RFC,MIDATL,PEP,PEPCO,2573.212,True
6/15/2025 6:00:00 AM,6/15/2025 2:00:00 AM,RFC,MIDATL,PEP,PEPCO,2419.824,True
6/15/2025 7:00:00 AM,6/15/2025 3:00:00 AM,RFC,MIDATL,PEP,PEPCO,2326.855,True
6/15/2025 8:00:00 AM,6/15/2025 4:00:00 AM,RFC,MIDATL,PEP,PEPCO,2229.217,True
6/15/2025 9:00:00 AM,6/15/2025 5:00:00 AM,RFC,MIDATL,PEP,PEPCO,2252.671,True
6/15/2025 10:00:00 AM,6/15/2025 6:00:00 AM,RFC,MIDATL,PEP,PEPCO,2234.888,True
6/15/2025 11:00:00 AM,6/15/2025 7:00:00 AM,RFC,MIDATL,PEP,PEPCO,2287.545,True
6/15/2025 12:00:00 PM,6/15/2025 8:00:00 AM,RFC,MIDATL,PEP,PEPCO,2403.711,True
6/15/2025 1:00:00 PM,6/15/2025 9:00:00 AM,RFC,MIDATL,PEP,PEPCO,2498.100,True
6/15/2025 2:00:00 PM,6/15/2025 10:00:00 AM,RFC,MIDATL,PEP,PEPCO,2537.125,True
6/15/2025 3:00:00 PM,6/15/2025 11:00:00 AM,RFC,MIDATL,PEP,PEPCO,2555.659,True
6/15/2025 4:00:00 PM,6/15/2025 12:00:00 PM,RFC,MIDATL,PEP,PEPCO,2592.759,True
6/15/2025 5:00:00 PM,6/15/2025 1:00:00 PM,RFC,MIDATL,PEP,PEPCO,2598.395,True
6/15/2025 6:00:00 PM,6/15/2025 2:00:00 PM,RFC,MIDATL,PEP,PEPCO,2639.150,True
6/15/2025 7:00:00 PM,6/15/2025 3:00:00 PM,RFC,MIDATL,PEP,PEPCO,2630.669,True
6/15/2025 8:00:00 PM,6/15/2025 4:00:00 PM,RFC,MIDATL,PEP,PEPCO,2656.876,True
6/15/2025 9:00:00 PM,6/15/2025 5:00:00 PM,RFC,MIDATL,PEP,PEPCO,2681.218,True
6/15/2025 10:00:00 PM,6/15/2025 6:00:00 PM,RFC,MIDATL,PEP,PEPCO,2729.612,True
6/15/2025 11:00:00 PM,6/15/2025 7:00:00 PM,RFC,MIDATL,PEP,PEPCO,2700.891,True
6/16/2025 12:00:00 AM,6/15/2025 8:00:00 PM,RFC,MIDATL,PEP,PEPCO,2727.356,True
6/16/2025 1:00:00 AM,6/15/2025 9:00:00 PM,RFC,MIDATL,PEP,PEPCO,2691.501,True
6/16/2025 2:00:00 AM,6/15/2025 10:00:00 PM,RFC,MIDATL,PEP,PEPCO,2579.949,True
6/16/2025 3:00:00 AM,6/15/2025 11:00:00 PM,RFC,MIDATL,PEP,PEPCO,2399.339,True
6/16/2025 4:00:00 AM,6/16/2025 12:00:00 AM,RFC,MIDATL,PEP,PEPCO,2235.472,True
6/16/2025 5:00:00 AM,6/16/2025 1:00:00 AM,RFC,MIDATL,PEP,PEPCO,2154.279,True
6/16/2025 6:00:00 AM,6/16/2025 2:00:00 AM,RFC,MIDATL,PEP,PEPCO,2059.768,True
6/16/2025 7:00:00 AM,6/16/2025 3:00:00 AM,RFC,MIDATL,PEP,PEPCO,2052.231,True
6/16/2025 8:00:00 AM,6/16/2025 4:00:00 AM,RFC,MIDATL,PEP,PEPCO,2088.189,True
6/16/2025 9:00:00 AM,6/16/2025 5:00:00 AM,RFC,MIDATL,PEP,PEPCO,2280.885,True
6/16/2025 10:00:00 AM,6/16/2025 6:00:00 AM,RFC,MIDATL,PEP,PEPCO,2498.887,True
6/16/2025 11:00:00 AM,6/16/2025 7:00:00 AM,RFC,MIDATL,PEP,PEPCO,2634.834,True
6/16/2025 12:00:00 PM,6/16/2025 8:00:00 AM,RFC,MIDATL,PEP,PEPCO,2774.250,True
6/16/2025 1:00:00 PM,6/16/2025 9:00:00 AM,RFC,MIDATL,PEP,PEPCO,2814.978,True
6/16/2025 2:00:00 PM,6/16/2025 10:00:00 AM,RFC,MIDATL,PEP,PEPCO,2842.842,True
6/16/2025 3:00:00 PM,6/16/2025 11:00:00 AM,RFC,MIDATL,PEP,PEPCO,2872.194,True
6/16/2025 4:00:00 PM,6/16/2025 12:00:00 PM,RFC,MIDATL,PEP,PEPCO,2850.995,True
6/16/2025 5:00:00 PM,6/16/2025 1:00:00 PM,RFC,MIDATL,PEP,PEPCO,2882.000,True
6/16/2025 6:00:00 PM,6/16/2025 2:00:00 PM,RFC,MIDATL,PEP,PEPCO,2908.583,True
6/16/2025 7:00:00 PM,6/16/2025 3:00:00 PM,RFC,MIDATL,PEP,PEPCO,2906.302,True
6/16/2025 8:00:00 PM,6/16/2025 4:00:00 PM,RFC,MIDATL,PEP,PEPCO,2902.925,True
6/16/2025 9:00:00 PM,6/16/2025 5:00:00 PM,RFC,MIDATL,PEP,PEPCO,2921.981,True
6/16/2025 10:00:00 PM,6/16/2025 6:00:00 PM,RFC,MIDATL,PEP,PEPCO,2827.813,True
6/16/2025 11:00:00 PM,6/16/2025 7:00:00 PM,RFC,MIDATL,PEP,PEPCO,2799.586,True
6/17/2025 12:00:00 AM,6/16/2025 8:00:00 PM,RFC,MIDATL,PEP,PEPCO,2778.319,True
6/17/2025 1:00:00 AM,6/16/2025 9:00:00 PM,RFC,MIDATL,PEP,PEPCO,2710.673,True
6/17/2025 2:00:00 AM,6/16/2025 10:00:00 PM,RFC,MIDATL,PEP,PEPCO,2597.653,True
6/17/2025 3:00:00 AM,6/16/2025 11:00:00 PM,RFC,MIDATL,PEP,PEPCO,2407.773,True
6/17/2025 4:00:00 AM,6/17/2025 12:00:00 AM,RFC,MIDATL,PEP,PEPCO,2272.628,True
6/17/2025 5:00:00 AM,6/17/2025 1:00:00 AM,RFC,MIDATL,PEP,PEPCO,2168.477,True
6/17/2025 6:00:00 AM,6/17/2025 2:00:00 AM,RFC,MIDATL,PEP,PEPCO,2099.471,True
6/17/2025 7:00:00 AM,6/17/2025 3:00:00 AM,RFC,MIDATL,PEP,PEPCO,2077.476,True
6/17/2025 8:00:00 AM,6/17/2025 4:00:00 AM,RFC,MIDATL,PEP,PEPCO,2139.283,True
6/17/2025 9:00:00 AM,6/17/2025 5:00:00 AM,RFC,MIDATL,PEP,PEPCO,2294.631,True
6/17/2025 10:00:00 AM,6/17/2025 6:00:00 AM,RFC,MIDATL,PEP,PEPCO,2561.430,True
6/17/2025 11:00:00 AM,6/17/2025 7:00:00 AM,RFC,MIDATL,PEP,PEPCO,2736.784,True
6/17/2025 12:00:00 PM,6/17/2025 8:00:00 AM,RFC,MIDATL,PEP,PEPCO,2840.462,True
6/17/2025 1:00:00 PM,6/17/2025 9:00:00 AM,RFC,MIDATL,PEP,PEPCO,2870.045,True
6/17/2025 2:00:00 PM,6/17/2025 10:00:00 AM,RFC,MIDATL,PEP,PEPCO,2957.439,True
6/17/2025 3:00:00 PM,6/17/2025 11:00:00 AM,RFC,MIDATL,PEP,PEPCO,3034.450,True
6/17/2025 4:00:00 PM,6/17/2025 12:00:00 PM,RFC,MIDATL,PEP,PEPCO,3090.647,True
6/17/2025 5:00:00 PM,6/17/2025 1:00:00 PM,RFC,MIDATL,PEP,PEPCO,3167.546,True
6/17/2025 6:00:00 PM,6/17/2025 2:00:00 PM,RFC,MIDATL,PEP,PEPCO,3223.575,True
6/17/2025 7:00:00 PM,6/17/2025 3:00:00 PM,RFC,MIDATL,PEP,PEPCO,3242.145,True
6/17/2025 8:00:00 PM,6/17/2025 4:00:00 PM,RFC,MIDATL,PEP,PEPCO,3299.104,True
6/17/2025 9:00:00 PM,6/17/2025 5:00:00 PM,RFC,MIDATL,PEP,PEPCO,3304.117,True
6/17/2025 10:00:00 PM,6/17/2025 6:00:00 PM,RFC,MIDATL,PEP,PEPCO,3261.386,True
6/17/2025 11:00:00 PM,6/17/2025 7:00:00 PM,RFC,MIDATL,PEP,PEPCO,3272.211,True
6/18/2025 12:00:00 AM,6/17/2025 8:00:00 PM,RFC,MIDATL,PEP,PEPCO,3232.549,True
6/18/2025 1:00:00 AM,6/17/2025 9:00:00 PM,RFC,MIDATL,PEP,PEPCO,3166.277,True
6/18/2025 2:00:00 AM,6/17/2025 10:00:00 PM,RFC,MIDATL,PEP,PEPCO,3038.287,True
6/18/2025 3:00:00 AM,6/17/2025 11:00:00 PM,RFC,MIDATL,PEP,PEPCO,2843.371,True
6/18/2025 4:00:00 AM,6/18/2025 12:00:00 AM,RFC,MIDATL,PEP,PEPCO,2653.637,True
6/18/2025 5:00:00 AM,6/18/2025 1:00:00 AM,RFC,MIDATL,PEP,PEPCO,2545.656,True
6/18/2025 6:00:00 AM,6/18/2025 2:00:00 AM,RFC,MIDATL,PEP,PEPCO,2431.098,True
6/18/2025 7:00:00 AM,6/18/2025 3:00:00 AM,RFC,MIDATL,PEP,PEPCO,2413.487,True
6/18/2025 8:00:00 AM,6/18/2025 4:00:00 AM,RFC,MIDATL,PEP,PEPCO,2433.623,True
6/18/2025 9:00:00 AM,6/18/2025 5:00:00 AM,RFC,MIDATL,PEP,PEPCO,2649.547,True
6/18/2025 10:00:00 AM,6/18/2025 6:00:00 AM,RFC,MIDATL,PEP,PEPCO,2902.439,True
6/18/2025 11:00:00 AM,6/18/2025 7:00:00 AM,RFC,MIDATL,PEP,PEPCO,3080.361,True
6/18/2025 12:00:00 PM,6/18/2025 8:00:00 AM,RFC,MIDATL,PEP,PEPCO,3238.412,True
6/18/2025 1:00:00 PM,6/18/2025 9:00:00 AM,RFC,MIDATL,PEP,PEPCO,3345.164,True
6/18/2025 2:00:00 PM,6/18/2025 10:00:00 AM,RFC,MIDATL,PEP,PEPCO,3437.320,True
6/18/2025 3:00:00 PM,6/18/2025 11:00:00 AM,RFC,MIDATL,PEP,PEPCO,3507.899,True
6/18/2025 4:00:00 PM,6/18/2025 12:00:00 PM,RFC,MIDATL,PEP,PEPCO,3771.255,True
6/18/2025 5:00:00 PM,6/18/2025 1:00:00 PM,RFC,MIDATL,PEP,PEPCO,3888.117,True
6/18/2025 6:00:00 PM,6/18/2025 2:00:00 PM,RFC,MIDATL,PEP,PEPCO,3845.377,True
6/18/2025 7:00:00 PM,6/18/2025 3:00:00 PM,RFC,MIDATL,PEP,PEPCO,3740.206,True
6/18/2025 8:00:00 PM,6/18/2025 4:00:00 PM,RFC,MIDATL,PEP,PEPCO,3769.826,True
6/18/2025 9:00:00 PM,6/18/2025 5:00:00 PM,RFC,MIDATL,PEP,PEPCO,3800.562,True
6/18/2025 10:00:00 PM,6/18/2025 6:00:00 PM,RFC,MIDATL,PEP,PEPCO,3625.639,True
6/18/2025 11:00:00 PM,6/18/2025 7:00:00 PM,RFC,MIDATL,PEP,PEPCO,3522.820,True
6/19/2025 12:00:00 AM,6/18/2025 8:00:00 PM,RFC,MIDATL,PEP,PEPCO,3487.027,True
6/19/2025 1:00:00 AM,6/18/2025 9:00:00 PM,RFC,MIDATL,PEP,PEPCO,3404.912,True
6/19/2025 2:00:00 AM,6/18/2025 10:00:00 PM,RFC,MIDATL,PEP,PEPCO,3234.814,True
6/19/2025 3:00:00 AM,6/18/2025 11:00:00 PM,RFC,MIDATL,PEP,PEPCO,3008.784,True
6/19/2025 4:00:00 AM,6/19/2025 12:00:00 AM,RFC,MIDATL,PEP,PEPCO,2786.594,True
6/19/2025 5:00:00 AM,6/19/2025 1:00:00 AM,RFC,MIDATL,PEP,PEPCO,2641.338,True
6/19/2025 6:00:00 AM,6/19/2025 2:00:00 AM,RFC,MIDATL,PEP,PEPCO,2526.781,True
6/19/2025 7:00:00 AM,6/19/2025 3:00:00 AM,RFC,MIDATL,PEP,PEPCO,2456.614,True
6/19/2025 8:00:00 AM,6/19/2025 4:00:00 AM,RFC,MIDATL,PEP,PEPCO,2460.651,True
6/19/2025 9:00:00 AM,6/19/2025 5:00:00 AM,RFC,MIDATL,PEP,PEPCO,2550.460,True
6/19/2025 10:00:00 AM,6/19/2025 6:00:00 AM,RFC,MIDATL,PEP,PEPCO,2687.573,True
6/19/2025 11:00:00 AM,6/19/2025 7:00:00 AM,RFC,MIDATL,PEP,PEPCO,2860.264,True
6/19/2025 12:00:00 PM,6/19/2025 8:00:00 AM,RFC,MIDATL,PEP,PEPCO,3001.812,True
6/19/2025 1:00:00 PM,6/19/2025 9:00:00 AM,RFC,MIDATL,PEP,PEPCO,3210.204,True
6/19/2025 2:00:00 PM,6/19/2025 10:00:00 AM,RFC,MIDATL,PEP,PEPCO,3383.627,True
6/19/2025 3:00:00 PM,6/19/2025 11:00:00 AM,RFC,MIDATL,PEP,PEPCO,3559.624,True
6/19/2025 4:00:00 PM,6/19/2025 12:00:00 PM,RFC,MIDATL,PEP,PEPCO,3706.078,True
6/19/2025 5:00:00 PM,6/19/2025 1:00:00 PM,RFC,MIDATL,PEP,PEPCO,3838.521,True
6/19/2025 6:00:00 PM,6/19/2025 2:00:00 PM,RFC,MIDATL,PEP,PEPCO,3928.681,True
6/19/2025 7:00:00 PM,6/19/2025 3:00:00 PM,RFC,MIDATL,PEP,PEPCO,4053.079,True
6/19/2025 8:00:00 PM,6/19/2025 4:00:00 PM,RFC,MIDATL,PEP,PEPCO,3826.489,True
6/19/2025 9:00:00 PM,6/19/2025 5:00:00 PM,RFC,MIDATL,PEP,PEPCO,3473.695,True
6/19/2025 10:00:00 PM,6/19/2025 6:00:00 PM,RFC,MIDATL,PEP,PEPCO,3311.984,True
6/19/2025 11:00:00 PM,6/19/2025 7:00:00 PM,RFC,MIDATL,PEP,PEPCO,3245.518,True
6/20/2025 12:00:00 AM,6/19/2025 8:00:00 PM,RFC,MIDATL,PEP,PEPCO,3223.026,True
6/20/2025 1:00:00 AM,6/19/2025 9:00:00 PM,RFC,MIDATL,PEP,PEPCO,3170.461,True
6/20/2025 2:00:00 AM,6/19/2025 10:00:00 PM,RFC,MIDATL,PEP,PEPCO,2984.698,True
6/20/2025 3:00:00 AM,6/19/2025 11:00:00 PM,RFC,MIDATL,PEP,PEPCO,2792.070,True
6/20/2025 4:00:00 AM,6/20/2025 12:00:00 AM,RFC,MIDATL,PEP,PEPCO,2569.491,True
6/20/2025 5:00:00 AM,6/20/2025 1:00:00 AM,RFC,MIDATL,PEP,PEPCO,2366.556,True
6/20/2025 6:00:00 AM,6/20/2025 2:00:00 AM,RFC,MIDATL,PEP,PEPCO,2214.934,True
6/20/2025 7:00:00 AM,6/20/2025 3:00:00 AM,RFC,MIDATL,PEP,PEPCO,2160.397,True
6/20/2025 8:00:00 AM,6/20/2025 4:00:00 AM,RFC,MIDATL,PEP,PEPCO,2150.659,True
6/20/2025 9:00:00 AM,6/20/2025 5:00:00 AM,RFC,MIDATL,PEP,PEPCO,2269.485,True
6/20/2025 10:00:00 AM,6/20/2025 6:00:00 AM,RFC,MIDATL,PEP,PEPCO,2443.016,True
6/20/2025 11:00:00 AM,6/20/2025 7:00:00 AM,RFC,MIDATL,PEP,PEPCO,2633.955,True
6/20/2025 12:00:00 PM,6/20/2025 8:00:00 AM,RFC,MIDATL,PEP,PEPCO,2718.173,True
6/20/2025 1:00:00 PM,6/20/2025 9:00:00 AM,RFC,MIDATL,PEP,PEPCO,2801.911,True
6/20/2025 2:00:00 PM,6/20/2025 10:00:00 AM,RFC,MIDATL,PEP,PEPCO,2862.705,True
6/20/2025 3:00:00 PM,6/20/2025 11:00:00 AM,RFC,MIDATL,PEP,PEPCO,2944.702,True
6/20/2025 4:00:00 PM,6/20/2025 12:00:00 PM,RFC,MIDATL,PEP,PEPCO,3077.450,True
6/20/2025 5:00:00 PM,6/20/2025 1:00:00 PM,RFC,MIDATL,PEP,PEPCO,3207.439,True
6/20/2025 6:00:00 PM,6/20/2025 2:00:00 PM,RFC,MIDATL,PEP,PEPCO,3388.555,True
6/20/2025 7:00:00 PM,6/20/2025 3:00:00 PM,RFC,MIDATL,PEP,PEPCO,3569.913,True
6/20/2025 8:00:00 PM,6/20/2025 4:00:00 PM,RFC,MIDATL,PEP,PEPCO,3625.749,True
6/20/2025 9:00:00 PM,6/20/2025 5:00:00 PM,RFC,MIDATL,PEP,PEPCO,3708.036,True
6/20/2025 10:00:00 PM,6/20/2025 6:00:00 PM,RFC,MIDATL,PEP,PEPCO,3616.472,True
6/20/2025 11:00:00 PM,6/20/2025 7:00:00 PM,RFC,MIDATL,PEP,PEPCO,3514.774,True
6/21/2025 12:00:00 AM,6/20/2025 8:00:00 PM,RFC,MIDATL,PEP,PEPCO,3381.039,True
6/21/2025 1:00:00 AM,6/20/2025 9:00:00 PM,RFC,MIDATL,PEP,PEPCO,3283.552,True
6/21/2025 2:00:00 AM,6/20/2025 10:00:00 PM,RFC,MIDATL,PEP,PEPCO,3128.956,True
6/21/2025 3:00:00 AM,6/20/2025 11:00:00 PM,RFC,MIDATL,PEP,PEPCO,2924.131,True
6/21/2025 4:00:00 AM,6/21/2025 12:00:00 AM,RFC,MIDATL,PEP,PEPCO,2732.092,True
6/21/2025 5:00:00 AM,6/21/2025 1:00:00 AM,RFC,MIDATL,PEP,PEPCO,2565.013,True
6/21/2025 6:00:00 AM,6/21/2025 2:00:00 AM,RFC,MIDATL,PEP,PEPCO,2393.218,True
6/21/2025 7:00:00 AM,6/21/2025 3:00:00 AM,RFC,MIDATL,PEP,PEPCO,2331.019,True
6/21/2025 8:00:00 AM,6/21/2025 4:00:00 AM,RFC,MIDATL,PEP,PEPCO,2293.164,True
6/21/2025 9:00:00 AM,6/21/2025 5:00:00 AM,RFC,MIDATL,PEP,PEPCO,2290.469,True
6/21/2025 10:00:00 AM,6/21/2025 6:00:00 AM,RFC,MIDATL,PEP,PEPCO,2295.909,True
6/21/2025 11:00:00 AM,6/21/2025 7:00:00 AM,RFC,MIDATL,PEP,PEPCO,2441.373,True
6/21/2025 12:00:00 PM,6/21/2025 8:00:00 AM,RFC,MIDATL,PEP,PEPCO,2686.376,True
6/21/2025 1:00:00 PM,6/21/2025 9:00:00 AM,RFC,MIDATL,PEP,PEPCO,2878.046,True
6/21/2025 2:00:00 PM,6/21/2025 10:00:00 AM,RFC,MIDATL,PEP,PEPCO,3056.960,True
6/21/2025 3:00:00 PM,6/21/2025 11:00:00 AM,RFC,MIDATL,PEP,PEPCO,3199.558,True
6/21/2025 4:00:00 PM,6/21/2025 12:00:00 PM,RFC,MIDATL,PEP,PEPCO,3365.093,True
6/21/2025 5:00:00 PM,6/21/2025 1:00:00 PM,RFC,MIDATL,PEP,PEPCO,3444.835,True
6/21/2025 6:00:00 PM,6/21/2025 2:00:00 PM,RFC,MIDATL,PEP,PEPCO,3552.261,True
6/21/2025 7:00:00 PM,6/21/2025 3:00:00 PM,RFC,MIDATL,PEP,PEPCO,3681.218,True
6/21/2025 8:00:00 PM,6/21/2025 4:00:00 PM,RFC,MIDATL,PEP,PEPCO,3758.887,True
6/21/2025 9:00:00 PM,6/21/2025 5:00:00 PM,RFC,MIDATL,PEP,PEPCO,3853.325,True
6/21/2025 10:00:00 PM,6/21/2025 6:00:00 PM,RFC,MIDATL,PEP,PEPCO,3916.571,True
6/21/2025 11:00:00 PM,6/21/2025 7:00:00 PM,RFC,MIDATL,PEP,PEPCO,3868.280,True
6/22/2025 12:00:00 AM,6/21/2025 8:00:00 PM,RFC,MIDATL,PEP,PEPCO,3763.215,True
6/22/2025 1:00:00 AM,6/21/2025 9:00:00 PM,RFC,MIDATL,PEP,PEPCO,3645.736,True
6/22/2025 2:00:00 AM,6/21/2025 10:00:00 PM,RFC,MIDATL,PEP,PEPCO,3485.821,True
6/22/2025 3:00:00 AM,6/21/2025 11:00:00 PM,RFC,MIDATL,PEP,PEPCO,3300.925,True
6/22/2025 4:00:00 AM,6/22/2025 12:00:00 AM,RFC,MIDATL,PEP,PEPCO,3099.787,True
6/22/2025 5:00:00 AM,6/22/2025 1:00:00 AM,RFC,MIDATL,PEP,PEPCO,2867.333,True
6/22/2025 6:00:00 AM,6/22/2025 2:00:00 AM,RFC,MIDATL,PEP,PEPCO,2745.977,True
6/22/2025 7:00:00 AM,6/22/2025 3:00:00 AM,RFC,MIDATL,PEP,PEPCO,2639.846,True
6/22/2025 8:00:00 AM,6/22/2025 4:00:00 AM,RFC,MIDATL,PEP,PEPCO,2602.432,True
6/22/2025 9:00:00 AM,6/22/2025 5:00:00 AM,RFC,MIDATL,PEP,PEPCO,2548.452,True
6/22/2025 10:00:00 AM,6/22/2025 6:00:00 AM,RFC,MIDATL,PEP,PEPCO,2593.893,True
6/22/2025 11:00:00 AM,6/22/2025 7:00:00 AM,RFC,MIDATL,PEP,PEPCO,2727.757,True
6/22/2025 12:00:00 PM,6/22/2025 8:00:00 AM,RFC,MIDATL,PEP,PEPCO,2890.029,True
6/22/2025 1:00:00 PM,6/22/2025 9:00:00 AM,RFC,MIDATL,PEP,PEPCO,3050.415,True
6/22/2025 2:00:00 PM,6/22/2025 10:00:00 AM,RFC,MIDATL,PEP,PEPCO,3326.791,True
6/22/2025 3:00:00 PM,6/22/2025 11:00:00 AM,RFC,MIDATL,PEP,PEPCO,3509.352,True
6/22/2025 4:00:00 PM,6/22/2025 12:00:00 PM,RFC,MIDATL,PEP,PEPCO,3704.587,True
6/22/2025 5:00:00 PM,6/22/2025 1:00:00 PM,RFC,MIDATL,PEP,PEPCO,3895.547,True
6/22/2025 6:00:00 PM,6/22/2025 2:00:00 PM,RFC,MIDATL,PEP,PEPCO,4097.471,True
6/22/2025 7:00:00 PM,6/22/2025 3:00:00 PM,RFC,MIDATL,PEP,PEPCO,4210.600,True
6/22/2025 8:00:00 PM,6/22/2025 4:00:00 PM,RFC,MIDATL,PEP,PEPCO,4282.383,True
6/22/2025 9:00:00 PM,6/22/2025 5:00:00 PM,RFC,MIDATL,PEP,PEPCO,4297.025,True
6/22/2025 10:00:00 PM,6/22/2025 6:00:00 PM,RFC,MIDATL,PEP,PEPCO,4321.879,True
6/22/2025 11:00:00 PM,6/22/2025 7:00:00 PM,RFC,MIDATL,PEP,PEPCO,4317.716,True
6/23/2025 12:00:00 AM,6/22/2025 8:00:00 PM,RFC,MIDATL,PEP,PEPCO,4217.448,True
6/23/2025 1:00:00 AM,6/22/2025 9:00:00 PM,RFC,MIDATL,PEP,PEPCO,4121.462,True
6/23/2025 2:00:00 AM,6/22/2025 10:00:00 PM,RFC,MIDATL,PEP,PEPCO,3921.257,True
6/23/2025 3:00:00 AM,6/22/2025 11:00:00 PM,RFC,MIDATL,PEP,PEPCO,3624.590,True
6/23/2025 4:00:00 AM,6/23/2025 12:00:00 AM,RFC,MIDATL,PEP,PEPCO,3378.134,True
6/23/2025 5:00:00 AM,6/23/2025 1:00:00 AM,RFC,MIDATL,PEP,PEPCO,3201.101,True
6/23/2025 6:00:00 AM,6/23/2025 2:00:00 AM,RFC,MIDATL,PEP,PEPCO,3050.708,True
6/23/2025 7:00:00 AM,6/23/2025 3:00:00 AM,RFC,MIDATL,PEP,PEPCO,2952.581,True
6/23/2025 8:00:00 AM,6/23/2025 4:00:00 AM,RFC,MIDATL,PEP,PEPCO,3009.798,True
6/23/2025 9:00:00 AM,6/23/2025 5:00:00 AM,RFC,MIDATL,PEP,PEPCO,3151.869,True
6/23/2025 10:00:00 AM,6/23/2025 6:00:00 AM,RFC,MIDATL,PEP,PEPCO,3376.397,True
6/23/2025 11:00:00 AM,6/23/2025 7:00:00 AM,RFC,MIDATL,PEP,PEPCO,3620.687,True
6/23/2025 12:00:00 PM,6/23/2025 8:00:00 AM,RFC,MIDATL,PEP,PEPCO,3818.939,True
6/23/2025 1:00:00 PM,6/23/2025 9:00:00 AM,RFC,MIDATL,PEP,PEPCO,4076.822,True
6/23/2025 2:00:00 PM,6/23/2025 10:00:00 AM,RFC,MIDATL,PEP,PEPCO,4276.568,True
6/23/2025 3:00:00 PM,6/23/2025 11:00:00 AM,RFC,MIDATL,PEP,PEPCO,4437.133,True
6/23/2025 4:00:00 PM,6/23/2025 12:00:00 PM,RFC,MIDATL,PEP,PEPCO,4598.830,True
6/23/2025 5:00:00 PM,6/23/2025 1:00:00 PM,RFC,MIDATL,PEP,PEPCO,4734.908,True
6/23/2025 6:00:00 PM,6/23/2025 2:00:00 PM,RFC,MIDATL,PEP,PEPCO,4820.654,True
6/23/2025 7:00:00 PM,6/23/2025 3:00:00 PM,RFC,MIDATL,PEP,PEPCO,4924.992,True
6/23/2025 8:00:00 PM,6/23/2025 4:00:00 PM,RFC,MIDATL,PEP,PEPCO,5024.713,True
6/23/2025 9:00:00 PM,6/23/2025 5:00:00 PM,RFC,MIDATL,PEP,PEPCO,5149.689,True
6/23/2025 10:00:00 PM,6/23/2025 6:00:00 PM,RFC,MIDATL,PEP,PEPCO,5112.722,True
6/23/2025 11:00:00 PM,6/23/2025 7:00:00 PM,RFC,MIDATL,PEP,PEPCO,5061.404,True
6/24/2025 12:00:00 AM,6/23/2025 8:00:00 PM,RFC,MIDATL,PEP,PEPCO,4872.546,True
6/24/2025 1:00:00 AM,6/23/2025 9:00:00 PM,RFC,MIDATL,PEP,PEPCO,4717.076,True
6/24/2025 2:00:00 AM,6/23/2025 10:00:00 PM,RFC,MIDATL,PEP,PEPCO,4434.172,True
6/24/2025 3:00:00 AM,6/23/2025 11:00:00 PM,RFC,MIDATL,PEP,PEPCO,4140.605,True
6/24/2025 4:00:00 AM,6/24/2025 12:00:00 AM,RFC,MIDATL,PEP,PEPCO,3904.552,True
6/24/2025 5:00:00 AM,6/24/2025 1:00:00 AM,RFC,MIDATL,PEP,PEPCO,3673.866,True
6/24/2025 6:00:00 AM,6/24/2025 2:00:00 AM,RFC,MIDATL,PEP,PEPCO,3550.369,True
6/24/2025 7:00:00 AM,6/24/2025 3:00:00 AM,RFC,MIDATL,PEP,PEPCO,3438.750,True
6/24/2025 8:00:00 AM,6/24/2025 4:00:00 AM,RFC,MIDATL,PEP,PEPCO,3398.106,True
6/24/2025 9:00:00 AM,6/24/2025 5:00:00 AM,RFC,MIDATL,PEP,PEPCO,3504.944,True
6/24/2025 10:00:00 AM,6/24/2025 6:00:00 AM,RFC,MIDATL,PEP,PEPCO,3655.979,True
6/24/2025 11:00:00 AM,6/24/2025 7:00:00 AM,RFC,MIDATL,PEP,PEPCO,3862.738,True
6/24/2025 12:00:00 PM,6/24/2025 8:00:00 AM,RFC,MIDATL,PEP,PEPCO,4065.557,True
6/24/2025 1:00:00 PM,6/24/2025 9:00:00 AM,RFC,MIDATL,PEP,PEPCO,4262.155,True
6/24/2025 2:00:00 PM,6/24/2025 10:00:00 AM,RFC,MIDATL,PEP,PEPCO,4412.311,True
6/24/2025 3:00:00 PM,6/24/2025 11:00:00 AM,RFC,MIDATL,PEP,PEPCO,4551.984,True
6/24/2025 4:00:00 PM,6/24/2025 12:00:00 PM,RFC,MIDATL,PEP,PEPCO,4674.663,True
6/24/2025 5:00:00 PM,6/24/2025 1:00:00 PM,RFC,MIDATL,PEP,PEPCO,4783.657,True
6/24/2025 6:00:00 PM,6/24/2025 2:00:00 PM,RFC,MIDATL,PEP,PEPCO,4897.742,True
6/24/2025 7:00:00 PM,6/24/2025 3:00:00 PM,RFC,MIDATL,PEP,PEPCO,4990.324,True
6/24/2025 8:00:00 PM,6/24/2025 4:00:00 PM,RFC,MIDATL,PEP,PEPCO,5092.677,True
6/24/2025 9:00:00 PM,6/24/2025 5:00:00 PM,RFC,MIDATL,PEP,PEPCO,5175.761,True
6/24/2025 10:00:00 PM,6/24/2025 6:00:00 PM,RFC,MIDATL,PEP,PEPCO,5136.066,True
6/24/2025 11:00:00 PM,6/24/2025 7:00:00 PM,RFC,MIDATL,PEP,PEPCO,5019.907,True
6/25/2025 12:00:00 AM,6/24/2025 8:00:00 PM,RFC,MIDATL,PEP,PEPCO,4819.334,True
6/25/2025 1:00:00 AM,6/24/2025 9:00:00 PM,RFC,MIDATL,PEP,PEPCO,4662.683,True
6/25/2025 2:00:00 AM,6/24/2025 10:00:00 PM,RFC,MIDATL,PEP,PEPCO,4394.490,True
6/25/2025 3:00:00 AM,6/24/2025 11:00:00 PM,RFC,MIDATL,PEP,PEPCO,4127.633,True
6/25/2025 4:00:00 AM,6/25/2025 12:00:00 AM,RFC,MIDATL,PEP,PEPCO,3845.929,True
6/25/2025 5:00:00 AM,6/25/2025 1:00:00 AM,RFC,MIDATL,PEP,PEPCO,3635.885,True
6/25/2025 6:00:00 AM,6/25/2025 2:00:00 AM,RFC,MIDATL,PEP,PEPCO,3471.263,True
6/25/2025 7:00:00 AM,6/25/2025 3:00:00 AM,RFC,MIDATL,PEP,PEPCO,3373.646,True
6/25/2025 8:00:00 AM,6/25/2025 4:00:00 AM,RFC,MIDATL,PEP,PEPCO,3363.900,True
6/25/2025 9:00:00 AM,6/25/2025 5:00:00 AM,RFC,MIDATL,PEP,PEPCO,3479.133,True
6/25/2025 10:00:00 AM,6/25/2025 6:00:00 AM,RFC,MIDATL,PEP,PEPCO,3616.014,True
6/25/2025 11:00:00 AM,6/25/2025 7:00:00 AM,RFC,MIDATL,PEP,PEPCO,3851.015,True
6/25/2025 12:00:00 PM,6/25/2025 8:00:00 AM,RFC,MIDATL,PEP,PEPCO,4098.029,True
6/25/2025 1:00:00 PM,6/25/2025 9:00:00 AM,RFC,MIDATL,PEP,PEPCO,4288.188,True
6/25/2025 2:00:00 PM,6/25/2025 10:00:00 AM,RFC,MIDATL,PEP,PEPCO,4464.531,True
6/25/2025 3:00:00 PM,6/25/2025 11:00:00 AM,RFC,MIDATL,PEP,PEPCO,4613.115,True
6/25/2025 4:00:00 PM,6/25/2025 12:00:00 PM,RFC,MIDATL,PEP,PEPCO,4784.344,True
6/25/2025 5:00:00 PM,6/25/2025 1:00:00 PM,RFC,MIDATL,PEP,PEPCO,4871.040,True
6/25/2025 6:00:00 PM,6/25/2025 2:00:00 PM,RFC,MIDATL,PEP,PEPCO,4967.034,True
6/25/2025 7:00:00 PM,6/25/2025 3:00:00 PM,RFC,MIDATL,PEP,PEPCO,4973.651,True
6/25/2025 8:00:00 PM,6/25/2025 4:00:00 PM,RFC,MIDATL,PEP,PEPCO,4975.431,True
6/25/2025 9:00:00 PM,6/25/2025 5:00:00 PM,RFC,MIDATL,PEP,PEPCO,4788.903,True
6/25/2025 10:00:00 PM,6/25/2025 6:00:00 PM,RFC,MIDATL,PEP,PEPCO,4568.528,True
6/25/2025 11:00:00 PM,6/25/2025 7:00:00 PM,RFC,MIDATL,PEP,PEPCO,4430.912,True
6/26/2025 12:00:00 AM,6/25/2025 8:00:00 PM,RFC,MIDATL,PEP,PEPCO,4308.473,True
6/26/2025 1:00:00 AM,6/25/2025 9:00:00 PM,RFC,MIDATL,PEP,PEPCO,4219.361,True
6/26/2025 2:00:00 AM,6/25/2025 10:00:00 PM,RFC,MIDATL,PEP,PEPCO,3951.267,True
6/26/2025 3:00:00 AM,6/25/2025 11:00:00 PM,RFC,MIDATL,PEP,PEPCO,3691.869,True
6/26/2025 4:00:00 AM,6/26/2025 12:00:00 AM,RFC,MIDATL,PEP,PEPCO,3415.563,True
6/26/2025 5:00:00 AM,6/26/2025 1:00:00 AM,RFC,MIDATL,PEP,PEPCO,3235.820,True
6/26/2025 6:00:00 AM,6/26/2025 2:00:00 AM,RFC,MIDATL,PEP,PEPCO,3091.405,True
6/26/2025 7:00:00 AM,6/26/2025 3:00:00 AM,RFC,MIDATL,PEP,PEPCO,3026.845,True
6/26/2025 8:00:00 AM,6/26/2025 4:00:00 AM,RFC,MIDATL,PEP,PEPCO,2995.022,True
6/26/2025 9:00:00 AM,6/26/2025 5:00:00 AM,RFC,MIDATL,PEP,PEPCO,3118.947,True
6/26/2025 10:00:00 AM,6/26/2025 6:00:00 AM,RFC,MIDATL,PEP,PEPCO,3294.023,True
6/26/2025 11:00:00 AM,6/26/2025 7:00:00 AM,RFC,MIDATL,PEP,PEPCO,3541.579,True
6/26/2025 12:00:00 PM,6/26/2025 8:00:00 AM,RFC,MIDATL,PEP,PEPCO,3748.139,True
6/26/2025 1:00:00 PM,6/26/2025 9:00:00 AM,RFC,MIDATL,PEP,PEPCO,3895.343,True
6/26/2025 2:00:00 PM,6/26/2025 10:00:00 AM,RFC,MIDATL,PEP,PEPCO,4069.358,True
6/26/2025 3:00:00 PM,6/26/2025 11:00:00 AM,RFC,MIDATL,PEP,PEPCO,4255.554,True
6/26/2025 4:00:00 PM,6/26/2025 12:00:00 PM,RFC,MIDATL,PEP,PEPCO,4419.348,True
6/26/2025 5:00:00 PM,6/26/2025 1:00:00 PM,RFC,MIDATL,PEP,PEPCO,4559.122,True
6/26/2025 6:00:00 PM,6/26/2025 2:00:00 PM,RFC,MIDATL,PEP,PEPCO,4750.025,True
6/26/2025 7:00:00 PM,6/26/2025 3:00:00 PM,RFC,MIDATL,PEP,PEPCO,4848.344,True
6/26/2025 8:00:00 PM,6/26/2025 4:00:00 PM,RFC,MIDATL,PEP,PEPCO,4920.961,True
6/26/2025 9:00:00 PM,6/26/2025 5:00:00 PM,RFC,MIDATL,PEP,PEPCO,4952.343,True
6/26/2025 10:00:00 PM,6/26/2025 6:00:00 PM,RFC,MIDATL,PEP,PEPCO,4799.588,True
6/26/2025 11:00:00 PM,6/26/2025 7:00:00 PM,RFC,MIDATL,PEP,PEPCO,4600.987,True
6/27/2025 12:00:00 AM,6/26/2025 8:00:00 PM,RFC,MIDATL,PEP,PEPCO,4383.070,True
6/27/2025 1:00:00 AM,6/26/2025 9:00:00 PM,RFC,MIDATL,PEP,PEPCO,4181.346,True
6/27/2025 2:00:00 AM,6/26/2025 10:00:00 PM,RFC,MIDATL,PEP,PEPCO,3905.951,True
6/27/2025 3:00:00 AM,6/26/2025 11:00:00 PM,RFC,MIDATL,PEP,PEPCO,3569.756,True
6/27/2025 4:00:00 AM,6/27/2025 12:00:00 AM,RFC,MIDATL,PEP,PEPCO,3333.445,True
6/27/2025 5:00:00 AM,6/27/2025 1:00:00 AM,RFC,MIDATL,PEP,PEPCO,3171.004,True
6/27/2025 6:00:00 AM,6/27/2025 2:00:00 AM,RFC,MIDATL,PEP,PEPCO,3011.492,True
6/27/2025 7:00:00 AM,6/27/2025 3:00:00 AM,RFC,MIDATL,PEP,PEPCO,2900.767,True
6/27/2025 8:00:00 AM,6/27/2025 4:00:00 AM,RFC,MIDATL,PEP,PEPCO,2844.603,True
6/27/2025 9:00:00 AM,6/27/2025 5:00:00 AM,RFC,MIDATL,PEP,PEPCO,2906.671,True
6/27/2025 10:00:00 AM,6/27/2025 6:00:00 AM,RFC,MIDATL,PEP,PEPCO,3061.800,True
6/27/2025 11:00:00 AM,6/27/2025 7:00:00 AM,RFC,MIDATL,PEP,PEPCO,3108.716,True
6/27/2025 12:00:00 PM,6/27/2025 8:00:00 AM,RFC,MIDATL,PEP,PEPCO,3188.856,True
6/27/2025 1:00:00 PM,6/27/2025 9:00:00 AM,RFC,MIDATL,PEP,PEPCO,3241.210,True
6/27/2025 2:00:00 PM,6/27/2025 10:00:00 AM,RFC,MIDATL,PEP,PEPCO,3251.682,True
6/27/2025 3:00:00 PM,6/27/2025 11:00:00 AM,RFC,MIDATL,PEP,PEPCO,3239.325,True
6/27/2025 4:00:00 PM,6/27/2025 12:00:00 PM,RFC,MIDATL,PEP,PEPCO,3279.791,True
6/27/2025 5:00:00 PM,6/27/2025 1:00:00 PM,RFC,MIDATL,PEP,PEPCO,3304.140,True
6/27/2025 6:00:00 PM,6/27/2025 2:00:00 PM,RFC,MIDATL,PEP,PEPCO,3244.558,True
6/27/2025 7:00:00 PM,6/27/2025 3:00:00 PM,RFC,MIDATL,PEP,PEPCO,3239.201,True
6/27/2025 8:00:00 PM,6/27/2025 4:00:00 PM,RFC,MIDATL,PEP,PEPCO,3215.501,True
6/27/2025 9:00:00 PM,6/27/2025 5:00:00 PM,RFC,MIDATL,PEP,PEPCO,3220.138,True
6/27/2025 10:00:00 PM,6/27/2025 6:00:00 PM,RFC,MIDATL,PEP,PEPCO,3152.817,True
6/27/2025 11:00:00 PM,6/27/2025 7:00:00 PM,RFC,MIDATL,PEP,PEPCO,3100.399,True
6/28/2025 12:00:00 AM,6/27/2025 8:00:00 PM,RFC,MIDATL,PEP,PEPCO,3035.961,True
6/28/2025 1:00:00 AM,6/27/2025 9:00:00 PM,RFC,MIDATL,PEP,PEPCO,2996.141,True
6/28/2025 2:00:00 AM,6/27/2025 10:00:00 PM,RFC,MIDATL,PEP,PEPCO,2899.476,True
6/28/2025 3:00:00 AM,6/27/2025 11:00:00 PM,RFC,MIDATL,PEP,PEPCO,2744.140,True
6/28/2025 4:00:00 AM,6/28/2025 12:00:00 AM,RFC,MIDATL,PEP,PEPCO,2580.387,True
6/28/2025 5:00:00 AM,6/28/2025 1:00:00 AM,RFC,MIDATL,PEP,PEPCO,2524.087,True
6/28/2025 6:00:00 AM,6/28/2025 2:00:00 AM,RFC,MIDATL,PEP,PEPCO,2404.761,True
6/28/2025 7:00:00 AM,6/28/2025 3:00:00 AM,RFC,MIDATL,PEP,PEPCO,2326.093,True
6/28/2025 8:00:00 AM,6/28/2025 4:00:00 AM,RFC,MIDATL,PEP,PEPCO,2312.775,True
6/28/2025 9:00:00 AM,6/28/2025 5:00:00 AM,RFC,MIDATL,PEP,PEPCO,2366.775,True
6/28/2025 10:00:00 AM,6/28/2025 6:00:00 AM,RFC,MIDATL,PEP,PEPCO,2414.444,True
6/28/2025 11:00:00 AM,6/28/2025 7:00:00 AM,RFC,MIDATL,PEP,PEPCO,2503.856,True
6/28/2025 12:00:00 PM,6/28/2025 8:00:00 AM,RFC,MIDATL,PEP,PEPCO,2688.680,True
6/28/2025 1:00:00 PM,6/28/2025 9:00:00 AM,RFC,MIDATL,PEP,PEPCO,2765.552,True
6/28/2025 2:00:00 PM,6/28/2025 10:00:00 AM,RFC,MIDATL,PEP,PEPCO,2930.949,True
6/28/2025 3:00:00 PM,6/28/2025 11:00:00 AM,RFC,MIDATL,PEP,PEPCO,3082.032,True
6/28/2025 4:00:00 PM,6/28/2025 12:00:00 PM,RFC,MIDATL,PEP,PEPCO,3172.647,True
6/28/2025 5:00:00 PM,6/28/2025 1:00:00 PM,RFC,MIDATL,PEP,PEPCO,3280.346,True
6/28/2025 6:00:00 PM,6/28/2025 2:00:00 PM,RFC,MIDATL,PEP,PEPCO,3472.082,True
6/28/2025 7:00:00 PM,6/28/2025 3:00:00 PM,RFC,MIDATL,PEP,PEPCO,3699.397,True
6/28/2025 8:00:00 PM,6/28/2025 4:00:00 PM,RFC,MIDATL,PEP,PEPCO,3866.680,True
6/28/2025 9:00:00 PM,6/28/2025 5:00:00 PM,RFC,MIDATL,PEP,PEPCO,4082.296,True
6/28/2025 10:00:00 PM,6/28/2025 6:00:00 PM,RFC,MIDATL,PEP,PEPCO,4101.160,True
6/28/2025 11:00:00 PM,6/28/2025 7:00:00 PM,RFC,MIDATL,PEP,PEPCO,3987.378,True
6/29/2025 12:00:00 AM,6/28/2025 8:00:00 PM,RFC,MIDATL,PEP,PEPCO,3910.684,True
6/29/2025 1:00:00 AM,6/28/2025 9:00:00 PM,RFC,MIDATL,PEP,PEPCO,3817.297,True
6/29/2025 2:00:00 AM,6/28/2025 10:00:00 PM,RFC,MIDATL,PEP,PEPCO,3604.157,True
6/29/2025 3:00:00 AM,6/28/2025 11:00:00 PM,RFC,MIDATL,PEP,PEPCO,3378.626,True
6/29/2025 4:00:00 AM,6/29/2025 12:00:00 AM,RFC,MIDATL,PEP,PEPCO,3168.922,True
6/29/2025 5:00:00 AM,6/29/2025 1:00:00 AM,RFC,MIDATL,PEP,PEPCO,2976.700,True
6/29/2025 6:00:00 AM,6/29/2025 2:00:00 AM,RFC,MIDATL,PEP,PEPCO,2800.186,True
6/29/2025 7:00:00 AM,6/29/2025 3:00:00 AM,RFC,MIDATL,PEP,PEPCO,2701.922,True
6/29/2025 8:00:00 AM,6/29/2025 4:00:00 AM,RFC,MIDATL,PEP,PEPCO,2628.487,True
6/29/2025 9:00:00 AM,6/29/2025 5:00:00 AM,RFC,MIDATL,PEP,PEPCO,2580.521,True
6/29/2025 10:00:00 AM,6/29/2025 6:00:00 AM,RFC,MIDATL,PEP,PEPCO,2633.021,True
6/29/2025 11:00:00 AM,6/29/2025 7:00:00 AM,RFC,MIDATL,PEP,PEPCO,2743.293,True
6/29/2025 12:00:00 PM,6/29/2025 8:00:00 AM,RFC,MIDATL,PEP,PEPCO,2946.768,True
6/29/2025 1:00:00 PM,6/29/2025 9:00:00 AM,RFC,MIDATL,PEP,PEPCO,3142.057,True
6/29/2025 2:00:00 PM,6/29/2025 10:00:00 AM,RFC,MIDATL,PEP,PEPCO,3347.338,True
6/29/2025 3:00:00 PM,6/29/2025 11:00:00 AM,RFC,MIDATL,PEP,PEPCO,3540.885,True
6/29/2025 4:00:00 PM,6/29/2025 12:00:00 PM,RFC,MIDATL,PEP,PEPCO,3762.787,True
6/29/2025 5:00:00 PM,6/29/2025 1:00:00 PM,RFC,MIDATL,PEP,PEPCO,3924.233,True
6/29/2025 6:00:00 PM,6/29/2025 2:00:00 PM,RFC,MIDATL,PEP,PEPCO,4055.770,True
6/29/2025 7:00:00 PM,6/29/2025 3:00:00 PM,RFC,MIDATL,PEP,PEPCO,4172.818,True
6/29/2025 8:00:00 PM,6/29/2025 4:00:00 PM,RFC,MIDATL,PEP,PEPCO,4328.933,True
6/29/2025 9:00:00 PM,6/29/2025 5:00:00 PM,RFC,MIDATL,PEP,PEPCO,4415.907,True
6/29/2025 10:00:00 PM,6/29/2025 6:00:00 PM,RFC,MIDATL,PEP,PEPCO,4334.917,True
6/29/2025 11:00:00 PM,6/29/2025 7:00:00 PM,RFC,MIDATL,PEP,PEPCO,4225.700,True
6/30/2025 12:00:00 AM,6/29/2025 8:00:00 PM,RFC,MIDATL,PEP,PEPCO,4094.052,True
6/30/2025 1:00:00 AM,6/29/2025 9:00:00 PM,RFC,MIDATL,PEP,PEPCO,3958.039,True
6/30/2025 2:00:00 AM,6/29/2025 10:00:00 PM,RFC,MIDATL,PEP,PEPCO,3764.992,True
6/30/2025 3:00:00 AM,6/29/2025 11:00:00 PM,RFC,MIDATL,PEP,PEPCO,3515.185,True
6/30/2025 4:00:00 AM,6/30/2025 12:00:00 AM,RFC,MIDATL,PEP,PEPCO,3261.326,True
6/30/2025 5:00:00 AM,6/30/2025 1:00:00 AM,RFC,MIDATL,PEP,PEPCO,3068.449,True
6/30/2025 6:00:00 AM,6/30/2025 2:00:00 AM,RFC,MIDATL,PEP,PEPCO,2944.591,True
6/30/2025 7:00:00 AM,6/30/2025 3:00:00 AM,RFC,MIDATL,PEP,PEPCO,2884.511,True
6/30/2025 8:00:00 AM,6/30/2025 4:00:00 AM,RFC,MIDATL,PEP,PEPCO,2884.280,True
6/30/2025 9:00:00 AM,6/30/2025 5:00:00 AM,RFC,MIDATL,PEP,PEPCO,3076.291,True
6/30/2025 10:00:00 AM,6/30/2025 6:00:00 AM,RFC,MIDATL,PEP,PEPCO,3268.218,True
6/30/2025 11:00:00 AM,6/30/2025 7:00:00 AM,RFC,MIDATL,PEP,PEPCO,3471.052,True
6/30/2025 12:00:00 PM,6/30/2025 8:00:00 AM,RFC,MIDATL,PEP,PEPCO,3640.154,True
6/30/2025 1:00:00 PM,6/30/2025 9:00:00 AM,RFC,MIDATL,PEP,PEPCO,3812.189,True
6/30/2025 2:00:00 PM,6/30/2025 10:00:00 AM,RFC,MIDATL,PEP,PEPCO,3969.293,True
6/30/2025 3:00:00 PM,6/30/2025 11:00:00 AM,RFC,MIDATL,PEP,PEPCO,4149.213,True
6/30/2025 4:00:00 PM,6/30/2025 12:00:00 PM,RFC,MIDATL,PEP,PEPCO,4344.899,True
6/30/2025 5:00:00 PM,6/30/2025 1:00:00 PM,RFC,MIDATL,PEP,PEPCO,4494.502,True
6/30/2025 6:00:00 PM,6/30/2025 2:00:00 PM,RFC,MIDATL,PEP,PEPCO,4610.378,True
6/30/2025 7:00:00 PM,6/30/2025 3:00:00 PM,RFC,MIDATL,PEP,PEPCO,4753.827,True
6/30/2025 8:00:00 PM,6/30/2025 4:00:00 PM,RFC,MIDATL,PEP,PEPCO,4837.074,True
6/30/2025 9:00:00 PM,6/30/2025 5:00:00 PM,RFC,MIDATL,PEP,PEPCO,4894.310,True
6/30/2025 10:00:00 PM,6/30/2025 6:00:00 PM,RFC,MIDATL,PEP,PEPCO,4740.352,True
6/30/2025 11:00:00 PM,6/30/2025 7:00:00 PM,RFC,MIDATL,PEP,PEPCO,4640.585,True
7/1/2025 12:00:00 AM,6/30/2025 8:00:00 PM,RFC,MIDATL,PEP,PEPCO,4518.015,True
7/1/2025 1:00:00 AM,6/30/2025 9:00:00 PM,RFC,MIDATL,PEP,PEPCO,4399.003,True
7/1/2025 2:00:00 AM,6/30/2025 10:00:00 PM,RFC,MIDATL,PEP,PEPCO,4163.803,True
7/1/2025 3:00:00 AM,6/30/2025 11:00:00 PM,RFC,MIDATL,PEP,PEPCO,3920.010,True
7/1/2025 4:00:00 AM,7/1/2025 12:00:00 AM,RFC,MIDATL,PEP,PEPCO,3660.347,True
7/1/2025 5:00:00 AM,7/1/2025 1:00:00 AM,RFC,MIDATL,PEP,PEPCO,3438.685,True
7/1/2025 6:00:00 AM,7/1/2025 2:00:00 AM,RFC,MIDATL,PEP,PEPCO,3306.654,True
7/1/2025 7:00:00 AM,7/1/2025 3:00:00 AM,RFC,MIDATL,PEP,PEPCO,3217.674,True
7/1/2025 8:00:00 AM,7/1/2025 4:00:00 AM,RFC,MIDATL,PEP,PEPCO,3208.627,True
7/1/2025 9:00:00 AM,7/1/2025 5:00:00 AM,RFC,MIDATL,PEP,PEPCO,3338.353,True
7/1/2025 10:00:00 AM,7/1/2025 6:00:00 AM,RFC,MIDATL,PEP,PEPCO,3557.927,True
7/1/2025 11:00:00 AM,7/1/2025 7:00:00 AM,RFC,MIDATL,PEP,PEPCO,3728.611,True
7/1/2025 12:00:00 PM,7/1/2025 8:00:00 AM,RFC,MIDATL,PEP,PEPCO,3924.522,True
7/1/2025 1:00:00 PM,7/1/2025 9:00:00 AM,RFC,MIDATL,PEP,PEPCO,4045.454,True
7/1/2025 2:00:00 PM,7/1/2025 10:00:00 AM,RFC,MIDATL,PEP,PEPCO,4223.131,True
7/1/2025 3:00:00 PM,7/1/2025 11:00:00 AM,RFC,MIDATL,PEP,PEPCO,4358.526,True
7/1/2025 4:00:00 PM,7/1/2025 12:00:00 PM,RFC,MIDATL,PEP,PEPCO,4533.505,True
7/1/2025 5:00:00 PM,7/1/2025 1:00:00 PM,RFC,MIDATL,PEP,PEPCO,4574.675,True
7/1/2025 6:00:00 PM,7/1/2025 2:00:00 PM,RFC,MIDATL,PEP,PEPCO,4708.328,True
7/1/2025 7:00:00 PM,7/1/2025 3:00:00 PM,RFC,MIDATL,PEP,PEPCO,4535.020,True
7/1/2025 8:00:00 PM,7/1/2025 4:00:00 PM,RFC,MIDATL,PEP,PEPCO,4176.806,True
7/1/2025 9:00:00 PM,7/1/2025 5:00:00 PM,RFC,MIDATL,PEP,PEPCO,4097.749,True
7/1/2025 10:00:00 PM,7/1/2025 6:00:00 PM,RFC,MIDATL,PEP,PEPCO,4012.334,True
7/1/2025 11:00:00 PM,7/1/2025 7:00:00 PM,RFC,MIDATL,PEP,PEPCO,3890.578,True
7/2/2025 12:00:00 AM,7/1/2025 8:00:00 PM,RFC,MIDATL,PEP,PEPCO,3738.877,True
7/2/2025 1:00:00 AM,7/1/2025 9:00:00 PM,RFC,MIDATL,PEP,PEPCO,3622.649,True
7/2/2025 2:00:00 AM,7/1/2025 10:00:00 PM,RFC,MIDATL,PEP,PEPCO,3414.360,True
7/2/2025 3:00:00 AM,7/1/2025 11:00:00 PM,RFC,MIDATL,PEP,PEPCO,3177.017,True
7/2/2025 4:00:00 AM,7/2/2025 12:00:00 AM,RFC,MIDATL,PEP,PEPCO,3028.034,True
7/2/2025 5:00:00 AM,7/2/2025 1:00:00 AM,RFC,MIDATL,PEP,PEPCO,2838.236,True
7/2/2025 6:00:00 AM,7/2/2025 2:00:00 AM,RFC,MIDATL,PEP,PEPCO,2735.851,True
7/2/2025 7:00:00 AM,7/2/2025 3:00:00 AM,RFC,MIDATL,PEP,PEPCO,2657.972,True
7/2/2025 8:00:00 AM,7/2/2025 4:00:00 AM,RFC,MIDATL,PEP,PEPCO,2643.503,True
7/2/2025 9:00:00 AM,7/2/2025 5:00:00 AM,RFC,MIDATL,PEP,PEPCO,2785.215,True
7/2/2025 10:00:00 AM,7/2/2025 6:00:00 AM,RFC,MIDATL,PEP,PEPCO,2989.531,True
7/2/2025 11:00:00 AM,7/2/2025 7:00:00 AM,RFC,MIDATL,PEP,PEPCO,3137.953,True
7/2/2025 12:00:00 PM,7/2/2025 8:00:00 AM,RFC,MIDATL,PEP,PEPCO,3252.078,True
7/2/2025 1:00:00 PM,7/2/2025 9:00:00 AM,RFC,MIDATL,PEP,PEPCO,3269.298,True
7/2/2025 2:00:00 PM,7/2/2025 10:00:00 AM,RFC,MIDATL,PEP,PEPCO,3295.962,True
7/2/2025 3:00:00 PM,7/2/2025 11:00:00 AM,RFC,MIDATL,PEP,PEPCO,3280.638,True
7/2/2025 4:00:00 PM,7/2/2025 12:00:00 PM,RFC,MIDATL,PEP,PEPCO,3394.045,True
7/2/2025 5:00:00 PM,7/2/2025 1:00:00 PM,RFC,MIDATL,PEP,PEPCO,3604.237,True
7/2/2025 6:00:00 PM,7/2/2025 2:00:00 PM,RFC,MIDATL,PEP,PEPCO,3741.661,True
7/2/2025 7:00:00 PM,7/2/2025 3:00:00 PM,RFC,MIDATL,PEP,PEPCO,3896.545,True
7/2/2025 8:00:00 PM,7/2/2025 4:00:00 PM,RFC,MIDATL,PEP,PEPCO,4055.672,True
7/2/2025 9:00:00 PM,7/2/2025 5:00:00 PM,RFC,MIDATL,PEP,PEPCO,4134.034,True
7/2/2025 10:00:00 PM,7/2/2025 6:00:00 PM,RFC,MIDATL,PEP,PEPCO,4074.684,True
7/2/2025 11:00:00 PM,7/2/2025 7:00:00 PM,RFC,MIDATL,PEP,PEPCO,3998.485,True
7/3/2025 12:00:00 AM,7/2/2025 8:00:00 PM,RFC,MIDATL,PEP,PEPCO,3853.074,True
7/3/2025 1:00:00 AM,7/2/2025 9:00:00 PM,RFC,MIDATL,PEP,PEPCO,3711.759,True
7/3/2025 2:00:00 AM,7/2/2025 10:00:00 PM,RFC,MIDATL,PEP,PEPCO,3532.787,True
7/3/2025 3:00:00 AM,7/2/2025 11:00:00 PM,RFC,MIDATL,PEP,PEPCO,3319.481,True
7/3/2025 4:00:00 AM,7/3/2025 12:00:00 AM,RFC,MIDATL,PEP,PEPCO,3034.156,True
7/3/2025 5:00:00 AM,7/3/2025 1:00:00 AM,RFC,MIDATL,PEP,PEPCO,2858.115,True
7/3/2025 6:00:00 AM,7/3/2025 2:00:00 AM,RFC,MIDATL,PEP,PEPCO,2743.077,True
7/3/2025 7:00:00 AM,7/3/2025 3:00:00 AM,RFC,MIDATL,PEP,PEPCO,2660.301,True
7/3/2025 8:00:00 AM,7/3/2025 4:00:00 AM,RFC,MIDATL,PEP,PEPCO,2658.539,True
7/3/2025 9:00:00 AM,7/3/2025 5:00:00 AM,RFC,MIDATL,PEP,PEPCO,2782.290,True
7/3/2025 10:00:00 AM,7/3/2025 6:00:00 AM,RFC,MIDATL,PEP,PEPCO,2928.816,True
7/3/2025 11:00:00 AM,7/3/2025 7:00:00 AM,RFC,MIDATL,PEP,PEPCO,3145.076,True
7/3/2025 12:00:00 PM,7/3/2025 8:00:00 AM,RFC,MIDATL,PEP,PEPCO,3276.368,True
7/3/2025 1:00:00 PM,7/3/2025 9:00:00 AM,RFC,MIDATL,PEP,PEPCO,3429.229,True
7/3/2025 2:00:00 PM,7/3/2025 10:00:00 AM,RFC,MIDATL,PEP,PEPCO,3560.193,True
7/3/2025 3:00:00 PM,7/3/2025 11:00:00 AM,RFC,MIDATL,PEP,PEPCO,3698.068,True
7/3/2025 4:00:00 PM,7/3/2025 12:00:00 PM,RFC,MIDATL,PEP,PEPCO,3798.879,True
7/3/2025 5:00:00 PM,7/3/2025 1:00:00 PM,RFC,MIDATL,PEP,PEPCO,3869.780,True
7/3/2025 6:00:00 PM,7/3/2025 2:00:00 PM,RFC,MIDATL,PEP,PEPCO,3955.927,True
7/3/2025 7:00:00 PM,7/3/2025 3:00:00 PM,RFC,MIDATL,PEP,PEPCO,4055.676,True
7/3/2025 8:00:00 PM,7/3/2025 4:00:00 PM,RFC,MIDATL,PEP,PEPCO,4110.593,True
7/3/2025 9:00:00 PM,7/3/2025 5:00:00 PM,RFC,MIDATL,PEP,PEPCO,4250.004,True
7/3/2025 10:00:00 PM,7/3/2025 6:00:00 PM,RFC,MIDATL,PEP,PEPCO,4217.989,True
7/3/2025 11:00:00 PM,7/3/2025 7:00:00 PM,RFC,MIDATL,PEP,PEPCO,4073.837,True
7/4/2025 12:00:00 AM,7/3/2025 8:00:00 PM,RFC,MIDATL,PEP,PEPCO,3852.743,True
7/4/2025 1:00:00 AM,7/3/2025 9:00:00 PM,RFC,MIDATL,PEP,PEPCO,3741.864,True
7/4/2025 2:00:00 AM,7/3/2025 10:00:00 PM,RFC,MIDATL,PEP,PEPCO,3496.069,True
7/4/2025 3:00:00 AM,7/3/2025 11:00:00 PM,RFC,MIDATL,PEP,PEPCO,3230.671,True
7/4/2025 4:00:00 AM,7/4/2025 12:00:00 AM,RFC,MIDATL,PEP,PEPCO,2988.597,True
7/4/2025 5:00:00 AM,7/4/2025 1:00:00 AM,RFC,MIDATL,PEP,PEPCO,2784.016,True
7/4/2025 6:00:00 AM,7/4/2025 2:00:00 AM,RFC,MIDATL,PEP,PEPCO,2598.392,True
7/4/2025 7:00:00 AM,7/4/2025 3:00:00 AM,RFC,MIDATL,PEP,PEPCO,2483.657,True
7/4/2025 8:00:00 AM,7/4/2025 4:00:00 AM,RFC,MIDATL,PEP,PEPCO,2411.489,True
7/4/2025 9:00:00 AM,7/4/2025 5:00:00 AM,RFC,MIDATL,PEP,PEPCO,2403.535,True
7/4/2025 10:00:00 AM,7/4/2025 6:00:00 AM,RFC,MIDATL,PEP,PEPCO,2437.105,True
7/4/2025 11:00:00 AM,7/4/2025 7:00:00 AM,RFC,MIDATL,PEP,PEPCO,2513.739,True
7/4/2025 12:00:00 PM,7/4/2025 8:00:00 AM,RFC,MIDATL,PEP,PEPCO,2657.844,True
7/4/2025 1:00:00 PM,7/4/2025 9:00:00 AM,RFC,MIDATL,PEP,PEPCO,2747.204,True
7/4/2025 2:00:00 PM,7/4/2025 10:00:00 AM,RFC,MIDATL,PEP,PEPCO,2855.976,True
7/4/2025 3:00:00 PM,7/4/2025 11:00:00 AM,RFC,MIDATL,PEP,PEPCO,2955.047,True
7/4/2025 4:00:00 PM,7/4/2025 12:00:00 PM,RFC,MIDATL,PEP,PEPCO,3021.635,True
7/4/2025 5:00:00 PM,7/4/2025 1:00:00 PM,RFC,MIDATL,PEP,PEPCO,3127.063,True
7/4/2025 6:00:00 PM,7/4/2025 2:00:00 PM,RFC,MIDATL,PEP,PEPCO,3255.690,True
7/4/2025 7:00:00 PM,7/4/2025 3:00:00 PM,RFC,MIDATL,PEP,PEPCO,3370.377,True
7/4/2025 8:00:00 PM,7/4/2025 4:00:00 PM,RFC,MIDATL,PEP,PEPCO,3488.257,True
7/4/2025 9:00:00 PM,7/4/2025 5:00:00 PM,RFC,MIDATL,PEP,PEPCO,3604.819,True
7/4/2025 10:00:00 PM,7/4/2025 6:00:00 PM,RFC,MIDATL,PEP,PEPCO,3588.611,True
7/4/2025 11:00:00 PM,7/4/2025 7:00:00 PM,RFC,MIDATL,PEP,PEPCO,3469.187,True
7/5/2025 12:00:00 AM,7/4/2025 8:00:00 PM,RFC,MIDATL,PEP,PEPCO,3281.250,True
7/5/2025 1:00:00 AM,7/4/2025 9:00:00 PM,RFC,MIDATL,PEP,PEPCO,3114.789,True
7/5/2025 2:00:00 AM,7/4/2025 10:00:00 PM,RFC,MIDATL,PEP,PEPCO,2984.576,True
7/5/2025 3:00:00 AM,7/4/2025 11:00:00 PM,RFC,MIDATL,PEP,PEPCO,2827.134,True
7/5/2025 4:00:00 AM,7/5/2025 12:00:00 AM,RFC,MIDATL,PEP,PEPCO,2656.440,True
7/5/2025 5:00:00 AM,7/5/2025 1:00:00 AM,RFC,MIDATL,PEP,PEPCO,2543.455,True
7/5/2025 6:00:00 AM,7/5/2025 2:00:00 AM,RFC,MIDATL,PEP,PEPCO,2383.055,True
7/5/2025 7:00:00 AM,7/5/2025 3:00:00 AM,RFC,MIDATL,PEP,PEPCO,2300.186,True
7/5/2025 8:00:00 AM,7/5/2025 4:00:00 AM,RFC,MIDATL,PEP,PEPCO,2252.130,True
7/5/2025 9:00:00 AM,7/5/2025 5:00:00 AM,RFC,MIDATL,PEP,PEPCO,2229.721,True
7/5/2025 10:00:00 AM,7/5/2025 6:00:00 AM,RFC,MIDATL,PEP,PEPCO,2272.416,True
7/5/2025 11:00:00 AM,7/5/2025 7:00:00 AM,RFC,MIDATL,PEP,PEPCO,2390.285,True
7/5/2025 12:00:00 PM,7/5/2025 8:00:00 AM,RFC,MIDATL,PEP,PEPCO,2531.237,True
7/5/2025 1:00:00 PM,7/5/2025 9:00:00 AM,RFC,MIDATL,PEP,PEPCO,2690.627,True
7/5/2025 2:00:00 PM,7/5/2025 10:00:00 AM,RFC,MIDATL,PEP,PEPCO,2842.614,True
7/5/2025 3:00:00 PM,7/5/2025 11:00:00 AM,RFC,MIDATL,PEP,PEPCO,2998.743,True
7/5/2025 4:00:00 PM,7/5/2025 12:00:00 PM,RFC,MIDATL,PEP,PEPCO,3144.182,True
7/5/2025 5:00:00 PM,7/5/2025 1:00:00 PM,RFC,MIDATL,PEP,PEPCO,3288.236,True
7/5/2025 6:00:00 PM,7/5/2025 2:00:00 PM,RFC,MIDATL,PEP,PEPCO,3408.486,True
7/5/2025 7:00:00 PM,7/5/2025 3:00:00 PM,RFC,MIDATL,PEP,PEPCO,3503.179,True
7/5/2025 8:00:00 PM,7/5/2025 4:00:00 PM,RFC,MIDATL,PEP,PEPCO,3616.249,True
7/5/2025 9:00:00 PM,7/5/2025 5:00:00 PM,RFC,MIDATL,PEP,PEPCO,3728.821,True
7/5/2025 10:00:00 PM,7/5/2025 6:00:00 PM,RFC,MIDATL,PEP,PEPCO,3743.823,True
7/5/2025 11:00:00 PM,7/5/2025 7:00:00 PM,RFC,MIDATL,PEP,PEPCO,3707.427,True
7/6/2025 12:00:00 AM,7/5/2025 8:00:00 PM,RFC,MIDATL,PEP,PEPCO,3547.447,True
7/6/2025 1:00:00 AM,7/5/2025 9:00:00 PM,RFC,MIDATL,PEP,PEPCO,3450.633,True
7/6/2025 2:00:00 AM,7/5/2025 10:00:00 PM,RFC,MIDATL,PEP,PEPCO,3242.465,True
7/6/2025 3:00:00 AM,7/5/2025 11:00:00 PM,RFC,MIDATL,PEP,PEPCO,3045.659,True
7/6/2025 4:00:00 AM,7/6/2025 12:00:00 AM,RFC,MIDATL,PEP,PEPCO,2819.259,True
7/6/2025 5:00:00 AM,7/6/2025 1:00:00 AM,RFC,MIDATL,PEP,PEPCO,2653.431,True
7/6/2025 6:00:00 AM,7/6/2025 2:00:00 AM,RFC,MIDATL,PEP,PEPCO,2493.819,True
7/6/2025 7:00:00 AM,7/6/2025 3:00:00 AM,RFC,MIDATL,PEP,PEPCO,2419.913,True
7/6/2025 8:00:00 AM,7/6/2025 4:00:00 AM,RFC,MIDATL,PEP,PEPCO,2326.848,True
7/6/2025 9:00:00 AM,7/6/2025 5:00:00 AM,RFC,MIDATL,PEP,PEPCO,2310.061,True
7/6/2025 10:00:00 AM,7/6/2025 6:00:00 AM,RFC,MIDATL,PEP,PEPCO,2342.195,True
7/6/2025 11:00:00 AM,7/6/2025 7:00:00 AM,RFC,MIDATL,PEP,PEPCO,2430.947,True
7/6/2025 12:00:00 PM,7/6/2025 8:00:00 AM,RFC,MIDATL,PEP,PEPCO,2581.128,True
7/6/2025 1:00:00 PM,7/6/2025 9:00:00 AM,RFC,MIDATL,PEP,PEPCO,2802.908,True
7/6/2025 2:00:00 PM,7/6/2025 10:00:00 AM,RFC,MIDATL,PEP,PEPCO,3018.105,True
7/6/2025 3:00:00 PM,7/6/2025 11:00:00 AM,RFC,MIDATL,PEP,PEPCO,3204.550,True
7/6/2025 4:00:00 PM,7/6/2025 12:00:00 PM,RFC,MIDATL,PEP,PEPCO,3397.046,True
7/6/2025 5:00:00 PM,7/6/2025 1:00:00 PM,RFC,MIDATL,PEP,PEPCO,3587.479,True
7/6/2025 6:00:00 PM,7/6/2025 2:00:00 PM,RFC,MIDATL,PEP,PEPCO,3691.674,True
7/6/2025 7:00:00 PM,7/6/2025 3:00:00 PM,RFC,MIDATL,PEP,PEPCO,3778.021,True
7/6/2025 8:00:00 PM,7/6/2025 4:00:00 PM,RFC,MIDATL,PEP,PEPCO,3832.456,True
7/6/2025 9:00:00 PM,7/6/2025 5:00:00 PM,RFC,MIDATL,PEP,PEPCO,3852.865,True
7/6/2025 10:00:00 PM,7/6/2025 6:00:00 PM,RFC,MIDATL,PEP,PEPCO,3826.819,True
7/6/2025 11:00:00 PM,7/6/2025 7:00:00 PM,RFC,MIDATL,PEP,PEPCO,3847.001,True
7/7/2025 12:00:00 AM,7/6/2025 8:00:00 PM,RFC,MIDATL,PEP,PEPCO,3773.984,True
7/7/2025 1:00:00 AM,7/6/2025 9:00:00 PM,RFC,MIDATL,PEP,PEPCO,3736.682,True
7/7/2025 2:00:00 AM,7/6/2025 10:00:00 PM,RFC,MIDATL,PEP,PEPCO,3544.541,True
7/7/2025 3:00:00 AM,7/6/2025 11:00:00 PM,RFC,MIDATL,PEP,PEPCO,3303.342,True
7/7/2025 4:00:00 AM,7/7/2025 12:00:00 AM,RFC,MIDATL,PEP,PEPCO,3123.328,True
7/7/2025 5:00:00 AM,7/7/2025 1:00:00 AM,RFC,MIDATL,PEP,PEPCO,2967.726,True
7/7/2025 6:00:00 AM,7/7/2025 2:00:00 AM,RFC,MIDATL,PEP,PEPCO,2880.763,True
7/7/2025 7:00:00 AM,7/7/2025 3:00:00 AM,RFC,MIDATL,PEP,PEPCO,2837.730,True
7/7/2025 8:00:00 AM,7/7/2025 4:00:00 AM,RFC,MIDATL,PEP,PEPCO,2895.307,True
7/7/2025 9:00:00 AM,7/7/2025 5:00:00 AM,RFC,MIDATL,PEP,PEPCO,3072.440,True
7/7/2025 10:00:00 AM,7/7/2025 6:00:00 AM,RFC,MIDATL,PEP,PEPCO,3278.022,True
7/7/2025 11:00:00 AM,7/7/2025 7:00:00 AM,RFC,MIDATL,PEP,PEPCO,3492.158,True
7/7/2025 12:00:00 PM,7/7/2025 8:00:00 AM,RFC,MIDATL,PEP,PEPCO,3687.815,True
7/7/2025 1:00:00 PM,7/7/2025 9:00:00 AM,RFC,MIDATL,PEP,PEPCO,3759.178,True
7/7/2025 2:00:00 PM,7/7/2025 10:00:00 AM,RFC,MIDATL,PEP,PEPCO,3802.840,True
7/7/2025 3:00:00 PM,7/7/2025 11:00:00 AM,RFC,MIDATL,PEP,PEPCO,3850.483,True
7/7/2025 4:00:00 PM,7/7/2025 12:00:00 PM,RFC,MIDATL,PEP,PEPCO,3918.636,True
7/7/2025 5:00:00 PM,7/7/2025 1:00:00 PM,RFC,MIDATL,PEP,PEPCO,4065.648,True
7/7/2025 6:00:00 PM,7/7/2025 2:00:00 PM,RFC,MIDATL,PEP,PEPCO,4125.688,True
7/7/2025 7:00:00 PM,7/7/2025 3:00:00 PM,RFC,MIDATL,PEP,PEPCO,4313.748,True
7/7/2025 8:00:00 PM,7/7/2025 4:00:00 PM,RFC,MIDATL,PEP,PEPCO,4520.391,True
7/7/2025 9:00:00 PM,7/7/2025 5:00:00 PM,RFC,MIDATL,PEP,PEPCO,4669.139,True
7/7/2025 10:00:00 PM,7/7/2025 6:00:00 PM,RFC,MIDATL,PEP,PEPCO,4622.609,True
7/7/2025 11:00:00 PM,7/7/2025 7:00:00 PM,RFC,MIDATL,PEP,PEPCO,4512.047,True
7/8/2025 12:00:00 AM,7/7/2025 8:00:00 PM,RFC,MIDATL,PEP,PEPCO,4323.745,True
7/8/2025 1:00:00 AM,7/7/2025 9:00:00 PM,RFC,MIDATL,PEP,PEPCO,4212.103,True
7/8/2025 2:00:00 AM,7/7/2025 10:00:00 PM,RFC,MIDATL,PEP,PEPCO,3964.000,True
7/8/2025 3:00:00 AM,7/7/2025 11:00:00 PM,RFC,MIDATL,PEP,PEPCO,3699.125,True
7/8/2025 4:00:00 AM,7/8/2025 12:00:00 AM,RFC,MIDATL,PEP,PEPCO,3443.053,True
7/8/2025 5:00:00 AM,7/8/2025 1:00:00 AM,RFC,MIDATL,PEP,PEPCO,3253.429,True
7/8/2025 6:00:00 AM,7/8/2025 2:00:00 AM,RFC,MIDATL,PEP,PEPCO,3099.318,True
7/8/2025 7:00:00 AM,7/8/2025 3:00:00 AM,RFC,MIDATL,PEP,PEPCO,2995.530,True
7/8/2025 8:00:00 AM,7/8/2025 4:00:00 AM,RFC,MIDATL,PEP,PEPCO,3006.066,True
7/8/2025 9:00:00 AM,7/8/2025 5:00:00 AM,RFC,MIDATL,PEP,PEPCO,3180.382,True
7/8/2025 10:00:00 AM,7/8/2025 6:00:00 AM,RFC,MIDATL,PEP,PEPCO,3354.665,True
7/8/2025 11:00:00 AM,7/8/2025 7:00:00 AM,RFC,MIDATL,PEP,PEPCO,3592.656,True
7/8/2025 12:00:00 PM,7/8/2025 8:00:00 AM,RFC,MIDATL,PEP,PEPCO,3793.479,True
7/8/2025 1:00:00 PM,7/8/2025 9:00:00 AM,RFC,MIDATL,PEP,PEPCO,3996.678,True
7/8/2025 2:00:00 PM,7/8/2025 10:00:00 AM,RFC,MIDATL,PEP,PEPCO,4160.501,True
7/8/2025 3:00:00 PM,7/8/2025 11:00:00 AM,RFC,MIDATL,PEP,PEPCO,4324.235,True
7/8/2025 4:00:00 PM,7/8/2025 12:00:00 PM,RFC,MIDATL,PEP,PEPCO,4520.046,True
7/8/2025 5:00:00 PM,7/8/2025 1:00:00 PM,RFC,MIDATL,PEP,PEPCO,4597.673,True
7/8/2025 6:00:00 PM,7/8/2025 2:00:00 PM,RFC,MIDATL,PEP,PEPCO,4717.916,True
7/8/2025 7:00:00 PM,7/8/2025 3:00:00 PM,RFC,MIDATL,PEP,PEPCO,4865.401,True
7/8/2025 8:00:00 PM,7/8/2025 4:00:00 PM,RFC,MIDATL,PEP,PEPCO,4898.960,True
7/8/2025 9:00:00 PM,7/8/2025 5:00:00 PM,RFC,MIDATL,PEP,PEPCO,4575.074,True
7/8/2025 10:00:00 PM,7/8/2025 6:00:00 PM,RFC,MIDATL,PEP,PEPCO,4233.626,True
7/8/2025 11:00:00 PM,7/8/2025 7:00:00 PM,RFC,MIDATL,PEP,PEPCO,4047.901,True
7/9/2025 12:00:00 AM,7/8/2025 8:00:00 PM,RFC,MIDATL,PEP,PEPCO,3939.905,True
7/9/2025 1:00:00 AM,7/8/2025 9:00:00 PM,RFC,MIDATL,PEP,PEPCO,3799.902,True
7/9/2025 2:00:00 AM,7/8/2025 10:00:00 PM,RFC,MIDATL,PEP,PEPCO,3631.666,True
7/9/2025 3:00:00 AM,7/8/2025 11:00:00 PM,RFC,MIDATL,PEP,PEPCO,3422.826,True
7/9/2025 4:00:00 AM,7/9/2025 12:00:00 AM,RFC,MIDATL,PEP,PEPCO,3152.798,True
7/9/2025 5:00:00 AM,7/9/2025 1:00:00 AM,RFC,MIDATL,PEP,PEPCO,3003.520,True
7/9/2025 6:00:00 AM,7/9/2025 2:00:00 AM,RFC,MIDATL,PEP,PEPCO,2880.380,True
7/9/2025 7:00:00 AM,7/9/2025 3:00:00 AM,RFC,MIDATL,PEP,PEPCO,2844.383,True
7/9/2025 8:00:00 AM,7/9/2025 4:00:00 AM,RFC,MIDATL,PEP,PEPCO,2866.768,True
7/9/2025 9:00:00 AM,7/9/2025 5:00:00 AM,RFC,MIDATL,PEP,PEPCO,3045.919,True
7/9/2025 10:00:00 AM,7/9/2025 6:00:00 AM,RFC,MIDATL,PEP,PEPCO,3230.283,True
7/9/2025 11:00:00 AM,7/9/2025 7:00:00 AM,RFC,MIDATL,PEP,PEPCO,3436.043,True
7/9/2025 12:00:00 PM,7/9/2025 8:00:00 AM,RFC,MIDATL,PEP,PEPCO,3646.267,True
7/9/2025 1:00:00 PM,7/9/2025 9:00:00 AM,RFC,MIDATL,PEP,PEPCO,3746.153,True
7/9/2025 2:00:00 PM,7/9/2025 10:00:00 AM,RFC,MIDATL,PEP,PEPCO,3935.128,True
7/9/2025 3:00:00 PM,7/9/2025 11:00:00 AM,RFC,MIDATL,PEP,PEPCO,4100.018,True
7/9/2025 4:00:00 PM,7/9/2025 12:00:00 PM,RFC,MIDATL,PEP,PEPCO,4269.269,True
7/9/2025 5:00:00 PM,7/9/2025 1:00:00 PM,RFC,MIDATL,PEP,PEPCO,4372.322,True
7/9/2025 6:00:00 PM,7/9/2025 2:00:00 PM,RFC,MIDATL,PEP,PEPCO,4472.828,True
7/9/2025 7:00:00 PM,7/9/2025 3:00:00 PM,RFC,MIDATL,PEP,PEPCO,4586.453,True
7/9/2025 8:00:00 PM,7/9/2025 4:00:00 PM,RFC,MIDATL,PEP,PEPCO,4604.487,True
7/9/2025 9:00:00 PM,7/9/2025 5:00:00 PM,RFC,MIDATL,PEP,PEPCO,4440.238,True
7/9/2025 10:00:00 PM,7/9/2025 6:00:00 PM,RFC,MIDATL,PEP,PEPCO,4182.468,True
7/9/2025 11:00:00 PM,7/9/2025 7:00:00 PM,RFC,MIDATL,PEP,PEPCO,3830.607,True
7/10/2025 12:00:00 AM,7/9/2025 8:00:00 PM,RFC,MIDATL,PEP,PEPCO,3685.451,True
7/10/2025 1:00:00 AM,7/9/2025 9:00:00 PM,RFC,MIDATL,PEP,PEPCO,3539.466,True
7/10/2025 2:00:00 AM,7/9/2025 10:00:00 PM,RFC,MIDATL,PEP,PEPCO,3398.600,True
7/10/2025 3:00:00 AM,7/9/2025 11:00:00 PM,RFC,MIDATL,PEP,PEPCO,3146.568,True
7/10/2025 4:00:00 AM,7/10/2025 12:00:00 AM,RFC,MIDATL,PEP,PEPCO,2960.752,True
7/10/2025 5:00:00 AM,7/10/2025 1:00:00 AM,RFC,MIDATL,PEP,PEPCO,2831.302,True
7/10/2025 6:00:00 AM,7/10/2025 2:00:00 AM,RFC,MIDATL,PEP,PEPCO,2730.201,True
7/10/2025 7:00:00 AM,7/10/2025 3:00:00 AM,RFC,MIDATL,PEP,PEPCO,2706.255,True
7/10/2025 8:00:00 AM,7/10/2025 4:00:00 AM,RFC,MIDATL,PEP,PEPCO,2715.138,True
7/10/2025 9:00:00 AM,7/10/2025 5:00:00 AM,RFC,MIDATL,PEP,PEPCO,2881.431,True
7/10/2025 10:00:00 AM,7/10/2025 6:00:00 AM,RFC,MIDATL,PEP,PEPCO,3134.144,True
7/10/2025 11:00:00 AM,7/10/2025 7:00:00 AM,RFC,MIDATL,PEP,PEPCO,3296.791,True
7/10/2025 12:00:00 PM,7/10/2025 8:00:00 AM,RFC,MIDATL,PEP,PEPCO,3408.476,True
7/10/2025 1:00:00 PM,7/10/2025 9:00:00 AM,RFC,MIDATL,PEP,PEPCO,3476.402,True
7/10/2025 2:00:00 PM,7/10/2025 10:00:00 AM,RFC,MIDATL,PEP,PEPCO,3556.229,True
7/10/2025 3:00:00 PM,7/10/2025 11:00:00 AM,RFC,MIDATL,PEP,PEPCO,3638.213,True
7/10/2025 4:00:00 PM,7/10/2025 12:00:00 PM,RFC,MIDATL,PEP,PEPCO,3767.373,True
7/10/2025 5:00:00 PM,7/10/2025 1:00:00 PM,RFC,MIDATL,PEP,PEPCO,3764.010,True
7/10/2025 6:00:00 PM,7/10/2025 2:00:00 PM,RFC,MIDATL,PEP,PEPCO,3810.216,True
7/10/2025 7:00:00 PM,7/10/2025 3:00:00 PM,RFC,MIDATL,PEP,PEPCO,3777.914,True
7/10/2025 8:00:00 PM,7/10/2025 4:00:00 PM,RFC,MIDATL,PEP,PEPCO,3991.878,True
7/10/2025 9:00:00 PM,7/10/2025 5:00:00 PM,RFC,MIDATL,PEP,PEPCO,4077.477,True
7/10/2025 10:00:00 PM,7/10/2025 6:00:00 PM,RFC,MIDATL,PEP,PEPCO,4038.436,True
7/10/2025 11:00:00 PM,7/10/2025 7:00:00 PM,RFC,MIDATL,PEP,PEPCO,3949.986,True
7/11/2025 12:00:00 AM,7/10/2025 8:00:00 PM,RFC,MIDATL,PEP,PEPCO,3778.131,True
7/11/2025 1:00:00 AM,7/10/2025 9:00:00 PM,RFC,MIDATL,PEP,PEPCO,3702.454,True
7/11/2025 2:00:00 AM,7/10/2025 10:00:00 PM,RFC,MIDATL,PEP,PEPCO,3489.213,True
7/11/2025 3:00:00 AM,7/10/2025 11:00:00 PM,RFC,MIDATL,PEP,PEPCO,3246.042,True
7/11/2025 4:00:00 AM,7/11/2025 12:00:00 AM,RFC,MIDATL,PEP,PEPCO,3023.568,True
7/11/2025 5:00:00 AM,7/11/2025 1:00:00 AM,RFC,MIDATL,PEP,PEPCO,2828.401,True
7/11/2025 6:00:00 AM,7/11/2025 2:00:00 AM,RFC,MIDATL,PEP,PEPCO,2740.341,True
7/11/2025 7:00:00 AM,7/11/2025 3:00:00 AM,RFC,MIDATL,PEP,PEPCO,2667.275,True
7/11/2025 8:00:00 AM,7/11/2025 4:00:00 AM,RFC,MIDATL,PEP,PEPCO,2660.901,True
7/11/2025 9:00:00 AM,7/11/2025 5:00:00 AM,RFC,MIDATL,PEP,PEPCO,2817.418,True
7/11/2025 10:00:00 AM,7/11/2025 6:00:00 AM,RFC,MIDATL,PEP,PEPCO,3031.979,True
7/11/2025 11:00:00 AM,7/11/2025 7:00:00 AM,RFC,MIDATL,PEP,PEPCO,3260.434,True
7/11/2025 12:00:00 PM,7/11/2025 8:00:00 AM,RFC,MIDATL,PEP,PEPCO,3460.376,True
7/11/2025 1:00:00 PM,7/11/2025 9:00:00 AM,RFC,MIDATL,PEP,PEPCO,3606.706,True
7/11/2025 2:00:00 PM,7/11/2025 10:00:00 AM,RFC,MIDATL,PEP,PEPCO,3774.961,True
7/11/2025 3:00:00 PM,7/11/2025 11:00:00 AM,RFC,MIDATL,PEP,PEPCO,3899.358,True
7/11/2025 4:00:00 PM,7/11/2025 12:00:00 PM,RFC,MIDATL,PEP,PEPCO,3984.408,True
7/11/2025 5:00:00 PM,7/11/2025 1:00:00 PM,RFC,MIDATL,PEP,PEPCO,4122.683,True
7/11/2025 6:00:00 PM,7/11/2025 2:00:00 PM,RFC,MIDATL,PEP,PEPCO,4256.141,True
7/11/2025 7:00:00 PM,7/11/2025 3:00:00 PM,RFC,MIDATL,PEP,PEPCO,4352.429,True
7/11/2025 8:00:00 PM,7/11/2025 4:00:00 PM,RFC,MIDATL,PEP,PEPCO,4444.687,True
7/11/2025 9:00:00 PM,7/11/2025 5:00:00 PM,RFC,MIDATL,PEP,PEPCO,4515.321,True
7/11/2025 10:00:00 PM,7/11/2025 6:00:00 PM,RFC,MIDATL,PEP,PEPCO,4407.779,True
7/11/2025 11:00:00 PM,7/11/2025 7:00:00 PM,RFC,MIDATL,PEP,PEPCO,4235.349,True
7/12/2025 12:00:00 AM,7/11/2025 8:00:00 PM,RFC,MIDATL,PEP,PEPCO,4038.343,True
7/12/2025 1:00:00 AM,7/11/2025 9:00:00 PM,RFC,MIDATL,PEP,PEPCO,3858.521,True
7/12/2025 2:00:00 AM,7/11/2025 10:00:00 PM,RFC,MIDATL,PEP,PEPCO,3635.520,True
7/12/2025 3:00:00 AM,7/11/2025 11:00:00 PM,RFC,MIDATL,PEP,PEPCO,3381.811,True
7/12/2025 4:00:00 AM,7/12/2025 12:00:00 AM,RFC,MIDATL,PEP,PEPCO,3180.848,True
7/12/2025 5:00:00 AM,7/12/2025 1:00:00 AM,RFC,MIDATL,PEP,PEPCO,3048.698,True
7/12/2025 6:00:00 AM,7/12/2025 2:00:00 AM,RFC,MIDATL,PEP,PEPCO,2899.765,True
7/12/2025 7:00:00 AM,7/12/2025 3:00:00 AM,RFC,MIDATL,PEP,PEPCO,2793.383,True
7/12/2025 8:00:00 AM,7/12/2025 4:00:00 AM,RFC,MIDATL,PEP,PEPCO,2726.238,True
7/12/2025 9:00:00 AM,7/12/2025 5:00:00 AM,RFC,MIDATL,PEP,PEPCO,2697.079,True
7/12/2025 10:00:00 AM,7/12/2025 6:00:00 AM,RFC,MIDATL,PEP,PEPCO,2754.758,True
7/12/2025 11:00:00 AM,7/12/2025 7:00:00 AM,RFC,MIDATL,PEP,PEPCO,2927.877,True
7/12/2025 12:00:00 PM,7/12/2025 8:00:00 AM,RFC,MIDATL,PEP,PEPCO,3153.578,True
7/12/2025 1:00:00 PM,7/12/2025 9:00:00 AM,RFC,MIDATL,PEP,PEPCO,3372.410,True
7/12/2025 2:00:00 PM,7/12/2025 10:00:00 AM,RFC,MIDATL,PEP,PEPCO,3618.333,True
7/12/2025 3:00:00 PM,7/12/2025 11:00:00 AM,RFC,MIDATL,PEP,PEPCO,3794.486,True
7/12/2025 4:00:00 PM,7/12/2025 12:00:00 PM,RFC,MIDATL,PEP,PEPCO,3986.824,True
7/12/2025 5:00:00 PM,7/12/2025 1:00:00 PM,RFC,MIDATL,PEP,PEPCO,3990.067,True
7/12/2025 6:00:00 PM,7/12/2025 2:00:00 PM,RFC,MIDATL,PEP,PEPCO,4077.458,True
7/12/2025 7:00:00 PM,7/12/2025 3:00:00 PM,RFC,MIDATL,PEP,PEPCO,4132.382,True
7/12/2025 8:00:00 PM,7/12/2025 4:00:00 PM,RFC,MIDATL,PEP,PEPCO,4170.946,True
7/12/2025 9:00:00 PM,7/12/2025 5:00:00 PM,RFC,MIDATL,PEP,PEPCO,4035.966,True
7/12/2025 10:00:00 PM,7/12/2025 6:00:00 PM,RFC,MIDATL,PEP,PEPCO,3952.866,True
7/12/2025 11:00:00 PM,7/12/2025 7:00:00 PM,RFC,MIDATL,PEP,PEPCO,3847.283,True
7/13/2025 12:00:00 AM,7/12/2025 8:00:00 PM,RFC,MIDATL,PEP,PEPCO,3831.141,True
7/13/2025 1:00:00 AM,7/12/2025 9:00:00 PM,RFC,MIDATL,PEP,PEPCO,3716.205,True
7/13/2025 2:00:00 AM,7/12/2025 10:00:00 PM,RFC,MIDATL,PEP,PEPCO,3613.791,True
7/13/2025 3:00:00 AM,7/12/2025 11:00:00 PM,RFC,MIDATL,PEP,PEPCO,3376.792,True
7/13/2025 4:00:00 AM,7/13/2025 12:00:00 AM,RFC,MIDATL,PEP,PEPCO,3190.735,True
7/13/2025 5:00:00 AM,7/13/2025 1:00:00 AM,RFC,MIDATL,PEP,PEPCO,3001.114,True
7/13/2025 6:00:00 AM,7/13/2025 2:00:00 AM,RFC,MIDATL,PEP,PEPCO,2894.355,True
7/13/2025 7:00:00 AM,7/13/2025 3:00:00 AM,RFC,MIDATL,PEP,PEPCO,2829.097,True
7/13/2025 8:00:00 AM,7/13/2025 4:00:00 AM,RFC,MIDATL,PEP,PEPCO,2769.900,True
7/13/2025 9:00:00 AM,7/13/2025 5:00:00 AM,RFC,MIDATL,PEP,PEPCO,2769.261,True
7/13/2025 10:00:00 AM,7/13/2025 6:00:00 AM,RFC,MIDATL,PEP,PEPCO,2795.639,True
7/13/2025 11:00:00 AM,7/13/2025 7:00:00 AM,RFC,MIDATL,PEP,PEPCO,2932.748,True
7/13/2025 12:00:00 PM,7/13/2025 8:00:00 AM,RFC,MIDATL,PEP,PEPCO,3046.969,True
7/13/2025 1:00:00 PM,7/13/2025 9:00:00 AM,RFC,MIDATL,PEP,PEPCO,3230.347,True
7/13/2025 2:00:00 PM,7/13/2025 10:00:00 AM,RFC,MIDATL,PEP,PEPCO,3419.219,True
7/13/2025 3:00:00 PM,7/13/2025 11:00:00 AM,RFC,MIDATL,PEP,PEPCO,3581.285,True
7/13/2025 4:00:00 PM,7/13/2025 12:00:00 PM,RFC,MIDATL,PEP,PEPCO,3802.826,True
7/13/2025 5:00:00 PM,7/13/2025 1:00:00 PM,RFC,MIDATL,PEP,PEPCO,3733.880,True
7/13/2025 6:00:00 PM,7/13/2025 2:00:00 PM,RFC,MIDATL,PEP,PEPCO,3640.405,True
7/13/2025 7:00:00 PM,7/13/2025 3:00:00 PM,RFC,MIDATL,PEP,PEPCO,3723.165,True
7/13/2025 8:00:00 PM,7/13/2025 4:00:00 PM,RFC,MIDATL,PEP,PEPCO,3824.346,True
7/13/2025 9:00:00 PM,7/13/2025 5:00:00 PM,RFC,MIDATL,PEP,PEPCO,4037.988,True
7/13/2025 10:00:00 PM,7/13/2025 6:00:00 PM,RFC,MIDATL,PEP,PEPCO,4026.834,True
7/13/2025 11:00:00 PM,7/13/2025 7:00:00 PM,RFC,MIDATL,PEP,PEPCO,3979.974,True
7/14/2025 12:00:00 AM,7/13/2025 8:00:00 PM,RFC,MIDATL,PEP,PEPCO,3898.239,True
7/14/2025 1:00:00 AM,7/13/2025 9:00:00 PM,RFC,MIDATL,PEP,PEPCO,3790.622,True
7/14/2025 2:00:00 AM,7/13/2025 10:00:00 PM,RFC,MIDATL,PEP,PEPCO,3627.160,True
7/14/2025 3:00:00 AM,7/13/2025 11:00:00 PM,RFC,MIDATL,PEP,PEPCO,3363.544,True
7/14/2025 4:00:00 AM,7/14/2025 12:00:00 AM,RFC,MIDATL,PEP,PEPCO,3162.658,True
7/14/2025 5:00:00 AM,7/14/2025 1:00:00 AM,RFC,MIDATL,PEP,PEPCO,3024.278,True
7/14/2025 6:00:00 AM,7/14/2025 2:00:00 AM,RFC,MIDATL,PEP,PEPCO,2913.985,True
7/14/2025 7:00:00 AM,7/14/2025 3:00:00 AM,RFC,MIDATL,PEP,PEPCO,2886.244,True
7/14/2025 8:00:00 AM,7/14/2025 4:00:00 AM,RFC,MIDATL,PEP,PEPCO,2924.376,True
7/14/2025 9:00:00 AM,7/14/2025 5:00:00 AM,RFC,MIDATL,PEP,PEPCO,3074.256,True
7/14/2025 10:00:00 AM,7/14/2025 6:00:00 AM,RFC,MIDATL,PEP,PEPCO,3308.610,True
7/14/2025 11:00:00 AM,7/14/2025 7:00:00 AM,RFC,MIDATL,PEP,PEPCO,3477.073,True
7/14/2025 12:00:00 PM,7/14/2025 8:00:00 AM,RFC,MIDATL,PEP,PEPCO,3612.600,True
7/14/2025 1:00:00 PM,7/14/2025 9:00:00 AM,RFC,MIDATL,PEP,PEPCO,3750.758,True
7/14/2025 2:00:00 PM,7/14/2025 10:00:00 AM,RFC,MIDATL,PEP,PEPCO,3910.519,True
7/14/2025 3:00:00 PM,7/14/2025 11:00:00 AM,RFC,MIDATL,PEP,PEPCO,4048.710,True
7/14/2025 4:00:00 PM,7/14/2025 12:00:00 PM,RFC,MIDATL,PEP,PEPCO,4170.893,True
7/14/2025 5:00:00 PM,7/14/2025 1:00:00 PM,RFC,MIDATL,PEP,PEPCO,4347.049,True
7/14/2025 6:00:00 PM,7/14/2025 2:00:00 PM,RFC,MIDATL,PEP,PEPCO,4436.581,True
7/14/2025 7:00:00 PM,7/14/2025 3:00:00 PM,RFC,MIDATL,PEP,PEPCO,4543.334,True
7/14/2025 8:00:00 PM,7/14/2025 4:00:00 PM,RFC,MIDATL,PEP,PEPCO,4660.532,True
7/14/2025 9:00:00 PM,7/14/2025 5:00:00 PM,RFC,MIDATL,PEP,PEPCO,4544.080,True
7/14/2025 10:00:00 PM,7/14/2025 6:00:00 PM,RFC,MIDATL,PEP,PEPCO,4164.443,True
7/14/2025 11:00:00 PM,7/14/2025 7:00:00 PM,RFC,MIDATL,PEP,PEPCO,3932.009,True
7/15/2025 12:00:00 AM,7/14/2025 8:00:00 PM,RFC,MIDATL,PEP,PEPCO,3795.039,True
7/15/2025 1:00:00 AM,7/14/2025 9:00:00 PM,RFC,MIDATL,PEP,PEPCO,3631.542,True
7/15/2025 2:00:00 AM,7/14/2025 10:00:00 PM,RFC,MIDATL,PEP,PEPCO,3411.695,True
7/15/2025 3:00:00 AM,7/14/2025 11:00:00 PM,RFC,MIDATL,PEP,PEPCO,3191.929,True
7/15/2025 4:00:00 AM,7/15/2025 12:00:00 AM,RFC,MIDATL,PEP,PEPCO,2977.121,True
7/15/2025 5:00:00 AM,7/15/2025 1:00:00 AM,RFC,MIDATL,PEP,PEPCO,2832.136,True
7/15/2025 6:00:00 AM,7/15/2025 2:00:00 AM,RFC,MIDATL,PEP,PEPCO,2750.540,True
7/15/2025 7:00:00 AM,7/15/2025 3:00:00 AM,RFC,MIDATL,PEP,PEPCO,2685.447,True
7/15/2025 8:00:00 AM,7/15/2025 4:00:00 AM,RFC,MIDATL,PEP,PEPCO,2754.407,True
7/15/2025 9:00:00 AM,7/15/2025 5:00:00 AM,RFC,MIDATL,PEP,PEPCO,2930.799,True
7/15/2025 10:00:00 AM,7/15/2025 6:00:00 AM,RFC,MIDATL,PEP,PEPCO,3162.246,True
7/15/2025 11:00:00 AM,7/15/2025 7:00:00 AM,RFC,MIDATL,PEP,PEPCO,3329.777,True
7/15/2025 12:00:00 PM,7/15/2025 8:00:00 AM,RFC,MIDATL,PEP,PEPCO,3457.541,True
7/15/2025 1:00:00 PM,7/15/2025 9:00:00 AM,RFC,MIDATL,PEP,PEPCO,3532.650,True
7/15/2025 2:00:00 PM,7/15/2025 10:00:00 AM,RFC,MIDATL,PEP,PEPCO,3592.139,True
7/15/2025 3:00:00 PM,7/15/2025 11:00:00 AM,RFC,MIDATL,PEP,PEPCO,3692.164,True
7/15/2025 4:00:00 PM,7/15/2025 12:00:00 PM,RFC,MIDATL,PEP,PEPCO,3845.404,True
7/15/2025 5:00:00 PM,7/15/2025 1:00:00 PM,RFC,MIDATL,PEP,PEPCO,3873.575,True
7/15/2025 6:00:00 PM,7/15/2025 2:00:00 PM,RFC,MIDATL,PEP,PEPCO,3974.038,True
7/15/2025 7:00:00 PM,7/15/2025 3:00:00 PM,RFC,MIDATL,PEP,PEPCO,4139.915,True
7/15/2025 8:00:00 PM,7/15/2025 4:00:00 PM,RFC,MIDATL,PEP,PEPCO,4256.203,True
7/15/2025 9:00:00 PM,7/15/2025 5:00:00 PM,RFC,MIDATL,PEP,PEPCO,4404.877,True
7/15/2025 10:00:00 PM,7/15/2025 6:00:00 PM,RFC,MIDATL,PEP,PEPCO,4357.243,True
7/15/2025 11:00:00 PM,7/15/2025 7:00:00 PM,RFC,MIDATL,PEP,PEPCO,4271.185,True
7/16/2025 12:00:00 AM,7/15/2025 8:00:00 PM,RFC,MIDATL,PEP,PEPCO,4125.935,True
7/16/2025 1:00:00 AM,7/15/2025 9:00:00 PM,RFC,MIDATL,PEP,PEPCO,4029.043,True
7/16/2025 2:00:00 AM,7/15/2025 10:00:00 PM,RFC,MIDATL,PEP,PEPCO,3780.346,True
7/16/2025 3:00:00 AM,7/15/2025 11:00:00 PM,RFC,MIDATL,PEP,PEPCO,3546.780,True
7/16/2025 4:00:00 AM,7/16/2025 12:00:00 AM,RFC,MIDATL,PEP,PEPCO,3314.150,True
7/16/2025 5:00:00 AM,7/16/2025 1:00:00 AM,RFC,MIDATL,PEP,PEPCO,3081.476,True
7/16/2025 6:00:00 AM,7/16/2025 2:00:00 AM,RFC,MIDATL,PEP,PEPCO,2969.186,True
7/16/2025 7:00:00 AM,7/16/2025 3:00:00 AM,RFC,MIDATL,PEP,PEPCO,2861.336,True
7/16/2025 8:00:00 AM,7/16/2025 4:00:00 AM,RFC,MIDATL,PEP,PEPCO,2885.491,True
7/16/2025 9:00:00 AM,7/16/2025 5:00:00 AM,RFC,MIDATL,PEP,PEPCO,3062.291,True
7/16/2025 10:00:00 AM,7/16/2025 6:00:00 AM,RFC,MIDATL,PEP,PEPCO,3256.591,True
7/16/2025 11:00:00 AM,7/16/2025 7:00:00 AM,RFC,MIDATL,PEP,PEPCO,3456.877,True
7/16/2025 12:00:00 PM,7/16/2025 8:00:00 AM,RFC,MIDATL,PEP,PEPCO,3584.561,True
7/16/2025 1:00:00 PM,7/16/2025 9:00:00 AM,RFC,MIDATL,PEP,PEPCO,3706.344,True
7/16/2025 2:00:00 PM,7/16/2025 10:00:00 AM,RFC,MIDATL,PEP,PEPCO,3729.020,True
7/16/2025 3:00:00 PM,7/16/2025 11:00:00 AM,RFC,MIDATL,PEP,PEPCO,3845.952,True
7/16/2025 4:00:00 PM,7/16/2025 12:00:00 PM,RFC,MIDATL,PEP,PEPCO,4005.371,True
7/16/2025 5:00:00 PM,7/16/2025 1:00:00 PM,RFC,MIDATL,PEP,PEPCO,4137.601,True
7/16/2025 6:00:00 PM,7/16/2025 2:00:00 PM,RFC,MIDATL,PEP,PEPCO,4336.844,True
7/16/2025 7:00:00 PM,7/16/2025 3:00:00 PM,RFC,MIDATL,PEP,PEPCO,4466.997,True
7/16/2025 8:00:00 PM,7/16/2025 4:00:00 PM,RFC,MIDATL,PEP,PEPCO,4646.231,True
7/16/2025 9:00:00 PM,7/16/2025 5:00:00 PM,RFC,MIDATL,PEP,PEPCO,4674.779,True
7/16/2025 10:00:00 PM,7/16/2025 6:00:00 PM,RFC,MIDATL,PEP,PEPCO,4513.613,True
7/16/2025 11:00:00 PM,7/16/2025 7:00:00 PM,RFC,MIDATL,PEP,PEPCO,4433.488,True
7/17/2025 12:00:00 AM,7/16/2025 8:00:00 PM,RFC,MIDATL,PEP,PEPCO,4275.193,True
7/17/2025 1:00:00 AM,7/16/2025 9:00:00 PM,RFC,MIDATL,PEP,PEPCO,3888.598,True
7/17/2025 2:00:00 AM,7/16/2025 10:00:00 PM,RFC,MIDATL,PEP,PEPCO,3601.842,True
7/17/2025 3:00:00 AM,7/16/2025 11:00:00 PM,RFC,MIDATL,PEP,PEPCO,3298.314,True
7/17/2025 4:00:00 AM,7/17/2025 12:00:00 AM,RFC,MIDATL,PEP,PEPCO,3040.085,True
7/17/2025 5:00:00 AM,7/17/2025 1:00:00 AM,RFC,MIDATL,PEP,PEPCO,2905.238,True
7/17/2025 6:00:00 AM,7/17/2025 2:00:00 AM,RFC,MIDATL,PEP,PEPCO,2781.846,True
7/17/2025 7:00:00 AM,7/17/2025 3:00:00 AM,RFC,MIDATL,PEP,PEPCO,2768.253,True
7/17/2025 8:00:00 AM,7/17/2025 4:00:00 AM,RFC,MIDATL,PEP,PEPCO,2808.065,True
7/17/2025 9:00:00 AM,7/17/2025 5:00:00 AM,RFC,MIDATL,PEP,PEPCO,2997.750,True
7/17/2025 10:00:00 AM,7/17/2025 6:00:00 AM,RFC,MIDATL,PEP,PEPCO,3241.910,True
7/17/2025 11:00:00 AM,7/17/2025 7:00:00 AM,RFC,MIDATL,PEP,PEPCO,3461.050,True
7/17/2025 12:00:00 PM,7/17/2025 8:00:00 AM,RFC,MIDATL,PEP,PEPCO,3613.077,True
7/17/2025 1:00:00 PM,7/17/2025 9:00:00 AM,RFC,MIDATL,PEP,PEPCO,3800.522,True
7/17/2025 2:00:00 PM,7/17/2025 10:00:00 AM,RFC,MIDATL,PEP,PEPCO,3962.397,True
7/17/2025 3:00:00 PM,7/17/2025 11:00:00 AM,RFC,MIDATL,PEP,PEPCO,4155.191,True
7/17/2025 4:00:00 PM,7/17/2025 12:00:00 PM,RFC,MIDATL,PEP,PEPCO,4312.740,True
7/17/2025 5:00:00 PM,7/17/2025 1:00:00 PM,RFC,MIDATL,PEP,PEPCO,4483.151,True
7/17/2025 6:00:00 PM,7/17/2025 2:00:00 PM,RFC,MIDATL,PEP,PEPCO,4573.360,True
7/17/2025 7:00:00 PM,7/17/2025 3:00:00 PM,RFC,MIDATL,PEP,PEPCO,4612.452,True
7/17/2025 8:00:00 PM,7/17/2025 4:00:00 PM,RFC,MIDATL,PEP,PEPCO,4851.250,True
7/17/2025 9:00:00 PM,7/17/2025 5:00:00 PM,RFC,MIDATL,PEP,PEPCO,4926.317,True
7/17/2025 10:00:00 PM,7/17/2025 6:00:00 PM,RFC,MIDATL,PEP,PEPCO,4847.285,True
7/17/2025 11:00:00 PM,7/17/2025 7:00:00 PM,RFC,MIDATL,PEP,PEPCO,4731.378,True
7/18/2025 12:00:00 AM,7/17/2025 8:00:00 PM,RFC,MIDATL,PEP,PEPCO,4527.673,True
7/18/2025 1:00:00 AM,7/17/2025 9:00:00 PM,RFC,MIDATL,PEP,PEPCO,4373.325,True
7/18/2025 2:00:00 AM,7/17/2025 10:00:00 PM,RFC,MIDATL,PEP,PEPCO,4149.730,True
7/18/2025 3:00:00 AM,7/17/2025 11:00:00 PM,RFC,MIDATL,PEP,PEPCO,3835.975,True
7/18/2025 4:00:00 AM,7/18/2025 12:00:00 AM,RFC,MIDATL,PEP,PEPCO,3558.714,True
7/18/2025 5:00:00 AM,7/18/2025 1:00:00 AM,RFC,MIDATL,PEP,PEPCO,3332.682,True
7/18/2025 6:00:00 AM,7/18/2025 2:00:00 AM,RFC,MIDATL,PEP,PEPCO,3201.111,True
7/18/2025 7:00:00 AM,7/18/2025 3:00:00 AM,RFC,MIDATL,PEP,PEPCO,3081.491,True
7/18/2025 8:00:00 AM,7/18/2025 4:00:00 AM,RFC,MIDATL,PEP,PEPCO,3087.814,True
7/18/2025 9:00:00 AM,7/18/2025 5:00:00 AM,RFC,MIDATL,PEP,PEPCO,3191.610,True
7/18/2025 10:00:00 AM,7/18/2025 6:00:00 AM,RFC,MIDATL,PEP,PEPCO,3386.169,True
7/18/2025 11:00:00 AM,7/18/2025 7:00:00 AM,RFC,MIDATL,PEP,PEPCO,3520.951,True
7/18/2025 12:00:00 PM,7/18/2025 8:00:00 AM,RFC,MIDATL,PEP,PEPCO,3687.275,True
7/18/2025 1:00:00 PM,7/18/2025 9:00:00 AM,RFC,MIDATL,PEP,PEPCO,3765.696,True
7/18/2025 2:00:00 PM,7/18/2025 10:00:00 AM,RFC,MIDATL,PEP,PEPCO,3813.773,True
7/18/2025 3:00:00 PM,7/18/2025 11:00:00 AM,RFC,MIDATL,PEP,PEPCO,3889.471,True
7/18/2025 4:00:00 PM,7/18/2025 12:00:00 PM,RFC,MIDATL,PEP,PEPCO,3935.519,True
7/18/2025 5:00:00 PM,7/18/2025 1:00:00 PM,RFC,MIDATL,PEP,PEPCO,3975.581,True
7/18/2025 6:00:00 PM,7/18/2025 2:00:00 PM,RFC,MIDATL,PEP,PEPCO,4093.445,True
7/18/2025 7:00:00 PM,7/18/2025 3:00:00 PM,RFC,MIDATL,PEP,PEPCO,4171.453,True
7/18/2025 8:00:00 PM,7/18/2025 4:00:00 PM,RFC,MIDATL,PEP,PEPCO,4246.947,True
7/18/2025 9:00:00 PM,7/18/2025 5:00:00 PM,RFC,MIDATL,PEP,PEPCO,4241.999,True
7/18/2025 10:00:00 PM,7/18/2025 6:00:00 PM,RFC,MIDATL,PEP,PEPCO,4141.116,True
7/18/2025 11:00:00 PM,7/18/2025 7:00:00 PM,RFC,MIDATL,PEP,PEPCO,3974.442,True
7/19/2025 12:00:00 AM,7/18/2025 8:00:00 PM,RFC,MIDATL,PEP,PEPCO,3863.517,True
7/19/2025 1:00:00 AM,7/18/2025 9:00:00 PM,RFC,MIDATL,PEP,PEPCO,3759.007,True
7/19/2025 2:00:00 AM,7/18/2025 10:00:00 PM,RFC,MIDATL,PEP,PEPCO,3560.385,True
7/19/2025 3:00:00 AM,7/18/2025 11:00:00 PM,RFC,MIDATL,PEP,PEPCO,3386.046,True
7/19/2025 4:00:00 AM,7/19/2025 12:00:00 AM,RFC,MIDATL,PEP,PEPCO,3193.355,True
7/19/2025 5:00:00 AM,7/19/2025 1:00:00 AM,RFC,MIDATL,PEP,PEPCO,3005.367,True
7/19/2025 6:00:00 AM,7/19/2025 2:00:00 AM,RFC,MIDATL,PEP,PEPCO,2896.248,True
7/19/2025 7:00:00 AM,7/19/2025 3:00:00 AM,RFC,MIDATL,PEP,PEPCO,2807.030,True
7/19/2025 8:00:00 AM,7/19/2025 4:00:00 AM,RFC,MIDATL,PEP,PEPCO,2750.005,True
7/19/2025 9:00:00 AM,7/19/2025 5:00:00 AM,RFC,MIDATL,PEP,PEPCO,2757.914,True
7/19/2025 10:00:00 AM,7/19/2025 6:00:00 AM,RFC,MIDATL,PEP,PEPCO,2852.973,True
7/19/2025 11:00:00 AM,7/19/2025 7:00:00 AM,RFC,MIDATL,PEP,PEPCO,2954.674,True
7/19/2025 12:00:00 PM,7/19/2025 8:00:00 AM,RFC,MIDATL,PEP,PEPCO,3107.980,True
7/19/2025 1:00:00 PM,7/19/2025 9:00:00 AM,RFC,MIDATL,PEP,PEPCO,3304.645,True
7/19/2025 2:00:00 PM,7/19/2025 10:00:00 AM,RFC,MIDATL,PEP,PEPCO,3446.621,True
7/19/2025 3:00:00 PM,7/19/2025 11:00:00 AM,RFC,MIDATL,PEP,PEPCO,3552.741,True
7/19/2025 4:00:00 PM,7/19/2025 12:00:00 PM,RFC,MIDATL,PEP,PEPCO,3698.466,True
7/19/2025 5:00:00 PM,7/19/2025 1:00:00 PM,RFC,MIDATL,PEP,PEPCO,3743.962,True
7/19/2025 6:00:00 PM,7/19/2025 2:00:00 PM,RFC,MIDATL,PEP,PEPCO,3887.292,True
7/19/2025 7:00:00 PM,7/19/2025 3:00:00 PM,RFC,MIDATL,PEP,PEPCO,4034.250,True
7/19/2025 8:00:00 PM,7/19/2025 4:00:00 PM,RFC,MIDATL,PEP,PEPCO,4002.365,True
7/19/2025 9:00:00 PM,7/19/2025 5:00:00 PM,RFC,MIDATL,PEP,PEPCO,3877.332,True
7/19/2025 10:00:00 PM,7/19/2025 6:00:00 PM,RFC,MIDATL,PEP,PEPCO,3705.057,True
7/19/2025 11:00:00 PM,7/19/2025 7:00:00 PM,RFC,MIDATL,PEP,PEPCO,3598.474,True
7/20/2025 12:00:00 AM,7/19/2025 8:00:00 PM,RFC,MIDATL,PEP,PEPCO,3541.848,True
7/20/2025 1:00:00 AM,7/19/2025 9:00:00 PM,RFC,MIDATL,PEP,PEPCO,3493.744,True
7/20/2025 2:00:00 AM,7/19/2025 10:00:00 PM,RFC,MIDATL,PEP,PEPCO,3362.483,True
7/20/2025 3:00:00 AM,7/19/2025 11:00:00 PM,RFC,MIDATL,PEP,PEPCO,3210.741,True
7/20/2025 4:00:00 AM,7/20/2025 12:00:00 AM,RFC,MIDATL,PEP,PEPCO,3012.615,True
7/20/2025 5:00:00 AM,7/20/2025 1:00:00 AM,RFC,MIDATL,PEP,PEPCO,2890.165,True
7/20/2025 6:00:00 AM,7/20/2025 2:00:00 AM,RFC,MIDATL,PEP,PEPCO,2742.519,True
7/20/2025 7:00:00 AM,7/20/2025 3:00:00 AM,RFC,MIDATL,PEP,PEPCO,2700.979,True
7/20/2025 8:00:00 AM,7/20/2025 4:00:00 AM,RFC,MIDATL,PEP,PEPCO,2644.278,True
7/20/2025 9:00:00 AM,7/20/2025 5:00:00 AM,RFC,MIDATL,PEP,PEPCO,2650.153,True
7/20/2025 10:00:00 AM,7/20/2025 6:00:00 AM,RFC,MIDATL,PEP,PEPCO,2716.295,True
7/20/2025 11:00:00 AM,7/20/2025 7:00:00 AM,RFC,MIDATL,PEP,PEPCO,2751.199,True
7/20/2025 12:00:00 PM,7/20/2025 8:00:00 AM,RFC,MIDATL,PEP,PEPCO,2896.644,True
7/20/2025 1:00:00 PM,7/20/2025 9:00:00 AM,RFC,MIDATL,PEP,PEPCO,3076.704,True
7/20/2025 2:00:00 PM,7/20/2025 10:00:00 AM,RFC,MIDATL,PEP,PEPCO,3236.715,True
7/20/2025 3:00:00 PM,7/20/2025 11:00:00 AM,RFC,MIDATL,PEP,PEPCO,3387.219,True
7/20/2025 4:00:00 PM,7/20/2025 12:00:00 PM,RFC,MIDATL,PEP,PEPCO,3514.536,True
7/20/2025 5:00:00 PM,7/20/2025 1:00:00 PM,RFC,MIDATL,PEP,PEPCO,3697.350,True
7/20/2025 6:00:00 PM,7/20/2025 2:00:00 PM,RFC,MIDATL,PEP,PEPCO,3753.961,True
7/20/2025 7:00:00 PM,7/20/2025 3:00:00 PM,RFC,MIDATL,PEP,PEPCO,3876.945,True
7/20/2025 8:00:00 PM,7/20/2025 4:00:00 PM,RFC,MIDATL,PEP,PEPCO,4035.867,True
7/20/2025 9:00:00 PM,7/20/2025 5:00:00 PM,RFC,MIDATL,PEP,PEPCO,4154.730,True
7/20/2025 10:00:00 PM,7/20/2025 6:00:00 PM,RFC,MIDATL,PEP,PEPCO,4247.376,True
7/20/2025 11:00:00 PM,7/20/2025 7:00:00 PM,RFC,MIDATL,PEP,PEPCO,4177.406,True
7/21/2025 12:00:00 AM,7/20/2025 8:00:00 PM,RFC,MIDATL,PEP,PEPCO,4051.810,True
7/21/2025 1:00:00 AM,7/20/2025 9:00:00 PM,RFC,MIDATL,PEP,PEPCO,3948.386,True
7/21/2025 2:00:00 AM,7/20/2025 10:00:00 PM,RFC,MIDATL,PEP,PEPCO,3774.907,True
7/21/2025 3:00:00 AM,7/20/2025 11:00:00 PM,RFC,MIDATL,PEP,PEPCO,3543.008,True
7/21/2025 4:00:00 AM,7/21/2025 12:00:00 AM,RFC,MIDATL,PEP,PEPCO,3300.504,True
7/21/2025 5:00:00 AM,7/21/2025 1:00:00 AM,RFC,MIDATL,PEP,PEPCO,3130.026,True
7/21/2025 6:00:00 AM,7/21/2025 2:00:00 AM,RFC,MIDATL,PEP,PEPCO,3009.987,True
7/21/2025 7:00:00 AM,7/21/2025 3:00:00 AM,RFC,MIDATL,PEP,PEPCO,2902.996,True
7/21/2025 8:00:00 AM,7/21/2025 4:00:00 AM,RFC,MIDATL,PEP,PEPCO,2941.202,True
7/21/2025 9:00:00 AM,7/21/2025 5:00:00 AM,RFC,MIDATL,PEP,PEPCO,3114.112,True
7/21/2025 10:00:00 AM,7/21/2025 6:00:00 AM,RFC,MIDATL,PEP,PEPCO,3274.875,True
7/21/2025 11:00:00 AM,7/21/2025 7:00:00 AM,RFC,MIDATL,PEP,PEPCO,3432.135,True
7/21/2025 12:00:00 PM,7/21/2025 8:00:00 AM,RFC,MIDATL,PEP,PEPCO,3532.466,True
7/21/2025 1:00:00 PM,7/21/2025 9:00:00 AM,RFC,MIDATL,PEP,PEPCO,3536.891,True
7/21/2025 2:00:00 PM,7/21/2025 10:00:00 AM,RFC,MIDATL,PEP,PEPCO,3531.271,True
7/21/2025 3:00:00 PM,7/21/2025 11:00:00 AM,RFC,MIDATL,PEP,PEPCO,3599.125,True
7/21/2025 4:00:00 PM,7/21/2025 12:00:00 PM,RFC,MIDATL,PEP,PEPCO,3753.309,True
7/21/2025 5:00:00 PM,7/21/2025 1:00:00 PM,RFC,MIDATL,PEP,PEPCO,3813.825,True
7/21/2025 6:00:00 PM,7/21/2025 2:00:00 PM,RFC,MIDATL,PEP,PEPCO,3915.283,True
7/21/2025 7:00:00 PM,7/21/2025 3:00:00 PM,RFC,MIDATL,PEP,PEPCO,4014.067,True
7/21/2025 8:00:00 PM,7/21/2025 4:00:00 PM,RFC,MIDATL,PEP,PEPCO,4069.584,True
7/21/2025 9:00:00 PM,7/21/2025 5:00:00 PM,RFC,MIDATL,PEP,PEPCO,4135.322,True
7/21/2025 10:00:00 PM,7/21/2025 6:00:00 PM,RFC,MIDATL,PEP,PEPCO,4029.000,True
7/21/2025 11:00:00 PM,7/21/2025 7:00:00 PM,RFC,MIDATL,PEP,PEPCO,3911.077,True
7/22/2025 12:00:00 AM,7/21/2025 8:00:00 PM,RFC,MIDATL,PEP,PEPCO,3712.562,True
7/22/2025 1:00:00 AM,7/21/2025 9:00:00 PM,RFC,MIDATL,PEP,PEPCO,3543.514,True
7/22/2025 2:00:00 AM,7/21/2025 10:00:00 PM,RFC,MIDATL,PEP,PEPCO,3275.432,True
7/22/2025 3:00:00 AM,7/21/2025 11:00:00 PM,RFC,MIDATL,PEP,PEPCO,3044.131,True
7/22/2025 4:00:00 AM,7/22/2025 12:00:00 AM,RFC,MIDATL,PEP,PEPCO,2783.635,True
7/22/2025 5:00:00 AM,7/22/2025 1:00:00 AM,RFC,MIDATL,PEP,PEPCO,2616.396,True
7/22/2025 6:00:00 AM,7/22/2025 2:00:00 AM,RFC,MIDATL,PEP,PEPCO,2511.423,True
7/22/2025 7:00:00 AM,7/22/2025 3:00:00 AM,RFC,MIDATL,PEP,PEPCO,2458.552,True
7/22/2025 8:00:00 AM,7/22/2025 4:00:00 AM,RFC,MIDATL,PEP,PEPCO,2421.845,True
7/22/2025 9:00:00 AM,7/22/2025 5:00:00 AM,RFC,MIDATL,PEP,PEPCO,2601.275,True
7/22/2025 10:00:00 AM,7/22/2025 6:00:00 AM,RFC,MIDATL,PEP,PEPCO,2755.059,True
7/22/2025 11:00:00 AM,7/22/2025 7:00:00 AM,RFC,MIDATL,PEP,PEPCO,2896.593,True
7/22/2025 12:00:00 PM,7/22/2025 8:00:00 AM,RFC,MIDATL,PEP,PEPCO,2966.200,True
7/22/2025 1:00:00 PM,7/22/2025 9:00:00 AM,RFC,MIDATL,PEP,PEPCO,3085.028,True
7/22/2025 2:00:00 PM,7/22/2025 10:00:00 AM,RFC,MIDATL,PEP,PEPCO,3167.537,True
7/22/2025 3:00:00 PM,7/22/2025 11:00:00 AM,RFC,MIDATL,PEP,PEPCO,3277.702,True
7/22/2025 4:00:00 PM,7/22/2025 12:00:00 PM,RFC,MIDATL,PEP,PEPCO,3436.027,True
7/22/2025 5:00:00 PM,7/22/2025 1:00:00 PM,RFC,MIDATL,PEP,PEPCO,3600.595,True
7/22/2025 6:00:00 PM,7/22/2025 2:00:00 PM,RFC,MIDATL,PEP,PEPCO,3737.965,True
7/22/2025 7:00:00 PM,7/22/2025 3:00:00 PM,RFC,MIDATL,PEP,PEPCO,3837.481,True
7/22/2025 8:00:00 PM,7/22/2025 4:00:00 PM,RFC,MIDATL,PEP,PEPCO,3928.867,True
7/22/2025 9:00:00 PM,7/22/2025 5:00:00 PM,RFC,MIDATL,PEP,PEPCO,4032.884,True
7/22/2025 10:00:00 PM,7/22/2025 6:00:00 PM,RFC,MIDATL,PEP,PEPCO,3948.013,True
7/22/2025 11:00:00 PM,7/22/2025 7:00:00 PM,RFC,MIDATL,PEP,PEPCO,3782.265,True
7/23/2025 12:00:00 AM,7/22/2025 8:00:00 PM,RFC,MIDATL,PEP,PEPCO,3636.090,True
7/23/2025 1:00:00 AM,7/22/2025 9:00:00 PM,RFC,MIDATL,PEP,PEPCO,3467.416,True
7/23/2025 2:00:00 AM,7/22/2025 10:00:00 PM,RFC,MIDATL,PEP,PEPCO,3233.254,True
7/23/2025 3:00:00 AM,7/22/2025 11:00:00 PM,RFC,MIDATL,PEP,PEPCO,3035.419,True
7/23/2025 4:00:00 AM,7/23/2025 12:00:00 AM,RFC,MIDATL,PEP,PEPCO,2805.494,True
7/23/2025 5:00:00 AM,7/23/2025 1:00:00 AM,RFC,MIDATL,PEP,PEPCO,2666.247,True
7/23/2025 6:00:00 AM,7/23/2025 2:00:00 AM,RFC,MIDATL,PEP,PEPCO,2557.425,True
7/23/2025 7:00:00 AM,7/23/2025 3:00:00 AM,RFC,MIDATL,PEP,PEPCO,2502.552,True
7/23/2025 8:00:00 AM,7/23/2025 4:00:00 AM,RFC,MIDATL,PEP,PEPCO,2542.604,True
7/23/2025 9:00:00 AM,7/23/2025 5:00:00 AM,RFC,MIDATL,PEP,PEPCO,2685.933,True
7/23/2025 10:00:00 AM,7/23/2025 6:00:00 AM,RFC,MIDATL,PEP,PEPCO,2921.841,True
7/23/2025 11:00:00 AM,7/23/2025 7:00:00 AM,RFC,MIDATL,PEP,PEPCO,3062.929,True
7/23/2025 12:00:00 PM,7/23/2025 8:00:00 AM,RFC,MIDATL,PEP,PEPCO,3232.710,True
7/23/2025 1:00:00 PM,7/23/2025 9:00:00 AM,RFC,MIDATL,PEP,PEPCO,3314.962,True
7/23/2025 2:00:00 PM,7/23/2025 10:00:00 AM,RFC,MIDATL,PEP,PEPCO,3428.215,True
7/23/2025 3:00:00 PM,7/23/2025 11:00:00 AM,RFC,MIDATL,PEP,PEPCO,3526.124,True
7/23/2025 4:00:00 PM,7/23/2025 12:00:00 PM,RFC,MIDATL,PEP,PEPCO,3598.628,True
7/23/2025 5:00:00 PM,7/23/2025 1:00:00 PM,RFC,MIDATL,PEP,PEPCO,3696.379,True
7/23/2025 6:00:00 PM,7/23/2025 2:00:00 PM,RFC,MIDATL,PEP,PEPCO,3797.432,True
7/23/2025 7:00:00 PM,7/23/2025 3:00:00 PM,RFC,MIDATL,PEP,PEPCO,3934.160,True
7/23/2025 8:00:00 PM,7/23/2025 4:00:00 PM,RFC,MIDATL,PEP,PEPCO,3992.566,True
7/23/2025 9:00:00 PM,7/23/2025 5:00:00 PM,RFC,MIDATL,PEP,PEPCO,4035.215,True
7/23/2025 10:00:00 PM,7/23/2025 6:00:00 PM,RFC,MIDATL,PEP,PEPCO,3956.401,True
7/23/2025 11:00:00 PM,7/23/2025 7:00:00 PM,RFC,MIDATL,PEP,PEPCO,3856.349,True
7/24/2025 12:00:00 AM,7/23/2025 8:00:00 PM,RFC,MIDATL,PEP,PEPCO,3682.801,True
7/24/2025 1:00:00 AM,7/23/2025 9:00:00 PM,RFC,MIDATL,PEP,PEPCO,3544.485,True
7/24/2025 2:00:00 AM,7/23/2025 10:00:00 PM,RFC,MIDATL,PEP,PEPCO,3350.882,True
7/24/2025 3:00:00 AM,7/23/2025 11:00:00 PM,RFC,MIDATL,PEP,PEPCO,3105.849,True
7/24/2025 4:00:00 AM,7/24/2025 12:00:00 AM,RFC,MIDATL,PEP,PEPCO,2880.193,True
7/24/2025 5:00:00 AM,7/24/2025 1:00:00 AM,RFC,MIDATL,PEP,PEPCO,2693.254,True
7/24/2025 6:00:00 AM,7/24/2025 2:00:00 AM,RFC,MIDATL,PEP,PEPCO,2614.936,True
7/24/2025 7:00:00 AM,7/24/2025 3:00:00 AM,RFC,MIDATL,PEP,PEPCO,2540.393,True
7/24/2025 8:00:00 AM,7/24/2025 4:00:00 AM,RFC,MIDATL,PEP,PEPCO,2575.201,True
7/24/2025 9:00:00 AM,7/24/2025 5:00:00 AM,RFC,MIDATL,PEP,PEPCO,2763.806,True
7/24/2025 10:00:00 AM,7/24/2025 6:00:00 AM,RFC,MIDATL,PEP,PEPCO,2953.666,True
7/24/2025 11:00:00 AM,7/24/2025 7:00:00 AM,RFC,MIDATL,PEP,PEPCO,3121.464,True
7/24/2025 12:00:00 PM,7/24/2025 8:00:00 AM,RFC,MIDATL,PEP,PEPCO,3279.046,True
7/24/2025 1:00:00 PM,7/24/2025 9:00:00 AM,RFC,MIDATL,PEP,PEPCO,3375.299,True
7/24/2025 2:00:00 PM,7/24/2025 10:00:00 AM,RFC,MIDATL,PEP,PEPCO,3402.997,True
7/24/2025 3:00:00 PM,7/24/2025 11:00:00 AM,RFC,MIDATL,PEP,PEPCO,3682.560,True
7/24/2025 4:00:00 PM,7/24/2025 12:00:00 PM,RFC,MIDATL,PEP,PEPCO,3789.261,True
7/24/2025 5:00:00 PM,7/24/2025 1:00:00 PM,RFC,MIDATL,PEP,PEPCO,3947.608,True
7/24/2025 6:00:00 PM,7/24/2025 2:00:00 PM,RFC,MIDATL,PEP,PEPCO,4048.696,True
7/24/2025 7:00:00 PM,7/24/2025 3:00:00 PM,RFC,MIDATL,PEP,PEPCO,4173.350,True
7/24/2025 8:00:00 PM,7/24/2025 4:00:00 PM,RFC,MIDATL,PEP,PEPCO,4339.967,True
7/24/2025 9:00:00 PM,7/24/2025 5:00:00 PM,RFC,MIDATL,PEP,PEPCO,4416.108,True
7/24/2025 10:00:00 PM,7/24/2025 6:00:00 PM,RFC,MIDATL,PEP,PEPCO,4322.201,True
7/24/2025 11:00:00 PM,7/24/2025 7:00:00 PM,RFC,MIDATL,PEP,PEPCO,4231.024,True
7/25/2025 12:00:00 AM,7/24/2025 8:00:00 PM,RFC,MIDATL,PEP,PEPCO,4050.329,True
7/25/2025 1:00:00 AM,7/24/2025 9:00:00 PM,RFC,MIDATL,PEP,PEPCO,3879.218,True
7/25/2025 2:00:00 AM,7/24/2025 10:00:00 PM,RFC,MIDATL,PEP,PEPCO,3675.647,True
7/25/2025 3:00:00 AM,7/24/2025 11:00:00 PM,RFC,MIDATL,PEP,PEPCO,3424.293,True
7/25/2025 4:00:00 AM,7/25/2025 12:00:00 AM,RFC,MIDATL,PEP,PEPCO,3149.134,True
7/25/2025 5:00:00 AM,7/25/2025 1:00:00 AM,RFC,MIDATL,PEP,PEPCO,3002.224,True
7/25/2025 6:00:00 AM,7/25/2025 2:00:00 AM,RFC,MIDATL,PEP,PEPCO,2841.694,True
7/25/2025 7:00:00 AM,7/25/2025 3:00:00 AM,RFC,MIDATL,PEP,PEPCO,2795.724,True
7/25/2025 8:00:00 AM,7/25/2025 4:00:00 AM,RFC,MIDATL,PEP,PEPCO,2800.599,True
7/25/2025 9:00:00 AM,7/25/2025 5:00:00 AM,RFC,MIDATL,PEP,PEPCO,2970.339,True
7/25/2025 10:00:00 AM,7/25/2025 6:00:00 AM,RFC,MIDATL,PEP,PEPCO,3145.136,True
7/25/2025 11:00:00 AM,7/25/2025 7:00:00 AM,RFC,MIDATL,PEP,PEPCO,3364.146,True
7/25/2025 12:00:00 PM,7/25/2025 8:00:00 AM,RFC,MIDATL,PEP,PEPCO,3556.597,True
7/25/2025 1:00:00 PM,7/25/2025 9:00:00 AM,RFC,MIDATL,PEP,PEPCO,3769.072,True
7/25/2025 2:00:00 PM,7/25/2025 10:00:00 AM,RFC,MIDATL,PEP,PEPCO,4035.808,True
7/25/2025 3:00:00 PM,7/25/2025 11:00:00 AM,RFC,MIDATL,PEP,PEPCO,4262.421,True
7/25/2025 4:00:00 PM,7/25/2025 12:00:00 PM,RFC,MIDATL,PEP,PEPCO,4441.911,True
7/25/2025 5:00:00 PM,7/25/2025 1:00:00 PM,RFC,MIDATL,PEP,PEPCO,4587.017,True
7/25/2025 6:00:00 PM,7/25/2025 2:00:00 PM,RFC,MIDATL,PEP,PEPCO,4747.366,True
7/25/2025 7:00:00 PM,7/25/2025 3:00:00 PM,RFC,MIDATL,PEP,PEPCO,4887.484,True
7/25/2025 8:00:00 PM,7/25/2025 4:00:00 PM,RFC,MIDATL,PEP,PEPCO,4990.556,True
7/25/2025 9:00:00 PM,7/25/2025 5:00:00 PM,RFC,MIDATL,PEP,PEPCO,4851.068,True
7/25/2025 10:00:00 PM,7/25/2025 6:00:00 PM,RFC,MIDATL,PEP,PEPCO,4463.969,True
7/25/2025 11:00:00 PM,7/25/2025 7:00:00 PM,RFC,MIDATL,PEP,PEPCO,4244.559,True
7/26/2025 12:00:00 AM,7/25/2025 8:00:00 PM,RFC,MIDATL,PEP,PEPCO,4095.910,True
7/26/2025 1:00:00 AM,7/25/2025 9:00:00 PM,RFC,MIDATL,PEP,PEPCO,3975.510,True
7/26/2025 2:00:00 AM,7/25/2025 10:00:00 PM,RFC,MIDATL,PEP,PEPCO,3780.209,True
7/26/2025 3:00:00 AM,7/25/2025 11:00:00 PM,RFC,MIDATL,PEP,PEPCO,3582.532,True
7/26/2025 4:00:00 AM,7/26/2025 12:00:00 AM,RFC,MIDATL,PEP,PEPCO,3331.948,True
7/26/2025 5:00:00 AM,7/26/2025 1:00:00 AM,RFC,MIDATL,PEP,PEPCO,3187.018,True
7/26/2025 6:00:00 AM,7/26/2025 2:00:00 AM,RFC,MIDATL,PEP,PEPCO,3058.502,True
7/26/2025 7:00:00 AM,7/26/2025 3:00:00 AM,RFC,MIDATL,PEP,PEPCO,2901.243,True
7/26/2025 8:00:00 AM,7/26/2025 4:00:00 AM,RFC,MIDATL,PEP,PEPCO,2855.171,True
7/26/2025 9:00:00 AM,7/26/2025 5:00:00 AM,RFC,MIDATL,PEP,PEPCO,2853.829,True
7/26/2025 10:00:00 AM,7/26/2025 6:00:00 AM,RFC,MIDATL,PEP,PEPCO,2918.154,True
7/26/2025 11:00:00 AM,7/26/2025 7:00:00 AM,RFC,MIDATL,PEP,PEPCO,3027.570,True
7/26/2025 12:00:00 PM,7/26/2025 8:00:00 AM,RFC,MIDATL,PEP,PEPCO,3186.253,True
7/26/2025 1:00:00 PM,7/26/2025 9:00:00 AM,RFC,MIDATL,PEP,PEPCO,3393.148,True
7/26/2025 2:00:00 PM,7/26/2025 10:00:00 AM,RFC,MIDATL,PEP,PEPCO,3569.619,True
7/26/2025 3:00:00 PM,7/26/2025 11:00:00 AM,RFC,MIDATL,PEP,PEPCO,3776.777,True
7/26/2025 4:00:00 PM,7/26/2025 12:00:00 PM,RFC,MIDATL,PEP,PEPCO,3974.966,True
7/26/2025 5:00:00 PM,7/26/2025 1:00:00 PM,RFC,MIDATL,PEP,PEPCO,4081.781,True
7/26/2025 6:00:00 PM,7/26/2025 2:00:00 PM,RFC,MIDATL,PEP,PEPCO,4174.391,True
7/26/2025 7:00:00 PM,7/26/2025 3:00:00 PM,RFC,MIDATL,PEP,PEPCO,4278.412,True
7/26/2025 8:00:00 PM,7/26/2025 4:00:00 PM,RFC,MIDATL,PEP,PEPCO,4315.972,True
7/26/2025 9:00:00 PM,7/26/2025 5:00:00 PM,RFC,MIDATL,PEP,PEPCO,4243.757,True
7/26/2025 10:00:00 PM,7/26/2025 6:00:00 PM,RFC,MIDATL,PEP,PEPCO,4238.230,True
7/26/2025 11:00:00 PM,7/26/2025 7:00:00 PM,RFC,MIDATL,PEP,PEPCO,4211.104,True
7/27/2025 12:00:00 AM,7/26/2025 8:00:00 PM,RFC,MIDATL,PEP,PEPCO,4134.456,True
7/27/2025 1:00:00 AM,7/26/2025 9:00:00 PM,RFC,MIDATL,PEP,PEPCO,4047.272,True
7/27/2025 2:00:00 AM,7/26/2025 10:00:00 PM,RFC,MIDATL,PEP,PEPCO,3886.639,True
7/27/2025 3:00:00 AM,7/26/2025 11:00:00 PM,RFC,MIDATL,PEP,PEPCO,3637.095,True
7/27/2025 4:00:00 AM,7/27/2025 12:00:00 AM,RFC,MIDATL,PEP,PEPCO,3471.811,True
7/27/2025 5:00:00 AM,7/27/2025 1:00:00 AM,RFC,MIDATL,PEP,PEPCO,3314.110,True
7/27/2025 6:00:00 AM,7/27/2025 2:00:00 AM,RFC,MIDATL,PEP,PEPCO,3160.616,True
7/27/2025 7:00:00 AM,7/27/2025 3:00:00 AM,RFC,MIDATL,PEP,PEPCO,3071.090,True
7/27/2025 8:00:00 AM,7/27/2025 4:00:00 AM,RFC,MIDATL,PEP,PEPCO,3016.159,True
7/27/2025 9:00:00 AM,7/27/2025 5:00:00 AM,RFC,MIDATL,PEP,PEPCO,3015.871,True
7/27/2025 10:00:00 AM,7/27/2025 6:00:00 AM,RFC,MIDATL,PEP,PEPCO,3066.050,True
7/27/2025 11:00:00 AM,7/27/2025 7:00:00 AM,RFC,MIDATL,PEP,PEPCO,3172.842,True
7/27/2025 12:00:00 PM,7/27/2025 8:00:00 AM,RFC,MIDATL,PEP,PEPCO,3257.152,True
7/27/2025 1:00:00 PM,7/27/2025 9:00:00 AM,RFC,MIDATL,PEP,PEPCO,3445.955,True
7/27/2025 2:00:00 PM,7/27/2025 10:00:00 AM,RFC,MIDATL,PEP,PEPCO,3645.376,True
7/27/2025 3:00:00 PM,7/27/2025 11:00:00 AM,RFC,MIDATL,PEP,PEPCO,3869.289,True
7/27/2025 4:00:00 PM,7/27/2025 12:00:00 PM,RFC,MIDATL,PEP,PEPCO,4164.590,True
7/27/2025 5:00:00 PM,7/27/2025 1:00:00 PM,RFC,MIDATL,PEP,PEPCO,4124.362,True
7/27/2025 6:00:00 PM,7/27/2025 2:00:00 PM,RFC,MIDATL,PEP,PEPCO,3844.613,True
7/27/2025 7:00:00 PM,7/27/2025 3:00:00 PM,RFC,MIDATL,PEP,PEPCO,3813.012,True
7/27/2025 8:00:00 PM,7/27/2025 4:00:00 PM,RFC,MIDATL,PEP,PEPCO,3859.634,True
7/27/2025 9:00:00 PM,7/27/2025 5:00:00 PM,RFC,MIDATL,PEP,PEPCO,3943.019,True
7/27/2025 10:00:00 PM,7/27/2025 6:00:00 PM,RFC,MIDATL,PEP,PEPCO,3907.811,True
7/27/2025 11:00:00 PM,7/27/2025 7:00:00 PM,RFC,MIDATL,PEP,PEPCO,3867.098,True
7/28/2025 12:00:00 AM,7/27/2025 8:00:00 PM,RFC,MIDATL,PEP,PEPCO,3857.873,True
7/28/2025 1:00:00 AM,7/27/2025 9:00:00 PM,RFC,MIDATL,PEP,PEPCO,3771.577,True
7/28/2025 2:00:00 AM,7/27/2025 10:00:00 PM,RFC,MIDATL,PEP,PEPCO,3596.228,True
7/28/2025 3:00:00 AM,7/27/2025 11:00:00 PM,RFC,MIDATL,PEP,PEPCO,3376.466,True
7/28/2025 4:00:00 AM,7/28/2025 12:00:00 AM,RFC,MIDATL,PEP,PEPCO,3144.198,True
7/28/2025 5:00:00 AM,7/28/2025 1:00:00 AM,RFC,MIDATL,PEP,PEPCO,2999.193,True
7/28/2025 6:00:00 AM,7/28/2025 2:00:00 AM,RFC,MIDATL,PEP,PEPCO,2898.746,True
7/28/2025 7:00:00 AM,7/28/2025 3:00:00 AM,RFC,MIDATL,PEP,PEPCO,2839.662,True
7/28/2025 8:00:00 AM,7/28/2025 4:00:00 AM,RFC,MIDATL,PEP,PEPCO,2909.758,True
7/28/2025 9:00:00 AM,7/28/2025 5:00:00 AM,RFC,MIDATL,PEP,PEPCO,3070.219,True
7/28/2025 10:00:00 AM,7/28/2025 6:00:00 AM,RFC,MIDATL,PEP,PEPCO,3283.762,True
7/28/2025 11:00:00 AM,7/28/2025 7:00:00 AM,RFC,MIDATL,PEP,PEPCO,3508.009,True
7/28/2025 12:00:00 PM,7/28/2025 8:00:00 AM,RFC,MIDATL,PEP,PEPCO,3638.540,True
7/28/2025 1:00:00 PM,7/28/2025 9:00:00 AM,RFC,MIDATL,PEP,PEPCO,3827.783,True
7/28/2025 2:00:00 PM,7/28/2025 10:00:00 AM,RFC,MIDATL,PEP,PEPCO,3916.534,True
7/28/2025 3:00:00 PM,7/28/2025 11:00:00 AM,RFC,MIDATL,PEP,PEPCO,4110.676,True
7/28/2025 4:00:00 PM,7/28/2025 12:00:00 PM,RFC,MIDATL,PEP,PEPCO,4242.832,True
7/28/2025 5:00:00 PM,7/28/2025 1:00:00 PM,RFC,MIDATL,PEP,PEPCO,4339.010,True
7/28/2025 6:00:00 PM,7/28/2025 2:00:00 PM,RFC,MIDATL,PEP,PEPCO,4465.046,True
7/28/2025 7:00:00 PM,7/28/2025 3:00:00 PM,RFC,MIDATL,PEP,PEPCO,4557.195,True
7/28/2025 8:00:00 PM,7/28/2025 4:00:00 PM,RFC,MIDATL,PEP,PEPCO,4702.512,True
7/28/2025 9:00:00 PM,7/28/2025 5:00:00 PM,RFC,MIDATL,PEP,PEPCO,4811.080,True
7/28/2025 10:00:00 PM,7/28/2025 6:00:00 PM,RFC,MIDATL,PEP,PEPCO,4739.068,True
7/28/2025 11:00:00 PM,7/28/2025 7:00:00 PM,RFC,MIDATL,PEP,PEPCO,4677.794,True
7/29/2025 12:00:00 AM,7/28/2025 8:00:00 PM,RFC,MIDATL,PEP,PEPCO,4426.176,True
7/29/2025 1:00:00 AM,7/28/2025 9:00:00 PM,RFC,MIDATL,PEP,PEPCO,4244.693,True
7/29/2025 2:00:00 AM,7/28/2025 10:00:00 PM,RFC,MIDATL,PEP,PEPCO,3933.112,True
7/29/2025 3:00:00 AM,7/28/2025 11:00:00 PM,RFC,MIDATL,PEP,PEPCO,3694.115,True
7/29/2025 4:00:00 AM,7/29/2025 12:00:00 AM,RFC,MIDATL,PEP,PEPCO,3434.502,True
7/29/2025 5:00:00 AM,7/29/2025 1:00:00 AM,RFC,MIDATL,PEP,PEPCO,3202.274,True
7/29/2025 6:00:00 AM,7/29/2025 2:00:00 AM,RFC,MIDATL,PEP,PEPCO,3077.271,True
7/29/2025 7:00:00 AM,7/29/2025 3:00:00 AM,RFC,MIDATL,PEP,PEPCO,2982.968,True
7/29/2025 8:00:00 AM,7/29/2025 4:00:00 AM,RFC,MIDATL,PEP,PEPCO,2971.457,True
7/29/2025 9:00:00 AM,7/29/2025 5:00:00 AM,RFC,MIDATL,PEP,PEPCO,3140.197,True
7/29/2025 10:00:00 AM,7/29/2025 6:00:00 AM,RFC,MIDATL,PEP,PEPCO,3348.926,True
7/29/2025 11:00:00 AM,7/29/2025 7:00:00 AM,RFC,MIDATL,PEP,PEPCO,3495.928,True
7/29/2025 12:00:00 PM,7/29/2025 8:00:00 AM,RFC,MIDATL,PEP,PEPCO,3722.535,True
7/29/2025 1:00:00 PM,7/29/2025 9:00:00 AM,RFC,MIDATL,PEP,PEPCO,3894.080,True
7/29/2025 2:00:00 PM,7/29/2025 10:00:00 AM,RFC,MIDATL,PEP,PEPCO,4073.412,True
7/29/2025 3:00:00 PM,7/29/2025 11:00:00 AM,RFC,MIDATL,PEP,PEPCO,4263.655,True
7/29/2025 4:00:00 PM,7/29/2025 12:00:00 PM,RFC,MIDATL,PEP,PEPCO,4397.195,True
7/29/2025 5:00:00 PM,7/29/2025 1:00:00 PM,RFC,MIDATL,PEP,PEPCO,4526.190,True
7/29/2025 6:00:00 PM,7/29/2025 2:00:00 PM,RFC,MIDATL,PEP,PEPCO,4664.812,True
7/29/2025 7:00:00 PM,7/29/2025 3:00:00 PM,RFC,MIDATL,PEP,PEPCO,4751.157,True
7/29/2025 8:00:00 PM,7/29/2025 4:00:00 PM,RFC,MIDATL,PEP,PEPCO,4841.192,True
7/29/2025 9:00:00 PM,7/29/2025 5:00:00 PM,RFC,MIDATL,PEP,PEPCO,4864.337,True
7/29/2025 10:00:00 PM,7/29/2025 6:00:00 PM,RFC,MIDATL,PEP,PEPCO,4869.287,True
7/29/2025 11:00:00 PM,7/29/2025 7:00:00 PM,RFC,MIDATL,PEP,PEPCO,4699.076,True
7/30/2025 12:00:00 AM,7/29/2025 8:00:00 PM,RFC,MIDATL,PEP,PEPCO,4549.488,True
7/30/2025 1:00:00 AM,7/29/2025 9:00:00 PM,RFC,MIDATL,PEP,PEPCO,4367.202,True
7/30/2025 2:00:00 AM,7/29/2025 10:00:00 PM,RFC,MIDATL,PEP,PEPCO,4127.371,True
7/30/2025 3:00:00 AM,7/29/2025 11:00:00 PM,RFC,MIDATL,PEP,PEPCO,3859.540,True
7/30/2025 4:00:00 AM,7/30/2025 12:00:00 AM,RFC,MIDATL,PEP,PEPCO,3601.006,True
7/30/2025 5:00:00 AM,7/30/2025 1:00:00 AM,RFC,MIDATL,PEP,PEPCO,3439.884,True
7/30/2025 6:00:00 AM,7/30/2025 2:00:00 AM,RFC,MIDATL,PEP,PEPCO,3293.395,True
7/30/2025 7:00:00 AM,7/30/2025 3:00:00 AM,RFC,MIDATL,PEP,PEPCO,3206.565,True
7/30/2025 8:00:00 AM,7/30/2025 4:00:00 AM,RFC,MIDATL,PEP,PEPCO,3209.269,True
7/30/2025 9:00:00 AM,7/30/2025 5:00:00 AM,RFC,MIDATL,PEP,PEPCO,3318.611,True
7/30/2025 10:00:00 AM,7/30/2025 6:00:00 AM,RFC,MIDATL,PEP,PEPCO,3538.394,True
7/30/2025 11:00:00 AM,7/30/2025 7:00:00 AM,RFC,MIDATL,PEP,PEPCO,3707.656,True
7/30/2025 12:00:00 PM,7/30/2025 8:00:00 AM,RFC,MIDATL,PEP,PEPCO,3910.290,True
7/30/2025 1:00:00 PM,7/30/2025 9:00:00 AM,RFC,MIDATL,PEP,PEPCO,4072.298,True
7/30/2025 2:00:00 PM,7/30/2025 10:00:00 AM,RFC,MIDATL,PEP,PEPCO,4220.283,True
7/30/2025 3:00:00 PM,7/30/2025 11:00:00 AM,RFC,MIDATL,PEP,PEPCO,4390.184,True
7/30/2025 4:00:00 PM,7/30/2025 12:00:00 PM,RFC,MIDATL,PEP,PEPCO,4540.273,True
7/30/2025 5:00:00 PM,7/30/2025 1:00:00 PM,RFC,MIDATL,PEP,PEPCO,4614.693,True
7/30/2025 6:00:00 PM,7/30/2025 2:00:00 PM,RFC,MIDATL,PEP,PEPCO,4674.766,True
7/30/2025 7:00:00 PM,7/30/2025 3:00:00 PM,RFC,MIDATL,PEP,PEPCO,4797.393,True
7/30/2025 8:00:00 PM,7/30/2025 4:00:00 PM,RFC,MIDATL,PEP,PEPCO,4868.613,True
7/30/2025 9:00:00 PM,7/30/2025 5:00:00 PM,RFC,MIDATL,PEP,PEPCO,4979.016,True
7/30/2025 10:00:00 PM,7/30/2025 6:00:00 PM,RFC,MIDATL,PEP,PEPCO,4879.192,True
7/30/2025 11:00:00 PM,7/30/2025 7:00:00 PM,RFC,MIDATL,PEP,PEPCO,4748.348,True
7/31/2025 12:00:00 AM,7/30/2025 8:00:00 PM,RFC,MIDATL,PEP,PEPCO,4590.669,True
7/31/2025 1:00:00 AM,7/30/2025 9:00:00 PM,RFC,MIDATL,PEP,PEPCO,4475.707,True
7/31/2025 2:00:00 AM,7/30/2025 10:00:00 PM,RFC,MIDATL,PEP,PEPCO,4195.323,True
7/31/2025 3:00:00 AM,7/30/2025 11:00:00 PM,RFC,MIDATL,PEP,PEPCO,3966.097,True
7/31/2025 4:00:00 AM,7/31/2025 12:00:00 AM,RFC,MIDATL,PEP,PEPCO,3757.865,True
7/31/2025 5:00:00 AM,7/31/2025 1:00:00 AM,RFC,MIDATL,PEP,PEPCO,3529.668,True
7/31/2025 6:00:00 AM,7/31/2025 2:00:00 AM,RFC,MIDATL,PEP,PEPCO,3438.843,True
7/31/2025 7:00:00 AM,7/31/2025 3:00:00 AM,RFC,MIDATL,PEP,PEPCO,3349.293,True
7/31/2025 8:00:00 AM,7/31/2025 4:00:00 AM,RFC,MIDATL,PEP,PEPCO,3368.055,True
7/31/2025 9:00:00 AM,7/31/2025 5:00:00 AM,RFC,MIDATL,PEP,PEPCO,3543.958,True
7/31/2025 10:00:00 AM,7/31/2025 6:00:00 AM,RFC,MIDATL,PEP,PEPCO,3701.158,True
7/31/2025 11:00:00 AM,7/31/2025 7:00:00 AM,RFC,MIDATL,PEP,PEPCO,3876.949,True
7/31/2025 12:00:00 PM,7/31/2025 8:00:00 AM,RFC,MIDATL,PEP,PEPCO,4001.504,True
7/31/2025 1:00:00 PM,7/31/2025 9:00:00 AM,RFC,MIDATL,PEP,PEPCO,4182.401,True
7/31/2025 2:00:00 PM,7/31/2025 10:00:00 AM,RFC,MIDATL,PEP,PEPCO,4346.837,True
7/31/2025 3:00:00 PM,7/31/2025 11:00:00 AM,RFC,MIDATL,PEP,PEPCO,4578.940,True
7/31/2025 4:00:00 PM,7/31/2025 12:00:00 PM,RFC,MIDATL,PEP,PEPCO,4654.386,True
7/31/2025 5:00:00 PM,7/31/2025 1:00:00 PM,RFC,MIDATL,PEP,PEPCO,4721.812,True
7/31/2025 6:00:00 PM,7/31/2025 2:00:00 PM,RFC,MIDATL,PEP,PEPCO,4489.970,True
7/31/2025 7:00:00 PM,7/31/2025 3:00:00 PM,RFC,MIDATL,PEP,PEPCO,4433.470,True
7/31/2025 8:00:00 PM,7/31/2025 4:00:00 PM,RFC,MIDATL,PEP,PEPCO,4171.429,True
7/31/2025 9:00:00 PM,7/31/2025 5:00:00 PM,RFC,MIDATL,PEP,PEPCO,4142.893,True
7/31/2025 10:00:00 PM,7/31/2025 6:00:00 PM,RFC,MIDATL,PEP,PEPCO,3936.458,True
7/31/2025 11:00:00 PM,7/31/2025 7:00:00 PM,RFC,MIDATL,PEP,PEPCO,3813.620,True
8/1/2025 12:00:00 AM,7/31/2025 8:00:00 PM,RFC,MIDATL,PEP,PEPCO,3739.837,True
8/1/2025 1:00:00 AM,7/31/2025 9:00:00 PM,RFC,MIDATL,PEP,PEPCO,3634.459,True
8/1/2025 2:00:00 AM,7/31/2025 10:00:00 PM,RFC,MIDATL,PEP,PEPCO,3405.543,True
8/1/2025 3:00:00 AM,7/31/2025 11:00:00 PM,RFC,MIDATL,PEP,PEPCO,3223.921,True
8/1/2025 4:00:00 AM,8/1/2025 12:00:00 AM,RFC,MIDATL,PEP,PEPCO,3005.071,True
8/1/2025 5:00:00 AM,8/1/2025 1:00:00 AM,RFC,MIDATL,PEP,PEPCO,2836.003,True
8/1/2025 6:00:00 AM,8/1/2025 2:00:00 AM,RFC,MIDATL,PEP,PEPCO,2679.050,True
8/1/2025 7:00:00 AM,8/1/2025 3:00:00 AM,RFC,MIDATL,PEP,PEPCO,2571.279,True
8/1/2025 8:00:00 AM,8/1/2025 4:00:00 AM,RFC,MIDATL,PEP,PEPCO,2599.310,True
8/1/2025 9:00:00 AM,8/1/2025 5:00:00 AM,RFC,MIDATL,PEP,PEPCO,2685.599,True
8/1/2025 10:00:00 AM,8/1/2025 6:00:00 AM,RFC,MIDATL,PEP,PEPCO,2881.657,True
8/1/2025 11:00:00 AM,8/1/2025 7:00:00 AM,RFC,MIDATL,PEP,PEPCO,2981.633,True
8/1/2025 12:00:00 PM,8/1/2025 8:00:00 AM,RFC,MIDATL,PEP,PEPCO,3049.569,True
8/1/2025 1:00:00 PM,8/1/2025 9:00:00 AM,RFC,MIDATL,PEP,PEPCO,3076.314,True
8/1/2025 2:00:00 PM,8/1/2025 10:00:00 AM,RFC,MIDATL,PEP,PEPCO,3088.385,True
8/1/2025 3:00:00 PM,8/1/2025 11:00:00 AM,RFC,MIDATL,PEP,PEPCO,3123.135,True
8/1/2025 4:00:00 PM,8/1/2025 12:00:00 PM,RFC,MIDATL,PEP,PEPCO,3154.069,True
8/1/2025 5:00:00 PM,8/1/2025 1:00:00 PM,RFC,MIDATL,PEP,PEPCO,3101.886,True
8/1/2025 6:00:00 PM,8/1/2025 2:00:00 PM,RFC,MIDATL,PEP,PEPCO,3126.901,True
8/1/2025 7:00:00 PM,8/1/2025 3:00:00 PM,RFC,MIDATL,PEP,PEPCO,3119.612,True
8/1/2025 8:00:00 PM,8/1/2025 4:00:00 PM,RFC,MIDATL,PEP,PEPCO,3172.303,True
8/1/2025 9:00:00 PM,8/1/2025 5:00:00 PM,RFC,MIDATL,PEP,PEPCO,3152.114,True
8/1/2025 10:00:00 PM,8/1/2025 6:00:00 PM,RFC,MIDATL,PEP,PEPCO,3038.564,True
8/1/2025 11:00:00 PM,8/1/2025 7:00:00 PM,RFC,MIDATL,PEP,PEPCO,2961.781,True
8/2/2025 12:00:00 AM,8/1/2025 8:00:00 PM,RFC,MIDATL,PEP,PEPCO,2951.640,True
8/2/2025 1:00:00 AM,8/1/2025 9:00:00 PM,RFC,MIDATL,PEP,PEPCO,2887.171,True
8/2/2025 2:00:00 AM,8/1/2025 10:00:00 PM,RFC,MIDATL,PEP,PEPCO,2754.743,True
8/2/2025 3:00:00 AM,8/1/2025 11:00:00 PM,RFC,MIDATL,PEP,PEPCO,2605.776,True
8/2/2025 4:00:00 AM,8/2/2025 12:00:00 AM,RFC,MIDATL,PEP,PEPCO,2459.321,True
8/2/2025 5:00:00 AM,8/2/2025 1:00:00 AM,RFC,MIDATL,PEP,PEPCO,2350.500,True
8/2/2025 6:00:00 AM,8/2/2025 2:00:00 AM,RFC,MIDATL,PEP,PEPCO,2246.155,True
8/2/2025 7:00:00 AM,8/2/2025 3:00:00 AM,RFC,MIDATL,PEP,PEPCO,2158.481,True
8/2/2025 8:00:00 AM,8/2/2025 4:00:00 AM,RFC,MIDATL,PEP,PEPCO,2128.780,True
8/2/2025 9:00:00 AM,8/2/2025 5:00:00 AM,RFC,MIDATL,PEP,PEPCO,2148.766,True
8/2/2025 10:00:00 AM,8/2/2025 6:00:00 AM,RFC,MIDATL,PEP,PEPCO,2197.088,True
8/2/2025 11:00:00 AM,8/2/2025 7:00:00 AM,RFC,MIDATL,PEP,PEPCO,2284.213,True
8/2/2025 12:00:00 PM,8/2/2025 8:00:00 AM,RFC,MIDATL,PEP,PEPCO,2343.713,True
8/2/2025 1:00:00 PM,8/2/2025 9:00:00 AM,RFC,MIDATL,PEP,PEPCO,2473.671,True
8/2/2025 2:00:00 PM,8/2/2025 10:00:00 AM,RFC,MIDATL,PEP,PEPCO,2540.272,True
8/2/2025 3:00:00 PM,8/2/2025 11:00:00 AM,RFC,MIDATL,PEP,PEPCO,2645.515,True
8/2/2025 4:00:00 PM,8/2/2025 12:00:00 PM,RFC,MIDATL,PEP,PEPCO,2730.153,True
8/2/2025 5:00:00 PM,8/2/2025 1:00:00 PM,RFC,MIDATL,PEP,PEPCO,2805.936,True
8/2/2025 6:00:00 PM,8/2/2025 2:00:00 PM,RFC,MIDATL,PEP,PEPCO,2813.337,True
8/2/2025 7:00:00 PM,8/2/2025 3:00:00 PM,RFC,MIDATL,PEP,PEPCO,2865.326,True
8/2/2025 8:00:00 PM,8/2/2025 4:00:00 PM,RFC,MIDATL,PEP,PEPCO,2955.239,True
8/2/2025 9:00:00 PM,8/2/2025 5:00:00 PM,RFC,MIDATL,PEP,PEPCO,3010.916,True
8/2/2025 10:00:00 PM,8/2/2025 6:00:00 PM,RFC,MIDATL,PEP,PEPCO,3031.081,True
8/2/2025 11:00:00 PM,8/2/2025 7:00:00 PM,RFC,MIDATL,PEP,PEPCO,2984.142,True
8/3/2025 12:00:00 AM,8/2/2025 8:00:00 PM,RFC,MIDATL,PEP,PEPCO,2967.155,True
8/3/2025 1:00:00 AM,8/2/2025 9:00:00 PM,RFC,MIDATL,PEP,PEPCO,2821.794,True
8/3/2025 2:00:00 AM,8/2/2025 10:00:00 PM,RFC,MIDATL,PEP,PEPCO,2740.720,True
8/3/2025 3:00:00 AM,8/2/2025 11:00:00 PM,RFC,MIDATL,PEP,PEPCO,2538.467,True
8/3/2025 4:00:00 AM,8/3/2025 12:00:00 AM,RFC,MIDATL,PEP,PEPCO,2391.957,True
8/3/2025 5:00:00 AM,8/3/2025 1:00:00 AM,RFC,MIDATL,PEP,PEPCO,2258.640,True
8/3/2025 6:00:00 AM,8/3/2025 2:00:00 AM,RFC,MIDATL,PEP,PEPCO,2206.206,True
8/3/2025 7:00:00 AM,8/3/2025 3:00:00 AM,RFC,MIDATL,PEP,PEPCO,2098.875,True
8/3/2025 8:00:00 AM,8/3/2025 4:00:00 AM,RFC,MIDATL,PEP,PEPCO,2053.543,True
8/3/2025 9:00:00 AM,8/3/2025 5:00:00 AM,RFC,MIDATL,PEP,PEPCO,2064.187,True
8/3/2025 10:00:00 AM,8/3/2025 6:00:00 AM,RFC,MIDATL,PEP,PEPCO,2084.232,True
8/3/2025 11:00:00 AM,8/3/2025 7:00:00 AM,RFC,MIDATL,PEP,PEPCO,2154.060,True
8/3/2025 12:00:00 PM,8/3/2025 8:00:00 AM,RFC,MIDATL,PEP,PEPCO,2221.315,True
8/3/2025 1:00:00 PM,8/3/2025 9:00:00 AM,RFC,MIDATL,PEP,PEPCO,2316.046,True
8/3/2025 2:00:00 PM,8/3/2025 10:00:00 AM,RFC,MIDATL,PEP,PEPCO,2375.900,True
8/3/2025 3:00:00 PM,8/3/2025 11:00:00 AM,RFC,MIDATL,PEP,PEPCO,2475.124,True
8/3/2025 4:00:00 PM,8/3/2025 12:00:00 PM,RFC,MIDATL,PEP,PEPCO,2587.061,True
8/3/2025 5:00:00 PM,8/3/2025 1:00:00 PM,RFC,MIDATL,PEP,PEPCO,2662.243,True
8/3/2025 6:00:00 PM,8/3/2025 2:00:00 PM,RFC,MIDATL,PEP,PEPCO,2764.902,True
8/3/2025 7:00:00 PM,8/3/2025 3:00:00 PM,RFC,MIDATL,PEP,PEPCO,2904.515,True
8/3/2025 8:00:00 PM,8/3/2025 4:00:00 PM,RFC,MIDATL,PEP,PEPCO,3034.796,True
8/3/2025 9:00:00 PM,8/3/2025 5:00:00 PM,RFC,MIDATL,PEP,PEPCO,3144.363,True
8/3/2025 10:00:00 PM,8/3/2025 6:00:00 PM,RFC,MIDATL,PEP,PEPCO,3186.538,True
8/3/2025 11:00:00 PM,8/3/2025 7:00:00 PM,RFC,MIDATL,PEP,PEPCO,3132.751,True
8/4/2025 12:00:00 AM,8/3/2025 8:00:00 PM,RFC,MIDATL,PEP,PEPCO,3066.820,True
8/4/2025 1:00:00 AM,8/3/2025 9:00:00 PM,RFC,MIDATL,PEP,PEPCO,3013.817,True
8/4/2025 2:00:00 AM,8/3/2025 10:00:00 PM,RFC,MIDATL,PEP,PEPCO,2803.448,True
8/4/2025 3:00:00 AM,8/3/2025 11:00:00 PM,RFC,MIDATL,PEP,PEPCO,2596.178,True
8/4/2025 4:00:00 AM,8/4/2025 12:00:00 AM,RFC,MIDATL,PEP,PEPCO,2411.729,True
8/4/2025 5:00:00 AM,8/4/2025 1:00:00 AM,RFC,MIDATL,PEP,PEPCO,2287.700,True
8/4/2025 6:00:00 AM,8/4/2025 2:00:00 AM,RFC,MIDATL,PEP,PEPCO,2198.913,True
8/4/2025 7:00:00 AM,8/4/2025 3:00:00 AM,RFC,MIDATL,PEP,PEPCO,2157.345,True
8/4/2025 8:00:00 AM,8/4/2025 4:00:00 AM,RFC,MIDATL,PEP,PEPCO,2187.288,True
8/4/2025 9:00:00 AM,8/4/2025 5:00:00 AM,RFC,MIDATL,PEP,PEPCO,2353.022,True
8/4/2025 10:00:00 AM,8/4/2025 6:00:00 AM,RFC,MIDATL,PEP,PEPCO,2519.764,True
8/4/2025 11:00:00 AM,8/4/2025 7:00:00 AM,RFC,MIDATL,PEP,PEPCO,2648.614,True
8/4/2025 12:00:00 PM,8/4/2025 8:00:00 AM,RFC,MIDATL,PEP,PEPCO,2746.324,True
8/4/2025 1:00:00 PM,8/4/2025 9:00:00 AM,RFC,MIDATL,PEP,PEPCO,2830.202,True
8/4/2025 2:00:00 PM,8/4/2025 10:00:00 AM,RFC,MIDATL,PEP,PEPCO,2877.726,True
8/4/2025 3:00:00 PM,8/4/2025 11:00:00 AM,RFC,MIDATL,PEP,PEPCO,2990.966,True
8/4/2025 4:00:00 PM,8/4/2025 12:00:00 PM,RFC,MIDATL,PEP,PEPCO,3131.506,True
8/4/2025 5:00:00 PM,8/4/2025 1:00:00 PM,RFC,MIDATL,PEP,PEPCO,3210.622,True
8/4/2025 6:00:00 PM,8/4/2025 2:00:00 PM,RFC,MIDATL,PEP,PEPCO,3311.482,True
8/4/2025 7:00:00 PM,8/4/2025 3:00:00 PM,RFC,MIDATL,PEP,PEPCO,3455.667,True
8/4/2025 8:00:00 PM,8/4/2025 4:00:00 PM,RFC,MIDATL,PEP,PEPCO,3598.665,True
8/4/2025 9:00:00 PM,8/4/2025 5:00:00 PM,RFC,MIDATL,PEP,PEPCO,3734.741,True
8/4/2025 10:00:00 PM,8/4/2025 6:00:00 PM,RFC,MIDATL,PEP,PEPCO,3648.195,True
8/4/2025 11:00:00 PM,8/4/2025 7:00:00 PM,RFC,MIDATL,PEP,PEPCO,3540.287,True
8/5/2025 12:00:00 AM,8/4/2025 8:00:00 PM,RFC,MIDATL,PEP,PEPCO,3371.692,True
8/5/2025 1:00:00 AM,8/4/2025 9:00:00 PM,RFC,MIDATL,PEP,PEPCO,3215.898,True
8/5/2025 2:00:00 AM,8/4/2025 10:00:00 PM,RFC,MIDATL,PEP,PEPCO,3004.187,True
8/5/2025 3:00:00 AM,8/4/2025 11:00:00 PM,RFC,MIDATL,PEP,PEPCO,2770.173,True
8/5/2025 4:00:00 AM,8/5/2025 12:00:00 AM,RFC,MIDATL,PEP,PEPCO,2588.423,True
8/5/2025 5:00:00 AM,8/5/2025 1:00:00 AM,RFC,MIDATL,PEP,PEPCO,2432.917,True
8/5/2025 6:00:00 AM,8/5/2025 2:00:00 AM,RFC,MIDATL,PEP,PEPCO,2325.353,True
8/5/2025 7:00:00 AM,8/5/2025 3:00:00 AM,RFC,MIDATL,PEP,PEPCO,2308.276,True
8/5/2025 8:00:00 AM,8/5/2025 4:00:00 AM,RFC,MIDATL,PEP,PEPCO,2322.675,True
8/5/2025 9:00:00 AM,8/5/2025 5:00:00 AM,RFC,MIDATL,PEP,PEPCO,2492.864,True
8/5/2025 10:00:00 AM,8/5/2025 6:00:00 AM,RFC,MIDATL,PEP,PEPCO,2692.467,True
8/5/2025 11:00:00 AM,8/5/2025 7:00:00 AM,RFC,MIDATL,PEP,PEPCO,2821.670,True
8/5/2025 12:00:00 PM,8/5/2025 8:00:00 AM,RFC,MIDATL,PEP,PEPCO,2944.691,True
8/5/2025 1:00:00 PM,8/5/2025 9:00:00 AM,RFC,MIDATL,PEP,PEPCO,2983.798,True
8/5/2025 2:00:00 PM,8/5/2025 10:00:00 AM,RFC,MIDATL,PEP,PEPCO,3009.255,True
8/5/2025 3:00:00 PM,8/5/2025 11:00:00 AM,RFC,MIDATL,PEP,PEPCO,3132.323,True
8/5/2025 4:00:00 PM,8/5/2025 12:00:00 PM,RFC,MIDATL,PEP,PEPCO,3279.303,True
8/5/2025 5:00:00 PM,8/5/2025 1:00:00 PM,RFC,MIDATL,PEP,PEPCO,3356.213,True
8/5/2025 6:00:00 PM,8/5/2025 2:00:00 PM,RFC,MIDATL,PEP,PEPCO,3435.778,True
8/5/2025 7:00:00 PM,8/5/2025 3:00:00 PM,RFC,MIDATL,PEP,PEPCO,3513.090,True
8/5/2025 8:00:00 PM,8/5/2025 4:00:00 PM,RFC,MIDATL,PEP,PEPCO,3585.947,True
8/5/2025 9:00:00 PM,8/5/2025 5:00:00 PM,RFC,MIDATL,PEP,PEPCO,3545.805,True
8/5/2025 10:00:00 PM,8/5/2025 6:00:00 PM,RFC,MIDATL,PEP,PEPCO,3485.180,True
8/5/2025 11:00:00 PM,8/5/2025 7:00:00 PM,RFC,MIDATL,PEP,PEPCO,3352.687,True
8/6/2025 12:00:00 AM,8/5/2025 8:00:00 PM,RFC,MIDATL,PEP,PEPCO,3306.507,True
8/6/2025 1:00:00 AM,8/5/2025 9:00:00 PM,RFC,MIDATL,PEP,PEPCO,3214.950,True
8/6/2025 2:00:00 AM,8/5/2025 10:00:00 PM,RFC,MIDATL,PEP,PEPCO,3022.590,True
8/6/2025 3:00:00 AM,8/5/2025 11:00:00 PM,RFC,MIDATL,PEP,PEPCO,2821.390,True
8/6/2025 4:00:00 AM,8/6/2025 12:00:00 AM,RFC,MIDATL,PEP,PEPCO,2650.822,True
8/6/2025 5:00:00 AM,8/6/2025 1:00:00 AM,RFC,MIDATL,PEP,PEPCO,2477.887,True
8/6/2025 6:00:00 AM,8/6/2025 2:00:00 AM,RFC,MIDATL,PEP,PEPCO,2399.837,True
8/6/2025 7:00:00 AM,8/6/2025 3:00:00 AM,RFC,MIDATL,PEP,PEPCO,2344.153,True
8/6/2025 8:00:00 AM,8/6/2025 4:00:00 AM,RFC,MIDATL,PEP,PEPCO,2368.264,True
8/6/2025 9:00:00 AM,8/6/2025 5:00:00 AM,RFC,MIDATL,PEP,PEPCO,2568.033,True
8/6/2025 10:00:00 AM,8/6/2025 6:00:00 AM,RFC,MIDATL,PEP,PEPCO,2797.819,True
8/6/2025 11:00:00 AM,8/6/2025 7:00:00 AM,RFC,MIDATL,PEP,PEPCO,2915.130,True
8/6/2025 12:00:00 PM,8/6/2025 8:00:00 AM,RFC,MIDATL,PEP,PEPCO,3082.778,True
8/6/2025 1:00:00 PM,8/6/2025 9:00:00 AM,RFC,MIDATL,PEP,PEPCO,3119.406,True
8/6/2025 2:00:00 PM,8/6/2025 10:00:00 AM,RFC,MIDATL,PEP,PEPCO,3178.687,True
8/6/2025 3:00:00 PM,8/6/2025 11:00:00 AM,RFC,MIDATL,PEP,PEPCO,3210.886,True
8/6/2025 4:00:00 PM,8/6/2025 12:00:00 PM,RFC,MIDATL,PEP,PEPCO,3182.692,True
8/6/2025 5:00:00 PM,8/6/2025 1:00:00 PM,RFC,MIDATL,PEP,PEPCO,3215.309,True
8/6/2025 6:00:00 PM,8/6/2025 2:00:00 PM,RFC,MIDATL,PEP,PEPCO,3284.608,True
8/6/2025 7:00:00 PM,8/6/2025 3:00:00 PM,RFC,MIDATL,PEP,PEPCO,3240.016,True
8/6/2025 8:00:00 PM,8/6/2025 4:00:00 PM,RFC,MIDATL,PEP,PEPCO,3216.569,True
8/6/2025 9:00:00 PM,8/6/2025 5:00:00 PM,RFC,MIDATL,PEP,PEPCO,3276.304,True
8/6/2025 10:00:00 PM,8/6/2025 6:00:00 PM,RFC,MIDATL,PEP,PEPCO,3203.773,True
8/6/2025 11:00:00 PM,8/6/2025 7:00:00 PM,RFC,MIDATL,PEP,PEPCO,3166.138,True
8/7/2025 12:00:00 AM,8/6/2025 8:00:00 PM,RFC,MIDATL,PEP,PEPCO,3129.261,True
8/7/2025 1:00:00 AM,8/6/2025 9:00:00 PM,RFC,MIDATL,PEP,PEPCO,3060.822,True
8/7/2025 2:00:00 AM,8/6/2025 10:00:00 PM,RFC,MIDATL,PEP,PEPCO,2920.108,True
8/7/2025 3:00:00 AM,8/6/2025 11:00:00 PM,RFC,MIDATL,PEP,PEPCO,2691.014,True
8/7/2025 4:00:00 AM,8/7/2025 12:00:00 AM,RFC,MIDATL,PEP,PEPCO,2509.732,True
8/7/2025 5:00:00 AM,8/7/2025 1:00:00 AM,RFC,MIDATL,PEP,PEPCO,2366.119,True
8/7/2025 6:00:00 AM,8/7/2025 2:00:00 AM,RFC,MIDATL,PEP,PEPCO,2260.368,True
8/7/2025 7:00:00 AM,8/7/2025 3:00:00 AM,RFC,MIDATL,PEP,PEPCO,2244.103,True
8/7/2025 8:00:00 AM,8/7/2025 4:00:00 AM,RFC,MIDATL,PEP,PEPCO,2247.179,True
8/7/2025 9:00:00 AM,8/7/2025 5:00:00 AM,RFC,MIDATL,PEP,PEPCO,2416.356,True
8/7/2025 10:00:00 AM,8/7/2025 6:00:00 AM,RFC,MIDATL,PEP,PEPCO,2593.608,True
8/7/2025 11:00:00 AM,8/7/2025 7:00:00 AM,RFC,MIDATL,PEP,PEPCO,2715.549,True
8/7/2025 12:00:00 PM,8/7/2025 8:00:00 AM,RFC,MIDATL,PEP,PEPCO,2816.938,True
8/7/2025 1:00:00 PM,8/7/2025 9:00:00 AM,RFC,MIDATL,PEP,PEPCO,2879.653,True
8/7/2025 2:00:00 PM,8/7/2025 10:00:00 AM,RFC,MIDATL,PEP,PEPCO,2960.043,True
8/7/2025 3:00:00 PM,8/7/2025 11:00:00 AM,RFC,MIDATL,PEP,PEPCO,3058.991,True
8/7/2025 4:00:00 PM,8/7/2025 12:00:00 PM,RFC,MIDATL,PEP,PEPCO,3114.595,True
8/7/2025 5:00:00 PM,8/7/2025 1:00:00 PM,RFC,MIDATL,PEP,PEPCO,3231.678,True
8/7/2025 6:00:00 PM,8/7/2025 2:00:00 PM,RFC,MIDATL,PEP,PEPCO,3325.382,True
8/7/2025 7:00:00 PM,8/7/2025 3:00:00 PM,RFC,MIDATL,PEP,PEPCO,3429.155,True
8/7/2025 8:00:00 PM,8/7/2025 4:00:00 PM,RFC,MIDATL,PEP,PEPCO,3485.004,True
8/7/2025 9:00:00 PM,8/7/2025 5:00:00 PM,RFC,MIDATL,PEP,PEPCO,3494.879,True
8/7/2025 10:00:00 PM,8/7/2025 6:00:00 PM,RFC,MIDATL,PEP,PEPCO,3418.518,True
8/7/2025 11:00:00 PM,8/7/2025 7:00:00 PM,RFC,MIDATL,PEP,PEPCO,3339.663,True
8/8/2025 12:00:00 AM,8/7/2025 8:00:00 PM,RFC,MIDATL,PEP,PEPCO,3218.887,True
8/8/2025 1:00:00 AM,8/7/2025 9:00:00 PM,RFC,MIDATL,PEP,PEPCO,3135.041,True
8/8/2025 2:00:00 AM,8/7/2025 10:00:00 PM,RFC,MIDATL,PEP,PEPCO,2930.093,True
8/8/2025 3:00:00 AM,8/7/2025 11:00:00 PM,RFC,MIDATL,PEP,PEPCO,2693.845,True
8/8/2025 4:00:00 AM,8/8/2025 12:00:00 AM,RFC,MIDATL,PEP,PEPCO,2519.992,True
8/8/2025 5:00:00 AM,8/8/2025 1:00:00 AM,RFC,MIDATL,PEP,PEPCO,2330.879,True
8/8/2025 6:00:00 AM,8/8/2025 2:00:00 AM,RFC,MIDATL,PEP,PEPCO,2295.486,True
8/8/2025 7:00:00 AM,8/8/2025 3:00:00 AM,RFC,MIDATL,PEP,PEPCO,2200.798,True
8/8/2025 8:00:00 AM,8/8/2025 4:00:00 AM,RFC,MIDATL,PEP,PEPCO,2252.446,True
8/8/2025 9:00:00 AM,8/8/2025 5:00:00 AM,RFC,MIDATL,PEP,PEPCO,2384.591,True
8/8/2025 10:00:00 AM,8/8/2025 6:00:00 AM,RFC,MIDATL,PEP,PEPCO,2558.618,True
8/8/2025 11:00:00 AM,8/8/2025 7:00:00 AM,RFC,MIDATL,PEP,PEPCO,2697.543,True
8/8/2025 12:00:00 PM,8/8/2025 8:00:00 AM,RFC,MIDATL,PEP,PEPCO,2766.528,True
8/8/2025 1:00:00 PM,8/8/2025 9:00:00 AM,RFC,MIDATL,PEP,PEPCO,2844.173,True
8/8/2025 2:00:00 PM,8/8/2025 10:00:00 AM,RFC,MIDATL,PEP,PEPCO,2900.223,True
8/8/2025 3:00:00 PM,8/8/2025 11:00:00 AM,RFC,MIDATL,PEP,PEPCO,2967.032,True
8/8/2025 4:00:00 PM,8/8/2025 12:00:00 PM,RFC,MIDATL,PEP,PEPCO,3017.193,True
8/8/2025 5:00:00 PM,8/8/2025 1:00:00 PM,RFC,MIDATL,PEP,PEPCO,3083.288,True
8/8/2025 6:00:00 PM,8/8/2025 2:00:00 PM,RFC,MIDATL,PEP,PEPCO,3188.766,True
8/8/2025 7:00:00 PM,8/8/2025 3:00:00 PM,RFC,MIDATL,PEP,PEPCO,3310.388,True
8/8/2025 8:00:00 PM,8/8/2025 4:00:00 PM,RFC,MIDATL,PEP,PEPCO,3402.322,True
8/8/2025 9:00:00 PM,8/8/2025 5:00:00 PM,RFC,MIDATL,PEP,PEPCO,3484.409,True
8/8/2025 10:00:00 PM,8/8/2025 6:00:00 PM,RFC,MIDATL,PEP,PEPCO,3428.154,True
8/8/2025 11:00:00 PM,8/8/2025 7:00:00 PM,RFC,MIDATL,PEP,PEPCO,3299.826,True
8/9/2025 12:00:00 AM,8/8/2025 8:00:00 PM,RFC,MIDATL,PEP,PEPCO,3126.617,True
8/9/2025 1:00:00 AM,8/8/2025 9:00:00 PM,RFC,MIDATL,PEP,PEPCO,3008.354,True
8/9/2025 2:00:00 AM,8/8/2025 10:00:00 PM,RFC,MIDATL,PEP,PEPCO,2835.743,True
8/9/2025 3:00:00 AM,8/8/2025 11:00:00 PM,RFC,MIDATL,PEP,PEPCO,2654.072,True
8/9/2025 4:00:00 AM,8/9/2025 12:00:00 AM,RFC,MIDATL,PEP,PEPCO,2469.441,True
8/9/2025 5:00:00 AM,8/9/2025 1:00:00 AM,RFC,MIDATL,PEP,PEPCO,2350.097,True
8/9/2025 6:00:00 AM,8/9/2025 2:00:00 AM,RFC,MIDATL,PEP,PEPCO,2228.673,True
8/9/2025 7:00:00 AM,8/9/2025 3:00:00 AM,RFC,MIDATL,PEP,PEPCO,2132.134,True
8/9/2025 8:00:00 AM,8/9/2025 4:00:00 AM,RFC,MIDATL,PEP,PEPCO,2103.417,True
8/9/2025 9:00:00 AM,8/9/2025 5:00:00 AM,RFC,MIDATL,PEP,PEPCO,2124.109,True
8/9/2025 10:00:00 AM,8/9/2025 6:00:00 AM,RFC,MIDATL,PEP,PEPCO,2168.553,True
8/9/2025 11:00:00 AM,8/9/2025 7:00:00 AM,RFC,MIDATL,PEP,PEPCO,2234.115,True
8/9/2025 12:00:00 PM,8/9/2025 8:00:00 AM,RFC,MIDATL,PEP,PEPCO,2369.110,True
8/9/2025 1:00:00 PM,8/9/2025 9:00:00 AM,RFC,MIDATL,PEP,PEPCO,2417.216,True
8/9/2025 2:00:00 PM,8/9/2025 10:00:00 AM,RFC,MIDATL,PEP,PEPCO,2514.327,True
8/9/2025 3:00:00 PM,8/9/2025 11:00:00 AM,RFC,MIDATL,PEP,PEPCO,2615.414,True
8/9/2025 4:00:00 PM,8/9/2025 12:00:00 PM,RFC,MIDATL,PEP,PEPCO,2660.583,True
8/9/2025 5:00:00 PM,8/9/2025 1:00:00 PM,RFC,MIDATL,PEP,PEPCO,2725.006,True
8/9/2025 6:00:00 PM,8/9/2025 2:00:00 PM,RFC,MIDATL,PEP,PEPCO,2793.140,True
8/9/2025 7:00:00 PM,8/9/2025 3:00:00 PM,RFC,MIDATL,PEP,PEPCO,2911.166,True
8/9/2025 8:00:00 PM,8/9/2025 4:00:00 PM,RFC,MIDATL,PEP,PEPCO,3023.266,True
8/9/2025 9:00:00 PM,8/9/2025 5:00:00 PM,RFC,MIDATL,PEP,PEPCO,3137.154,True
8/9/2025 10:00:00 PM,8/9/2025 6:00:00 PM,RFC,MIDATL,PEP,PEPCO,3173.600,True
8/9/2025 11:00:00 PM,8/9/2025 7:00:00 PM,RFC,MIDATL,PEP,PEPCO,3088.136,True
8/10/2025 12:00:00 AM,8/9/2025 8:00:00 PM,RFC,MIDATL,PEP,PEPCO,2993.449,True
8/10/2025 1:00:00 AM,8/9/2025 9:00:00 PM,RFC,MIDATL,PEP,PEPCO,2870.833,True
8/10/2025 2:00:00 AM,8/9/2025 10:00:00 PM,RFC,MIDATL,PEP,PEPCO,2720.799,True
8/10/2025 3:00:00 AM,8/9/2025 11:00:00 PM,RFC,MIDATL,PEP,PEPCO,2559.362,True
8/10/2025 4:00:00 AM,8/10/2025 12:00:00 AM,RFC,MIDATL,PEP,PEPCO,2348.350,True
8/10/2025 5:00:00 AM,8/10/2025 1:00:00 AM,RFC,MIDATL,PEP,PEPCO,2270.057,True
8/10/2025 6:00:00 AM,8/10/2025 2:00:00 AM,RFC,MIDATL,PEP,PEPCO,2152.731,True
8/10/2025 7:00:00 AM,8/10/2025 3:00:00 AM,RFC,MIDATL,PEP,PEPCO,2090.690,True
8/10/2025 8:00:00 AM,8/10/2025 4:00:00 AM,RFC,MIDATL,PEP,PEPCO,2055.082,True
8/10/2025 9:00:00 AM,8/10/2025 5:00:00 AM,RFC,MIDATL,PEP,PEPCO,2040.720,True
8/10/2025 10:00:00 AM,8/10/2025 6:00:00 AM,RFC,MIDATL,PEP,PEPCO,2085.768,True
8/10/2025 11:00:00 AM,8/10/2025 7:00:00 AM,RFC,MIDATL,PEP,PEPCO,2142.176,True
8/10/2025 12:00:00 PM,8/10/2025 8:00:00 AM,RFC,MIDATL,PEP,PEPCO,2178.755,True
8/10/2025 1:00:00 PM,8/10/2025 9:00:00 AM,RFC,MIDATL,PEP,PEPCO,2336.510,True
8/10/2025 2:00:00 PM,8/10/2025 10:00:00 AM,RFC,MIDATL,PEP,PEPCO,2422.838,True
8/10/2025 3:00:00 PM,8/10/2025 11:00:00 AM,RFC,MIDATL,PEP,PEPCO,2520.351,True
8/10/2025 4:00:00 PM,8/10/2025 12:00:00 PM,RFC,MIDATL,PEP,PEPCO,2645.688,True
8/10/2025 5:00:00 PM,8/10/2025 1:00:00 PM,RFC,MIDATL,PEP,PEPCO,2787.764,True
8/10/2025 6:00:00 PM,8/10/2025 2:00:00 PM,RFC,MIDATL,PEP,PEPCO,2940.281,True
8/10/2025 7:00:00 PM,8/10/2025 3:00:00 PM,RFC,MIDATL,PEP,PEPCO,3128.036,True
8/10/2025 8:00:00 PM,8/10/2025 4:00:00 PM,RFC,MIDATL,PEP,PEPCO,3317.202,True
8/10/2025 9:00:00 PM,8/10/2025 5:00:00 PM,RFC,MIDATL,PEP,PEPCO,3399.540,True
8/10/2025 10:00:00 PM,8/10/2025 6:00:00 PM,RFC,MIDATL,PEP,PEPCO,3489.042,True
8/10/2025 11:00:00 PM,8/10/2025 7:00:00 PM,RFC,MIDATL,PEP,PEPCO,3401.288,True
8/11/2025 12:00:00 AM,8/10/2025 8:00:00 PM,RFC,MIDATL,PEP,PEPCO,3265.614,True
8/11/2025 1:00:00 AM,8/10/2025 9:00:00 PM,RFC,MIDATL,PEP,PEPCO,3173.862,True
8/11/2025 2:00:00 AM,8/10/2025 10:00:00 PM,RFC,MIDATL,PEP,PEPCO,2951.646,True
8/11/2025 3:00:00 AM,8/10/2025 11:00:00 PM,RFC,MIDATL,PEP,PEPCO,2732.247,True
8/11/2025 4:00:00 AM,8/11/2025 12:00:00 AM,RFC,MIDATL,PEP,PEPCO,2529.874,True
8/11/2025 5:00:00 AM,8/11/2025 1:00:00 AM,RFC,MIDATL,PEP,PEPCO,2416.217,True
8/11/2025 6:00:00 AM,8/11/2025 2:00:00 AM,RFC,MIDATL,PEP,PEPCO,2312.143,True
8/11/2025 7:00:00 AM,8/11/2025 3:00:00 AM,RFC,MIDATL,PEP,PEPCO,2336.824,True
8/11/2025 8:00:00 AM,8/11/2025 4:00:00 AM,RFC,MIDATL,PEP,PEPCO,2377.343,True
8/11/2025 9:00:00 AM,8/11/2025 5:00:00 AM,RFC,MIDATL,PEP,PEPCO,2562.135,True
8/11/2025 10:00:00 AM,8/11/2025 6:00:00 AM,RFC,MIDATL,PEP,PEPCO,2778.673,True
8/11/2025 11:00:00 AM,8/11/2025 7:00:00 AM,RFC,MIDATL,PEP,PEPCO,2895.314,True
8/11/2025 12:00:00 PM,8/11/2025 8:00:00 AM,RFC,MIDATL,PEP,PEPCO,3002.326,True
8/11/2025 1:00:00 PM,8/11/2025 9:00:00 AM,RFC,MIDATL,PEP,PEPCO,3114.938,True
8/11/2025 2:00:00 PM,8/11/2025 10:00:00 AM,RFC,MIDATL,PEP,PEPCO,3149.754,True
8/11/2025 3:00:00 PM,8/11/2025 11:00:00 AM,RFC,MIDATL,PEP,PEPCO,3280.242,True
8/11/2025 4:00:00 PM,8/11/2025 12:00:00 PM,RFC,MIDATL,PEP,PEPCO,3472.757,True
8/11/2025 5:00:00 PM,8/11/2025 1:00:00 PM,RFC,MIDATL,PEP,PEPCO,3623.262,True
8/11/2025 6:00:00 PM,8/11/2025 2:00:00 PM,RFC,MIDATL,PEP,PEPCO,3744.987,True
8/11/2025 7:00:00 PM,8/11/2025 3:00:00 PM,RFC,MIDATL,PEP,PEPCO,3826.521,True
8/11/2025 8:00:00 PM,8/11/2025 4:00:00 PM,RFC,MIDATL,PEP,PEPCO,4012.592,True
8/11/2025 9:00:00 PM,8/11/2025 5:00:00 PM,RFC,MIDATL,PEP,PEPCO,4058.778,True
8/11/2025 10:00:00 PM,8/11/2025 6:00:00 PM,RFC,MIDATL,PEP,PEPCO,4016.612,True
8/11/2025 11:00:00 PM,8/11/2025 7:00:00 PM,RFC,MIDATL,PEP,PEPCO,3898.966,True
8/12/2025 12:00:00 AM,8/11/2025 8:00:00 PM,RFC,MIDATL,PEP,PEPCO,3704.983,True
8/12/2025 1:00:00 AM,8/11/2025 9:00:00 PM,RFC,MIDATL,PEP,PEPCO,3561.367,True
8/12/2025 2:00:00 AM,8/11/2025 10:00:00 PM,RFC,MIDATL,PEP,PEPCO,3321.729,True
8/12/2025 3:00:00 AM,8/11/2025 11:00:00 PM,RFC,MIDATL,PEP,PEPCO,3093.397,True
8/12/2025 4:00:00 AM,8/12/2025 12:00:00 AM,RFC,MIDATL,PEP,PEPCO,2932.097,True
8/12/2025 5:00:00 AM,8/12/2025 1:00:00 AM,RFC,MIDATL,PEP,PEPCO,2746.432,True
8/12/2025 6:00:00 AM,8/12/2025 2:00:00 AM,RFC,MIDATL,PEP,PEPCO,2636.144,True
8/12/2025 7:00:00 AM,8/12/2025 3:00:00 AM,RFC,MIDATL,PEP,PEPCO,2606.358,True
8/12/2025 8:00:00 AM,8/12/2025 4:00:00 AM,RFC,MIDATL,PEP,PEPCO,2607.440,True
8/12/2025 9:00:00 AM,8/12/2025 5:00:00 AM,RFC,MIDATL,PEP,PEPCO,2840.258,True
8/12/2025 10:00:00 AM,8/12/2025 6:00:00 AM,RFC,MIDATL,PEP,PEPCO,3043.083,True
8/12/2025 11:00:00 AM,8/12/2025 7:00:00 AM,RFC,MIDATL,PEP,PEPCO,3202.835,True
8/12/2025 12:00:00 PM,8/12/2025 8:00:00 AM,RFC,MIDATL,PEP,PEPCO,3291.450,True
8/12/2025 1:00:00 PM,8/12/2025 9:00:00 AM,RFC,MIDATL,PEP,PEPCO,3380.331,True
8/12/2025 2:00:00 PM,8/12/2025 10:00:00 AM,RFC,MIDATL,PEP,PEPCO,3521.363,True
8/12/2025 3:00:00 PM,8/12/2025 11:00:00 AM,RFC,MIDATL,PEP,PEPCO,3668.971,True
8/12/2025 4:00:00 PM,8/12/2025 12:00:00 PM,RFC,MIDATL,PEP,PEPCO,3865.363,True
8/12/2025 5:00:00 PM,8/12/2025 1:00:00 PM,RFC,MIDATL,PEP,PEPCO,4081.754,True
8/12/2025 6:00:00 PM,8/12/2025 2:00:00 PM,RFC,MIDATL,PEP,PEPCO,4196.564,True
8/12/2025 7:00:00 PM,8/12/2025 3:00:00 PM,RFC,MIDATL,PEP,PEPCO,4355.645,True
8/12/2025 8:00:00 PM,8/12/2025 4:00:00 PM,RFC,MIDATL,PEP,PEPCO,4403.892,True
8/12/2025 9:00:00 PM,8/12/2025 5:00:00 PM,RFC,MIDATL,PEP,PEPCO,4397.124,True
8/12/2025 10:00:00 PM,8/12/2025 6:00:00 PM,RFC,MIDATL,PEP,PEPCO,4272.684,True
8/12/2025 11:00:00 PM,8/12/2025 7:00:00 PM,RFC,MIDATL,PEP,PEPCO,4193.243,True
8/13/2025 12:00:00 AM,8/12/2025 8:00:00 PM,RFC,MIDATL,PEP,PEPCO,4028.476,True
8/13/2025 1:00:00 AM,8/12/2025 9:00:00 PM,RFC,MIDATL,PEP,PEPCO,3795.801,True
8/13/2025 2:00:00 AM,8/12/2025 10:00:00 PM,RFC,MIDATL,PEP,PEPCO,3577.967,True
8/13/2025 3:00:00 AM,8/12/2025 11:00:00 PM,RFC,MIDATL,PEP,PEPCO,3345.809,True
8/13/2025 4:00:00 AM,8/13/2025 12:00:00 AM,RFC,MIDATL,PEP,PEPCO,3108.602,True
8/13/2025 5:00:00 AM,8/13/2025 1:00:00 AM,RFC,MIDATL,PEP,PEPCO,2946.079,True
8/13/2025 6:00:00 AM,8/13/2025 2:00:00 AM,RFC,MIDATL,PEP,PEPCO,2829.162,True
8/13/2025 7:00:00 AM,8/13/2025 3:00:00 AM,RFC,MIDATL,PEP,PEPCO,2780.135,True
8/13/2025 8:00:00 AM,8/13/2025 4:00:00 AM,RFC,MIDATL,PEP,PEPCO,2814.510,True
8/13/2025 9:00:00 AM,8/13/2025 5:00:00 AM,RFC,MIDATL,PEP,PEPCO,3007.881,True
8/13/2025 10:00:00 AM,8/13/2025 6:00:00 AM,RFC,MIDATL,PEP,PEPCO,3205.407,True
8/13/2025 11:00:00 AM,8/13/2025 7:00:00 AM,RFC,MIDATL,PEP,PEPCO,3395.854,True
8/13/2025 12:00:00 PM,8/13/2025 8:00:00 AM,RFC,MIDATL,PEP,PEPCO,3512.787,True
8/13/2025 1:00:00 PM,8/13/2025 9:00:00 AM,RFC,MIDATL,PEP,PEPCO,3601.533,True
8/13/2025 2:00:00 PM,8/13/2025 10:00:00 AM,RFC,MIDATL,PEP,PEPCO,3717.839,True
8/13/2025 3:00:00 PM,8/13/2025 11:00:00 AM,RFC,MIDATL,PEP,PEPCO,3815.867,True
8/13/2025 4:00:00 PM,8/13/2025 12:00:00 PM,RFC,MIDATL,PEP,PEPCO,3949.709,True
8/13/2025 5:00:00 PM,8/13/2025 1:00:00 PM,RFC,MIDATL,PEP,PEPCO,3970.158,True
8/13/2025 6:00:00 PM,8/13/2025 2:00:00 PM,RFC,MIDATL,PEP,PEPCO,4133.781,True
8/13/2025 7:00:00 PM,8/13/2025 3:00:00 PM,RFC,MIDATL,PEP,PEPCO,4306.802,True
8/13/2025 8:00:00 PM,8/13/2025 4:00:00 PM,RFC,MIDATL,PEP,PEPCO,4244.541,True
8/13/2025 9:00:00 PM,8/13/2025 5:00:00 PM,RFC,MIDATL,PEP,PEPCO,4021.987,True
8/13/2025 10:00:00 PM,8/13/2025 6:00:00 PM,RFC,MIDATL,PEP,PEPCO,3796.327,True
8/13/2025 11:00:00 PM,8/13/2025 7:00:00 PM,RFC,MIDATL,PEP,PEPCO,3699.140,True
8/14/2025 12:00:00 AM,8/13/2025 8:00:00 PM,RFC,MIDATL,PEP,PEPCO,3633.226,True
8/14/2025 1:00:00 AM,8/13/2025 9:00:00 PM,RFC,MIDATL,PEP,PEPCO,3545.797,True
8/14/2025 2:00:00 AM,8/13/2025 10:00:00 PM,RFC,MIDATL,PEP,PEPCO,3355.568,True
8/14/2025 3:00:00 AM,8/13/2025 11:00:00 PM,RFC,MIDATL,PEP,PEPCO,3132.816,True
8/14/2025 4:00:00 AM,8/14/2025 12:00:00 AM,RFC,MIDATL,PEP,PEPCO,2925.013,True
8/14/2025 5:00:00 AM,8/14/2025 1:00:00 AM,RFC,MIDATL,PEP,PEPCO,2797.601,True
8/14/2025 6:00:00 AM,8/14/2025 2:00:00 AM,RFC,MIDATL,PEP,PEPCO,2681.075,True
8/14/2025 7:00:00 AM,8/14/2025 3:00:00 AM,RFC,MIDATL,PEP,PEPCO,2642.588,True
8/14/2025 8:00:00 AM,8/14/2025 4:00:00 AM,RFC,MIDATL,PEP,PEPCO,2640.218,True
8/14/2025 9:00:00 AM,8/14/2025 5:00:00 AM,RFC,MIDATL,PEP,PEPCO,2841.800,True
8/14/2025 10:00:00 AM,8/14/2025 6:00:00 AM,RFC,MIDATL,PEP,PEPCO,3023.759,True
8/14/2025 11:00:00 AM,8/14/2025 7:00:00 AM,RFC,MIDATL,PEP,PEPCO,3197.138,True
8/14/2025 12:00:00 PM,8/14/2025 8:00:00 AM,RFC,MIDATL,PEP,PEPCO,3340.922,True
8/14/2025 1:00:00 PM,8/14/2025 9:00:00 AM,RFC,MIDATL,PEP,PEPCO,3475.436,True
8/14/2025 2:00:00 PM,8/14/2025 10:00:00 AM,RFC,MIDATL,PEP,PEPCO,3654.177,True
8/14/2025 3:00:00 PM,8/14/2025 11:00:00 AM,RFC,MIDATL,PEP,PEPCO,3846.158,True
8/14/2025 4:00:00 PM,8/14/2025 12:00:00 PM,RFC,MIDATL,PEP,PEPCO,4039.961,True
8/14/2025 5:00:00 PM,8/14/2025 1:00:00 PM,RFC,MIDATL,PEP,PEPCO,4191.190,True
8/14/2025 6:00:00 PM,8/14/2025 2:00:00 PM,RFC,MIDATL,PEP,PEPCO,4180.353,True
8/14/2025 7:00:00 PM,8/14/2025 3:00:00 PM,RFC,MIDATL,PEP,PEPCO,4351.587,True
8/14/2025 8:00:00 PM,8/14/2025 4:00:00 PM,RFC,MIDATL,PEP,PEPCO,4283.191,True
8/14/2025 9:00:00 PM,8/14/2025 5:00:00 PM,RFC,MIDATL,PEP,PEPCO,4080.312,True
8/14/2025 10:00:00 PM,8/14/2025 6:00:00 PM,RFC,MIDATL,PEP,PEPCO,4002.785,True
8/14/2025 11:00:00 PM,8/14/2025 7:00:00 PM,RFC,MIDATL,PEP,PEPCO,3883.451,True
8/15/2025 12:00:00 AM,8/14/2025 8:00:00 PM,RFC,MIDATL,PEP,PEPCO,3766.554,True
8/15/2025 1:00:00 AM,8/14/2025 9:00:00 PM,RFC,MIDATL,PEP,PEPCO,3632.085,True
8/15/2025 2:00:00 AM,8/14/2025 10:00:00 PM,RFC,MIDATL,PEP,PEPCO,3390.992,True
8/15/2025 3:00:00 AM,8/14/2025 11:00:00 PM,RFC,MIDATL,PEP,PEPCO,3183.379,True
8/15/2025 4:00:00 AM,8/15/2025 12:00:00 AM,RFC,MIDATL,PEP,PEPCO,2998.577,True
8/15/2025 5:00:00 AM,8/15/2025 1:00:00 AM,RFC,MIDATL,PEP,PEPCO,2819.632,True
8/15/2025 6:00:00 AM,8/15/2025 2:00:00 AM,RFC,MIDATL,PEP,PEPCO,2695.127,True
8/15/2025 7:00:00 AM,8/15/2025 3:00:00 AM,RFC,MIDATL,PEP,PEPCO,2645.701,True
8/15/2025 8:00:00 AM,8/15/2025 4:00:00 AM,RFC,MIDATL,PEP,PEPCO,2683.107,True
8/15/2025 9:00:00 AM,8/15/2025 5:00:00 AM,RFC,MIDATL,PEP,PEPCO,2832.192,True
8/15/2025 10:00:00 AM,8/15/2025 6:00:00 AM,RFC,MIDATL,PEP,PEPCO,3063.621,True
8/15/2025 11:00:00 AM,8/15/2025 7:00:00 AM,RFC,MIDATL,PEP,PEPCO,3215.807,True
8/15/2025 12:00:00 PM,8/15/2025 8:00:00 AM,RFC,MIDATL,PEP,PEPCO,3388.954,True
8/15/2025 1:00:00 PM,8/15/2025 9:00:00 AM,RFC,MIDATL,PEP,PEPCO,3554.798,True
8/15/2025 2:00:00 PM,8/15/2025 10:00:00 AM,RFC,MIDATL,PEP,PEPCO,3793.027,True
8/15/2025 3:00:00 PM,8/15/2025 11:00:00 AM,RFC,MIDATL,PEP,PEPCO,3935.401,True
8/15/2025 4:00:00 PM,8/15/2025 12:00:00 PM,RFC,MIDATL,PEP,PEPCO,3992.914,True
8/15/2025 5:00:00 PM,8/15/2025 1:00:00 PM,RFC,MIDATL,PEP,PEPCO,4106.041,True
8/15/2025 6:00:00 PM,8/15/2025 2:00:00 PM,RFC,MIDATL,PEP,PEPCO,4187.163,True
8/15/2025 7:00:00 PM,8/15/2025 3:00:00 PM,RFC,MIDATL,PEP,PEPCO,4275.506,True
8/15/2025 8:00:00 PM,8/15/2025 4:00:00 PM,RFC,MIDATL,PEP,PEPCO,4362.283,True
8/15/2025 9:00:00 PM,8/15/2025 5:00:00 PM,RFC,MIDATL,PEP,PEPCO,4307.598,True
8/15/2025 10:00:00 PM,8/15/2025 6:00:00 PM,RFC,MIDATL,PEP,PEPCO,4203.927,True
8/15/2025 11:00:00 PM,8/15/2025 7:00:00 PM,RFC,MIDATL,PEP,PEPCO,4048.459,True
8/16/2025 12:00:00 AM,8/15/2025 8:00:00 PM,RFC,MIDATL,PEP,PEPCO,3928.236,True
8/16/2025 1:00:00 AM,8/15/2025 9:00:00 PM,RFC,MIDATL,PEP,PEPCO,3784.673,True
8/16/2025 2:00:00 AM,8/15/2025 10:00:00 PM,RFC,MIDATL,PEP,PEPCO,3587.853,True
8/16/2025 3:00:00 AM,8/15/2025 11:00:00 PM,RFC,MIDATL,PEP,PEPCO,3393.120,True
8/16/2025 4:00:00 AM,8/16/2025 12:00:00 AM,RFC,MIDATL,PEP,PEPCO,3168.286,True
8/16/2025 5:00:00 AM,8/16/2025 1:00:00 AM,RFC,MIDATL,PEP,PEPCO,3018.751,True
8/16/2025 6:00:00 AM,8/16/2025 2:00:00 AM,RFC,MIDATL,PEP,PEPCO,2877.591,True
8/16/2025 7:00:00 AM,8/16/2025 3:00:00 AM,RFC,MIDATL,PEP,PEPCO,2725.379,True
8/16/2025 8:00:00 AM,8/16/2025 4:00:00 AM,RFC,MIDATL,PEP,PEPCO,2724.497,True
8/16/2025 9:00:00 AM,8/16/2025 5:00:00 AM,RFC,MIDATL,PEP,PEPCO,2735.953,True
8/16/2025 10:00:00 AM,8/16/2025 6:00:00 AM,RFC,MIDATL,PEP,PEPCO,2788.182,True
8/16/2025 11:00:00 AM,8/16/2025 7:00:00 AM,RFC,MIDATL,PEP,PEPCO,2855.215,True
8/16/2025 12:00:00 PM,8/16/2025 8:00:00 AM,RFC,MIDATL,PEP,PEPCO,2990.753,True
8/16/2025 1:00:00 PM,8/16/2025 9:00:00 AM,RFC,MIDATL,PEP,PEPCO,3123.864,True
8/16/2025 2:00:00 PM,8/16/2025 10:00:00 AM,RFC,MIDATL,PEP,PEPCO,3240.305,True
8/16/2025 3:00:00 PM,8/16/2025 11:00:00 AM,RFC,MIDATL,PEP,PEPCO,3333.286,True
8/16/2025 4:00:00 PM,8/16/2025 12:00:00 PM,RFC,MIDATL,PEP,PEPCO,3497.182,True
8/16/2025 5:00:00 PM,8/16/2025 1:00:00 PM,RFC,MIDATL,PEP,PEPCO,3632.307,True
8/16/2025 6:00:00 PM,8/16/2025 2:00:00 PM,RFC,MIDATL,PEP,PEPCO,3754.524,True
8/16/2025 7:00:00 PM,8/16/2025 3:00:00 PM,RFC,MIDATL,PEP,PEPCO,3849.380,True
8/16/2025 8:00:00 PM,8/16/2025 4:00:00 PM,RFC,MIDATL,PEP,PEPCO,3985.785,True
8/16/2025 9:00:00 PM,8/16/2025 5:00:00 PM,RFC,MIDATL,PEP,PEPCO,4038.719,True
8/16/2025 10:00:00 PM,8/16/2025 6:00:00 PM,RFC,MIDATL,PEP,PEPCO,4029.171,True
8/16/2025 11:00:00 PM,8/16/2025 7:00:00 PM,RFC,MIDATL,PEP,PEPCO,3893.123,True
8/17/2025 12:00:00 AM,8/16/2025 8:00:00 PM,RFC,MIDATL,PEP,PEPCO,3844.534,True
8/17/2025 1:00:00 AM,8/16/2025 9:00:00 PM,RFC,MIDATL,PEP,PEPCO,3642.262,True
8/17/2025 2:00:00 AM,8/16/2025 10:00:00 PM,RFC,MIDATL,PEP,PEPCO,3440.968,True
8/17/2025 3:00:00 AM,8/16/2025 11:00:00 PM,RFC,MIDATL,PEP,PEPCO,3240.228,True
8/17/2025 4:00:00 AM,8/17/2025 12:00:00 AM,RFC,MIDATL,PEP,PEPCO,3078.073,True
8/17/2025 5:00:00 AM,8/17/2025 1:00:00 AM,RFC,MIDATL,PEP,PEPCO,2935.357,True
8/17/2025 6:00:00 AM,8/17/2025 2:00:00 AM,RFC,MIDATL,PEP,PEPCO,2770.877,True
8/17/2025 7:00:00 AM,8/17/2025 3:00:00 AM,RFC,MIDATL,PEP,PEPCO,2696.494,True
8/17/2025 8:00:00 AM,8/17/2025 4:00:00 AM,RFC,MIDATL,PEP,PEPCO,2648.724,True
8/17/2025 9:00:00 AM,8/17/2025 5:00:00 AM,RFC,MIDATL,PEP,PEPCO,2631.327,True
8/17/2025 10:00:00 AM,8/17/2025 6:00:00 AM,RFC,MIDATL,PEP,PEPCO,2626.196,True
8/17/2025 11:00:00 AM,8/17/2025 7:00:00 AM,RFC,MIDATL,PEP,PEPCO,2713.923,True
8/17/2025 12:00:00 PM,8/17/2025 8:00:00 AM,RFC,MIDATL,PEP,PEPCO,2827.381,True
8/17/2025 1:00:00 PM,8/17/2025 9:00:00 AM,RFC,MIDATL,PEP,PEPCO,3008.092,True
8/17/2025 2:00:00 PM,8/17/2025 10:00:00 AM,RFC,MIDATL,PEP,PEPCO,3189.229,True
8/17/2025 3:00:00 PM,8/17/2025 11:00:00 AM,RFC,MIDATL,PEP,PEPCO,3412.982,True
8/17/2025 4:00:00 PM,8/17/2025 12:00:00 PM,RFC,MIDATL,PEP,PEPCO,3654.321,True
8/17/2025 5:00:00 PM,8/17/2025 1:00:00 PM,RFC,MIDATL,PEP,PEPCO,3861.608,True
8/17/2025 6:00:00 PM,8/17/2025 2:00:00 PM,RFC,MIDATL,PEP,PEPCO,4023.896,True
8/17/2025 7:00:00 PM,8/17/2025 3:00:00 PM,RFC,MIDATL,PEP,PEPCO,4163.900,True
8/17/2025 8:00:00 PM,8/17/2025 4:00:00 PM,RFC,MIDATL,PEP,PEPCO,4338.682,True
8/17/2025 9:00:00 PM,8/17/2025 5:00:00 PM,RFC,MIDATL,PEP,PEPCO,4408.670,True
8/17/2025 10:00:00 PM,8/17/2025 6:00:00 PM,RFC,MIDATL,PEP,PEPCO,4331.340,True
8/17/2025 11:00:00 PM,8/17/2025 7:00:00 PM,RFC,MIDATL,PEP,PEPCO,4029.832,True
8/18/2025 12:00:00 AM,8/17/2025 8:00:00 PM,RFC,MIDATL,PEP,PEPCO,3803.167,True
8/18/2025 1:00:00 AM,8/17/2025 9:00:00 PM,RFC,MIDATL,PEP,PEPCO,3706.153,True
8/18/2025 2:00:00 AM,8/17/2025 10:00:00 PM,RFC,MIDATL,PEP,PEPCO,3470.956,True
8/18/2025 3:00:00 AM,8/17/2025 11:00:00 PM,RFC,MIDATL,PEP,PEPCO,3232.397,True
8/18/2025 4:00:00 AM,8/18/2025 12:00:00 AM,RFC,MIDATL,PEP,PEPCO,3000.649,True
8/18/2025 5:00:00 AM,8/18/2025 1:00:00 AM,RFC,MIDATL,PEP,PEPCO,2837.150,True
8/18/2025 6:00:00 AM,8/18/2025 2:00:00 AM,RFC,MIDATL,PEP,PEPCO,2740.011,True
8/18/2025 7:00:00 AM,8/18/2025 3:00:00 AM,RFC,MIDATL,PEP,PEPCO,2693.013,True
8/18/2025 8:00:00 AM,8/18/2025 4:00:00 AM,RFC,MIDATL,PEP,PEPCO,2777.179,True
8/18/2025 9:00:00 AM,8/18/2025 5:00:00 AM,RFC,MIDATL,PEP,PEPCO,2935.614,True
8/18/2025 10:00:00 AM,8/18/2025 6:00:00 AM,RFC,MIDATL,PEP,PEPCO,3115.502,True
8/18/2025 11:00:00 AM,8/18/2025 7:00:00 AM,RFC,MIDATL,PEP,PEPCO,3210.827,True
8/18/2025 12:00:00 PM,8/18/2025 8:00:00 AM,RFC,MIDATL,PEP,PEPCO,3268.003,True
8/18/2025 1:00:00 PM,8/18/2025 9:00:00 AM,RFC,MIDATL,PEP,PEPCO,3357.726,True
8/18/2025 2:00:00 PM,8/18/2025 10:00:00 AM,RFC,MIDATL,PEP,PEPCO,3390.150,True
8/18/2025 3:00:00 PM,8/18/2025 11:00:00 AM,RFC,MIDATL,PEP,PEPCO,3381.734,True
8/18/2025 4:00:00 PM,8/18/2025 12:00:00 PM,RFC,MIDATL,PEP,PEPCO,3351.512,True
8/18/2025 5:00:00 PM,8/18/2025 1:00:00 PM,RFC,MIDATL,PEP,PEPCO,3344.383,True
8/18/2025 6:00:00 PM,8/18/2025 2:00:00 PM,RFC,MIDATL,PEP,PEPCO,3269.622,True
8/18/2025 7:00:00 PM,8/18/2025 3:00:00 PM,RFC,MIDATL,PEP,PEPCO,3238.951,True
8/18/2025 8:00:00 PM,8/18/2025 4:00:00 PM,RFC,MIDATL,PEP,PEPCO,3192.666,True
8/18/2025 9:00:00 PM,8/18/2025 5:00:00 PM,RFC,MIDATL,PEP,PEPCO,3171.995,True
8/18/2025 10:00:00 PM,8/18/2025 6:00:00 PM,RFC,MIDATL,PEP,PEPCO,3048.906,True
8/18/2025 11:00:00 PM,8/18/2025 7:00:00 PM,RFC,MIDATL,PEP,PEPCO,3017.922,True
8/19/2025 12:00:00 AM,8/18/2025 8:00:00 PM,RFC,MIDATL,PEP,PEPCO,2969.950,True
8/19/2025 1:00:00 AM,8/18/2025 9:00:00 PM,RFC,MIDATL,PEP,PEPCO,2907.803,True
8/19/2025 2:00:00 AM,8/18/2025 10:00:00 PM,RFC,MIDATL,PEP,PEPCO,2710.415,True
8/19/2025 3:00:00 AM,8/18/2025 11:00:00 PM,RFC,MIDATL,PEP,PEPCO,2578.794,True
8/19/2025 4:00:00 AM,8/19/2025 12:00:00 AM,RFC,MIDATL,PEP,PEPCO,2409.490,True
8/19/2025 5:00:00 AM,8/19/2025 1:00:00 AM,RFC,MIDATL,PEP,PEPCO,2291.891,True
8/19/2025 6:00:00 AM,8/19/2025 2:00:00 AM,RFC,MIDATL,PEP,PEPCO,2234.817,True
8/19/2025 7:00:00 AM,8/19/2025 3:00:00 AM,RFC,MIDATL,PEP,PEPCO,2172.560,True
8/19/2025 8:00:00 AM,8/19/2025 4:00:00 AM,RFC,MIDATL,PEP,PEPCO,2243.941,True
8/19/2025 9:00:00 AM,8/19/2025 5:00:00 AM,RFC,MIDATL,PEP,PEPCO,2417.444,True
8/19/2025 10:00:00 AM,8/19/2025 6:00:00 AM,RFC,MIDATL,PEP,PEPCO,2639.278,True
8/19/2025 11:00:00 AM,8/19/2025 7:00:00 AM,RFC,MIDATL,PEP,PEPCO,2769.003,True
8/19/2025 12:00:00 PM,8/19/2025 8:00:00 AM,RFC,MIDATL,PEP,PEPCO,2840.083,True
8/19/2025 1:00:00 PM,8/19/2025 9:00:00 AM,RFC,MIDATL,PEP,PEPCO,2911.636,True
8/19/2025 2:00:00 PM,8/19/2025 10:00:00 AM,RFC,MIDATL,PEP,PEPCO,2922.411,True
8/19/2025 3:00:00 PM,8/19/2025 11:00:00 AM,RFC,MIDATL,PEP,PEPCO,3004.623,True
8/19/2025 4:00:00 PM,8/19/2025 12:00:00 PM,RFC,MIDATL,PEP,PEPCO,3005.706,True
8/19/2025 5:00:00 PM,8/19/2025 1:00:00 PM,RFC,MIDATL,PEP,PEPCO,3004.548,True
8/19/2025 6:00:00 PM,8/19/2025 2:00:00 PM,RFC,MIDATL,PEP,PEPCO,3031.628,True
8/19/2025 7:00:00 PM,8/19/2025 3:00:00 PM,RFC,MIDATL,PEP,PEPCO,3054.844,True
8/19/2025 8:00:00 PM,8/19/2025 4:00:00 PM,RFC,MIDATL,PEP,PEPCO,3083.310,True
8/19/2025 9:00:00 PM,8/19/2025 5:00:00 PM,RFC,MIDATL,PEP,PEPCO,3093.876,True
8/19/2025 10:00:00 PM,8/19/2025 6:00:00 PM,RFC,MIDATL,PEP,PEPCO,3020.551,True
8/19/2025 11:00:00 PM,8/19/2025 7:00:00 PM,RFC,MIDATL,PEP,PEPCO,2955.068,True
8/20/2025 12:00:00 AM,8/19/2025 8:00:00 PM,RFC,MIDATL,PEP,PEPCO,2954.889,True
8/20/2025 1:00:00 AM,8/19/2025 9:00:00 PM,RFC,MIDATL,PEP,PEPCO,2879.794,True
8/20/2025 2:00:00 AM,8/19/2025 10:00:00 PM,RFC,MIDATL,PEP,PEPCO,2690.939,True
8/20/2025 3:00:00 AM,8/19/2025 11:00:00 PM,RFC,MIDATL,PEP,PEPCO,2548.934,True
8/20/2025 4:00:00 AM,8/20/2025 12:00:00 AM,RFC,MIDATL,PEP,PEPCO,2366.079,True
8/20/2025 5:00:00 AM,8/20/2025 1:00:00 AM,RFC,MIDATL,PEP,PEPCO,2262.059,True
8/20/2025 6:00:00 AM,8/20/2025 2:00:00 AM,RFC,MIDATL,PEP,PEPCO,2192.316,True
8/20/2025 7:00:00 AM,8/20/2025 3:00:00 AM,RFC,MIDATL,PEP,PEPCO,2167.256,True
8/20/2025 8:00:00 AM,8/20/2025 4:00:00 AM,RFC,MIDATL,PEP,PEPCO,2225.081,True
8/20/2025 9:00:00 AM,8/20/2025 5:00:00 AM,RFC,MIDATL,PEP,PEPCO,2408.080,True
8/20/2025 10:00:00 AM,8/20/2025 6:00:00 AM,RFC,MIDATL,PEP,PEPCO,2650.624,True
8/20/2025 11:00:00 AM,8/20/2025 7:00:00 AM,RFC,MIDATL,PEP,PEPCO,2799.455,True
8/20/2025 12:00:00 PM,8/20/2025 8:00:00 AM,RFC,MIDATL,PEP,PEPCO,2906.553,True
8/20/2025 1:00:00 PM,8/20/2025 9:00:00 AM,RFC,MIDATL,PEP,PEPCO,2966.327,True
8/20/2025 2:00:00 PM,8/20/2025 10:00:00 AM,RFC,MIDATL,PEP,PEPCO,3026.531,True
8/20/2025 3:00:00 PM,8/20/2025 11:00:00 AM,RFC,MIDATL,PEP,PEPCO,3079.241,True
8/20/2025 4:00:00 PM,8/20/2025 12:00:00 PM,RFC,MIDATL,PEP,PEPCO,3157.024,True
8/20/2025 5:00:00 PM,8/20/2025 1:00:00 PM,RFC,MIDATL,PEP,PEPCO,3247.226,True
8/20/2025 6:00:00 PM,8/20/2025 2:00:00 PM,RFC,MIDATL,PEP,PEPCO,3275.628,True
8/20/2025 7:00:00 PM,8/20/2025 3:00:00 PM,RFC,MIDATL,PEP,PEPCO,3365.969,True
8/20/2025 8:00:00 PM,8/20/2025 4:00:00 PM,RFC,MIDATL,PEP,PEPCO,3485.034,True
8/20/2025 9:00:00 PM,8/20/2025 5:00:00 PM,RFC,MIDATL,PEP,PEPCO,3570.736,True
8/20/2025 10:00:00 PM,8/20/2025 6:00:00 PM,RFC,MIDATL,PEP,PEPCO,3501.592,True
8/20/2025 11:00:00 PM,8/20/2025 7:00:00 PM,RFC,MIDATL,PEP,PEPCO,3400.985,True
8/21/2025 12:00:00 AM,8/20/2025 8:00:00 PM,RFC,MIDATL,PEP,PEPCO,3345.878,True
8/21/2025 1:00:00 AM,8/20/2025 9:00:00 PM,RFC,MIDATL,PEP,PEPCO,3254.173,True
8/21/2025 2:00:00 AM,8/20/2025 10:00:00 PM,RFC,MIDATL,PEP,PEPCO,3077.556,True
8/21/2025 3:00:00 AM,8/20/2025 11:00:00 PM,RFC,MIDATL,PEP,PEPCO,2844.096,True
8/21/2025 4:00:00 AM,8/21/2025 12:00:00 AM,RFC,MIDATL,PEP,PEPCO,2668.937,True
8/21/2025 5:00:00 AM,8/21/2025 1:00:00 AM,RFC,MIDATL,PEP,PEPCO,2519.614,True
8/21/2025 6:00:00 AM,8/21/2025 2:00:00 AM,RFC,MIDATL,PEP,PEPCO,2424.230,True
8/21/2025 7:00:00 AM,8/21/2025 3:00:00 AM,RFC,MIDATL,PEP,PEPCO,2339.231,True
8/21/2025 8:00:00 AM,8/21/2025 4:00:00 AM,RFC,MIDATL,PEP,PEPCO,2355.654,True
8/21/2025 9:00:00 AM,8/21/2025 5:00:00 AM,RFC,MIDATL,PEP,PEPCO,2465.288,True
8/21/2025 10:00:00 AM,8/21/2025 6:00:00 AM,RFC,MIDATL,PEP,PEPCO,2681.770,True
8/21/2025 11:00:00 AM,8/21/2025 7:00:00 AM,RFC,MIDATL,PEP,PEPCO,2783.001,True
8/21/2025 12:00:00 PM,8/21/2025 8:00:00 AM,RFC,MIDATL,PEP,PEPCO,2824.492,True
8/21/2025 1:00:00 PM,8/21/2025 9:00:00 AM,RFC,MIDATL,PEP,PEPCO,2849.194,True
8/21/2025 2:00:00 PM,8/21/2025 10:00:00 AM,RFC,MIDATL,PEP,PEPCO,2880.727,True
8/21/2025 3:00:00 PM,8/21/2025 11:00:00 AM,RFC,MIDATL,PEP,PEPCO,2910.314,True
8/21/2025 4:00:00 PM,8/21/2025 12:00:00 PM,RFC,MIDATL,PEP,PEPCO,2952.196,True
8/21/2025 5:00:00 PM,8/21/2025 1:00:00 PM,RFC,MIDATL,PEP,PEPCO,2955.826,True
8/21/2025 6:00:00 PM,8/21/2025 2:00:00 PM,RFC,MIDATL,PEP,PEPCO,2965.335,True
8/21/2025 7:00:00 PM,8/21/2025 3:00:00 PM,RFC,MIDATL,PEP,PEPCO,2991.121,True
8/21/2025 8:00:00 PM,8/21/2025 4:00:00 PM,RFC,MIDATL,PEP,PEPCO,2953.560,True
8/21/2025 9:00:00 PM,8/21/2025 5:00:00 PM,RFC,MIDATL,PEP,PEPCO,2921.592,True
8/21/2025 10:00:00 PM,8/21/2025 6:00:00 PM,RFC,MIDATL,PEP,PEPCO,2934.975,True
8/21/2025 11:00:00 PM,8/21/2025 7:00:00 PM,RFC,MIDATL,PEP,PEPCO,2895.003,True
8/22/2025 12:00:00 AM,8/21/2025 8:00:00 PM,RFC,MIDATL,PEP,PEPCO,2884.364,True
8/22/2025 1:00:00 AM,8/21/2025 9:00:00 PM,RFC,MIDATL,PEP,PEPCO,2809.770,True
8/22/2025 2:00:00 AM,8/21/2025 10:00:00 PM,RFC,MIDATL,PEP,PEPCO,2633.775,True
8/22/2025 3:00:00 AM,8/21/2025 11:00:00 PM,RFC,MIDATL,PEP,PEPCO,2473.484,True
8/22/2025 4:00:00 AM,8/22/2025 12:00:00 AM,RFC,MIDATL,PEP,PEPCO,2323.530,True
8/22/2025 5:00:00 AM,8/22/2025 1:00:00 AM,RFC,MIDATL,PEP,PEPCO,2218.653,True
8/22/2025 6:00:00 AM,8/22/2025 2:00:00 AM,RFC,MIDATL,PEP,PEPCO,2133.652,True
8/22/2025 7:00:00 AM,8/22/2025 3:00:00 AM,RFC,MIDATL,PEP,PEPCO,2115.184,True
8/22/2025 8:00:00 AM,8/22/2025 4:00:00 AM,RFC,MIDATL,PEP,PEPCO,2172.734,True
8/22/2025 9:00:00 AM,8/22/2025 5:00:00 AM,RFC,MIDATL,PEP,PEPCO,2320.080,True
8/22/2025 10:00:00 AM,8/22/2025 6:00:00 AM,RFC,MIDATL,PEP,PEPCO,2559.239,True
8/22/2025 11:00:00 AM,8/22/2025 7:00:00 AM,RFC,MIDATL,PEP,PEPCO,2660.959,True
8/22/2025 12:00:00 PM,8/22/2025 8:00:00 AM,RFC,MIDATL,PEP,PEPCO,2786.623,True
8/22/2025 1:00:00 PM,8/22/2025 9:00:00 AM,RFC,MIDATL,PEP,PEPCO,2831.945,True
8/22/2025 2:00:00 PM,8/22/2025 10:00:00 AM,RFC,MIDATL,PEP,PEPCO,2937.396,True
8/22/2025 3:00:00 PM,8/22/2025 11:00:00 AM,RFC,MIDATL,PEP,PEPCO,2938.325,True
8/22/2025 4:00:00 PM,8/22/2025 12:00:00 PM,RFC,MIDATL,PEP,PEPCO,2959.095,True
8/22/2025 5:00:00 PM,8/22/2025 1:00:00 PM,RFC,MIDATL,PEP,PEPCO,3048.538,True
8/22/2025 6:00:00 PM,8/22/2025 2:00:00 PM,RFC,MIDATL,PEP,PEPCO,3115.802,True
8/22/2025 7:00:00 PM,8/22/2025 3:00:00 PM,RFC,MIDATL,PEP,PEPCO,3237.020,True
8/22/2025 8:00:00 PM,8/22/2025 4:00:00 PM,RFC,MIDATL,PEP,PEPCO,3366.219,True
8/22/2025 9:00:00 PM,8/22/2025 5:00:00 PM,RFC,MIDATL,PEP,PEPCO,3443.646,True
8/22/2025 10:00:00 PM,8/22/2025 6:00:00 PM,RFC,MIDATL,PEP,PEPCO,3345.583,True
8/22/2025 11:00:00 PM,8/22/2025 7:00:00 PM,RFC,MIDATL,PEP,PEPCO,3180.821,True
8/23/2025 12:00:00 AM,8/22/2025 8:00:00 PM,RFC,MIDATL,PEP,PEPCO,3051.081,True
8/23/2025 1:00:00 AM,8/22/2025 9:00:00 PM,RFC,MIDATL,PEP,PEPCO,2889.492,True
8/23/2025 2:00:00 AM,8/22/2025 10:00:00 PM,RFC,MIDATL,PEP,PEPCO,2731.172,True
8/23/2025 3:00:00 AM,8/22/2025 11:00:00 PM,RFC,MIDATL,PEP,PEPCO,2556.880,True
8/23/2025 4:00:00 AM,8/23/2025 12:00:00 AM,RFC,MIDATL,PEP,PEPCO,2375.603,True
8/23/2025 5:00:00 AM,8/23/2025 1:00:00 AM,RFC,MIDATL,PEP,PEPCO,2270.587,True
8/23/2025 6:00:00 AM,8/23/2025 2:00:00 AM,RFC,MIDATL,PEP,PEPCO,2156.957,True
8/23/2025 7:00:00 AM,8/23/2025 3:00:00 AM,RFC,MIDATL,PEP,PEPCO,2093.357,True
8/23/2025 8:00:00 AM,8/23/2025 4:00:00 AM,RFC,MIDATL,PEP,PEPCO,2054.757,True
8/23/2025 9:00:00 AM,8/23/2025 5:00:00 AM,RFC,MIDATL,PEP,PEPCO,2072.445,True
8/23/2025 10:00:00 AM,8/23/2025 6:00:00 AM,RFC,MIDATL,PEP,PEPCO,2130.518,True
8/23/2025 11:00:00 AM,8/23/2025 7:00:00 AM,RFC,MIDATL,PEP,PEPCO,2210.749,True
8/23/2025 12:00:00 PM,8/23/2025 8:00:00 AM,RFC,MIDATL,PEP,PEPCO,2293.223,True
8/23/2025 1:00:00 PM,8/23/2025 9:00:00 AM,RFC,MIDATL,PEP,PEPCO,2405.086,True
8/23/2025 2:00:00 PM,8/23/2025 10:00:00 AM,RFC,MIDATL,PEP,PEPCO,2455.459,True
8/23/2025 3:00:00 PM,8/23/2025 11:00:00 AM,RFC,MIDATL,PEP,PEPCO,2559.527,True
8/23/2025 4:00:00 PM,8/23/2025 12:00:00 PM,RFC,MIDATL,PEP,PEPCO,2620.194,True
8/23/2025 5:00:00 PM,8/23/2025 1:00:00 PM,RFC,MIDATL,PEP,PEPCO,2712.264,True
8/23/2025 6:00:00 PM,8/23/2025 2:00:00 PM,RFC,MIDATL,PEP,PEPCO,2847.751,True
8/23/2025 7:00:00 PM,8/23/2025 3:00:00 PM,RFC,MIDATL,PEP,PEPCO,2997.077,True
8/23/2025 8:00:00 PM,8/23/2025 4:00:00 PM,RFC,MIDATL,PEP,PEPCO,3138.124,True
8/23/2025 9:00:00 PM,8/23/2025 5:00:00 PM,RFC,MIDATL,PEP,PEPCO,3230.806,True
8/23/2025 10:00:00 PM,8/23/2025 6:00:00 PM,RFC,MIDATL,PEP,PEPCO,3238.685,True
8/23/2025 11:00:00 PM,8/23/2025 7:00:00 PM,RFC,MIDATL,PEP,PEPCO,3178.697,True
8/24/2025 12:00:00 AM,8/23/2025 8:00:00 PM,RFC,MIDATL,PEP,PEPCO,3096.423,True
8/24/2025 1:00:00 AM,8/23/2025 9:00:00 PM,RFC,MIDATL,PEP,PEPCO,3010.413,True
8/24/2025 2:00:00 AM,8/23/2025 10:00:00 PM,RFC,MIDATL,PEP,PEPCO,2863.543,True
8/24/2025 3:00:00 AM,8/23/2025 11:00:00 PM,RFC,MIDATL,PEP,PEPCO,2719.300,True
8/24/2025 4:00:00 AM,8/24/2025 12:00:00 AM,RFC,MIDATL,PEP,PEPCO,2569.323,True
8/24/2025 5:00:00 AM,8/24/2025 1:00:00 AM,RFC,MIDATL,PEP,PEPCO,2419.842,True
8/24/2025 6:00:00 AM,8/24/2025 2:00:00 AM,RFC,MIDATL,PEP,PEPCO,2342.911,True
8/24/2025 7:00:00 AM,8/24/2025 3:00:00 AM,RFC,MIDATL,PEP,PEPCO,2260.361,True
8/24/2025 8:00:00 AM,8/24/2025 4:00:00 AM,RFC,MIDATL,PEP,PEPCO,2202.234,True
8/24/2025 9:00:00 AM,8/24/2025 5:00:00 AM,RFC,MIDATL,PEP,PEPCO,2195.962,True
8/24/2025 10:00:00 AM,8/24/2025 6:00:00 AM,RFC,MIDATL,PEP,PEPCO,2264.108,True
8/24/2025 11:00:00 AM,8/24/2025 7:00:00 AM,RFC,MIDATL,PEP,PEPCO,2306.061,True
8/24/2025 12:00:00 PM,8/24/2025 8:00:00 AM,RFC,MIDATL,PEP,PEPCO,2416.125,True
8/24/2025 1:00:00 PM,8/24/2025 9:00:00 AM,RFC,MIDATL,PEP,PEPCO,2559.162,True
8/24/2025 2:00:00 PM,8/24/2025 10:00:00 AM,RFC,MIDATL,PEP,PEPCO,2700.340,True
8/24/2025 3:00:00 PM,8/24/2025 11:00:00 AM,RFC,MIDATL,PEP,PEPCO,2774.862,True
8/24/2025 4:00:00 PM,8/24/2025 12:00:00 PM,RFC,MIDATL,PEP,PEPCO,2849.855,True
8/24/2025 5:00:00 PM,8/24/2025 1:00:00 PM,RFC,MIDATL,PEP,PEPCO,2967.442,True
8/24/2025 6:00:00 PM,8/24/2025 2:00:00 PM,RFC,MIDATL,PEP,PEPCO,3092.636,True
8/24/2025 7:00:00 PM,8/24/2025 3:00:00 PM,RFC,MIDATL,PEP,PEPCO,3265.109,True
8/24/2025 8:00:00 PM,8/24/2025 4:00:00 PM,RFC,MIDATL,PEP,PEPCO,3389.962,True
8/24/2025 9:00:00 PM,8/24/2025 5:00:00 PM,RFC,MIDATL,PEP,PEPCO,3432.922,True
8/24/2025 10:00:00 PM,8/24/2025 6:00:00 PM,RFC,MIDATL,PEP,PEPCO,3405.697,True
8/24/2025 11:00:00 PM,8/24/2025 7:00:00 PM,RFC,MIDATL,PEP,PEPCO,3383.028,True
8/25/2025 12:00:00 AM,8/24/2025 8:00:00 PM,RFC,MIDATL,PEP,PEPCO,3358.978,True
8/25/2025 1:00:00 AM,8/24/2025 9:00:00 PM,RFC,MIDATL,PEP,PEPCO,3236.891,True
8/25/2025 2:00:00 AM,8/24/2025 10:00:00 PM,RFC,MIDATL,PEP,PEPCO,3023.571,True
8/25/2025 3:00:00 AM,8/24/2025 11:00:00 PM,RFC,MIDATL,PEP,PEPCO,2793.649,True
8/25/2025 4:00:00 AM,8/25/2025 12:00:00 AM,RFC,MIDATL,PEP,PEPCO,2579.732,True
8/25/2025 5:00:00 AM,8/25/2025 1:00:00 AM,RFC,MIDATL,PEP,PEPCO,2423.055,True
8/25/2025 6:00:00 AM,8/25/2025 2:00:00 AM,RFC,MIDATL,PEP,PEPCO,2362.355,True
8/25/2025 7:00:00 AM,8/25/2025 3:00:00 AM,RFC,MIDATL,PEP,PEPCO,2324.385,True
8/25/2025 8:00:00 AM,8/25/2025 4:00:00 AM,RFC,MIDATL,PEP,PEPCO,2367.877,True
8/25/2025 9:00:00 AM,8/25/2025 5:00:00 AM,RFC,MIDATL,PEP,PEPCO,2565.202,True
8/25/2025 10:00:00 AM,8/25/2025 6:00:00 AM,RFC,MIDATL,PEP,PEPCO,2784.909,True
8/25/2025 11:00:00 AM,8/25/2025 7:00:00 AM,RFC,MIDATL,PEP,PEPCO,2923.401,True
8/25/2025 12:00:00 PM,8/25/2025 8:00:00 AM,RFC,MIDATL,PEP,PEPCO,2969.178,True
8/25/2025 1:00:00 PM,8/25/2025 9:00:00 AM,RFC,MIDATL,PEP,PEPCO,3038.905,True
8/25/2025 2:00:00 PM,8/25/2025 10:00:00 AM,RFC,MIDATL,PEP,PEPCO,3093.783,True
8/25/2025 3:00:00 PM,8/25/2025 11:00:00 AM,RFC,MIDATL,PEP,PEPCO,3208.655,True
8/25/2025 4:00:00 PM,8/25/2025 12:00:00 PM,RFC,MIDATL,PEP,PEPCO,3248.826,True
8/25/2025 5:00:00 PM,8/25/2025 1:00:00 PM,RFC,MIDATL,PEP,PEPCO,3307.168,True
8/25/2025 6:00:00 PM,8/25/2025 2:00:00 PM,RFC,MIDATL,PEP,PEPCO,3402.049,True
8/25/2025 7:00:00 PM,8/25/2025 3:00:00 PM,RFC,MIDATL,PEP,PEPCO,3453.475,True
8/25/2025 8:00:00 PM,8/25/2025 4:00:00 PM,RFC,MIDATL,PEP,PEPCO,3532.949,True
8/25/2025 9:00:00 PM,8/25/2025 5:00:00 PM,RFC,MIDATL,PEP,PEPCO,3569.287,True
8/25/2025 10:00:00 PM,8/25/2025 6:00:00 PM,RFC,MIDATL,PEP,PEPCO,3489.929,True
8/25/2025 11:00:00 PM,8/25/2025 7:00:00 PM,RFC,MIDATL,PEP,PEPCO,3319.821,True
8/26/2025 12:00:00 AM,8/25/2025 8:00:00 PM,RFC,MIDATL,PEP,PEPCO,3192.363,True
8/26/2025 1:00:00 AM,8/25/2025 9:00:00 PM,RFC,MIDATL,PEP,PEPCO,3009.738,True
8/26/2025 2:00:00 AM,8/25/2025 10:00:00 PM,RFC,MIDATL,PEP,PEPCO,2795.834,True
8/26/2025 3:00:00 AM,8/25/2025 11:00:00 PM,RFC,MIDATL,PEP,PEPCO,2559.286,True
8/26/2025 4:00:00 AM,8/26/2025 12:00:00 AM,RFC,MIDATL,PEP,PEPCO,2339.711,True
8/26/2025 5:00:00 AM,8/26/2025 1:00:00 AM,RFC,MIDATL,PEP,PEPCO,2197.391,True
8/26/2025 6:00:00 AM,8/26/2025 2:00:00 AM,RFC,MIDATL,PEP,PEPCO,2121.008,True
8/26/2025 7:00:00 AM,8/26/2025 3:00:00 AM,RFC,MIDATL,PEP,PEPCO,2073.692,True
8/26/2025 8:00:00 AM,8/26/2025 4:00:00 AM,RFC,MIDATL,PEP,PEPCO,2085.984,True
8/26/2025 9:00:00 AM,8/26/2025 5:00:00 AM,RFC,MIDATL,PEP,PEPCO,2257.372,True
8/26/2025 10:00:00 AM,8/26/2025 6:00:00 AM,RFC,MIDATL,PEP,PEPCO,2477.042,True
8/26/2025 11:00:00 AM,8/26/2025 7:00:00 AM,RFC,MIDATL,PEP,PEPCO,2592.115,True
8/26/2025 12:00:00 PM,8/26/2025 8:00:00 AM,RFC,MIDATL,PEP,PEPCO,2655.027,True
8/26/2025 1:00:00 PM,8/26/2025 9:00:00 AM,RFC,MIDATL,PEP,PEPCO,2659.898,True
8/26/2025 2:00:00 PM,8/26/2025 10:00:00 AM,RFC,MIDATL,PEP,PEPCO,2686.348,True
8/26/2025 3:00:00 PM,8/26/2025 11:00:00 AM,RFC,MIDATL,PEP,PEPCO,2738.803,True
8/26/2025 4:00:00 PM,8/26/2025 12:00:00 PM,RFC,MIDATL,PEP,PEPCO,2828.962,True
8/26/2025 5:00:00 PM,8/26/2025 1:00:00 PM,RFC,MIDATL,PEP,PEPCO,2909.637,True
8/26/2025 6:00:00 PM,8/26/2025 2:00:00 PM,RFC,MIDATL,PEP,PEPCO,2995.472,True
8/26/2025 7:00:00 PM,8/26/2025 3:00:00 PM,RFC,MIDATL,PEP,PEPCO,3106.777,True
8/26/2025 8:00:00 PM,8/26/2025 4:00:00 PM,RFC,MIDATL,PEP,PEPCO,3194.929,True
8/26/2025 9:00:00 PM,8/26/2025 5:00:00 PM,RFC,MIDATL,PEP,PEPCO,3263.566,True
8/26/2025 10:00:00 PM,8/26/2025 6:00:00 PM,RFC,MIDATL,PEP,PEPCO,3204.557,True
8/26/2025 11:00:00 PM,8/26/2025 7:00:00 PM,RFC,MIDATL,PEP,PEPCO,3077.170,True
8/27/2025 12:00:00 AM,8/26/2025 8:00:00 PM,RFC,MIDATL,PEP,PEPCO,2995.803,True
8/27/2025 1:00:00 AM,8/26/2025 9:00:00 PM,RFC,MIDATL,PEP,PEPCO,2869.335,True
8/27/2025 2:00:00 AM,8/26/2025 10:00:00 PM,RFC,MIDATL,PEP,PEPCO,2680.272,True
8/27/2025 3:00:00 AM,8/26/2025 11:00:00 PM,RFC,MIDATL,PEP,PEPCO,2431.699,True
8/27/2025 4:00:00 AM,8/27/2025 12:00:00 AM,RFC,MIDATL,PEP,PEPCO,2256.027,True
8/27/2025 5:00:00 AM,8/27/2025 1:00:00 AM,RFC,MIDATL,PEP,PEPCO,2119.090,True
8/27/2025 6:00:00 AM,8/27/2025 2:00:00 AM,RFC,MIDATL,PEP,PEPCO,2054.631,True
8/27/2025 7:00:00 AM,8/27/2025 3:00:00 AM,RFC,MIDATL,PEP,PEPCO,2019.872,True
8/27/2025 8:00:00 AM,8/27/2025 4:00:00 AM,RFC,MIDATL,PEP,PEPCO,2045.172,True
8/27/2025 9:00:00 AM,8/27/2025 5:00:00 AM,RFC,MIDATL,PEP,PEPCO,2229.882,True
8/27/2025 10:00:00 AM,8/27/2025 6:00:00 AM,RFC,MIDATL,PEP,PEPCO,2416.651,True
8/27/2025 11:00:00 AM,8/27/2025 7:00:00 AM,RFC,MIDATL,PEP,PEPCO,2547.595,True
8/27/2025 12:00:00 PM,8/27/2025 8:00:00 AM,RFC,MIDATL,PEP,PEPCO,2550.213,True
8/27/2025 1:00:00 PM,8/27/2025 9:00:00 AM,RFC,MIDATL,PEP,PEPCO,2576.494,True
8/27/2025 2:00:00 PM,8/27/2025 10:00:00 AM,RFC,MIDATL,PEP,PEPCO,2544.946,True
8/27/2025 3:00:00 PM,8/27/2025 11:00:00 AM,RFC,MIDATL,PEP,PEPCO,2569.491,True
8/27/2025 4:00:00 PM,8/27/2025 12:00:00 PM,RFC,MIDATL,PEP,PEPCO,2610.461,True
8/27/2025 5:00:00 PM,8/27/2025 1:00:00 PM,RFC,MIDATL,PEP,PEPCO,2728.779,True
8/27/2025 6:00:00 PM,8/27/2025 2:00:00 PM,RFC,MIDATL,PEP,PEPCO,2819.003,True
8/27/2025 7:00:00 PM,8/27/2025 3:00:00 PM,RFC,MIDATL,PEP,PEPCO,2892.906,True
8/27/2025 8:00:00 PM,8/27/2025 4:00:00 PM,RFC,MIDATL,PEP,PEPCO,3006.236,True
8/27/2025 9:00:00 PM,8/27/2025 5:00:00 PM,RFC,MIDATL,PEP,PEPCO,3042.864,True
8/27/2025 10:00:00 PM,8/27/2025 6:00:00 PM,RFC,MIDATL,PEP,PEPCO,3008.245,True
8/27/2025 11:00:00 PM,8/27/2025 7:00:00 PM,RFC,MIDATL,PEP,PEPCO,2923.967,True
8/28/2025 12:00:00 AM,8/27/2025 8:00:00 PM,RFC,MIDATL,PEP,PEPCO,2855.810,True
8/28/2025 1:00:00 AM,8/27/2025 9:00:00 PM,RFC,MIDATL,PEP,PEPCO,2731.611,True
8/28/2025 2:00:00 AM,8/27/2025 10:00:00 PM,RFC,MIDATL,PEP,PEPCO,2541.553,True
8/28/2025 3:00:00 AM,8/27/2025 11:00:00 PM,RFC,MIDATL,PEP,PEPCO,2345.853,True
8/28/2025 4:00:00 AM,8/28/2025 12:00:00 AM,RFC,MIDATL,PEP,PEPCO,2177.981,True
8/28/2025 5:00:00 AM,8/28/2025 1:00:00 AM,RFC,MIDATL,PEP,PEPCO,2062.263,True
8/28/2025 6:00:00 AM,8/28/2025 2:00:00 AM,RFC,MIDATL,PEP,PEPCO,2002.244,True
8/28/2025 7:00:00 AM,8/28/2025 3:00:00 AM,RFC,MIDATL,PEP,PEPCO,1986.188,True
8/28/2025 8:00:00 AM,8/28/2025 4:00:00 AM,RFC,MIDATL,PEP,PEPCO,2019.492,True
8/28/2025 9:00:00 AM,8/28/2025 5:00:00 AM,RFC,MIDATL,PEP,PEPCO,2173.177,True
8/28/2025 10:00:00 AM,8/28/2025 6:00:00 AM,RFC,MIDATL,PEP,PEPCO,2425.997,True
8/28/2025 11:00:00 AM,8/28/2025 7:00:00 AM,RFC,MIDATL,PEP,PEPCO,2504.692,True
8/28/2025 12:00:00 PM,8/28/2025 8:00:00 AM,RFC,MIDATL,PEP,PEPCO,2591.318,True
8/28/2025 1:00:00 PM,8/28/2025 9:00:00 AM,RFC,MIDATL,PEP,PEPCO,2558.299,True
8/28/2025 2:00:00 PM,8/28/2025 10:00:00 AM,RFC,MIDATL,PEP,PEPCO,2596.092,True
8/28/2025 3:00:00 PM,8/28/2025 11:00:00 AM,RFC,MIDATL,PEP,PEPCO,2607.094,True
8/28/2025 4:00:00 PM,8/28/2025 12:00:00 PM,RFC,MIDATL,PEP,PEPCO,2657.866,True
8/28/2025 5:00:00 PM,8/28/2025 1:00:00 PM,RFC,MIDATL,PEP,PEPCO,2748.508,True
8/28/2025 6:00:00 PM,8/28/2025 2:00:00 PM,RFC,MIDATL,PEP,PEPCO,2831.880,True
8/28/2025 7:00:00 PM,8/28/2025 3:00:00 PM,RFC,MIDATL,PEP,PEPCO,2932.606,True
8/28/2025 8:00:00 PM,8/28/2025 4:00:00 PM,RFC,MIDATL,PEP,PEPCO,3076.179,True
8/28/2025 9:00:00 PM,8/28/2025 5:00:00 PM,RFC,MIDATL,PEP,PEPCO,3151.326,True
8/28/2025 10:00:00 PM,8/28/2025 6:00:00 PM,RFC,MIDATL,PEP,PEPCO,3076.237,True
8/28/2025 11:00:00 PM,8/28/2025 7:00:00 PM,RFC,MIDATL,PEP,PEPCO,2965.215,True
8/29/2025 12:00:00 AM,8/28/2025 8:00:00 PM,RFC,MIDATL,PEP,PEPCO,2854.378,True
8/29/2025 1:00:00 AM,8/28/2025 9:00:00 PM,RFC,MIDATL,PEP,PEPCO,2745.663,True
8/29/2025 2:00:00 AM,8/28/2025 10:00:00 PM,RFC,MIDATL,PEP,PEPCO,2591.245,True
8/29/2025 3:00:00 AM,8/28/2025 11:00:00 PM,RFC,MIDATL,PEP,PEPCO,2394.409,True
8/29/2025 4:00:00 AM,8/29/2025 12:00:00 AM,RFC,MIDATL,PEP,PEPCO,2225.081,True
8/29/2025 5:00:00 AM,8/29/2025 1:00:00 AM,RFC,MIDATL,PEP,PEPCO,2112.308,True
8/29/2025 6:00:00 AM,8/29/2025 2:00:00 AM,RFC,MIDATL,PEP,PEPCO,2043.144,True
8/29/2025 7:00:00 AM,8/29/2025 3:00:00 AM,RFC,MIDATL,PEP,PEPCO,1996.234,True
8/29/2025 8:00:00 AM,8/29/2025 4:00:00 AM,RFC,MIDATL,PEP,PEPCO,2026.119,True
8/29/2025 9:00:00 AM,8/29/2025 5:00:00 AM,RFC,MIDATL,PEP,PEPCO,2201.951,True
8/29/2025 10:00:00 AM,8/29/2025 6:00:00 AM,RFC,MIDATL,PEP,PEPCO,2389.548,True
8/29/2025 11:00:00 AM,8/29/2025 7:00:00 AM,RFC,MIDATL,PEP,PEPCO,2539.070,True
8/29/2025 12:00:00 PM,8/29/2025 8:00:00 AM,RFC,MIDATL,PEP,PEPCO,2584.447,True
8/29/2025 1:00:00 PM,8/29/2025 9:00:00 AM,RFC,MIDATL,PEP,PEPCO,2624.407,True
8/29/2025 2:00:00 PM,8/29/2025 10:00:00 AM,RFC,MIDATL,PEP,PEPCO,2632.545,True
8/29/2025 3:00:00 PM,8/29/2025 11:00:00 AM,RFC,MIDATL,PEP,PEPCO,2692.201,True
8/29/2025 4:00:00 PM,8/29/2025 12:00:00 PM,RFC,MIDATL,PEP,PEPCO,2752.962,True
8/29/2025 5:00:00 PM,8/29/2025 1:00:00 PM,RFC,MIDATL,PEP,PEPCO,2735.382,True
8/29/2025 6:00:00 PM,8/29/2025 2:00:00 PM,RFC,MIDATL,PEP,PEPCO,2789.058,True
8/29/2025 7:00:00 PM,8/29/2025 3:00:00 PM,RFC,MIDATL,PEP,PEPCO,2909.549,True
8/29/2025 8:00:00 PM,8/29/2025 4:00:00 PM,RFC,MIDATL,PEP,PEPCO,3096.024,True
8/29/2025 9:00:00 PM,8/29/2025 5:00:00 PM,RFC,MIDATL,PEP,PEPCO,3157.133,True
8/29/2025 10:00:00 PM,8/29/2025 6:00:00 PM,RFC,MIDATL,PEP,PEPCO,3091.339,True
8/29/2025 11:00:00 PM,8/29/2025 7:00:00 PM,RFC,MIDATL,PEP,PEPCO,2952.271,True
8/30/2025 12:00:00 AM,8/29/2025 8:00:00 PM,RFC,MIDATL,PEP,PEPCO,2850.005,True
8/30/2025 1:00:00 AM,8/29/2025 9:00:00 PM,RFC,MIDATL,PEP,PEPCO,2695.928,True
8/30/2025 2:00:00 AM,8/29/2025 10:00:00 PM,RFC,MIDATL,PEP,PEPCO,2540.722,True
8/30/2025 3:00:00 AM,8/29/2025 11:00:00 PM,RFC,MIDATL,PEP,PEPCO,2365.319,True
8/30/2025 4:00:00 AM,8/30/2025 12:00:00 AM,RFC,MIDATL,PEP,PEPCO,2224.651,True
8/30/2025 5:00:00 AM,8/30/2025 1:00:00 AM,RFC,MIDATL,PEP,PEPCO,2089.283,True
8/30/2025 6:00:00 AM,8/30/2025 2:00:00 AM,RFC,MIDATL,PEP,PEPCO,1980.841,True
8/30/2025 7:00:00 AM,8/30/2025 3:00:00 AM,RFC,MIDATL,PEP,PEPCO,1913.550,True
8/30/2025 8:00:00 AM,8/30/2025 4:00:00 AM,RFC,MIDATL,PEP,PEPCO,1870.188,True
8/30/2025 9:00:00 AM,8/30/2025 5:00:00 AM,RFC,MIDATL,PEP,PEPCO,1879.441,True
8/30/2025 10:00:00 AM,8/30/2025 6:00:00 AM,RFC,MIDATL,PEP,PEPCO,1959.574,True
8/30/2025 11:00:00 AM,8/30/2025 7:00:00 AM,RFC,MIDATL,PEP,PEPCO,2000.163,True
8/30/2025 12:00:00 PM,8/30/2025 8:00:00 AM,RFC,MIDATL,PEP,PEPCO,2038.905,True
8/30/2025 1:00:00 PM,8/30/2025 9:00:00 AM,RFC,MIDATL,PEP,PEPCO,2078.229,True
8/30/2025 2:00:00 PM,8/30/2025 10:00:00 AM,RFC,MIDATL,PEP,PEPCO,2041.826,True
8/30/2025 3:00:00 PM,8/30/2025 11:00:00 AM,RFC,MIDATL,PEP,PEPCO,2082.497,True
8/30/2025 4:00:00 PM,8/30/2025 12:00:00 PM,RFC,MIDATL,PEP,PEPCO,2093.885,True
8/30/2025 5:00:00 PM,8/30/2025 1:00:00 PM,RFC,MIDATL,PEP,PEPCO,2113.469,True
8/30/2025 6:00:00 PM,8/30/2025 2:00:00 PM,RFC,MIDATL,PEP,PEPCO,2204.550,True
8/30/2025 7:00:00 PM,8/30/2025 3:00:00 PM,RFC,MIDATL,PEP,PEPCO,2348.447,True
8/30/2025 8:00:00 PM,8/30/2025 4:00:00 PM,RFC,MIDATL,PEP,PEPCO,2488.040,True
8/30/2025 9:00:00 PM,8/30/2025 5:00:00 PM,RFC,MIDATL,PEP,PEPCO,2606.052,True
8/30/2025 10:00:00 PM,8/30/2025 6:00:00 PM,RFC,MIDATL,PEP,PEPCO,2686.494,True
8/30/2025 11:00:00 PM,8/30/2025 7:00:00 PM,RFC,MIDATL,PEP,PEPCO,2611.352,True
8/31/2025 12:00:00 AM,8/30/2025 8:00:00 PM,RFC,MIDATL,PEP,PEPCO,2595.136,True
8/31/2025 1:00:00 AM,8/30/2025 9:00:00 PM,RFC,MIDATL,PEP,PEPCO,2489.381,True
8/31/2025 2:00:00 AM,8/30/2025 10:00:00 PM,RFC,MIDATL,PEP,PEPCO,2360.706,True
8/31/2025 3:00:00 AM,8/30/2025 11:00:00 PM,RFC,MIDATL,PEP,PEPCO,2250.769,True
8/31/2025 4:00:00 AM,8/31/2025 12:00:00 AM,RFC,MIDATL,PEP,PEPCO,2086.929,True
8/31/2025 5:00:00 AM,8/31/2025 1:00:00 AM,RFC,MIDATL,PEP,PEPCO,2024.478,True
8/31/2025 6:00:00 AM,8/31/2025 2:00:00 AM,RFC,MIDATL,PEP,PEPCO,1905.438,True
8/31/2025 7:00:00 AM,8/31/2025 3:00:00 AM,RFC,MIDATL,PEP,PEPCO,1892.187,True
8/31/2025 8:00:00 AM,8/31/2025 4:00:00 AM,RFC,MIDATL,PEP,PEPCO,1839.752,True
8/31/2025 9:00:00 AM,8/31/2025 5:00:00 AM,RFC,MIDATL,PEP,PEPCO,1831.159,True
8/31/2025 10:00:00 AM,8/31/2025 6:00:00 AM,RFC,MIDATL,PEP,PEPCO,1909.482,True
8/31/2025 11:00:00 AM,8/31/2025 7:00:00 AM,RFC,MIDATL,PEP,PEPCO,1915.355,True
8/31/2025 12:00:00 PM,8/31/2025 8:00:00 AM,RFC,MIDATL,PEP,PEPCO,1971.458,True
8/31/2025 1:00:00 PM,8/31/2025 9:00:00 AM,RFC,MIDATL,PEP,PEPCO,1997.525,True
8/31/2025 2:00:00 PM,8/31/2025 10:00:00 AM,RFC,MIDATL,PEP,PEPCO,2077.327,True
8/31/2025 3:00:00 PM,8/31/2025 11:00:00 AM,RFC,MIDATL,PEP,PEPCO,2058.766,True
8/31/2025 4:00:00 PM,8/31/2025 12:00:00 PM,RFC,MIDATL,PEP,PEPCO,2132.832,True
8/31/2025 5:00:00 PM,8/31/2025 1:00:00 PM,RFC,MIDATL,PEP,PEPCO,2201.705,True
8/31/2025 6:00:00 PM,8/31/2025 2:00:00 PM,RFC,MIDATL,PEP,PEPCO,2255.644,True
8/31/2025 7:00:00 PM,8/31/2025 3:00:00 PM,RFC,MIDATL,PEP,PEPCO,2377.163,True
8/31/2025 8:00:00 PM,8/31/2025 4:00:00 PM,RFC,MIDATL,PEP,PEPCO,2510.730,True
8/31/2025 9:00:00 PM,8/31/2025 5:00:00 PM,RFC,MIDATL,PEP,PEPCO,2623.998,True
8/31/2025 10:00:00 PM,8/31/2025 6:00:00 PM,RFC,MIDATL,PEP,PEPCO,2672.189,True
8/31/2025 11:00:00 PM,8/31/2025 7:00:00 PM,RFC,MIDATL,PEP,PEPCO,2636.105,True
9/1/2025 12:00:00 AM,8/31/2025 8:00:00 PM,RFC,MIDATL,PEP,PEPCO,2598.838,True
9/1/2025 1:00:00 AM,8/31/2025 9:00:00 PM,RFC,MIDATL,PEP,PEPCO,2533.461,True
9/1/2025 2:00:00 AM,8/31/2025 10:00:00 PM,RFC,MIDATL,PEP,PEPCO,2415.457,True
9/1/2025 3:00:00 AM,8/31/2025 11:00:00 PM,RFC,MIDATL,PEP,PEPCO,2264.513,True
9/1/2025 4:00:00 AM,9/1/2025 12:00:00 AM,RFC,MIDATL,PEP,PEPCO,2124.881,True
9/1/2025 5:00:00 AM,9/1/2025 1:00:00 AM,RFC,MIDATL,PEP,PEPCO,1991.079,True
9/1/2025 6:00:00 AM,9/1/2025 2:00:00 AM,RFC,MIDATL,PEP,PEPCO,1930.211,True
9/1/2025 7:00:00 AM,9/1/2025 3:00:00 AM,RFC,MIDATL,PEP,PEPCO,1900.688,True
9/1/2025 8:00:00 AM,9/1/2025 4:00:00 AM,RFC,MIDATL,PEP,PEPCO,1883.241,True
9/1/2025 9:00:00 AM,9/1/2025 5:00:00 AM,RFC,MIDATL,PEP,PEPCO,1954.947,True
9/1/2025 10:00:00 AM,9/1/2025 6:00:00 AM,RFC,MIDATL,PEP,PEPCO,2011.514,True
9/1/2025 11:00:00 AM,9/1/2025 7:00:00 AM,RFC,MIDATL,PEP,PEPCO,2051.953,True
9/1/2025 12:00:00 PM,9/1/2025 8:00:00 AM,RFC,MIDATL,PEP,PEPCO,2109.440,True
9/1/2025 1:00:00 PM,9/1/2025 9:00:00 AM,RFC,MIDATL,PEP,PEPCO,2165.779,True
9/1/2025 2:00:00 PM,9/1/2025 10:00:00 AM,RFC,MIDATL,PEP,PEPCO,2258.065,True
9/1/2025 3:00:00 PM,9/1/2025 11:00:00 AM,RFC,MIDATL,PEP,PEPCO,2316.887,True
9/1/2025 4:00:00 PM,9/1/2025 12:00:00 PM,RFC,MIDATL,PEP,PEPCO,2381.619,True
9/1/2025 5:00:00 PM,9/1/2025 1:00:00 PM,RFC,MIDATL,PEP,PEPCO,2429.133,True
9/1/2025 6:00:00 PM,9/1/2025 2:00:00 PM,RFC,MIDATL,PEP,PEPCO,2559.272,True
9/1/2025 7:00:00 PM,9/1/2025 3:00:00 PM,RFC,MIDATL,PEP,PEPCO,2665.661,True
9/1/2025 8:00:00 PM,9/1/2025 4:00:00 PM,RFC,MIDATL,PEP,PEPCO,2803.771,True
9/1/2025 9:00:00 PM,9/1/2025 5:00:00 PM,RFC,MIDATL,PEP,PEPCO,2913.030,True
9/1/2025 10:00:00 PM,9/1/2025 6:00:00 PM,RFC,MIDATL,PEP,PEPCO,2924.871,True
9/1/2025 11:00:00 PM,9/1/2025 7:00:00 PM,RFC,MIDATL,PEP,PEPCO,2898.165,True
9/2/2025 12:00:00 AM,9/1/2025 8:00:00 PM,RFC,MIDATL,PEP,PEPCO,2874.144,True
9/2/2025 1:00:00 AM,9/1/2025 9:00:00 PM,RFC,MIDATL,PEP,PEPCO,2769.548,True
9/2/2025 2:00:00 AM,9/1/2025 10:00:00 PM,RFC,MIDATL,PEP,PEPCO,2558.629,True
9/2/2025 3:00:00 AM,9/1/2025 11:00:00 PM,RFC,MIDATL,PEP,PEPCO,2377.846,True
9/2/2025 4:00:00 AM,9/2/2025 12:00:00 AM,RFC,MIDATL,PEP,PEPCO,2185.009,True
9/2/2025 5:00:00 AM,9/2/2025 1:00:00 AM,RFC,MIDATL,PEP,PEPCO,2067.771,True
9/2/2025 6:00:00 AM,9/2/2025 2:00:00 AM,RFC,MIDATL,PEP,PEPCO,2006.038,True
9/2/2025 7:00:00 AM,9/2/2025 3:00:00 AM,RFC,MIDATL,PEP,PEPCO,1952.140,True
9/2/2025 8:00:00 AM,9/2/2025 4:00:00 AM,RFC,MIDATL,PEP,PEPCO,1981.798,True
9/2/2025 9:00:00 AM,9/2/2025 5:00:00 AM,RFC,MIDATL,PEP,PEPCO,2206.178,True
9/2/2025 10:00:00 AM,9/2/2025 6:00:00 AM,RFC,MIDATL,PEP,PEPCO,2418.421,True
9/2/2025 11:00:00 AM,9/2/2025 7:00:00 AM,RFC,MIDATL,PEP,PEPCO,2566.115,True
9/2/2025 12:00:00 PM,9/2/2025 8:00:00 AM,RFC,MIDATL,PEP,PEPCO,2581.103,True
9/2/2025 1:00:00 PM,9/2/2025 9:00:00 AM,RFC,MIDATL,PEP,PEPCO,2618.419,True
9/2/2025 2:00:00 PM,9/2/2025 10:00:00 AM,RFC,MIDATL,PEP,PEPCO,2638.367,True
9/2/2025 3:00:00 PM,9/2/2025 11:00:00 AM,RFC,MIDATL,PEP,PEPCO,2677.795,True
9/2/2025 4:00:00 PM,9/2/2025 12:00:00 PM,RFC,MIDATL,PEP,PEPCO,2762.015,True
9/2/2025 5:00:00 PM,9/2/2025 1:00:00 PM,RFC,MIDATL,PEP,PEPCO,2743.744,True
9/2/2025 6:00:00 PM,9/2/2025 2:00:00 PM,RFC,MIDATL,PEP,PEPCO,2808.778,True
9/2/2025 7:00:00 PM,9/2/2025 3:00:00 PM,RFC,MIDATL,PEP,PEPCO,2903.899,True
9/2/2025 8:00:00 PM,9/2/2025 4:00:00 PM,RFC,MIDATL,PEP,PEPCO,2999.397,True
9/2/2025 9:00:00 PM,9/2/2025 5:00:00 PM,RFC,MIDATL,PEP,PEPCO,3101.006,True
9/2/2025 10:00:00 PM,9/2/2025 6:00:00 PM,RFC,MIDATL,PEP,PEPCO,3058.535,True
9/2/2025 11:00:00 PM,9/2/2025 7:00:00 PM,RFC,MIDATL,PEP,PEPCO,2971.078,True
9/3/2025 12:00:00 AM,9/2/2025 8:00:00 PM,RFC,MIDATL,PEP,PEPCO,2884.862,True
9/3/2025 1:00:00 AM,9/2/2025 9:00:00 PM,RFC,MIDATL,PEP,PEPCO,2746.551,True
9/3/2025 2:00:00 AM,9/2/2025 10:00:00 PM,RFC,MIDATL,PEP,PEPCO,2551.530,True
9/3/2025 3:00:00 AM,9/2/2025 11:00:00 PM,RFC,MIDATL,PEP,PEPCO,2344.254,True
9/3/2025 4:00:00 AM,9/3/2025 12:00:00 AM,RFC,MIDATL,PEP,PEPCO,2153.479,True
9/3/2025 5:00:00 AM,9/3/2025 1:00:00 AM,RFC,MIDATL,PEP,PEPCO,2054.322,True
9/3/2025 6:00:00 AM,9/3/2025 2:00:00 AM,RFC,MIDATL,PEP,PEPCO,1974.243,True
9/3/2025 7:00:00 AM,9/3/2025 3:00:00 AM,RFC,MIDATL,PEP,PEPCO,1960.478,True
9/3/2025 8:00:00 AM,9/3/2025 4:00:00 AM,RFC,MIDATL,PEP,PEPCO,1982.018,True
9/3/2025 9:00:00 AM,9/3/2025 5:00:00 AM,RFC,MIDATL,PEP,PEPCO,2173.480,True
9/3/2025 10:00:00 AM,9/3/2025 6:00:00 AM,RFC,MIDATL,PEP,PEPCO,2355.353,True
9/3/2025 11:00:00 AM,9/3/2025 7:00:00 AM,RFC,MIDATL,PEP,PEPCO,2518.555,True
9/3/2025 12:00:00 PM,9/3/2025 8:00:00 AM,RFC,MIDATL,PEP,PEPCO,2567.289,True
9/3/2025 1:00:00 PM,9/3/2025 9:00:00 AM,RFC,MIDATL,PEP,PEPCO,2594.797,True
9/3/2025 2:00:00 PM,9/3/2025 10:00:00 AM,RFC,MIDATL,PEP,PEPCO,2606.022,True
9/3/2025 3:00:00 PM,9/3/2025 11:00:00 AM,RFC,MIDATL,PEP,PEPCO,2633.248,True
9/3/2025 4:00:00 PM,9/3/2025 12:00:00 PM,RFC,MIDATL,PEP,PEPCO,2714.090,True
9/3/2025 5:00:00 PM,9/3/2025 1:00:00 PM,RFC,MIDATL,PEP,PEPCO,2833.846,True
9/3/2025 6:00:00 PM,9/3/2025 2:00:00 PM,RFC,MIDATL,PEP,PEPCO,2896.023,True
9/3/2025 7:00:00 PM,9/3/2025 3:00:00 PM,RFC,MIDATL,PEP,PEPCO,3055.513,True
9/3/2025 8:00:00 PM,9/3/2025 4:00:00 PM,RFC,MIDATL,PEP,PEPCO,3215.300,True
9/3/2025 9:00:00 PM,9/3/2025 5:00:00 PM,RFC,MIDATL,PEP,PEPCO,3352.358,True
9/3/2025 10:00:00 PM,9/3/2025 6:00:00 PM,RFC,MIDATL,PEP,PEPCO,3211.752,True
9/3/2025 11:00:00 PM,9/3/2025 7:00:00 PM,RFC,MIDATL,PEP,PEPCO,3142.433,True
9/4/2025 12:00:00 AM,9/3/2025 8:00:00 PM,RFC,MIDATL,PEP,PEPCO,3063.014,True
9/4/2025 1:00:00 AM,9/3/2025 9:00:00 PM,RFC,MIDATL,PEP,PEPCO,2903.430,True
9/4/2025 2:00:00 AM,9/3/2025 10:00:00 PM,RFC,MIDATL,PEP,PEPCO,2669.799,True
9/4/2025 3:00:00 AM,9/3/2025 11:00:00 PM,RFC,MIDATL,PEP,PEPCO,2499.560,True
9/4/2025 4:00:00 AM,9/4/2025 12:00:00 AM,RFC,MIDATL,PEP,PEPCO,2296.133,True
9/4/2025 5:00:00 AM,9/4/2025 1:00:00 AM,RFC,MIDATL,PEP,PEPCO,2174.709,True
9/4/2025 6:00:00 AM,9/4/2025 2:00:00 AM,RFC,MIDATL,PEP,PEPCO,2105.385,True
9/4/2025 7:00:00 AM,9/4/2025 3:00:00 AM,RFC,MIDATL,PEP,PEPCO,2058.863,True
9/4/2025 8:00:00 AM,9/4/2025 4:00:00 AM,RFC,MIDATL,PEP,PEPCO,2099.629,True
9/4/2025 9:00:00 AM,9/4/2025 5:00:00 AM,RFC,MIDATL,PEP,PEPCO,2284.140,True
9/4/2025 10:00:00 AM,9/4/2025 6:00:00 AM,RFC,MIDATL,PEP,PEPCO,2530.357,True
9/4/2025 11:00:00 AM,9/4/2025 7:00:00 AM,RFC,MIDATL,PEP,PEPCO,2679.049,True
9/4/2025 12:00:00 PM,9/4/2025 8:00:00 AM,RFC,MIDATL,PEP,PEPCO,2768.315,True
9/4/2025 1:00:00 PM,9/4/2025 9:00:00 AM,RFC,MIDATL,PEP,PEPCO,2800.480,True
9/4/2025 2:00:00 PM,9/4/2025 10:00:00 AM,RFC,MIDATL,PEP,PEPCO,2850.934,True
9/4/2025 3:00:00 PM,9/4/2025 11:00:00 AM,RFC,MIDATL,PEP,PEPCO,2953.831,True
9/4/2025 4:00:00 PM,9/4/2025 12:00:00 PM,RFC,MIDATL,PEP,PEPCO,3060.224,True
9/4/2025 5:00:00 PM,9/4/2025 1:00:00 PM,RFC,MIDATL,PEP,PEPCO,3253.462,True
9/4/2025 6:00:00 PM,9/4/2025 2:00:00 PM,RFC,MIDATL,PEP,PEPCO,3473.553,True
9/4/2025 7:00:00 PM,9/4/2025 3:00:00 PM,RFC,MIDATL,PEP,PEPCO,3524.014,True
9/4/2025 8:00:00 PM,9/4/2025 4:00:00 PM,RFC,MIDATL,PEP,PEPCO,3420.618,True
9/4/2025 9:00:00 PM,9/4/2025 5:00:00 PM,RFC,MIDATL,PEP,PEPCO,3514.106,True
9/4/2025 10:00:00 PM,9/4/2025 6:00:00 PM,RFC,MIDATL,PEP,PEPCO,3414.751,True
9/4/2025 11:00:00 PM,9/4/2025 7:00:00 PM,RFC,MIDATL,PEP,PEPCO,3351.728,True
9/5/2025 12:00:00 AM,9/4/2025 8:00:00 PM,RFC,MIDATL,PEP,PEPCO,3282.644,True
9/5/2025 1:00:00 AM,9/4/2025 9:00:00 PM,RFC,MIDATL,PEP,PEPCO,3076.973,True
9/5/2025 2:00:00 AM,9/4/2025 10:00:00 PM,RFC,MIDATL,PEP,PEPCO,2913.277,True
9/5/2025 3:00:00 AM,9/4/2025 11:00:00 PM,RFC,MIDATL,PEP,PEPCO,2658.484,True
9/5/2025 4:00:00 AM,9/5/2025 12:00:00 AM,RFC,MIDATL,PEP,PEPCO,2458.785,True
9/5/2025 5:00:00 AM,9/5/2025 1:00:00 AM,RFC,MIDATL,PEP,PEPCO,2294.297,True
9/5/2025 6:00:00 AM,9/5/2025 2:00:00 AM,RFC,MIDATL,PEP,PEPCO,2180.624,True
9/5/2025 7:00:00 AM,9/5/2025 3:00:00 AM,RFC,MIDATL,PEP,PEPCO,2159.384,True
9/5/2025 8:00:00 AM,9/5/2025 4:00:00 AM,RFC,MIDATL,PEP,PEPCO,2148.844,True
9/5/2025 9:00:00 AM,9/5/2025 5:00:00 AM,RFC,MIDATL,PEP,PEPCO,2331.758,True
9/5/2025 10:00:00 AM,9/5/2025 6:00:00 AM,RFC,MIDATL,PEP,PEPCO,2581.052,True
9/5/2025 11:00:00 AM,9/5/2025 7:00:00 AM,RFC,MIDATL,PEP,PEPCO,2744.455,True
9/5/2025 12:00:00 PM,9/5/2025 8:00:00 AM,RFC,MIDATL,PEP,PEPCO,2801.020,True
9/5/2025 1:00:00 PM,9/5/2025 9:00:00 AM,RFC,MIDATL,PEP,PEPCO,2854.705,True
9/5/2025 2:00:00 PM,9/5/2025 10:00:00 AM,RFC,MIDATL,PEP,PEPCO,2934.945,True
9/5/2025 3:00:00 PM,9/5/2025 11:00:00 AM,RFC,MIDATL,PEP,PEPCO,3060.104,True
9/5/2025 4:00:00 PM,9/5/2025 12:00:00 PM,RFC,MIDATL,PEP,PEPCO,3202.139,True
9/5/2025 5:00:00 PM,9/5/2025 1:00:00 PM,RFC,MIDATL,PEP,PEPCO,3383.681,True
9/5/2025 6:00:00 PM,9/5/2025 2:00:00 PM,RFC,MIDATL,PEP,PEPCO,3596.106,True
9/5/2025 7:00:00 PM,9/5/2025 3:00:00 PM,RFC,MIDATL,PEP,PEPCO,3783.106,True
9/5/2025 8:00:00 PM,9/5/2025 4:00:00 PM,RFC,MIDATL,PEP,PEPCO,3906.223,True
9/5/2025 9:00:00 PM,9/5/2025 5:00:00 PM,RFC,MIDATL,PEP,PEPCO,3887.904,True
9/5/2025 10:00:00 PM,9/5/2025 6:00:00 PM,RFC,MIDATL,PEP,PEPCO,3758.117,True
9/5/2025 11:00:00 PM,9/5/2025 7:00:00 PM,RFC,MIDATL,PEP,PEPCO,3698.300,True
9/6/2025 12:00:00 AM,9/5/2025 8:00:00 PM,RFC,MIDATL,PEP,PEPCO,3521.546,True
9/6/2025 1:00:00 AM,9/5/2025 9:00:00 PM,RFC,MIDATL,PEP,PEPCO,3401.436,True
9/6/2025 2:00:00 AM,9/5/2025 10:00:00 PM,RFC,MIDATL,PEP,PEPCO,3205.206,True
9/6/2025 3:00:00 AM,9/5/2025 11:00:00 PM,RFC,MIDATL,PEP,PEPCO,3028.241,True
9/6/2025 4:00:00 AM,9/6/2025 12:00:00 AM,RFC,MIDATL,PEP,PEPCO,2868.682,True
9/6/2025 5:00:00 AM,9/6/2025 1:00:00 AM,RFC,MIDATL,PEP,PEPCO,2727.389,True
9/6/2025 6:00:00 AM,9/6/2025 2:00:00 AM,RFC,MIDATL,PEP,PEPCO,2588.867,True
9/6/2025 7:00:00 AM,9/6/2025 3:00:00 AM,RFC,MIDATL,PEP,PEPCO,2487.903,True
9/6/2025 8:00:00 AM,9/6/2025 4:00:00 AM,RFC,MIDATL,PEP,PEPCO,2467.988,True
9/6/2025 9:00:00 AM,9/6/2025 5:00:00 AM,RFC,MIDATL,PEP,PEPCO,2460.305,True
9/6/2025 10:00:00 AM,9/6/2025 6:00:00 AM,RFC,MIDATL,PEP,PEPCO,2530.805,True
9/6/2025 11:00:00 AM,9/6/2025 7:00:00 AM,RFC,MIDATL,PEP,PEPCO,2589.686,True
9/6/2025 12:00:00 PM,9/6/2025 8:00:00 AM,RFC,MIDATL,PEP,PEPCO,2728.397,True
9/6/2025 1:00:00 PM,9/6/2025 9:00:00 AM,RFC,MIDATL,PEP,PEPCO,2879.098,True
9/6/2025 2:00:00 PM,9/6/2025 10:00:00 AM,RFC,MIDATL,PEP,PEPCO,3038.867,True
9/6/2025 3:00:00 PM,9/6/2025 11:00:00 AM,RFC,MIDATL,PEP,PEPCO,3236.614,True
9/6/2025 4:00:00 PM,9/6/2025 12:00:00 PM,RFC,MIDATL,PEP,PEPCO,3432.851,True
9/6/2025 5:00:00 PM,9/6/2025 1:00:00 PM,RFC,MIDATL,PEP,PEPCO,3587.530,True
9/6/2025 6:00:00 PM,9/6/2025 2:00:00 PM,RFC,MIDATL,PEP,PEPCO,3737.161,True
9/6/2025 7:00:00 PM,9/6/2025 3:00:00 PM,RFC,MIDATL,PEP,PEPCO,3759.659,True
9/6/2025 8:00:00 PM,9/6/2025 4:00:00 PM,RFC,MIDATL,PEP,PEPCO,3724.458,True
9/6/2025 9:00:00 PM,9/6/2025 5:00:00 PM,RFC,MIDATL,PEP,PEPCO,3505.157,True
9/6/2025 10:00:00 PM,9/6/2025 6:00:00 PM,RFC,MIDATL,PEP,PEPCO,3383.766,True
9/6/2025 11:00:00 PM,9/6/2025 7:00:00 PM,RFC,MIDATL,PEP,PEPCO,3254.973,True
9/7/2025 12:00:00 AM,9/6/2025 8:00:00 PM,RFC,MIDATL,PEP,PEPCO,3218.882,True
9/7/2025 1:00:00 AM,9/6/2025 9:00:00 PM,RFC,MIDATL,PEP,PEPCO,3094.948,True
9/7/2025 2:00:00 AM,9/6/2025 10:00:00 PM,RFC,MIDATL,PEP,PEPCO,2911.149,True
9/7/2025 3:00:00 AM,9/6/2025 11:00:00 PM,RFC,MIDATL,PEP,PEPCO,2695.177,True
9/7/2025 4:00:00 AM,9/7/2025 12:00:00 AM,RFC,MIDATL,PEP,PEPCO,2513.329,True
9/7/2025 5:00:00 AM,9/7/2025 1:00:00 AM,RFC,MIDATL,PEP,PEPCO,2370.712,True
9/7/2025 6:00:00 AM,9/7/2025 2:00:00 AM,RFC,MIDATL,PEP,PEPCO,2189.486,True
9/7/2025 7:00:00 AM,9/7/2025 3:00:00 AM,RFC,MIDATL,PEP,PEPCO,2126.924,True
9/7/2025 8:00:00 AM,9/7/2025 4:00:00 AM,RFC,MIDATL,PEP,PEPCO,2091.468,True
9/7/2025 9:00:00 AM,9/7/2025 5:00:00 AM,RFC,MIDATL,PEP,PEPCO,2080.441,True
9/7/2025 10:00:00 AM,9/7/2025 6:00:00 AM,RFC,MIDATL,PEP,PEPCO,2160.250,True
9/7/2025 11:00:00 AM,9/7/2025 7:00:00 AM,RFC,MIDATL,PEP,PEPCO,2193.973,True
9/7/2025 12:00:00 PM,9/7/2025 8:00:00 AM,RFC,MIDATL,PEP,PEPCO,2269.308,True
9/7/2025 1:00:00 PM,9/7/2025 9:00:00 AM,RFC,MIDATL,PEP,PEPCO,2361.781,True
9/7/2025 2:00:00 PM,9/7/2025 10:00:00 AM,RFC,MIDATL,PEP,PEPCO,2399.129,True
9/7/2025 3:00:00 PM,9/7/2025 11:00:00 AM,RFC,MIDATL,PEP,PEPCO,2320.828,True
9/7/2025 4:00:00 PM,9/7/2025 12:00:00 PM,RFC,MIDATL,PEP,PEPCO,2435.900,True
9/7/2025 5:00:00 PM,9/7/2025 1:00:00 PM,RFC,MIDATL,PEP,PEPCO,2456.734,True
9/7/2025 6:00:00 PM,9/7/2025 2:00:00 PM,RFC,MIDATL,PEP,PEPCO,2532.736,True
9/7/2025 7:00:00 PM,9/7/2025 3:00:00 PM,RFC,MIDATL,PEP,PEPCO,2604.548,True
9/7/2025 8:00:00 PM,9/7/2025 4:00:00 PM,RFC,MIDATL,PEP,PEPCO,2681.026,True
9/7/2025 9:00:00 PM,9/7/2025 5:00:00 PM,RFC,MIDATL,PEP,PEPCO,2765.879,True
9/7/2025 10:00:00 PM,9/7/2025 6:00:00 PM,RFC,MIDATL,PEP,PEPCO,2836.174,True
9/7/2025 11:00:00 PM,9/7/2025 7:00:00 PM,RFC,MIDATL,PEP,PEPCO,2784.074,True
9/8/2025 12:00:00 AM,9/7/2025 8:00:00 PM,RFC,MIDATL,PEP,PEPCO,2776.031,True
9/8/2025 1:00:00 AM,9/7/2025 9:00:00 PM,RFC,MIDATL,PEP,PEPCO,2639.051,True
9/8/2025 2:00:00 AM,9/7/2025 10:00:00 PM,RFC,MIDATL,PEP,PEPCO,2501.698,True
9/8/2025 3:00:00 AM,9/7/2025 11:00:00 PM,RFC,MIDATL,PEP,PEPCO,2275.110,True
9/8/2025 4:00:00 AM,9/8/2025 12:00:00 AM,RFC,MIDATL,PEP,PEPCO,2142.540,True
9/8/2025 5:00:00 AM,9/8/2025 1:00:00 AM,RFC,MIDATL,PEP,PEPCO,1984.797,True
9/8/2025 6:00:00 AM,9/8/2025 2:00:00 AM,RFC,MIDATL,PEP,PEPCO,1927.691,True
9/8/2025 7:00:00 AM,9/8/2025 3:00:00 AM,RFC,MIDATL,PEP,PEPCO,1913.169,True
9/8/2025 8:00:00 AM,9/8/2025 4:00:00 AM,RFC,MIDATL,PEP,PEPCO,1928.176,True
9/8/2025 9:00:00 AM,9/8/2025 5:00:00 AM,RFC,MIDATL,PEP,PEPCO,2109.131,True
9/8/2025 10:00:00 AM,9/8/2025 6:00:00 AM,RFC,MIDATL,PEP,PEPCO,2348.329,True
9/8/2025 11:00:00 AM,9/8/2025 7:00:00 AM,RFC,MIDATL,PEP,PEPCO,2436.937,True
9/8/2025 12:00:00 PM,9/8/2025 8:00:00 AM,RFC,MIDATL,PEP,PEPCO,2461.248,True
9/8/2025 1:00:00 PM,9/8/2025 9:00:00 AM,RFC,MIDATL,PEP,PEPCO,2465.793,True
9/8/2025 2:00:00 PM,9/8/2025 10:00:00 AM,RFC,MIDATL,PEP,PEPCO,2436.454,True
9/8/2025 3:00:00 PM,9/8/2025 11:00:00 AM,RFC,MIDATL,PEP,PEPCO,2432.153,True
9/8/2025 4:00:00 PM,9/8/2025 12:00:00 PM,RFC,MIDATL,PEP,PEPCO,2486.623,True
9/8/2025 5:00:00 PM,9/8/2025 1:00:00 PM,RFC,MIDATL,PEP,PEPCO,2497.082,True
9/8/2025 6:00:00 PM,9/8/2025 2:00:00 PM,RFC,MIDATL,PEP,PEPCO,2542.887,True
9/8/2025 7:00:00 PM,9/8/2025 3:00:00 PM,RFC,MIDATL,PEP,PEPCO,2672.749,True
9/8/2025 8:00:00 PM,9/8/2025 4:00:00 PM,RFC,MIDATL,PEP,PEPCO,2829.558,True
9/8/2025 9:00:00 PM,9/8/2025 5:00:00 PM,RFC,MIDATL,PEP,PEPCO,2911.794,True
9/8/2025 10:00:00 PM,9/8/2025 6:00:00 PM,RFC,MIDATL,PEP,PEPCO,2888.894,True
9/8/2025 11:00:00 PM,9/8/2025 7:00:00 PM,RFC,MIDATL,PEP,PEPCO,2828.849,True
9/9/2025 12:00:00 AM,9/8/2025 8:00:00 PM,RFC,MIDATL,PEP,PEPCO,2750.822,True
9/9/2025 1:00:00 AM,9/8/2025 9:00:00 PM,RFC,MIDATL,PEP,PEPCO,2582.262,True
9/9/2025 2:00:00 AM,9/8/2025 10:00:00 PM,RFC,MIDATL,PEP,PEPCO,2394.895,True
9/9/2025 3:00:00 AM,9/8/2025 11:00:00 PM,RFC,MIDATL,PEP,PEPCO,2212.458,True
9/9/2025 4:00:00 AM,9/9/2025 12:00:00 AM,RFC,MIDATL,PEP,PEPCO,2060.531,True
9/9/2025 5:00:00 AM,9/9/2025 1:00:00 AM,RFC,MIDATL,PEP,PEPCO,1938.678,True
9/9/2025 6:00:00 AM,9/9/2025 2:00:00 AM,RFC,MIDATL,PEP,PEPCO,1885.782,True
9/9/2025 7:00:00 AM,9/9/2025 3:00:00 AM,RFC,MIDATL,PEP,PEPCO,1856.009,True
9/9/2025 8:00:00 AM,9/9/2025 4:00:00 AM,RFC,MIDATL,PEP,PEPCO,1878.130,True
9/9/2025 9:00:00 AM,9/9/2025 5:00:00 AM,RFC,MIDATL,PEP,PEPCO,2072.894,True
9/9/2025 10:00:00 AM,9/9/2025 6:00:00 AM,RFC,MIDATL,PEP,PEPCO,2295.461,True
9/9/2025 11:00:00 AM,9/9/2025 7:00:00 AM,RFC,MIDATL,PEP,PEPCO,2432.668,True
9/9/2025 12:00:00 PM,9/9/2025 8:00:00 AM,RFC,MIDATL,PEP,PEPCO,2498.690,True
9/9/2025 1:00:00 PM,9/9/2025 9:00:00 AM,RFC,MIDATL,PEP,PEPCO,2485.903,True
9/9/2025 2:00:00 PM,9/9/2025 10:00:00 AM,RFC,MIDATL,PEP,PEPCO,2498.561,True
9/9/2025 3:00:00 PM,9/9/2025 11:00:00 AM,RFC,MIDATL,PEP,PEPCO,2490.483,True
9/9/2025 4:00:00 PM,9/9/2025 12:00:00 PM,RFC,MIDATL,PEP,PEPCO,2481.137,True
9/9/2025 5:00:00 PM,9/9/2025 1:00:00 PM,RFC,MIDATL,PEP,PEPCO,2551.829,True
9/9/2025 6:00:00 PM,9/9/2025 2:00:00 PM,RFC,MIDATL,PEP,PEPCO,2601.644,True
9/9/2025 7:00:00 PM,9/9/2025 3:00:00 PM,RFC,MIDATL,PEP,PEPCO,2730.607,True
9/9/2025 8:00:00 PM,9/9/2025 4:00:00 PM,RFC,MIDATL,PEP,PEPCO,2876.860,True
9/9/2025 9:00:00 PM,9/9/2025 5:00:00 PM,RFC,MIDATL,PEP,PEPCO,2981.985,True
9/9/2025 10:00:00 PM,9/9/2025 6:00:00 PM,RFC,MIDATL,PEP,PEPCO,2918.355,True
9/9/2025 11:00:00 PM,9/9/2025 7:00:00 PM,RFC,MIDATL,PEP,PEPCO,2906.530,True
9/10/2025 12:00:00 AM,9/9/2025 8:00:00 PM,RFC,MIDATL,PEP,PEPCO,2772.811,True
9/10/2025 1:00:00 AM,9/9/2025 9:00:00 PM,RFC,MIDATL,PEP,PEPCO,2670.722,True
9/10/2025 2:00:00 AM,9/9/2025 10:00:00 PM,RFC,MIDATL,PEP,PEPCO,2506.476,True
9/10/2025 3:00:00 AM,9/9/2025 11:00:00 PM,RFC,MIDATL,PEP,PEPCO,2354.648,True
9/10/2025 4:00:00 AM,9/10/2025 12:00:00 AM,RFC,MIDATL,PEP,PEPCO,2162.750,True
9/10/2025 5:00:00 AM,9/10/2025 1:00:00 AM,RFC,MIDATL,PEP,PEPCO,2076.084,True
9/10/2025 6:00:00 AM,9/10/2025 2:00:00 AM,RFC,MIDATL,PEP,PEPCO,2004.917,True
9/10/2025 7:00:00 AM,9/10/2025 3:00:00 AM,RFC,MIDATL,PEP,PEPCO,2017.130,True
9/10/2025 8:00:00 AM,9/10/2025 4:00:00 AM,RFC,MIDATL,PEP,PEPCO,2007.633,True
9/10/2025 9:00:00 AM,9/10/2025 5:00:00 AM,RFC,MIDATL,PEP,PEPCO,2231.856,True
9/10/2025 10:00:00 AM,9/10/2025 6:00:00 AM,RFC,MIDATL,PEP,PEPCO,2465.189,True
9/10/2025 11:00:00 AM,9/10/2025 7:00:00 AM,RFC,MIDATL,PEP,PEPCO,2620.719,True
9/10/2025 12:00:00 PM,9/10/2025 8:00:00 AM,RFC,MIDATL,PEP,PEPCO,2692.040,True
9/10/2025 1:00:00 PM,9/10/2025 9:00:00 AM,RFC,MIDATL,PEP,PEPCO,2701.540,True
9/10/2025 2:00:00 PM,9/10/2025 10:00:00 AM,RFC,MIDATL,PEP,PEPCO,2715.390,True
9/10/2025 3:00:00 PM,9/10/2025 11:00:00 AM,RFC,MIDATL,PEP,PEPCO,2728.374,True
9/10/2025 4:00:00 PM,9/10/2025 12:00:00 PM,RFC,MIDATL,PEP,PEPCO,2740.507,True
9/10/2025 5:00:00 PM,9/10/2025 1:00:00 PM,RFC,MIDATL,PEP,PEPCO,2780.365,True
9/10/2025 6:00:00 PM,9/10/2025 2:00:00 PM,RFC,MIDATL,PEP,PEPCO,2770.116,True
9/10/2025 7:00:00 PM,9/10/2025 3:00:00 PM,RFC,MIDATL,PEP,PEPCO,2831.875,True
9/10/2025 8:00:00 PM,9/10/2025 4:00:00 PM,RFC,MIDATL,PEP,PEPCO,2847.051,True
9/10/2025 9:00:00 PM,9/10/2025 5:00:00 PM,RFC,MIDATL,PEP,PEPCO,2837.154,True
9/10/2025 10:00:00 PM,9/10/2025 6:00:00 PM,RFC,MIDATL,PEP,PEPCO,2790.653,True
9/10/2025 11:00:00 PM,9/10/2025 7:00:00 PM,RFC,MIDATL,PEP,PEPCO,2834.399,True
9/11/2025 12:00:00 AM,9/10/2025 8:00:00 PM,RFC,MIDATL,PEP,PEPCO,2796.861,True
9/11/2025 1:00:00 AM,9/10/2025 9:00:00 PM,RFC,MIDATL,PEP,PEPCO,2684.595,True
9/11/2025 2:00:00 AM,9/10/2025 10:00:00 PM,RFC,MIDATL,PEP,PEPCO,2512.843,True
9/11/2025 3:00:00 AM,9/10/2025 11:00:00 PM,RFC,MIDATL,PEP,PEPCO,2348.424,True
9/11/2025 4:00:00 AM,9/11/2025 12:00:00 AM,RFC,MIDATL,PEP,PEPCO,2197.893,True
9/11/2025 5:00:00 AM,9/11/2025 1:00:00 AM,RFC,MIDATL,PEP,PEPCO,2122.549,True
9/11/2025 6:00:00 AM,9/11/2025 2:00:00 AM,RFC,MIDATL,PEP,PEPCO,2047.477,True
9/11/2025 7:00:00 AM,9/11/2025 3:00:00 AM,RFC,MIDATL,PEP,PEPCO,2003.407,True
9/11/2025 8:00:00 AM,9/11/2025 4:00:00 AM,RFC,MIDATL,PEP,PEPCO,2061.659,True
9/11/2025 9:00:00 AM,9/11/2025 5:00:00 AM,RFC,MIDATL,PEP,PEPCO,2269.653,True
9/11/2025 10:00:00 AM,9/11/2025 6:00:00 AM,RFC,MIDATL,PEP,PEPCO,2515.123,True
9/11/2025 11:00:00 AM,9/11/2025 7:00:00 AM,RFC,MIDATL,PEP,PEPCO,2699.525,True
9/11/2025 12:00:00 PM,9/11/2025 8:00:00 AM,RFC,MIDATL,PEP,PEPCO,2739.837,True
9/11/2025 1:00:00 PM,9/11/2025 9:00:00 AM,RFC,MIDATL,PEP,PEPCO,2788.450,True
9/11/2025 2:00:00 PM,9/11/2025 10:00:00 AM,RFC,MIDATL,PEP,PEPCO,2771.209,True
9/11/2025 3:00:00 PM,9/11/2025 11:00:00 AM,RFC,MIDATL,PEP,PEPCO,2836.171,True
9/11/2025 4:00:00 PM,9/11/2025 12:00:00 PM,RFC,MIDATL,PEP,PEPCO,2894.583,True
9/11/2025 5:00:00 PM,9/11/2025 1:00:00 PM,RFC,MIDATL,PEP,PEPCO,2978.431,True
9/11/2025 6:00:00 PM,9/11/2025 2:00:00 PM,RFC,MIDATL,PEP,PEPCO,3059.915,True
9/11/2025 7:00:00 PM,9/11/2025 3:00:00 PM,RFC,MIDATL,PEP,PEPCO,3139.239,True
9/11/2025 8:00:00 PM,9/11/2025 4:00:00 PM,RFC,MIDATL,PEP,PEPCO,3211.074,True
9/11/2025 9:00:00 PM,9/11/2025 5:00:00 PM,RFC,MIDATL,PEP,PEPCO,3235.302,True
9/11/2025 10:00:00 PM,9/11/2025 6:00:00 PM,RFC,MIDATL,PEP,PEPCO,3179.244,True
9/11/2025 11:00:00 PM,9/11/2025 7:00:00 PM,RFC,MIDATL,PEP,PEPCO,3090.385,True
9/12/2025 12:00:00 AM,9/11/2025 8:00:00 PM,RFC,MIDATL,PEP,PEPCO,2982.443,True
9/12/2025 1:00:00 AM,9/11/2025 9:00:00 PM,RFC,MIDATL,PEP,PEPCO,2851.953,True
9/12/2025 2:00:00 AM,9/11/2025 10:00:00 PM,RFC,MIDATL,PEP,PEPCO,2655.589,True
9/12/2025 3:00:00 AM,9/11/2025 11:00:00 PM,RFC,MIDATL,PEP,PEPCO,2440.587,True
9/12/2025 4:00:00 AM,9/12/2025 12:00:00 AM,RFC,MIDATL,PEP,PEPCO,2264.804,True
9/12/2025 5:00:00 AM,9/12/2025 1:00:00 AM,RFC,MIDATL,PEP,PEPCO,2145.143,True
9/12/2025 6:00:00 AM,9/12/2025 2:00:00 AM,RFC,MIDATL,PEP,PEPCO,2053.142,True
9/12/2025 7:00:00 AM,9/12/2025 3:00:00 AM,RFC,MIDATL,PEP,PEPCO,2042.756,True
9/12/2025 8:00:00 AM,9/12/2025 4:00:00 AM,RFC,MIDATL,PEP,PEPCO,2059.875,True
9/12/2025 9:00:00 AM,9/12/2025 5:00:00 AM,RFC,MIDATL,PEP,PEPCO,2213.709,True
9/12/2025 10:00:00 AM,9/12/2025 6:00:00 AM,RFC,MIDATL,PEP,PEPCO,2448.678,True
9/12/2025 11:00:00 AM,9/12/2025 7:00:00 AM,RFC,MIDATL,PEP,PEPCO,2597.276,True
9/12/2025 12:00:00 PM,9/12/2025 8:00:00 AM,RFC,MIDATL,PEP,PEPCO,2654.400,True
9/12/2025 1:00:00 PM,9/12/2025 9:00:00 AM,RFC,MIDATL,PEP,PEPCO,2640.726,True
9/12/2025 2:00:00 PM,9/12/2025 10:00:00 AM,RFC,MIDATL,PEP,PEPCO,2676.824,True
9/12/2025 3:00:00 PM,9/12/2025 11:00:00 AM,RFC,MIDATL,PEP,PEPCO,2723.692,True
9/12/2025 4:00:00 PM,9/12/2025 12:00:00 PM,RFC,MIDATL,PEP,PEPCO,2807.522,True
9/12/2025 5:00:00 PM,9/12/2025 1:00:00 PM,RFC,MIDATL,PEP,PEPCO,2861.752,True
9/12/2025 6:00:00 PM,9/12/2025 2:00:00 PM,RFC,MIDATL,PEP,PEPCO,2948.136,True
9/12/2025 7:00:00 PM,9/12/2025 3:00:00 PM,RFC,MIDATL,PEP,PEPCO,3059.088,True
9/12/2025 8:00:00 PM,9/12/2025 4:00:00 PM,RFC,MIDATL,PEP,PEPCO,3179.515,True
9/12/2025 9:00:00 PM,9/12/2025 5:00:00 PM,RFC,MIDATL,PEP,PEPCO,3279.308,True
9/12/2025 10:00:00 PM,9/12/2025 6:00:00 PM,RFC,MIDATL,PEP,PEPCO,3157.044,True
9/12/2025 11:00:00 PM,9/12/2025 7:00:00 PM,RFC,MIDATL,PEP,PEPCO,3022.591,True
9/13/2025 12:00:00 AM,9/12/2025 8:00:00 PM,RFC,MIDATL,PEP,PEPCO,2893.865,True
9/13/2025 1:00:00 AM,9/12/2025 9:00:00 PM,RFC,MIDATL,PEP,PEPCO,2765.792,True
9/13/2025 2:00:00 AM,9/12/2025 10:00:00 PM,RFC,MIDATL,PEP,PEPCO,2623.822,True
9/13/2025 3:00:00 AM,9/12/2025 11:00:00 PM,RFC,MIDATL,PEP,PEPCO,2422.134,True
9/13/2025 4:00:00 AM,9/13/2025 12:00:00 AM,RFC,MIDATL,PEP,PEPCO,2288.718,True
9/13/2025 5:00:00 AM,9/13/2025 1:00:00 AM,RFC,MIDATL,PEP,PEPCO,2188.718,True
9/13/2025 6:00:00 AM,9/13/2025 2:00:00 AM,RFC,MIDATL,PEP,PEPCO,2070.983,True
9/13/2025 7:00:00 AM,9/13/2025 3:00:00 AM,RFC,MIDATL,PEP,PEPCO,2010.941,True
9/13/2025 8:00:00 AM,9/13/2025 4:00:00 AM,RFC,MIDATL,PEP,PEPCO,1948.576,True
9/13/2025 9:00:00 AM,9/13/2025 5:00:00 AM,RFC,MIDATL,PEP,PEPCO,1985.043,True
9/13/2025 10:00:00 AM,9/13/2025 6:00:00 AM,RFC,MIDATL,PEP,PEPCO,2053.005,True
9/13/2025 11:00:00 AM,9/13/2025 7:00:00 AM,RFC,MIDATL,PEP,PEPCO,2105.584,True
9/13/2025 12:00:00 PM,9/13/2025 8:00:00 AM,RFC,MIDATL,PEP,PEPCO,2220.293,True
9/13/2025 1:00:00 PM,9/13/2025 9:00:00 AM,RFC,MIDATL,PEP,PEPCO,2287.918,True
9/13/2025 2:00:00 PM,9/13/2025 10:00:00 AM,RFC,MIDATL,PEP,PEPCO,2346.523,True
9/13/2025 3:00:00 PM,9/13/2025 11:00:00 AM,RFC,MIDATL,PEP,PEPCO,2441.426,True
9/13/2025 4:00:00 PM,9/13/2025 12:00:00 PM,RFC,MIDATL,PEP,PEPCO,2504.805,True
9/13/2025 5:00:00 PM,9/13/2025 1:00:00 PM,RFC,MIDATL,PEP,PEPCO,2606.473,True
9/13/2025 6:00:00 PM,9/13/2025 2:00:00 PM,RFC,MIDATL,PEP,PEPCO,2741.777,True
9/13/2025 7:00:00 PM,9/13/2025 3:00:00 PM,RFC,MIDATL,PEP,PEPCO,2884.576,True
9/13/2025 8:00:00 PM,9/13/2025 4:00:00 PM,RFC,MIDATL,PEP,PEPCO,3012.106,True
9/13/2025 9:00:00 PM,9/13/2025 5:00:00 PM,RFC,MIDATL,PEP,PEPCO,3129.409,True
9/13/2025 10:00:00 PM,9/13/2025 6:00:00 PM,RFC,MIDATL,PEP,PEPCO,3094.153,True
9/13/2025 11:00:00 PM,9/13/2025 7:00:00 PM,RFC,MIDATL,PEP,PEPCO,3056.563,True
9/14/2025 12:00:00 AM,9/13/2025 8:00:00 PM,RFC,MIDATL,PEP,PEPCO,2941.762,True
9/14/2025 1:00:00 AM,9/13/2025 9:00:00 PM,RFC,MIDATL,PEP,PEPCO,2842.009,True
9/14/2025 2:00:00 AM,9/13/2025 10:00:00 PM,RFC,MIDATL,PEP,PEPCO,2636.310,True
9/14/2025 3:00:00 AM,9/13/2025 11:00:00 PM,RFC,MIDATL,PEP,PEPCO,2509.336,True
9/14/2025 4:00:00 AM,9/14/2025 12:00:00 AM,RFC,MIDATL,PEP,PEPCO,2372.669,True
9/14/2025 5:00:00 AM,9/14/2025 1:00:00 AM,RFC,MIDATL,PEP,PEPCO,2272.936,True
9/14/2025 6:00:00 AM,9/14/2025 2:00:00 AM,RFC,MIDATL,PEP,PEPCO,2159.979,True
9/14/2025 7:00:00 AM,9/14/2025 3:00:00 AM,RFC,MIDATL,PEP,PEPCO,2116.729,True
9/14/2025 8:00:00 AM,9/14/2025 4:00:00 AM,RFC,MIDATL,PEP,PEPCO,2043.584,True
9/14/2025 9:00:00 AM,9/14/2025 5:00:00 AM,RFC,MIDATL,PEP,PEPCO,2036.571,True
9/14/2025 10:00:00 AM,9/14/2025 6:00:00 AM,RFC,MIDATL,PEP,PEPCO,2108.980,True
9/14/2025 11:00:00 AM,9/14/2025 7:00:00 AM,RFC,MIDATL,PEP,PEPCO,2143.702,True
9/14/2025 12:00:00 PM,9/14/2025 8:00:00 AM,RFC,MIDATL,PEP,PEPCO,2241.583,True
9/14/2025 1:00:00 PM,9/14/2025 9:00:00 AM,RFC,MIDATL,PEP,PEPCO,2321.889,True
9/14/2025 2:00:00 PM,9/14/2025 10:00:00 AM,RFC,MIDATL,PEP,PEPCO,2472.918,True
9/14/2025 3:00:00 PM,9/14/2025 11:00:00 AM,RFC,MIDATL,PEP,PEPCO,2600.008,True
9/14/2025 4:00:00 PM,9/14/2025 12:00:00 PM,RFC,MIDATL,PEP,PEPCO,2726.150,True
9/14/2025 5:00:00 PM,9/14/2025 1:00:00 PM,RFC,MIDATL,PEP,PEPCO,2927.698,True
9/14/2025 6:00:00 PM,9/14/2025 2:00:00 PM,RFC,MIDATL,PEP,PEPCO,3121.121,True
9/14/2025 7:00:00 PM,9/14/2025 3:00:00 PM,RFC,MIDATL,PEP,PEPCO,3227.431,True
9/14/2025 8:00:00 PM,9/14/2025 4:00:00 PM,RFC,MIDATL,PEP,PEPCO,3313.935,True
9/14/2025 9:00:00 PM,9/14/2025 5:00:00 PM,RFC,MIDATL,PEP,PEPCO,3352.956,True
9/14/2025 10:00:00 PM,9/14/2025 6:00:00 PM,RFC,MIDATL,PEP,PEPCO,3343.275,True
9/14/2025 11:00:00 PM,9/14/2025 7:00:00 PM,RFC,MIDATL,PEP,PEPCO,3303.324,True
9/15/2025 12:00:00 AM,9/14/2025 8:00:00 PM,RFC,MIDATL,PEP,PEPCO,3225.038,True
9/15/2025 1:00:00 AM,9/14/2025 9:00:00 PM,RFC,MIDATL,PEP,PEPCO,3079.176,True
9/15/2025 2:00:00 AM,9/14/2025 10:00:00 PM,RFC,MIDATL,PEP,PEPCO,2873.072,True
9/15/2025 3:00:00 AM,9/14/2025 11:00:00 PM,RFC,MIDATL,PEP,PEPCO,2677.238,True
9/15/2025 4:00:00 AM,9/15/2025 12:00:00 AM,RFC,MIDATL,PEP,PEPCO,2467.746,True
9/15/2025 5:00:00 AM,9/15/2025 1:00:00 AM,RFC,MIDATL,PEP,PEPCO,2306.219,True
9/15/2025 6:00:00 AM,9/15/2025 2:00:00 AM,RFC,MIDATL,PEP,PEPCO,2235.401,True
9/15/2025 7:00:00 AM,9/15/2025 3:00:00 AM,RFC,MIDATL,PEP,PEPCO,2190.194,True
9/15/2025 8:00:00 AM,9/15/2025 4:00:00 AM,RFC,MIDATL,PEP,PEPCO,2227.764,True
9/15/2025 9:00:00 AM,9/15/2025 5:00:00 AM,RFC,MIDATL,PEP,PEPCO,2432.925,True
9/15/2025 10:00:00 AM,9/15/2025 6:00:00 AM,RFC,MIDATL,PEP,PEPCO,2659.055,True
9/15/2025 11:00:00 AM,9/15/2025 7:00:00 AM,RFC,MIDATL,PEP,PEPCO,2791.833,True
9/15/2025 12:00:00 PM,9/15/2025 8:00:00 AM,RFC,MIDATL,PEP,PEPCO,2862.421,True
9/15/2025 1:00:00 PM,9/15/2025 9:00:00 AM,RFC,MIDATL,PEP,PEPCO,2913.703,True
9/15/2025 2:00:00 PM,9/15/2025 10:00:00 AM,RFC,MIDATL,PEP,PEPCO,3040.944,True
9/15/2025 3:00:00 PM,9/15/2025 11:00:00 AM,RFC,MIDATL,PEP,PEPCO,3034.691,True
9/15/2025 4:00:00 PM,9/15/2025 12:00:00 PM,RFC,MIDATL,PEP,PEPCO,3040.251,True
9/15/2025 5:00:00 PM,9/15/2025 1:00:00 PM,RFC,MIDATL,PEP,PEPCO,3189.539,True
9/15/2025 6:00:00 PM,9/15/2025 2:00:00 PM,RFC,MIDATL,PEP,PEPCO,3268.973,True
9/15/2025 7:00:00 PM,9/15/2025 3:00:00 PM,RFC,MIDATL,PEP,PEPCO,3388.297,True
9/15/2025 8:00:00 PM,9/15/2025 4:00:00 PM,RFC,MIDATL,PEP,PEPCO,3374.329,True
9/15/2025 9:00:00 PM,9/15/2025 5:00:00 PM,RFC,MIDATL,PEP,PEPCO,3333.461,True
9/15/2025 10:00:00 PM,9/15/2025 6:00:00 PM,RFC,MIDATL,PEP,PEPCO,3233.707,True
9/15/2025 11:00:00 PM,9/15/2025 7:00:00 PM,RFC,MIDATL,PEP,PEPCO,3190.798,True
9/16/2025 12:00:00 AM,9/15/2025 8:00:00 PM,RFC,MIDATL,PEP,PEPCO,3088.917,True
9/16/2025 1:00:00 AM,9/15/2025 9:00:00 PM,RFC,MIDATL,PEP,PEPCO,2956.268,True
9/16/2025 2:00:00 AM,9/15/2025 10:00:00 PM,RFC,MIDATL,PEP,PEPCO,2755.292,True
9/16/2025 3:00:00 AM,9/15/2025 11:00:00 PM,RFC,MIDATL,PEP,PEPCO,2480.988,True
9/16/2025 4:00:00 AM,9/16/2025 12:00:00 AM,RFC,MIDATL,PEP,PEPCO,2336.188,True
9/16/2025 5:00:00 AM,9/16/2025 1:00:00 AM,RFC,MIDATL,PEP,PEPCO,2179.248,True
9/16/2025 6:00:00 AM,9/16/2025 2:00:00 AM,RFC,MIDATL,PEP,PEPCO,2116.457,True
9/16/2025 7:00:00 AM,9/16/2025 3:00:00 AM,RFC,MIDATL,PEP,PEPCO,2077.678,True
9/16/2025 8:00:00 AM,9/16/2025 4:00:00 AM,RFC,MIDATL,PEP,PEPCO,2099.077,True
9/16/2025 9:00:00 AM,9/16/2025 5:00:00 AM,RFC,MIDATL,PEP,PEPCO,2286.052,True
9/16/2025 10:00:00 AM,9/16/2025 6:00:00 AM,RFC,MIDATL,PEP,PEPCO,2557.802,True
9/16/2025 11:00:00 AM,9/16/2025 7:00:00 AM,RFC,MIDATL,PEP,PEPCO,2705.174,True
9/16/2025 12:00:00 PM,9/16/2025 8:00:00 AM,RFC,MIDATL,PEP,PEPCO,2744.649,True
9/16/2025 1:00:00 PM,9/16/2025 9:00:00 AM,RFC,MIDATL,PEP,PEPCO,2747.540,True
9/16/2025 2:00:00 PM,9/16/2025 10:00:00 AM,RFC,MIDATL,PEP,PEPCO,2821.333,True
9/16/2025 3:00:00 PM,9/16/2025 11:00:00 AM,RFC,MIDATL,PEP,PEPCO,2804.306,True
9/16/2025 4:00:00 PM,9/16/2025 12:00:00 PM,RFC,MIDATL,PEP,PEPCO,2875.299,True
9/16/2025 5:00:00 PM,9/16/2025 1:00:00 PM,RFC,MIDATL,PEP,PEPCO,2877.091,True
9/16/2025 6:00:00 PM,9/16/2025 2:00:00 PM,RFC,MIDATL,PEP,PEPCO,2878.386,True
9/16/2025 7:00:00 PM,9/16/2025 3:00:00 PM,RFC,MIDATL,PEP,PEPCO,2869.764,True
9/16/2025 8:00:00 PM,9/16/2025 4:00:00 PM,RFC,MIDATL,PEP,PEPCO,2867.628,True
9/16/2025 9:00:00 PM,9/16/2025 5:00:00 PM,RFC,MIDATL,PEP,PEPCO,2865.623,True
9/16/2025 10:00:00 PM,9/16/2025 6:00:00 PM,RFC,MIDATL,PEP,PEPCO,2772.054,True
9/16/2025 11:00:00 PM,9/16/2025 7:00:00 PM,RFC,MIDATL,PEP,PEPCO,2728.601,True
9/17/2025 12:00:00 AM,9/16/2025 8:00:00 PM,RFC,MIDATL,PEP,PEPCO,2671.244,True
9/17/2025 1:00:00 AM,9/16/2025 9:00:00 PM,RFC,MIDATL,PEP,PEPCO,2569.689,True
9/17/2025 2:00:00 AM,9/16/2025 10:00:00 PM,RFC,MIDATL,PEP,PEPCO,2446.394,True
9/17/2025 3:00:00 AM,9/16/2025 11:00:00 PM,RFC,MIDATL,PEP,PEPCO,2229.496,True
9/17/2025 4:00:00 AM,9/17/2025 12:00:00 AM,RFC,MIDATL,PEP,PEPCO,2096.320,True
9/17/2025 5:00:00 AM,9/17/2025 1:00:00 AM,RFC,MIDATL,PEP,PEPCO,1988.968,True
9/17/2025 6:00:00 AM,9/17/2025 2:00:00 AM,RFC,MIDATL,PEP,PEPCO,1937.072,True
9/17/2025 7:00:00 AM,9/17/2025 3:00:00 AM,RFC,MIDATL,PEP,PEPCO,1920.198,True
9/17/2025 8:00:00 AM,9/17/2025 4:00:00 AM,RFC,MIDATL,PEP,PEPCO,1975.279,True
9/17/2025 9:00:00 AM,9/17/2025 5:00:00 AM,RFC,MIDATL,PEP,PEPCO,2183.422,True
9/17/2025 10:00:00 AM,9/17/2025 6:00:00 AM,RFC,MIDATL,PEP,PEPCO,2411.466,True
9/17/2025 11:00:00 AM,9/17/2025 7:00:00 AM,RFC,MIDATL,PEP,PEPCO,2613.053,True
9/17/2025 12:00:00 PM,9/17/2025 8:00:00 AM,RFC,MIDATL,PEP,PEPCO,2666.882,True
9/17/2025 1:00:00 PM,9/17/2025 9:00:00 AM,RFC,MIDATL,PEP,PEPCO,2732.816,True
9/17/2025 2:00:00 PM,9/17/2025 10:00:00 AM,RFC,MIDATL,PEP,PEPCO,2782.062,True
9/17/2025 3:00:00 PM,9/17/2025 11:00:00 AM,RFC,MIDATL,PEP,PEPCO,2758.686,True
9/17/2025 4:00:00 PM,9/17/2025 12:00:00 PM,RFC,MIDATL,PEP,PEPCO,2811.172,True
9/17/2025 5:00:00 PM,9/17/2025 1:00:00 PM,RFC,MIDATL,PEP,PEPCO,2815.081,True
9/17/2025 6:00:00 PM,9/17/2025 2:00:00 PM,RFC,MIDATL,PEP,PEPCO,2846.092,True
9/17/2025 7:00:00 PM,9/17/2025 3:00:00 PM,RFC,MIDATL,PEP,PEPCO,2832.180,True
9/17/2025 8:00:00 PM,9/17/2025 4:00:00 PM,RFC,MIDATL,PEP,PEPCO,2889.462,True
9/17/2025 9:00:00 PM,9/17/2025 5:00:00 PM,RFC,MIDATL,PEP,PEPCO,2885.667,True
9/17/2025 10:00:00 PM,9/17/2025 6:00:00 PM,RFC,MIDATL,PEP,PEPCO,2880.231,True
9/17/2025 11:00:00 PM,9/17/2025 7:00:00 PM,RFC,MIDATL,PEP,PEPCO,2833.996,True
9/18/2025 12:00:00 AM,9/17/2025 8:00:00 PM,RFC,MIDATL,PEP,PEPCO,2785.576,True
9/18/2025 1:00:00 AM,9/17/2025 9:00:00 PM,RFC,MIDATL,PEP,PEPCO,2658.797,True
9/18/2025 2:00:00 AM,9/17/2025 10:00:00 PM,RFC,MIDATL,PEP,PEPCO,2527.010,True
9/18/2025 3:00:00 AM,9/17/2025 11:00:00 PM,RFC,MIDATL,PEP,PEPCO,2375.098,True
9/18/2025 4:00:00 AM,9/18/2025 12:00:00 AM,RFC,MIDATL,PEP,PEPCO,2172.839,True
9/18/2025 5:00:00 AM,9/18/2025 1:00:00 AM,RFC,MIDATL,PEP,PEPCO,2127.326,True
9/18/2025 6:00:00 AM,9/18/2025 2:00:00 AM,RFC,MIDATL,PEP,PEPCO,2054.365,True
9/18/2025 7:00:00 AM,9/18/2025 3:00:00 AM,RFC,MIDATL,PEP,PEPCO,2021.820,True
9/18/2025 8:00:00 AM,9/18/2025 4:00:00 AM,RFC,MIDATL,PEP,PEPCO,2072.717,True
9/18/2025 9:00:00 AM,9/18/2025 5:00:00 AM,RFC,MIDATL,PEP,PEPCO,2261.571,True
9/18/2025 10:00:00 AM,9/18/2025 6:00:00 AM,RFC,MIDATL,PEP,PEPCO,2528.201,True
9/18/2025 11:00:00 AM,9/18/2025 7:00:00 AM,RFC,MIDATL,PEP,PEPCO,2675.217,True
9/18/2025 12:00:00 PM,9/18/2025 8:00:00 AM,RFC,MIDATL,PEP,PEPCO,2737.911,True
9/18/2025 1:00:00 PM,9/18/2025 9:00:00 AM,RFC,MIDATL,PEP,PEPCO,2774.806,True
9/18/2025 2:00:00 PM,9/18/2025 10:00:00 AM,RFC,MIDATL,PEP,PEPCO,2780.558,True
9/18/2025 3:00:00 PM,9/18/2025 11:00:00 AM,RFC,MIDATL,PEP,PEPCO,2797.074,True
9/18/2025 4:00:00 PM,9/18/2025 12:00:00 PM,RFC,MIDATL,PEP,PEPCO,2889.591,True
9/18/2025 5:00:00 PM,9/18/2025 1:00:00 PM,RFC,MIDATL,PEP,PEPCO,2978.404,True
9/18/2025 6:00:00 PM,9/18/2025 2:00:00 PM,RFC,MIDATL,PEP,PEPCO,3091.225,True
9/18/2025 7:00:00 PM,9/18/2025 3:00:00 PM,RFC,MIDATL,PEP,PEPCO,3246.267,True
9/18/2025 8:00:00 PM,9/18/2025 4:00:00 PM,RFC,MIDATL,PEP,PEPCO,3401.995,True
9/18/2025 9:00:00 PM,9/18/2025 5:00:00 PM,RFC,MIDATL,PEP,PEPCO,3467.098,True
9/18/2025 10:00:00 PM,9/18/2025 6:00:00 PM,RFC,MIDATL,PEP,PEPCO,3391.253,True
9/18/2025 11:00:00 PM,9/18/2025 7:00:00 PM,RFC,MIDATL,PEP,PEPCO,3263.148,True
9/19/2025 12:00:00 AM,9/18/2025 8:00:00 PM,RFC,MIDATL,PEP,PEPCO,3187.440,True
9/19/2025 1:00:00 AM,9/18/2025 9:00:00 PM,RFC,MIDATL,PEP,PEPCO,3033.240,True
9/19/2025 2:00:00 AM,9/18/2025 10:00:00 PM,RFC,MIDATL,PEP,PEPCO,2846.832,True
9/19/2025 3:00:00 AM,9/18/2025 11:00:00 PM,RFC,MIDATL,PEP,PEPCO,2602.733,True
9/19/2025 4:00:00 AM,9/19/2025 12:00:00 AM,RFC,MIDATL,PEP,PEPCO,2421.580,True
9/19/2025 5:00:00 AM,9/19/2025 1:00:00 AM,RFC,MIDATL,PEP,PEPCO,2279.369,True
9/19/2025 6:00:00 AM,9/19/2025 2:00:00 AM,RFC,MIDATL,PEP,PEPCO,2203.583,True
9/19/2025 7:00:00 AM,9/19/2025 3:00:00 AM,RFC,MIDATL,PEP,PEPCO,2150.360,True
9/19/2025 8:00:00 AM,9/19/2025 4:00:00 AM,RFC,MIDATL,PEP,PEPCO,2176.657,True
9/19/2025 9:00:00 AM,9/19/2025 5:00:00 AM,RFC,MIDATL,PEP,PEPCO,2339.268,True
9/19/2025 10:00:00 AM,9/19/2025 6:00:00 AM,RFC,MIDATL,PEP,PEPCO,2575.172,True
9/19/2025 11:00:00 AM,9/19/2025 7:00:00 AM,RFC,MIDATL,PEP,PEPCO,2673.473,True
9/19/2025 12:00:00 PM,9/19/2025 8:00:00 AM,RFC,MIDATL,PEP,PEPCO,2757.098,True
9/19/2025 1:00:00 PM,9/19/2025 9:00:00 AM,RFC,MIDATL,PEP,PEPCO,2818.283,True
9/19/2025 2:00:00 PM,9/19/2025 10:00:00 AM,RFC,MIDATL,PEP,PEPCO,2879.774,True
9/19/2025 3:00:00 PM,9/19/2025 11:00:00 AM,RFC,MIDATL,PEP,PEPCO,3015.233,True
9/19/2025 4:00:00 PM,9/19/2025 12:00:00 PM,RFC,MIDATL,PEP,PEPCO,3143.346,True
9/19/2025 5:00:00 PM,9/19/2025 1:00:00 PM,RFC,MIDATL,PEP,PEPCO,3291.068,True
9/19/2025 6:00:00 PM,9/19/2025 2:00:00 PM,RFC,MIDATL,PEP,PEPCO,3427.269,True
9/19/2025 7:00:00 PM,9/19/2025 3:00:00 PM,RFC,MIDATL,PEP,PEPCO,3621.058,True
9/19/2025 8:00:00 PM,9/19/2025 4:00:00 PM,RFC,MIDATL,PEP,PEPCO,3765.806,True
9/19/2025 9:00:00 PM,9/19/2025 5:00:00 PM,RFC,MIDATL,PEP,PEPCO,3817.569,True
9/19/2025 10:00:00 PM,9/19/2025 6:00:00 PM,RFC,MIDATL,PEP,PEPCO,3667.393,True
9/19/2025 11:00:00 PM,9/19/2025 7:00:00 PM,RFC,MIDATL,PEP,PEPCO,3475.514,True
9/20/2025 12:00:00 AM,9/19/2025 8:00:00 PM,RFC,MIDATL,PEP,PEPCO,3326.965,True
9/20/2025 1:00:00 AM,9/19/2025 9:00:00 PM,RFC,MIDATL,PEP,PEPCO,3186.519,True
9/20/2025 2:00:00 AM,9/19/2025 10:00:00 PM,RFC,MIDATL,PEP,PEPCO,2991.183,True
9/20/2025 3:00:00 AM,9/19/2025 11:00:00 PM,RFC,MIDATL,PEP,PEPCO,2826.185,True
9/20/2025 4:00:00 AM,9/20/2025 12:00:00 AM,RFC,MIDATL,PEP,PEPCO,2626.562,True
9/20/2025 5:00:00 AM,9/20/2025 1:00:00 AM,RFC,MIDATL,PEP,PEPCO,2502.083,True
9/20/2025 6:00:00 AM,9/20/2025 2:00:00 AM,RFC,MIDATL,PEP,PEPCO,2386.207,True
9/20/2025 7:00:00 AM,9/20/2025 3:00:00 AM,RFC,MIDATL,PEP,PEPCO,2311.198,True
9/20/2025 8:00:00 AM,9/20/2025 4:00:00 AM,RFC,MIDATL,PEP,PEPCO,2240.142,True
9/20/2025 9:00:00 AM,9/20/2025 5:00:00 AM,RFC,MIDATL,PEP,PEPCO,2194.094,True
9/20/2025 10:00:00 AM,9/20/2025 6:00:00 AM,RFC,MIDATL,PEP,PEPCO,2252.091,True
9/20/2025 11:00:00 AM,9/20/2025 7:00:00 AM,RFC,MIDATL,PEP,PEPCO,2275.206,True
9/20/2025 12:00:00 PM,9/20/2025 8:00:00 AM,RFC,MIDATL,PEP,PEPCO,2351.086,True
9/20/2025 1:00:00 PM,9/20/2025 9:00:00 AM,RFC,MIDATL,PEP,PEPCO,2435.096,True
9/20/2025 2:00:00 PM,9/20/2025 10:00:00 AM,RFC,MIDATL,PEP,PEPCO,2511.279,True
9/20/2025 3:00:00 PM,9/20/2025 11:00:00 AM,RFC,MIDATL,PEP,PEPCO,2590.675,True
9/20/2025 4:00:00 PM,9/20/2025 12:00:00 PM,RFC,MIDATL,PEP,PEPCO,2673.601,True
9/20/2025 5:00:00 PM,9/20/2025 1:00:00 PM,RFC,MIDATL,PEP,PEPCO,2714.339,True
9/20/2025 6:00:00 PM,9/20/2025 2:00:00 PM,RFC,MIDATL,PEP,PEPCO,2740.014,True
9/20/2025 7:00:00 PM,9/20/2025 3:00:00 PM,RFC,MIDATL,PEP,PEPCO,2748.558,True
9/20/2025 8:00:00 PM,9/20/2025 4:00:00 PM,RFC,MIDATL,PEP,PEPCO,2790.136,True
9/20/2025 9:00:00 PM,9/20/2025 5:00:00 PM,RFC,MIDATL,PEP,PEPCO,2860.444,True
9/20/2025 10:00:00 PM,9/20/2025 6:00:00 PM,RFC,MIDATL,PEP,PEPCO,2863.293,True
9/20/2025 11:00:00 PM,9/20/2025 7:00:00 PM,RFC,MIDATL,PEP,PEPCO,2868.199,True
9/21/2025 12:00:00 AM,9/20/2025 8:00:00 PM,RFC,MIDATL,PEP,PEPCO,2804.528,True
9/21/2025 1:00:00 AM,9/20/2025 9:00:00 PM,RFC,MIDATL,PEP,PEPCO,2722.454,True
9/21/2025 2:00:00 AM,9/20/2025 10:00:00 PM,RFC,MIDATL,PEP,PEPCO,2606.402,True
9/21/2025 3:00:00 AM,9/20/2025 11:00:00 PM,RFC,MIDATL,PEP,PEPCO,2463.558,True
9/21/2025 4:00:00 AM,9/21/2025 12:00:00 AM,RFC,MIDATL,PEP,PEPCO,2352.900,True
9/21/2025 5:00:00 AM,9/21/2025 1:00:00 AM,RFC,MIDATL,PEP,PEPCO,2256.987,True
9/21/2025 6:00:00 AM,9/21/2025 2:00:00 AM,RFC,MIDATL,PEP,PEPCO,2154.803,True
9/21/2025 7:00:00 AM,9/21/2025 3:00:00 AM,RFC,MIDATL,PEP,PEPCO,2079.849,True
9/21/2025 8:00:00 AM,9/21/2025 4:00:00 AM,RFC,MIDATL,PEP,PEPCO,2056.107,True
9/21/2025 9:00:00 AM,9/21/2025 5:00:00 AM,RFC,MIDATL,PEP,PEPCO,2076.332,True
9/21/2025 10:00:00 AM,9/21/2025 6:00:00 AM,RFC,MIDATL,PEP,PEPCO,2130.974,True
9/21/2025 11:00:00 AM,9/21/2025 7:00:00 AM,RFC,MIDATL,PEP,PEPCO,2235.030,True
9/21/2025 12:00:00 PM,9/21/2025 8:00:00 AM,RFC,MIDATL,PEP,PEPCO,2271.886,True
9/21/2025 1:00:00 PM,9/21/2025 9:00:00 AM,RFC,MIDATL,PEP,PEPCO,2388.722,True
9/21/2025 2:00:00 PM,9/21/2025 10:00:00 AM,RFC,MIDATL,PEP,PEPCO,2455.482,True
9/21/2025 3:00:00 PM,9/21/2025 11:00:00 AM,RFC,MIDATL,PEP,PEPCO,2511.820,True
9/21/2025 4:00:00 PM,9/21/2025 12:00:00 PM,RFC,MIDATL,PEP,PEPCO,2600.504,True
9/21/2025 5:00:00 PM,9/21/2025 1:00:00 PM,RFC,MIDATL,PEP,PEPCO,2641.174,True
9/21/2025 6:00:00 PM,9/21/2025 2:00:00 PM,RFC,MIDATL,PEP,PEPCO,2688.282,True
9/21/2025 7:00:00 PM,9/21/2025 3:00:00 PM,RFC,MIDATL,PEP,PEPCO,2682.907,True
9/21/2025 8:00:00 PM,9/21/2025 4:00:00 PM,RFC,MIDATL,PEP,PEPCO,2747.026,True
9/21/2025 9:00:00 PM,9/21/2025 5:00:00 PM,RFC,MIDATL,PEP,PEPCO,2784.972,True
9/21/2025 10:00:00 PM,9/21/2025 6:00:00 PM,RFC,MIDATL,PEP,PEPCO,2816.322,True
9/21/2025 11:00:00 PM,9/21/2025 7:00:00 PM,RFC,MIDATL,PEP,PEPCO,2875.545,True
9/22/2025 12:00:00 AM,9/21/2025 8:00:00 PM,RFC,MIDATL,PEP,PEPCO,2833.835,True
9/22/2025 1:00:00 AM,9/21/2025 9:00:00 PM,RFC,MIDATL,PEP,PEPCO,2727.840,True
9/22/2025 2:00:00 AM,9/21/2025 10:00:00 PM,RFC,MIDATL,PEP,PEPCO,2600.500,True
9/22/2025 3:00:00 AM,9/21/2025 11:00:00 PM,RFC,MIDATL,PEP,PEPCO,2373.992,True
9/22/2025 4:00:00 AM,9/22/2025 12:00:00 AM,RFC,MIDATL,PEP,PEPCO,2206.727,True
9/22/2025 5:00:00 AM,9/22/2025 1:00:00 AM,RFC,MIDATL,PEP,PEPCO,2101.124,True
9/22/2025 6:00:00 AM,9/22/2025 2:00:00 AM,RFC,MIDATL,PEP,PEPCO,2025.532,True
9/22/2025 7:00:00 AM,9/22/2025 3:00:00 AM,RFC,MIDATL,PEP,PEPCO,2007.099,True
9/22/2025 8:00:00 AM,9/22/2025 4:00:00 AM,RFC,MIDATL,PEP,PEPCO,2052.125,True
9/22/2025 9:00:00 AM,9/22/2025 5:00:00 AM,RFC,MIDATL,PEP,PEPCO,2242.846,True
9/22/2025 10:00:00 AM,9/22/2025 6:00:00 AM,RFC,MIDATL,PEP,PEPCO,2481.166,True
9/22/2025 11:00:00 AM,9/22/2025 7:00:00 AM,RFC,MIDATL,PEP,PEPCO,2612.714,True
9/22/2025 12:00:00 PM,9/22/2025 8:00:00 AM,RFC,MIDATL,PEP,PEPCO,2693.629,True
9/22/2025 1:00:00 PM,9/22/2025 9:00:00 AM,RFC,MIDATL,PEP,PEPCO,2680.006,True
9/22/2025 2:00:00 PM,9/22/2025 10:00:00 AM,RFC,MIDATL,PEP,PEPCO,2692.766,True
9/22/2025 3:00:00 PM,9/22/2025 11:00:00 AM,RFC,MIDATL,PEP,PEPCO,2751.987,True
9/22/2025 4:00:00 PM,9/22/2025 12:00:00 PM,RFC,MIDATL,PEP,PEPCO,2786.348,True
9/22/2025 5:00:00 PM,9/22/2025 1:00:00 PM,RFC,MIDATL,PEP,PEPCO,2884.568,True
9/22/2025 6:00:00 PM,9/22/2025 2:00:00 PM,RFC,MIDATL,PEP,PEPCO,2968.077,True
9/22/2025 7:00:00 PM,9/22/2025 3:00:00 PM,RFC,MIDATL,PEP,PEPCO,3141.570,True
9/22/2025 8:00:00 PM,9/22/2025 4:00:00 PM,RFC,MIDATL,PEP,PEPCO,3294.047,True
9/22/2025 9:00:00 PM,9/22/2025 5:00:00 PM,RFC,MIDATL,PEP,PEPCO,3380.422,True
9/22/2025 10:00:00 PM,9/22/2025 6:00:00 PM,RFC,MIDATL,PEP,PEPCO,3293.926,True
9/22/2025 11:00:00 PM,9/22/2025 7:00:00 PM,RFC,MIDATL,PEP,PEPCO,3195.748,True
9/23/2025 12:00:00 AM,9/22/2025 8:00:00 PM,RFC,MIDATL,PEP,PEPCO,3110.864,True
9/23/2025 1:00:00 AM,9/22/2025 9:00:00 PM,RFC,MIDATL,PEP,PEPCO,2931.492,True
9/23/2025 2:00:00 AM,9/22/2025 10:00:00 PM,RFC,MIDATL,PEP,PEPCO,2736.091,True
9/23/2025 3:00:00 AM,9/22/2025 11:00:00 PM,RFC,MIDATL,PEP,PEPCO,2519.238,True
9/23/2025 4:00:00 AM,9/23/2025 12:00:00 AM,RFC,MIDATL,PEP,PEPCO,2377.795,True
9/23/2025 5:00:00 AM,9/23/2025 1:00:00 AM,RFC,MIDATL,PEP,PEPCO,2203.333,True
9/23/2025 6:00:00 AM,9/23/2025 2:00:00 AM,RFC,MIDATL,PEP,PEPCO,2113.739,True
9/23/2025 7:00:00 AM,9/23/2025 3:00:00 AM,RFC,MIDATL,PEP,PEPCO,2088.731,True
9/23/2025 8:00:00 AM,9/23/2025 4:00:00 AM,RFC,MIDATL,PEP,PEPCO,2095.180,True
9/23/2025 9:00:00 AM,9/23/2025 5:00:00 AM,RFC,MIDATL,PEP,PEPCO,2294.034,True
9/23/2025 10:00:00 AM,9/23/2025 6:00:00 AM,RFC,MIDATL,PEP,PEPCO,2529.893,True
9/23/2025 11:00:00 AM,9/23/2025 7:00:00 AM,RFC,MIDATL,PEP,PEPCO,2659.413,True
9/23/2025 12:00:00 PM,9/23/2025 8:00:00 AM,RFC,MIDATL,PEP,PEPCO,2776.933,True
9/23/2025 1:00:00 PM,9/23/2025 9:00:00 AM,RFC,MIDATL,PEP,PEPCO,2801.733,True
9/23/2025 2:00:00 PM,9/23/2025 10:00:00 AM,RFC,MIDATL,PEP,PEPCO,2880.503,True
9/23/2025 3:00:00 PM,9/23/2025 11:00:00 AM,RFC,MIDATL,PEP,PEPCO,2963.823,True
9/23/2025 4:00:00 PM,9/23/2025 12:00:00 PM,RFC,MIDATL,PEP,PEPCO,3183.000,True
9/23/2025 5:00:00 PM,9/23/2025 1:00:00 PM,RFC,MIDATL,PEP,PEPCO,3266.048,True
9/23/2025 6:00:00 PM,9/23/2025 2:00:00 PM,RFC,MIDATL,PEP,PEPCO,3390.154,True
9/23/2025 7:00:00 PM,9/23/2025 3:00:00 PM,RFC,MIDATL,PEP,PEPCO,3551.755,True
9/23/2025 8:00:00 PM,9/23/2025 4:00:00 PM,RFC,MIDATL,PEP,PEPCO,3575.151,True
9/23/2025 9:00:00 PM,9/23/2025 5:00:00 PM,RFC,MIDATL,PEP,PEPCO,3535.845,True
9/23/2025 10:00:00 PM,9/23/2025 6:00:00 PM,RFC,MIDATL,PEP,PEPCO,3452.672,True
9/23/2025 11:00:00 PM,9/23/2025 7:00:00 PM,RFC,MIDATL,PEP,PEPCO,3399.339,True
9/24/2025 12:00:00 AM,9/23/2025 8:00:00 PM,RFC,MIDATL,PEP,PEPCO,3337.127,True
9/24/2025 1:00:00 AM,9/23/2025 9:00:00 PM,RFC,MIDATL,PEP,PEPCO,3169.686,True
9/24/2025 2:00:00 AM,9/23/2025 10:00:00 PM,RFC,MIDATL,PEP,PEPCO,2980.309,True
9/24/2025 3:00:00 AM,9/23/2025 11:00:00 PM,RFC,MIDATL,PEP,PEPCO,2749.666,True
9/24/2025 4:00:00 AM,9/24/2025 12:00:00 AM,RFC,MIDATL,PEP,PEPCO,2532.562,True
9/24/2025 5:00:00 AM,9/24/2025 1:00:00 AM,RFC,MIDATL,PEP,PEPCO,2412.228,True
9/24/2025 6:00:00 AM,9/24/2025 2:00:00 AM,RFC,MIDATL,PEP,PEPCO,2298.851,True
9/24/2025 7:00:00 AM,9/24/2025 3:00:00 AM,RFC,MIDATL,PEP,PEPCO,2275.223,True
9/24/2025 8:00:00 AM,9/24/2025 4:00:00 AM,RFC,MIDATL,PEP,PEPCO,2263.614,True
9/24/2025 9:00:00 AM,9/24/2025 5:00:00 AM,RFC,MIDATL,PEP,PEPCO,2464.648,True
9/24/2025 10:00:00 AM,9/24/2025 6:00:00 AM,RFC,MIDATL,PEP,PEPCO,2722.393,True
9/24/2025 11:00:00 AM,9/24/2025 7:00:00 AM,RFC,MIDATL,PEP,PEPCO,2903.313,True
9/24/2025 12:00:00 PM,9/24/2025 8:00:00 AM,RFC,MIDATL,PEP,PEPCO,2922.550,True
9/24/2025 1:00:00 PM,9/24/2025 9:00:00 AM,RFC,MIDATL,PEP,PEPCO,3025.406,True
9/24/2025 2:00:00 PM,9/24/2025 10:00:00 AM,RFC,MIDATL,PEP,PEPCO,3133.562,True
9/24/2025 3:00:00 PM,9/24/2025 11:00:00 AM,RFC,MIDATL,PEP,PEPCO,3178.802,True
9/24/2025 4:00:00 PM,9/24/2025 12:00:00 PM,RFC,MIDATL,PEP,PEPCO,3233.466,True
9/24/2025 5:00:00 PM,9/24/2025 1:00:00 PM,RFC,MIDATL,PEP,PEPCO,3303.846,True
9/24/2025 6:00:00 PM,9/24/2025 2:00:00 PM,RFC,MIDATL,PEP,PEPCO,3301.445,True
9/24/2025 7:00:00 PM,9/24/2025 3:00:00 PM,RFC,MIDATL,PEP,PEPCO,3368.684,True
9/24/2025 8:00:00 PM,9/24/2025 4:00:00 PM,RFC,MIDATL,PEP,PEPCO,3381.439,True
9/24/2025 9:00:00 PM,9/24/2025 5:00:00 PM,RFC,MIDATL,PEP,PEPCO,3409.341,True
9/24/2025 10:00:00 PM,9/24/2025 6:00:00 PM,RFC,MIDATL,PEP,PEPCO,3344.077,True
9/24/2025 11:00:00 PM,9/24/2025 7:00:00 PM,RFC,MIDATL,PEP,PEPCO,3347.743,True
9/25/2025 12:00:00 AM,9/24/2025 8:00:00 PM,RFC,MIDATL,PEP,PEPCO,3209.000,True
9/25/2025 1:00:00 AM,9/24/2025 9:00:00 PM,RFC,MIDATL,PEP,PEPCO,3136.725,True
9/25/2025 2:00:00 AM,9/24/2025 10:00:00 PM,RFC,MIDATL,PEP,PEPCO,2946.262,True
9/25/2025 3:00:00 AM,9/24/2025 11:00:00 PM,RFC,MIDATL,PEP,PEPCO,2745.511,True
9/25/2025 4:00:00 AM,9/25/2025 12:00:00 AM,RFC,MIDATL,PEP,PEPCO,2557.547,True
9/25/2025 5:00:00 AM,9/25/2025 1:00:00 AM,RFC,MIDATL,PEP,PEPCO,2452.799,True
9/25/2025 6:00:00 AM,9/25/2025 2:00:00 AM,RFC,MIDATL,PEP,PEPCO,2392.595,True
9/25/2025 7:00:00 AM,9/25/2025 3:00:00 AM,RFC,MIDATL,PEP,PEPCO,2332.387,True
9/25/2025 8:00:00 AM,9/25/2025 4:00:00 AM,RFC,MIDATL,PEP,PEPCO,2410.865,True
9/25/2025 9:00:00 AM,9/25/2025 5:00:00 AM,RFC,MIDATL,PEP,PEPCO,2564.127,True
9/25/2025 10:00:00 AM,9/25/2025 6:00:00 AM,RFC,MIDATL,PEP,PEPCO,2854.361,True
9/25/2025 11:00:00 AM,9/25/2025 7:00:00 AM,RFC,MIDATL,PEP,PEPCO,3058.179,True
9/25/2025 12:00:00 PM,9/25/2025 8:00:00 AM,RFC,MIDATL,PEP,PEPCO,3142.010,True
9/25/2025 1:00:00 PM,9/25/2025 9:00:00 AM,RFC,MIDATL,PEP,PEPCO,3182.827,True
9/25/2025 2:00:00 PM,9/25/2025 10:00:00 AM,RFC,MIDATL,PEP,PEPCO,3213.739,True
9/25/2025 3:00:00 PM,9/25/2025 11:00:00 AM,RFC,MIDATL,PEP,PEPCO,3269.931,True
9/25/2025 4:00:00 PM,9/25/2025 12:00:00 PM,RFC,MIDATL,PEP,PEPCO,3316.273,True
9/25/2025 5:00:00 PM,9/25/2025 1:00:00 PM,RFC,MIDATL,PEP,PEPCO,3249.183,True
9/25/2025 6:00:00 PM,9/25/2025 2:00:00 PM,RFC,MIDATL,PEP,PEPCO,3312.602,True
9/25/2025 7:00:00 PM,9/25/2025 3:00:00 PM,RFC,MIDATL,PEP,PEPCO,3466.589,True
9/25/2025 8:00:00 PM,9/25/2025 4:00:00 PM,RFC,MIDATL,PEP,PEPCO,3500.109,True
9/25/2025 9:00:00 PM,9/25/2025 5:00:00 PM,RFC,MIDATL,PEP,PEPCO,3556.119,True
9/25/2025 10:00:00 PM,9/25/2025 6:00:00 PM,RFC,MIDATL,PEP,PEPCO,3485.812,True
9/25/2025 11:00:00 PM,9/25/2025 7:00:00 PM,RFC,MIDATL,PEP,PEPCO,3425.095,True
9/26/2025 12:00:00 AM,9/25/2025 8:00:00 PM,RFC,MIDATL,PEP,PEPCO,3316.142,True
9/26/2025 1:00:00 AM,9/25/2025 9:00:00 PM,RFC,MIDATL,PEP,PEPCO,3189.115,True
9/26/2025 2:00:00 AM,9/25/2025 10:00:00 PM,RFC,MIDATL,PEP,PEPCO,2994.982,True
9/26/2025 3:00:00 AM,9/25/2025 11:00:00 PM,RFC,MIDATL,PEP,PEPCO,2752.532,True
9/26/2025 4:00:00 AM,9/26/2025 12:00:00 AM,RFC,MIDATL,PEP,PEPCO,2555.394,True
9/26/2025 5:00:00 AM,9/26/2025 1:00:00 AM,RFC,MIDATL,PEP,PEPCO,2406.465,True
9/26/2025 6:00:00 AM,9/26/2025 2:00:00 AM,RFC,MIDATL,PEP,PEPCO,2333.581,True
9/26/2025 7:00:00 AM,9/26/2025 3:00:00 AM,RFC,MIDATL,PEP,PEPCO,2257.642,True
9/26/2025 8:00:00 AM,9/26/2025 4:00:00 AM,RFC,MIDATL,PEP,PEPCO,2310.396,True
9/26/2025 9:00:00 AM,9/26/2025 5:00:00 AM,RFC,MIDATL,PEP,PEPCO,2448.727,True
9/26/2025 10:00:00 AM,9/26/2025 6:00:00 AM,RFC,MIDATL,PEP,PEPCO,2710.936,True
9/26/2025 11:00:00 AM,9/26/2025 7:00:00 AM,RFC,MIDATL,PEP,PEPCO,2855.496,True
9/26/2025 12:00:00 PM,9/26/2025 8:00:00 AM,RFC,MIDATL,PEP,PEPCO,2933.363,True
9/26/2025 1:00:00 PM,9/26/2025 9:00:00 AM,RFC,MIDATL,PEP,PEPCO,2970.523,True
9/26/2025 2:00:00 PM,9/26/2025 10:00:00 AM,RFC,MIDATL,PEP,PEPCO,3033.353,True
9/26/2025 3:00:00 PM,9/26/2025 11:00:00 AM,RFC,MIDATL,PEP,PEPCO,3099.648,True
9/26/2025 4:00:00 PM,9/26/2025 12:00:00 PM,RFC,MIDATL,PEP,PEPCO,3149.378,True
9/26/2025 5:00:00 PM,9/26/2025 1:00:00 PM,RFC,MIDATL,PEP,PEPCO,3314.264,True
9/26/2025 6:00:00 PM,9/26/2025 2:00:00 PM,RFC,MIDATL,PEP,PEPCO,3379.203,True
9/26/2025 7:00:00 PM,9/26/2025 3:00:00 PM,RFC,MIDATL,PEP,PEPCO,3488.018,True
9/26/2025 8:00:00 PM,9/26/2025 4:00:00 PM,RFC,MIDATL,PEP,PEPCO,3611.729,True
9/26/2025 9:00:00 PM,9/26/2025 5:00:00 PM,RFC,MIDATL,PEP,PEPCO,3600.810,True
9/26/2025 10:00:00 PM,9/26/2025 6:00:00 PM,RFC,MIDATL,PEP,PEPCO,3388.136,True
9/26/2025 11:00:00 PM,9/26/2025 7:00:00 PM,RFC,MIDATL,PEP,PEPCO,3299.658,True
9/27/2025 12:00:00 AM,9/26/2025 8:00:00 PM,RFC,MIDATL,PEP,PEPCO,3161.898,True
9/27/2025 1:00:00 AM,9/26/2025 9:00:00 PM,RFC,MIDATL,PEP,PEPCO,3016.480,True
9/27/2025 2:00:00 AM,9/26/2025 10:00:00 PM,RFC,MIDATL,PEP,PEPCO,2855.250,True
9/27/2025 3:00:00 AM,9/26/2025 11:00:00 PM,RFC,MIDATL,PEP,PEPCO,2700.952,True
9/27/2025 4:00:00 AM,9/27/2025 12:00:00 AM,RFC,MIDATL,PEP,PEPCO,2519.135,True
9/27/2025 5:00:00 AM,9/27/2025 1:00:00 AM,RFC,MIDATL,PEP,PEPCO,2374.731,True
9/27/2025 6:00:00 AM,9/27/2025 2:00:00 AM,RFC,MIDATL,PEP,PEPCO,2288.415,True
9/27/2025 7:00:00 AM,9/27/2025 3:00:00 AM,RFC,MIDATL,PEP,PEPCO,2217.181,True
9/27/2025 8:00:00 AM,9/27/2025 4:00:00 AM,RFC,MIDATL,PEP,PEPCO,2197.898,True
9/27/2025 9:00:00 AM,9/27/2025 5:00:00 AM,RFC,MIDATL,PEP,PEPCO,2214.345,True
9/27/2025 10:00:00 AM,9/27/2025 6:00:00 AM,RFC,MIDATL,PEP,PEPCO,2276.129,True
9/27/2025 11:00:00 AM,9/27/2025 7:00:00 AM,RFC,MIDATL,PEP,PEPCO,2374.443,True
9/27/2025 12:00:00 PM,9/27/2025 8:00:00 AM,RFC,MIDATL,PEP,PEPCO,2473.303,True
9/27/2025 1:00:00 PM,9/27/2025 9:00:00 AM,RFC,MIDATL,PEP,PEPCO,2636.252,True
9/27/2025 2:00:00 PM,9/27/2025 10:00:00 AM,RFC,MIDATL,PEP,PEPCO,2703.003,True
9/27/2025 3:00:00 PM,9/27/2025 11:00:00 AM,RFC,MIDATL,PEP,PEPCO,2790.630,True
9/27/2025 4:00:00 PM,9/27/2025 12:00:00 PM,RFC,MIDATL,PEP,PEPCO,2772.045,True
9/27/2025 5:00:00 PM,9/27/2025 1:00:00 PM,RFC,MIDATL,PEP,PEPCO,2823.693,True
9/27/2025 6:00:00 PM,9/27/2025 2:00:00 PM,RFC,MIDATL,PEP,PEPCO,2880.122,True
9/27/2025 7:00:00 PM,9/27/2025 3:00:00 PM,RFC,MIDATL,PEP,PEPCO,2853.261,True
9/27/2025 8:00:00 PM,9/27/2025 4:00:00 PM,RFC,MIDATL,PEP,PEPCO,2870.050,True
9/27/2025 9:00:00 PM,9/27/2025 5:00:00 PM,RFC,MIDATL,PEP,PEPCO,2912.827,True
9/27/2025 10:00:00 PM,9/27/2025 6:00:00 PM,RFC,MIDATL,PEP,PEPCO,2935.822,True
9/27/2025 11:00:00 PM,9/27/2025 7:00:00 PM,RFC,MIDATL,PEP,PEPCO,2934.463,True
9/28/2025 12:00:00 AM,9/27/2025 8:00:00 PM,RFC,MIDATL,PEP,PEPCO,2867.744,True
9/28/2025 1:00:00 AM,9/27/2025 9:00:00 PM,RFC,MIDATL,PEP,PEPCO,2792.764,True
9/28/2025 2:00:00 AM,9/27/2025 10:00:00 PM,RFC,MIDATL,PEP,PEPCO,2635.128,True
9/28/2025 3:00:00 AM,9/27/2025 11:00:00 PM,RFC,MIDATL,PEP,PEPCO,2517.587,True
9/28/2025 4:00:00 AM,9/28/2025 12:00:00 AM,RFC,MIDATL,PEP,PEPCO,2391.757,True
9/28/2025 5:00:00 AM,9/28/2025 1:00:00 AM,RFC,MIDATL,PEP,PEPCO,2250.697,True
9/28/2025 6:00:00 AM,9/28/2025 2:00:00 AM,RFC,MIDATL,PEP,PEPCO,2162.162,True
9/28/2025 7:00:00 AM,9/28/2025 3:00:00 AM,RFC,MIDATL,PEP,PEPCO,2072.348,True
9/28/2025 8:00:00 AM,9/28/2025 4:00:00 AM,RFC,MIDATL,PEP,PEPCO,2083.403,True
9/28/2025 9:00:00 AM,9/28/2025 5:00:00 AM,RFC,MIDATL,PEP,PEPCO,2107.969,True
9/28/2025 10:00:00 AM,9/28/2025 6:00:00 AM,RFC,MIDATL,PEP,PEPCO,2156.985,True
9/28/2025 11:00:00 AM,9/28/2025 7:00:00 AM,RFC,MIDATL,PEP,PEPCO,2208.464,True
9/28/2025 12:00:00 PM,9/28/2025 8:00:00 AM,RFC,MIDATL,PEP,PEPCO,2316.488,True
9/28/2025 1:00:00 PM,9/28/2025 9:00:00 AM,RFC,MIDATL,PEP,PEPCO,2409.814,True
9/28/2025 2:00:00 PM,9/28/2025 10:00:00 AM,RFC,MIDATL,PEP,PEPCO,2494.959,True
9/28/2025 3:00:00 PM,9/28/2025 11:00:00 AM,RFC,MIDATL,PEP,PEPCO,2639.949,True
9/28/2025 4:00:00 PM,9/28/2025 12:00:00 PM,RFC,MIDATL,PEP,PEPCO,2736.682,True
9/28/2025 5:00:00 PM,9/28/2025 1:00:00 PM,RFC,MIDATL,PEP,PEPCO,2861.737,True
9/28/2025 6:00:00 PM,9/28/2025 2:00:00 PM,RFC,MIDATL,PEP,PEPCO,2996.698,True
9/28/2025 7:00:00 PM,9/28/2025 3:00:00 PM,RFC,MIDATL,PEP,PEPCO,3133.816,True
9/28/2025 8:00:00 PM,9/28/2025 4:00:00 PM,RFC,MIDATL,PEP,PEPCO,3261.080,True
9/28/2025 9:00:00 PM,9/28/2025 5:00:00 PM,RFC,MIDATL,PEP,PEPCO,3309.512,True
9/28/2025 10:00:00 PM,9/28/2025 6:00:00 PM,RFC,MIDATL,PEP,PEPCO,3298.518,True
9/28/2025 11:00:00 PM,9/28/2025 7:00:00 PM,RFC,MIDATL,PEP,PEPCO,3231.171,True
9/29/2025 12:00:00 AM,9/28/2025 8:00:00 PM,RFC,MIDATL,PEP,PEPCO,3131.469,True
9/29/2025 1:00:00 AM,9/28/2025 9:00:00 PM,RFC,MIDATL,PEP,PEPCO,3023.182,True
9/29/2025 2:00:00 AM,9/28/2025 10:00:00 PM,RFC,MIDATL,PEP,PEPCO,2800.699,True
9/29/2025 3:00:00 AM,9/28/2025 11:00:00 PM,RFC,MIDATL,PEP,PEPCO,2593.504,True
9/29/2025 4:00:00 AM,9/29/2025 12:00:00 AM,RFC,MIDATL,PEP,PEPCO,2437.647,True
9/29/2025 5:00:00 AM,9/29/2025 1:00:00 AM,RFC,MIDATL,PEP,PEPCO,2286.066,True
9/29/2025 6:00:00 AM,9/29/2025 2:00:00 AM,RFC,MIDATL,PEP,PEPCO,2202.306,True
9/29/2025 7:00:00 AM,9/29/2025 3:00:00 AM,RFC,MIDATL,PEP,PEPCO,2166.301,True
9/29/2025 8:00:00 AM,9/29/2025 4:00:00 AM,RFC,MIDATL,PEP,PEPCO,2195.169,True
9/29/2025 9:00:00 AM,9/29/2025 5:00:00 AM,RFC,MIDATL,PEP,PEPCO,2398.049,True
9/29/2025 10:00:00 AM,9/29/2025 6:00:00 AM,RFC,MIDATL,PEP,PEPCO,2673.410,True
9/29/2025 11:00:00 AM,9/29/2025 7:00:00 AM,RFC,MIDATL,PEP,PEPCO,2809.488,True
9/29/2025 12:00:00 PM,9/29/2025 8:00:00 AM,RFC,MIDATL,PEP,PEPCO,2852.238,True
9/29/2025 1:00:00 PM,9/29/2025 9:00:00 AM,RFC,MIDATL,PEP,PEPCO,2894.617,True
9/29/2025 2:00:00 PM,9/29/2025 10:00:00 AM,RFC,MIDATL,PEP,PEPCO,2910.777,True
9/29/2025 3:00:00 PM,9/29/2025 11:00:00 AM,RFC,MIDATL,PEP,PEPCO,2974.953,True
9/29/2025 4:00:00 PM,9/29/2025 12:00:00 PM,RFC,MIDATL,PEP,PEPCO,3036.104,True
9/29/2025 5:00:00 PM,9/29/2025 1:00:00 PM,RFC,MIDATL,PEP,PEPCO,3082.571,True
9/29/2025 6:00:00 PM,9/29/2025 2:00:00 PM,RFC,MIDATL,PEP,PEPCO,3119.067,True
9/29/2025 7:00:00 PM,9/29/2025 3:00:00 PM,RFC,MIDATL,PEP,PEPCO,3195.675,True
9/29/2025 8:00:00 PM,9/29/2025 4:00:00 PM,RFC,MIDATL,PEP,PEPCO,3225.821,True
9/29/2025 9:00:00 PM,9/29/2025 5:00:00 PM,RFC,MIDATL,PEP,PEPCO,3237.797,True
9/29/2025 10:00:00 PM,9/29/2025 6:00:00 PM,RFC,MIDATL,PEP,PEPCO,3172.501,True
9/29/2025 11:00:00 PM,9/29/2025 7:00:00 PM,RFC,MIDATL,PEP,PEPCO,3157.464,True
9/30/2025 12:00:00 AM,9/29/2025 8:00:00 PM,RFC,MIDATL,PEP,PEPCO,3079.252,True
9/30/2025 1:00:00 AM,9/29/2025 9:00:00 PM,RFC,MIDATL,PEP,PEPCO,2956.833,True
9/30/2025 2:00:00 AM,9/29/2025 10:00:00 PM,RFC,MIDATL,PEP,PEPCO,2767.410,True
9/30/2025 3:00:00 AM,9/29/2025 11:00:00 PM,RFC,MIDATL,PEP,PEPCO,2569.700,True
9/30/2025 4:00:00 AM,9/30/2025 12:00:00 AM,RFC,MIDATL,PEP,PEPCO,2402.334,True
9/30/2025 5:00:00 AM,9/30/2025 1:00:00 AM,RFC,MIDATL,PEP,PEPCO,2281.432,True
9/30/2025 6:00:00 AM,9/30/2025 2:00:00 AM,RFC,MIDATL,PEP,PEPCO,2203.395,True
9/30/2025 7:00:00 AM,9/30/2025 3:00:00 AM,RFC,MIDATL,PEP,PEPCO,2197.746,True
9/30/2025 8:00:00 AM,9/30/2025 4:00:00 AM,RFC,MIDATL,PEP,PEPCO,2187.208,True
9/30/2025 9:00:00 AM,9/30/2025 5:00:00 AM,RFC,MIDATL,PEP,PEPCO,2420.242,True
9/30/2025 10:00:00 AM,9/30/2025 6:00:00 AM,RFC,MIDATL,PEP,PEPCO,2665.258,True
9/30/2025 11:00:00 AM,9/30/2025 7:00:00 AM,RFC,MIDATL,PEP,PEPCO,2858.801,True
9/30/2025 12:00:00 PM,9/30/2025 8:00:00 AM,RFC,MIDATL,PEP,PEPCO,2920.714,True
9/30/2025 1:00:00 PM,9/30/2025 9:00:00 AM,RFC,MIDATL,PEP,PEPCO,2924.354,True
9/30/2025 2:00:00 PM,9/30/2025 10:00:00 AM,RFC,MIDATL,PEP,PEPCO,2955.779,True
9/30/2025 3:00:00 PM,9/30/2025 11:00:00 AM,RFC,MIDATL,PEP,PEPCO,2920.715,True
9/30/2025 4:00:00 PM,9/30/2025 12:00:00 PM,RFC,MIDATL,PEP,PEPCO,2945.397,True
9/30/2025 5:00:00 PM,9/30/2025 1:00:00 PM,RFC,MIDATL,PEP,PEPCO,2975.992,True
9/30/2025 6:00:00 PM,9/30/2025 2:00:00 PM,RFC,MIDATL,PEP,PEPCO,2966.524,True
9/30/2025 7:00:00 PM,9/30/2025 3:00:00 PM,RFC,MIDATL,PEP,PEPCO,3022.044,True
9/30/2025 8:00:00 PM,9/30/2025 4:00:00 PM,RFC,MIDATL,PEP,PEPCO,3041.308,True
9/30/2025 9:00:00 PM,9/30/2025 5:00:00 PM,RFC,MIDATL,PEP,PEPCO,3026.891,True
9/30/2025 10:00:00 PM,9/30/2025 6:00:00 PM,RFC,MIDATL,PEP,PEPCO,2924.912,True
9/30/2025 11:00:00 PM,9/30/2025 7:00:00 PM,RFC,MIDATL,PEP,PEPCO,2933.542,True
10/1/2025 12:00:00 AM,9/30/2025 8:00:00 PM,RFC,MIDATL,PEP,PEPCO,2861.106,True
10/1/2025 1:00:00 AM,9/30/2025 9:00:00 PM,RFC,MIDATL,PEP,PEPCO,2702.155,True
10/1/2025 2:00:00 AM,9/30/2025 10:00:00 PM,RFC,MIDATL,PEP,PEPCO,2568.743,True
10/1/2025 3:00:00 AM,9/30/2025 11:00:00 PM,RFC,MIDATL,PEP,PEPCO,2357.935,True
10/1/2025 4:00:00 AM,10/1/2025 12:00:00 AM,RFC,MIDATL,PEP,PEPCO,2188.623,True
10/1/2025 5:00:00 AM,10/1/2025 1:00:00 AM,RFC,MIDATL,PEP,PEPCO,2092.497,True
10/1/2025 6:00:00 AM,10/1/2025 2:00:00 AM,RFC,MIDATL,PEP,PEPCO,1999.328,True
10/1/2025 7:00:00 AM,10/1/2025 3:00:00 AM,RFC,MIDATL,PEP,PEPCO,1970.858,True
10/1/2025 8:00:00 AM,10/1/2025 4:00:00 AM,RFC,MIDATL,PEP,PEPCO,1993.475,True
10/1/2025 9:00:00 AM,10/1/2025 5:00:00 AM,RFC,MIDATL,PEP,PEPCO,2175.136,True
10/1/2025 10:00:00 AM,10/1/2025 6:00:00 AM,RFC,MIDATL,PEP,PEPCO,2395.959,True
10/1/2025 11:00:00 AM,10/1/2025 7:00:00 AM,RFC,MIDATL,PEP,PEPCO,2509.452,True
10/1/2025 12:00:00 PM,10/1/2025 8:00:00 AM,RFC,MIDATL,PEP,PEPCO,2540.543,True
10/1/2025 1:00:00 PM,10/1/2025 9:00:00 AM,RFC,MIDATL,PEP,PEPCO,2511.439,True
10/1/2025 2:00:00 PM,10/1/2025 10:00:00 AM,RFC,MIDATL,PEP,PEPCO,2466.841,True
10/1/2025 3:00:00 PM,10/1/2025 11:00:00 AM,RFC,MIDATL,PEP,PEPCO,2474.742,True
10/1/2025 4:00:00 PM,10/1/2025 12:00:00 PM,RFC,MIDATL,PEP,PEPCO,2472.297,True
10/1/2025 5:00:00 PM,10/1/2025 1:00:00 PM,RFC,MIDATL,PEP,PEPCO,2554.295,True
10/1/2025 6:00:00 PM,10/1/2025 2:00:00 PM,RFC,MIDATL,PEP,PEPCO,2598.554,True
10/1/2025 7:00:00 PM,10/1/2025 3:00:00 PM,RFC,MIDATL,PEP,PEPCO,2732.833,True
10/1/2025 8:00:00 PM,10/1/2025 4:00:00 PM,RFC,MIDATL,PEP,PEPCO,2850.216,True
10/1/2025 9:00:00 PM,10/1/2025 5:00:00 PM,RFC,MIDATL,PEP,PEPCO,2914.771,True
10/1/2025 10:00:00 PM,10/1/2025 6:00:00 PM,RFC,MIDATL,PEP,PEPCO,2848.370,True
10/1/2025 11:00:00 PM,10/1/2025 7:00:00 PM,RFC,MIDATL,PEP,PEPCO,2761.228,True
10/2/2025 12:00:00 AM,10/1/2025 8:00:00 PM,RFC,MIDATL,PEP,PEPCO,2640.731,True
10/2/2025 1:00:00 AM,10/1/2025 9:00:00 PM,RFC,MIDATL,PEP,PEPCO,2537.969,True
10/2/2025 2:00:00 AM,10/1/2025 10:00:00 PM,RFC,MIDATL,PEP,PEPCO,2362.871,True
10/2/2025 3:00:00 AM,10/1/2025 11:00:00 PM,RFC,MIDATL,PEP,PEPCO,2213.527,True
10/2/2025 4:00:00 AM,10/2/2025 12:00:00 AM,RFC,MIDATL,PEP,PEPCO,2034.280,True
10/2/2025 5:00:00 AM,10/2/2025 1:00:00 AM,RFC,MIDATL,PEP,PEPCO,1954.617,True
10/2/2025 6:00:00 AM,10/2/2025 2:00:00 AM,RFC,MIDATL,PEP,PEPCO,1892.618,True
10/2/2025 7:00:00 AM,10/2/2025 3:00:00 AM,RFC,MIDATL,PEP,PEPCO,1856.653,True
10/2/2025 8:00:00 AM,10/2/2025 4:00:00 AM,RFC,MIDATL,PEP,PEPCO,1907.594,True
10/2/2025 9:00:00 AM,10/2/2025 5:00:00 AM,RFC,MIDATL,PEP,PEPCO,2079.627,True
10/2/2025 10:00:00 AM,10/2/2025 6:00:00 AM,RFC,MIDATL,PEP,PEPCO,2282.295,True
10/2/2025 11:00:00 AM,10/2/2025 7:00:00 AM,RFC,MIDATL,PEP,PEPCO,2399.978,True
10/2/2025 12:00:00 PM,10/2/2025 8:00:00 AM,RFC,MIDATL,PEP,PEPCO,2441.891,True
10/2/2025 1:00:00 PM,10/2/2025 9:00:00 AM,RFC,MIDATL,PEP,PEPCO,2447.098,True
10/2/2025 2:00:00 PM,10/2/2025 10:00:00 AM,RFC,MIDATL,PEP,PEPCO,2459.037,True
10/2/2025 3:00:00 PM,10/2/2025 11:00:00 AM,RFC,MIDATL,PEP,PEPCO,2506.444,True
10/2/2025 4:00:00 PM,10/2/2025 12:00:00 PM,RFC,MIDATL,PEP,PEPCO,2492.610,True
10/2/2025 5:00:00 PM,10/2/2025 1:00:00 PM,RFC,MIDATL,PEP,PEPCO,2497.124,True
10/2/2025 6:00:00 PM,10/2/2025 2:00:00 PM,RFC,MIDATL,PEP,PEPCO,2532.084,True
10/2/2025 7:00:00 PM,10/2/2025 3:00:00 PM,RFC,MIDATL,PEP,PEPCO,2579.732,True
10/2/2025 8:00:00 PM,10/2/2025 4:00:00 PM,RFC,MIDATL,PEP,PEPCO,2668.640,True
10/2/2025 9:00:00 PM,10/2/2025 5:00:00 PM,RFC,MIDATL,PEP,PEPCO,2761.651,True
10/2/2025 10:00:00 PM,10/2/2025 6:00:00 PM,RFC,MIDATL,PEP,PEPCO,2692.984,True
10/2/2025 11:00:00 PM,10/2/2025 7:00:00 PM,RFC,MIDATL,PEP,PEPCO,2670.377,True
10/3/2025 12:00:00 AM,10/2/2025 8:00:00 PM,RFC,MIDATL,PEP,PEPCO,2580.531,True
10/3/2025 1:00:00 AM,10/2/2025 9:00:00 PM,RFC,MIDATL,PEP,PEPCO,2485.741,True
10/3/2025 2:00:00 AM,10/2/2025 10:00:00 PM,RFC,MIDATL,PEP,PEPCO,2336.200,True
10/3/2025 3:00:00 AM,10/2/2025 11:00:00 PM,RFC,MIDATL,PEP,PEPCO,2183.249,True
10/3/2025 4:00:00 AM,10/3/2025 12:00:00 AM,RFC,MIDATL,PEP,PEPCO,2023.352,True
10/3/2025 5:00:00 AM,10/3/2025 1:00:00 AM,RFC,MIDATL,PEP,PEPCO,1930.504,True
10/3/2025 6:00:00 AM,10/3/2025 2:00:00 AM,RFC,MIDATL,PEP,PEPCO,1906.176,True
10/3/2025 7:00:00 AM,10/3/2025 3:00:00 AM,RFC,MIDATL,PEP,PEPCO,1858.859,True
10/3/2025 8:00:00 AM,10/3/2025 4:00:00 AM,RFC,MIDATL,PEP,PEPCO,1870.873,True
10/3/2025 9:00:00 AM,10/3/2025 5:00:00 AM,RFC,MIDATL,PEP,PEPCO,2055.037,True
10/3/2025 10:00:00 AM,10/3/2025 6:00:00 AM,RFC,MIDATL,PEP,PEPCO,2265.529,True
10/3/2025 11:00:00 AM,10/3/2025 7:00:00 AM,RFC,MIDATL,PEP,PEPCO,2405.340,True
10/3/2025 12:00:00 PM,10/3/2025 8:00:00 AM,RFC,MIDATL,PEP,PEPCO,2430.949,True
10/3/2025 1:00:00 PM,10/3/2025 9:00:00 AM,RFC,MIDATL,PEP,PEPCO,2381.330,True
10/3/2025 2:00:00 PM,10/3/2025 10:00:00 AM,RFC,MIDATL,PEP,PEPCO,2349.088,True
10/3/2025 3:00:00 PM,10/3/2025 11:00:00 AM,RFC,MIDATL,PEP,PEPCO,2371.787,True
10/3/2025 4:00:00 PM,10/3/2025 12:00:00 PM,RFC,MIDATL,PEP,PEPCO,2397.284,True
10/3/2025 5:00:00 PM,10/3/2025 1:00:00 PM,RFC,MIDATL,PEP,PEPCO,2411.838,True
10/3/2025 6:00:00 PM,10/3/2025 2:00:00 PM,RFC,MIDATL,PEP,PEPCO,2462.808,True
10/3/2025 7:00:00 PM,10/3/2025 3:00:00 PM,RFC,MIDATL,PEP,PEPCO,2564.290,True
10/3/2025 8:00:00 PM,10/3/2025 4:00:00 PM,RFC,MIDATL,PEP,PEPCO,2654.475,True
10/3/2025 9:00:00 PM,10/3/2025 5:00:00 PM,RFC,MIDATL,PEP,PEPCO,2746.567,True
10/3/2025 10:00:00 PM,10/3/2025 6:00:00 PM,RFC,MIDATL,PEP,PEPCO,2648.669,True
10/3/2025 11:00:00 PM,10/3/2025 7:00:00 PM,RFC,MIDATL,PEP,PEPCO,2621.834,True
10/4/2025 12:00:00 AM,10/3/2025 8:00:00 PM,RFC,MIDATL,PEP,PEPCO,2529.413,True
10/4/2025 1:00:00 AM,10/3/2025 9:00:00 PM,RFC,MIDATL,PEP,PEPCO,2412.520,True
10/4/2025 2:00:00 AM,10/3/2025 10:00:00 PM,RFC,MIDATL,PEP,PEPCO,2320.556,True
10/4/2025 3:00:00 AM,10/3/2025 11:00:00 PM,RFC,MIDATL,PEP,PEPCO,2181.689,True
10/4/2025 4:00:00 AM,10/4/2025 12:00:00 AM,RFC,MIDATL,PEP,PEPCO,2092.161,True
10/4/2025 5:00:00 AM,10/4/2025 1:00:00 AM,RFC,MIDATL,PEP,PEPCO,1949.898,True
10/4/2025 6:00:00 AM,10/4/2025 2:00:00 AM,RFC,MIDATL,PEP,PEPCO,1921.669,True
10/4/2025 7:00:00 AM,10/4/2025 3:00:00 AM,RFC,MIDATL,PEP,PEPCO,1836.691,True
10/4/2025 8:00:00 AM,10/4/2025 4:00:00 AM,RFC,MIDATL,PEP,PEPCO,1833.215,True
10/4/2025 9:00:00 AM,10/4/2025 5:00:00 AM,RFC,MIDATL,PEP,PEPCO,1865.584,True
10/4/2025 10:00:00 AM,10/4/2025 6:00:00 AM,RFC,MIDATL,PEP,PEPCO,1948.130,True
10/4/2025 11:00:00 AM,10/4/2025 7:00:00 AM,RFC,MIDATL,PEP,PEPCO,2037.256,True
10/4/2025 12:00:00 PM,10/4/2025 8:00:00 AM,RFC,MIDATL,PEP,PEPCO,2076.560,True
10/4/2025 1:00:00 PM,10/4/2025 9:00:00 AM,RFC,MIDATL,PEP,PEPCO,2115.901,True
10/4/2025 2:00:00 PM,10/4/2025 10:00:00 AM,RFC,MIDATL,PEP,PEPCO,2125.304,True
10/4/2025 3:00:00 PM,10/4/2025 11:00:00 AM,RFC,MIDATL,PEP,PEPCO,2173.033,True
10/4/2025 4:00:00 PM,10/4/2025 12:00:00 PM,RFC,MIDATL,PEP,PEPCO,2185.243,True
10/4/2025 5:00:00 PM,10/4/2025 1:00:00 PM,RFC,MIDATL,PEP,PEPCO,2252.253,True
10/4/2025 6:00:00 PM,10/4/2025 2:00:00 PM,RFC,MIDATL,PEP,PEPCO,2300.896,True
10/4/2025 7:00:00 PM,10/4/2025 3:00:00 PM,RFC,MIDATL,PEP,PEPCO,2446.618,True
10/4/2025 8:00:00 PM,10/4/2025 4:00:00 PM,RFC,MIDATL,PEP,PEPCO,2544.167,True
10/4/2025 9:00:00 PM,10/4/2025 5:00:00 PM,RFC,MIDATL,PEP,PEPCO,2665.187,True
10/4/2025 10:00:00 PM,10/4/2025 6:00:00 PM,RFC,MIDATL,PEP,PEPCO,2675.571,True
10/4/2025 11:00:00 PM,10/4/2025 7:00:00 PM,RFC,MIDATL,PEP,PEPCO,2662.211,True
10/5/2025 12:00:00 AM,10/4/2025 8:00:00 PM,RFC,MIDATL,PEP,PEPCO,2581.880,True
10/5/2025 1:00:00 AM,10/4/2025 9:00:00 PM,RFC,MIDATL,PEP,PEPCO,2495.126,True
10/5/2025 2:00:00 AM,10/4/2025 10:00:00 PM,RFC,MIDATL,PEP,PEPCO,2399.432,True
10/5/2025 3:00:00 AM,10/4/2025 11:00:00 PM,RFC,MIDATL,PEP,PEPCO,2248.834,True
10/5/2025 4:00:00 AM,10/5/2025 12:00:00 AM,RFC,MIDATL,PEP,PEPCO,2136.970,True
10/5/2025 5:00:00 AM,10/5/2025 1:00:00 AM,RFC,MIDATL,PEP,PEPCO,2049.474,True
10/5/2025 6:00:00 AM,10/5/2025 2:00:00 AM,RFC,MIDATL,PEP,PEPCO,1955.708,True
10/5/2025 7:00:00 AM,10/5/2025 3:00:00 AM,RFC,MIDATL,PEP,PEPCO,1900.986,True
10/5/2025 8:00:00 AM,10/5/2025 4:00:00 AM,RFC,MIDATL,PEP,PEPCO,1868.287,True
10/5/2025 9:00:00 AM,10/5/2025 5:00:00 AM,RFC,MIDATL,PEP,PEPCO,1881.026,True
10/5/2025 10:00:00 AM,10/5/2025 6:00:00 AM,RFC,MIDATL,PEP,PEPCO,1967.612,True
10/5/2025 11:00:00 AM,10/5/2025 7:00:00 AM,RFC,MIDATL,PEP,PEPCO,1996.822,True
10/5/2025 12:00:00 PM,10/5/2025 8:00:00 AM,RFC,MIDATL,PEP,PEPCO,2029.635,True
10/5/2025 1:00:00 PM,10/5/2025 9:00:00 AM,RFC,MIDATL,PEP,PEPCO,2082.947,True
10/5/2025 2:00:00 PM,10/5/2025 10:00:00 AM,RFC,MIDATL,PEP,PEPCO,2115.050,True
10/5/2025 3:00:00 PM,10/5/2025 11:00:00 AM,RFC,MIDATL,PEP,PEPCO,2195.340,True
10/5/2025 4:00:00 PM,10/5/2025 12:00:00 PM,RFC,MIDATL,PEP,PEPCO,2236.350,True
10/5/2025 5:00:00 PM,10/5/2025 1:00:00 PM,RFC,MIDATL,PEP,PEPCO,2359.695,True
10/5/2025 6:00:00 PM,10/5/2025 2:00:00 PM,RFC,MIDATL,PEP,PEPCO,2468.244,True
10/5/2025 7:00:00 PM,10/5/2025 3:00:00 PM,RFC,MIDATL,PEP,PEPCO,2606.904,True
10/5/2025 8:00:00 PM,10/5/2025 4:00:00 PM,RFC,MIDATL,PEP,PEPCO,2770.314,True
10/5/2025 9:00:00 PM,10/5/2025 5:00:00 PM,RFC,MIDATL,PEP,PEPCO,2842.506,True
10/5/2025 10:00:00 PM,10/5/2025 6:00:00 PM,RFC,MIDATL,PEP,PEPCO,2872.303,True
10/5/2025 11:00:00 PM,10/5/2025 7:00:00 PM,RFC,MIDATL,PEP,PEPCO,2847.146,True
10/6/2025 12:00:00 AM,10/5/2025 8:00:00 PM,RFC,MIDATL,PEP,PEPCO,2758.135,True
10/6/2025 1:00:00 AM,10/5/2025 9:00:00 PM,RFC,MIDATL,PEP,PEPCO,2671.146,True
10/6/2025 2:00:00 AM,10/5/2025 10:00:00 PM,RFC,MIDATL,PEP,PEPCO,2493.046,True
10/6/2025 3:00:00 AM,10/5/2025 11:00:00 PM,RFC,MIDATL,PEP,PEPCO,2344.946,True
10/6/2025 4:00:00 AM,10/6/2025 12:00:00 AM,RFC,MIDATL,PEP,PEPCO,2135.489,True
10/6/2025 5:00:00 AM,10/6/2025 1:00:00 AM,RFC,MIDATL,PEP,PEPCO,2046.663,True
10/6/2025 6:00:00 AM,10/6/2025 2:00:00 AM,RFC,MIDATL,PEP,PEPCO,1990.200,True
10/6/2025 7:00:00 AM,10/6/2025 3:00:00 AM,RFC,MIDATL,PEP,PEPCO,1972.722,True
10/6/2025 8:00:00 AM,10/6/2025 4:00:00 AM,RFC,MIDATL,PEP,PEPCO,2018.817,True
10/6/2025 9:00:00 AM,10/6/2025 5:00:00 AM,RFC,MIDATL,PEP,PEPCO,2194.850,True
10/6/2025 10:00:00 AM,10/6/2025 6:00:00 AM,RFC,MIDATL,PEP,PEPCO,2427.381,True
10/6/2025 11:00:00 AM,10/6/2025 7:00:00 AM,RFC,MIDATL,PEP,PEPCO,2577.184,True
10/6/2025 12:00:00 PM,10/6/2025 8:00:00 AM,RFC,MIDATL,PEP,PEPCO,2621.305,True
10/6/2025 1:00:00 PM,10/6/2025 9:00:00 AM,RFC,MIDATL,PEP,PEPCO,2664.572,True
10/6/2025 2:00:00 PM,10/6/2025 10:00:00 AM,RFC,MIDATL,PEP,PEPCO,2701.470,True
10/6/2025 3:00:00 PM,10/6/2025 11:00:00 AM,RFC,MIDATL,PEP,PEPCO,2736.178,True
10/6/2025 4:00:00 PM,10/6/2025 12:00:00 PM,RFC,MIDATL,PEP,PEPCO,2845.998,True
10/6/2025 5:00:00 PM,10/6/2025 1:00:00 PM,RFC,MIDATL,PEP,PEPCO,2923.963,True
10/6/2025 6:00:00 PM,10/6/2025 2:00:00 PM,RFC,MIDATL,PEP,PEPCO,3030.470,True
10/6/2025 7:00:00 PM,10/6/2025 3:00:00 PM,RFC,MIDATL,PEP,PEPCO,3141.767,True
10/6/2025 8:00:00 PM,10/6/2025 4:00:00 PM,RFC,MIDATL,PEP,PEPCO,3249.976,True
10/6/2025 9:00:00 PM,10/6/2025 5:00:00 PM,RFC,MIDATL,PEP,PEPCO,3316.376,True
10/6/2025 10:00:00 PM,10/6/2025 6:00:00 PM,RFC,MIDATL,PEP,PEPCO,3214.942,True
10/6/2025 11:00:00 PM,10/6/2025 7:00:00 PM,RFC,MIDATL,PEP,PEPCO,3152.709,True
10/7/2025 12:00:00 AM,10/6/2025 8:00:00 PM,RFC,MIDATL,PEP,PEPCO,3013.360,True
10/7/2025 1:00:00 AM,10/6/2025 9:00:00 PM,RFC,MIDATL,PEP,PEPCO,2856.866,True
10/7/2025 2:00:00 AM,10/6/2025 10:00:00 PM,RFC,MIDATL,PEP,PEPCO,2670.800,True
10/7/2025 3:00:00 AM,10/6/2025 11:00:00 PM,RFC,MIDATL,PEP,PEPCO,2401.823,True
10/7/2025 4:00:00 AM,10/7/2025 12:00:00 AM,RFC,MIDATL,PEP,PEPCO,2288.899,True
10/7/2025 5:00:00 AM,10/7/2025 1:00:00 AM,RFC,MIDATL,PEP,PEPCO,2174.697,True
10/7/2025 6:00:00 AM,10/7/2025 2:00:00 AM,RFC,MIDATL,PEP,PEPCO,2085.545,True
10/7/2025 7:00:00 AM,10/7/2025 3:00:00 AM,RFC,MIDATL,PEP,PEPCO,2023.941,True
10/7/2025 8:00:00 AM,10/7/2025 4:00:00 AM,RFC,MIDATL,PEP,PEPCO,2075.539,True
10/7/2025 9:00:00 AM,10/7/2025 5:00:00 AM,RFC,MIDATL,PEP,PEPCO,2256.861,True
10/7/2025 10:00:00 AM,10/7/2025 6:00:00 AM,RFC,MIDATL,PEP,PEPCO,2487.456,True
10/7/2025 11:00:00 AM,10/7/2025 7:00:00 AM,RFC,MIDATL,PEP,PEPCO,2641.629,True
10/7/2025 12:00:00 PM,10/7/2025 8:00:00 AM,RFC,MIDATL,PEP,PEPCO,2695.788,True
10/7/2025 1:00:00 PM,10/7/2025 9:00:00 AM,RFC,MIDATL,PEP,PEPCO,2764.351,True
10/7/2025 2:00:00 PM,10/7/2025 10:00:00 AM,RFC,MIDATL,PEP,PEPCO,2798.114,True
10/7/2025 3:00:00 PM,10/7/2025 11:00:00 AM,RFC,MIDATL,PEP,PEPCO,2858.807,True
10/7/2025 4:00:00 PM,10/7/2025 12:00:00 PM,RFC,MIDATL,PEP,PEPCO,2950.443,True
10/7/2025 5:00:00 PM,10/7/2025 1:00:00 PM,RFC,MIDATL,PEP,PEPCO,3070.126,True
10/7/2025 6:00:00 PM,10/7/2025 2:00:00 PM,RFC,MIDATL,PEP,PEPCO,3141.399,True
10/7/2025 7:00:00 PM,10/7/2025 3:00:00 PM,RFC,MIDATL,PEP,PEPCO,3184.681,True
10/7/2025 8:00:00 PM,10/7/2025 4:00:00 PM,RFC,MIDATL,PEP,PEPCO,3244.996,True
10/7/2025 9:00:00 PM,10/7/2025 5:00:00 PM,RFC,MIDATL,PEP,PEPCO,3253.527,True
10/7/2025 10:00:00 PM,10/7/2025 6:00:00 PM,RFC,MIDATL,PEP,PEPCO,3221.686,True
10/7/2025 11:00:00 PM,10/7/2025 7:00:00 PM,RFC,MIDATL,PEP,PEPCO,3164.223,True
10/8/2025 12:00:00 AM,10/7/2025 8:00:00 PM,RFC,MIDATL,PEP,PEPCO,3066.339,True
10/8/2025 1:00:00 AM,10/7/2025 9:00:00 PM,RFC,MIDATL,PEP,PEPCO,2948.482,True
10/8/2025 2:00:00 AM,10/7/2025 10:00:00 PM,RFC,MIDATL,PEP,PEPCO,2757.810,True
10/8/2025 3:00:00 AM,10/7/2025 11:00:00 PM,RFC,MIDATL,PEP,PEPCO,2556.901,True
10/8/2025 4:00:00 AM,10/8/2025 12:00:00 AM,RFC,MIDATL,PEP,PEPCO,2365.084,True
10/8/2025 5:00:00 AM,10/8/2025 1:00:00 AM,RFC,MIDATL,PEP,PEPCO,2267.703,True
10/8/2025 6:00:00 AM,10/8/2025 2:00:00 AM,RFC,MIDATL,PEP,PEPCO,2189.860,True
10/8/2025 7:00:00 AM,10/8/2025 3:00:00 AM,RFC,MIDATL,PEP,PEPCO,2175.381,True
10/8/2025 8:00:00 AM,10/8/2025 4:00:00 AM,RFC,MIDATL,PEP,PEPCO,2205.213,True
10/8/2025 9:00:00 AM,10/8/2025 5:00:00 AM,RFC,MIDATL,PEP,PEPCO,2396.974,True
10/8/2025 10:00:00 AM,10/8/2025 6:00:00 AM,RFC,MIDATL,PEP,PEPCO,2694.713,True
10/8/2025 11:00:00 AM,10/8/2025 7:00:00 AM,RFC,MIDATL,PEP,PEPCO,2852.018,True
10/8/2025 12:00:00 PM,10/8/2025 8:00:00 AM,RFC,MIDATL,PEP,PEPCO,2932.971,True
10/8/2025 1:00:00 PM,10/8/2025 9:00:00 AM,RFC,MIDATL,PEP,PEPCO,2971.850,True
10/8/2025 2:00:00 PM,10/8/2025 10:00:00 AM,RFC,MIDATL,PEP,PEPCO,2978.081,True
10/8/2025 3:00:00 PM,10/8/2025 11:00:00 AM,RFC,MIDATL,PEP,PEPCO,2958.220,True
10/8/2025 4:00:00 PM,10/8/2025 12:00:00 PM,RFC,MIDATL,PEP,PEPCO,2887.544,True
10/8/2025 5:00:00 PM,10/8/2025 1:00:00 PM,RFC,MIDATL,PEP,PEPCO,2832.684,True
10/8/2025 6:00:00 PM,10/8/2025 2:00:00 PM,RFC,MIDATL,PEP,PEPCO,2726.206,True
10/8/2025 7:00:00 PM,10/8/2025 3:00:00 PM,RFC,MIDATL,PEP,PEPCO,2686.825,True
10/8/2025 8:00:00 PM,10/8/2025 4:00:00 PM,RFC,MIDATL,PEP,PEPCO,2746.490,True
10/8/2025 9:00:00 PM,10/8/2025 5:00:00 PM,RFC,MIDATL,PEP,PEPCO,2801.477,True
10/8/2025 10:00:00 PM,10/8/2025 6:00:00 PM,RFC,MIDATL,PEP,PEPCO,2730.493,True
10/8/2025 11:00:00 PM,10/8/2025 7:00:00 PM,RFC,MIDATL,PEP,PEPCO,2687.188,True
10/9/2025 12:00:00 AM,10/8/2025 8:00:00 PM,RFC,MIDATL,PEP,PEPCO,2610.040,True
10/9/2025 1:00:00 AM,10/8/2025 9:00:00 PM,RFC,MIDATL,PEP,PEPCO,2500.856,True
10/9/2025 2:00:00 AM,10/8/2025 10:00:00 PM,RFC,MIDATL,PEP,PEPCO,2304.089,True
10/9/2025 3:00:00 AM,10/8/2025 11:00:00 PM,RFC,MIDATL,PEP,PEPCO,2145.987,True
10/9/2025 4:00:00 AM,10/9/2025 12:00:00 AM,RFC,MIDATL,PEP,PEPCO,2025.172,True
10/9/2025 5:00:00 AM,10/9/2025 1:00:00 AM,RFC,MIDATL,PEP,PEPCO,1920.469,True
10/9/2025 6:00:00 AM,10/9/2025 2:00:00 AM,RFC,MIDATL,PEP,PEPCO,1858.698,True
10/9/2025 7:00:00 AM,10/9/2025 3:00:00 AM,RFC,MIDATL,PEP,PEPCO,1823.379,True
10/9/2025 8:00:00 AM,10/9/2025 4:00:00 AM,RFC,MIDATL,PEP,PEPCO,1858.885,True
10/9/2025 9:00:00 AM,10/9/2025 5:00:00 AM,RFC,MIDATL,PEP,PEPCO,2022.944,True
10/9/2025 10:00:00 AM,10/9/2025 6:00:00 AM,RFC,MIDATL,PEP,PEPCO,2278.265,True
10/9/2025 11:00:00 AM,10/9/2025 7:00:00 AM,RFC,MIDATL,PEP,PEPCO,2421.960,True
10/9/2025 12:00:00 PM,10/9/2025 8:00:00 AM,RFC,MIDATL,PEP,PEPCO,2432.843,True
10/9/2025 1:00:00 PM,10/9/2025 9:00:00 AM,RFC,MIDATL,PEP,PEPCO,2370.159,True
10/9/2025 2:00:00 PM,10/9/2025 10:00:00 AM,RFC,MIDATL,PEP,PEPCO,2298.591,True
10/9/2025 3:00:00 PM,10/9/2025 11:00:00 AM,RFC,MIDATL,PEP,PEPCO,2274.127,True
10/9/2025 4:00:00 PM,10/9/2025 12:00:00 PM,RFC,MIDATL,PEP,PEPCO,2238.833,True
10/9/2025 5:00:00 PM,10/9/2025 1:00:00 PM,RFC,MIDATL,PEP,PEPCO,2274.569,True
10/9/2025 6:00:00 PM,10/9/2025 2:00:00 PM,RFC,MIDATL,PEP,PEPCO,2300.775,True
10/9/2025 7:00:00 PM,10/9/2025 3:00:00 PM,RFC,MIDATL,PEP,PEPCO,2384.695,True
10/9/2025 8:00:00 PM,10/9/2025 4:00:00 PM,RFC,MIDATL,PEP,PEPCO,2475.222,True
10/9/2025 9:00:00 PM,10/9/2025 5:00:00 PM,RFC,MIDATL,PEP,PEPCO,2564.549,True
10/9/2025 10:00:00 PM,10/9/2025 6:00:00 PM,RFC,MIDATL,PEP,PEPCO,2565.890,True
10/9/2025 11:00:00 PM,10/9/2025 7:00:00 PM,RFC,MIDATL,PEP,PEPCO,2542.663,True
10/10/2025 12:00:00 AM,10/9/2025 8:00:00 PM,RFC,MIDATL,PEP,PEPCO,2481.911,True
10/10/2025 1:00:00 AM,10/9/2025 9:00:00 PM,RFC,MIDATL,PEP,PEPCO,2384.393,True
10/10/2025 2:00:00 AM,10/9/2025 10:00:00 PM,RFC,MIDATL,PEP,PEPCO,2245.780,True
10/10/2025 3:00:00 AM,10/9/2025 11:00:00 PM,RFC,MIDATL,PEP,PEPCO,2107.248,True
10/10/2025 4:00:00 AM,10/10/2025 12:00:00 AM,RFC,MIDATL,PEP,PEPCO,1977.429,True
10/10/2025 5:00:00 AM,10/10/2025 1:00:00 AM,RFC,MIDATL,PEP,PEPCO,1907.449,True
10/10/2025 6:00:00 AM,10/10/2025 2:00:00 AM,RFC,MIDATL,PEP,PEPCO,1841.009,True
10/10/2025 7:00:00 AM,10/10/2025 3:00:00 AM,RFC,MIDATL,PEP,PEPCO,1835.184,True
10/10/2025 8:00:00 AM,10/10/2025 4:00:00 AM,RFC,MIDATL,PEP,PEPCO,1885.196,True
10/10/2025 9:00:00 AM,10/10/2025 5:00:00 AM,RFC,MIDATL,PEP,PEPCO,2047.045,True
10/10/2025 10:00:00 AM,10/10/2025 6:00:00 AM,RFC,MIDATL,PEP,PEPCO,2306.637,True
10/10/2025 11:00:00 AM,10/10/2025 7:00:00 AM,RFC,MIDATL,PEP,PEPCO,2410.287,True
10/10/2025 12:00:00 PM,10/10/2025 8:00:00 AM,RFC,MIDATL,PEP,PEPCO,2448.568,True
10/10/2025 1:00:00 PM,10/10/2025 9:00:00 AM,RFC,MIDATL,PEP,PEPCO,2359.388,True
10/10/2025 2:00:00 PM,10/10/2025 10:00:00 AM,RFC,MIDATL,PEP,PEPCO,2339.769,True
10/10/2025 3:00:00 PM,10/10/2025 11:00:00 AM,RFC,MIDATL,PEP,PEPCO,2378.963,True
10/10/2025 4:00:00 PM,10/10/2025 12:00:00 PM,RFC,MIDATL,PEP,PEPCO,2417.677,True
10/10/2025 5:00:00 PM,10/10/2025 1:00:00 PM,RFC,MIDATL,PEP,PEPCO,2367.052,True
10/10/2025 6:00:00 PM,10/10/2025 2:00:00 PM,RFC,MIDATL,PEP,PEPCO,2407.696,True
10/10/2025 7:00:00 PM,10/10/2025 3:00:00 PM,RFC,MIDATL,PEP,PEPCO,2421.046,True
10/10/2025 8:00:00 PM,10/10/2025 4:00:00 PM,RFC,MIDATL,PEP,PEPCO,2485.789,True
10/10/2025 9:00:00 PM,10/10/2025 5:00:00 PM,RFC,MIDATL,PEP,PEPCO,2555.572,True
10/10/2025 10:00:00 PM,10/10/2025 6:00:00 PM,RFC,MIDATL,PEP,PEPCO,2517.567,True
10/10/2025 11:00:00 PM,10/10/2025 7:00:00 PM,RFC,MIDATL,PEP,PEPCO,2498.553,True
10/11/2025 12:00:00 AM,10/10/2025 8:00:00 PM,RFC,MIDATL,PEP,PEPCO,2419.001,True
10/11/2025 1:00:00 AM,10/10/2025 9:00:00 PM,RFC,MIDATL,PEP,PEPCO,2341.648,True
10/11/2025 2:00:00 AM,10/10/2025 10:00:00 PM,RFC,MIDATL,PEP,PEPCO,2242.551,True
10/11/2025 3:00:00 AM,10/10/2025 11:00:00 PM,RFC,MIDATL,PEP,PEPCO,2180.711,True
10/11/2025 4:00:00 AM,10/11/2025 12:00:00 AM,RFC,MIDATL,PEP,PEPCO,2029.202,True
10/11/2025 5:00:00 AM,10/11/2025 1:00:00 AM,RFC,MIDATL,PEP,PEPCO,1963.326,True
10/11/2025 6:00:00 AM,10/11/2025 2:00:00 AM,RFC,MIDATL,PEP,PEPCO,1898.540,True
10/11/2025 7:00:00 AM,10/11/2025 3:00:00 AM,RFC,MIDATL,PEP,PEPCO,1868.220,True
10/11/2025 8:00:00 AM,10/11/2025 4:00:00 AM,RFC,MIDATL,PEP,PEPCO,1860.734,True
10/11/2025 9:00:00 AM,10/11/2025 5:00:00 AM,RFC,MIDATL,PEP,PEPCO,1866.862,True
10/11/2025 10:00:00 AM,10/11/2025 6:00:00 AM,RFC,MIDATL,PEP,PEPCO,2004.759,True
10/11/2025 11:00:00 AM,10/11/2025 7:00:00 AM,RFC,MIDATL,PEP,PEPCO,2074.271,True
10/11/2025 12:00:00 PM,10/11/2025 8:00:00 AM,RFC,MIDATL,PEP,PEPCO,2178.106,True
10/11/2025 1:00:00 PM,10/11/2025 9:00:00 AM,RFC,MIDATL,PEP,PEPCO,2230.082,True
10/11/2025 2:00:00 PM,10/11/2025 10:00:00 AM,RFC,MIDATL,PEP,PEPCO,2197.609,True
10/11/2025 3:00:00 PM,10/11/2025 11:00:00 AM,RFC,MIDATL,PEP,PEPCO,2117.546,True
10/11/2025 4:00:00 PM,10/11/2025 12:00:00 PM,RFC,MIDATL,PEP,PEPCO,2147.556,True
10/11/2025 5:00:00 PM,10/11/2025 1:00:00 PM,RFC,MIDATL,PEP,PEPCO,2147.527,True
10/11/2025 6:00:00 PM,10/11/2025 2:00:00 PM,RFC,MIDATL,PEP,PEPCO,2221.563,True
10/11/2025 7:00:00 PM,10/11/2025 3:00:00 PM,RFC,MIDATL,PEP,PEPCO,2244.501,True
10/11/2025 8:00:00 PM,10/11/2025 4:00:00 PM,RFC,MIDATL,PEP,PEPCO,2300.143,True
10/11/2025 9:00:00 PM,10/11/2025 5:00:00 PM,RFC,MIDATL,PEP,PEPCO,2371.272,True
10/11/2025 10:00:00 PM,10/11/2025 6:00:00 PM,RFC,MIDATL,PEP,PEPCO,2453.771,True
10/11/2025 11:00:00 PM,10/11/2025 7:00:00 PM,RFC,MIDATL,PEP,PEPCO,2476.049,True
10/12/2025 12:00:00 AM,10/11/2025 8:00:00 PM,RFC,MIDATL,PEP,PEPCO,2438.968,True
10/12/2025 1:00:00 AM,10/11/2025 9:00:00 PM,RFC,MIDATL,PEP,PEPCO,2405.834,True
10/12/2025 2:00:00 AM,10/11/2025 10:00:00 PM,RFC,MIDATL,PEP,PEPCO,2279.711,True
10/12/2025 3:00:00 AM,10/11/2025 11:00:00 PM,RFC,MIDATL,PEP,PEPCO,2223.977,True
10/12/2025 4:00:00 AM,10/12/2025 12:00:00 AM,RFC,MIDATL,PEP,PEPCO,2118.908,True
10/12/2025 5:00:00 AM,10/12/2025 1:00:00 AM,RFC,MIDATL,PEP,PEPCO,2054.945,True
10/12/2025 6:00:00 AM,10/12/2025 2:00:00 AM,RFC,MIDATL,PEP,PEPCO,1968.258,True
10/12/2025 7:00:00 AM,10/12/2025 3:00:00 AM,RFC,MIDATL,PEP,PEPCO,1921.701,True
10/12/2025 8:00:00 AM,10/12/2025 4:00:00 AM,RFC,MIDATL,PEP,PEPCO,1914.840,True
10/12/2025 9:00:00 AM,10/12/2025 5:00:00 AM,RFC,MIDATL,PEP,PEPCO,1938.987,True
10/12/2025 10:00:00 AM,10/12/2025 6:00:00 AM,RFC,MIDATL,PEP,PEPCO,2010.776,True
10/12/2025 11:00:00 AM,10/12/2025 7:00:00 AM,RFC,MIDATL,PEP,PEPCO,2073.101,True
10/12/2025 12:00:00 PM,10/12/2025 8:00:00 AM,RFC,MIDATL,PEP,PEPCO,2150.407,True
10/12/2025 1:00:00 PM,10/12/2025 9:00:00 AM,RFC,MIDATL,PEP,PEPCO,2236.402,True
10/12/2025 2:00:00 PM,10/12/2025 10:00:00 AM,RFC,MIDATL,PEP,PEPCO,2291.658,True
10/12/2025 3:00:00 PM,10/12/2025 11:00:00 AM,RFC,MIDATL,PEP,PEPCO,2325.448,True
10/12/2025 4:00:00 PM,10/12/2025 12:00:00 PM,RFC,MIDATL,PEP,PEPCO,2333.110,True
10/12/2025 5:00:00 PM,10/12/2025 1:00:00 PM,RFC,MIDATL,PEP,PEPCO,2301.068,True
10/12/2025 6:00:00 PM,10/12/2025 2:00:00 PM,RFC,MIDATL,PEP,PEPCO,2332.030,True
10/12/2025 7:00:00 PM,10/12/2025 3:00:00 PM,RFC,MIDATL,PEP,PEPCO,2351.382,True
10/12/2025 8:00:00 PM,10/12/2025 4:00:00 PM,RFC,MIDATL,PEP,PEPCO,2348.495,True
10/12/2025 9:00:00 PM,10/12/2025 5:00:00 PM,RFC,MIDATL,PEP,PEPCO,2407.857,True
10/12/2025 10:00:00 PM,10/12/2025 6:00:00 PM,RFC,MIDATL,PEP,PEPCO,2492.575,True
10/12/2025 11:00:00 PM,10/12/2025 7:00:00 PM,RFC,MIDATL,PEP,PEPCO,2497.828,True
10/13/2025 12:00:00 AM,10/12/2025 8:00:00 PM,RFC,MIDATL,PEP,PEPCO,2442.994,True
10/13/2025 1:00:00 AM,10/12/2025 9:00:00 PM,RFC,MIDATL,PEP,PEPCO,2386.077,True
10/13/2025 2:00:00 AM,10/12/2025 10:00:00 PM,RFC,MIDATL,PEP,PEPCO,2264.255,True
10/13/2025 3:00:00 AM,10/12/2025 11:00:00 PM,RFC,MIDATL,PEP,PEPCO,2170.750,True
10/13/2025 4:00:00 AM,10/13/2025 12:00:00 AM,RFC,MIDATL,PEP,PEPCO,2006.799,True
10/13/2025 5:00:00 AM,10/13/2025 1:00:00 AM,RFC,MIDATL,PEP,PEPCO,1932.262,True
10/13/2025 6:00:00 AM,10/13/2025 2:00:00 AM,RFC,MIDATL,PEP,PEPCO,1911.065,True
10/13/2025 7:00:00 AM,10/13/2025 3:00:00 AM,RFC,MIDATL,PEP,PEPCO,1884.745,True
10/13/2025 8:00:00 AM,10/13/2025 4:00:00 AM,RFC,MIDATL,PEP,PEPCO,1906.798,True
10/13/2025 9:00:00 AM,10/13/2025 5:00:00 AM,RFC,MIDATL,PEP,PEPCO,2041.274,True
10/13/2025 10:00:00 AM,10/13/2025 6:00:00 AM,RFC,MIDATL,PEP,PEPCO,2221.801,True
10/13/2025 11:00:00 AM,10/13/2025 7:00:00 AM,RFC,MIDATL,PEP,PEPCO,2349.388,True
10/13/2025 12:00:00 PM,10/13/2025 8:00:00 AM,RFC,MIDATL,PEP,PEPCO,2407.548,True
10/13/2025 1:00:00 PM,10/13/2025 9:00:00 AM,RFC,MIDATL,PEP,PEPCO,2399.225,True
10/13/2025 2:00:00 PM,10/13/2025 10:00:00 AM,RFC,MIDATL,PEP,PEPCO,2439.029,True
10/13/2025 3:00:00 PM,10/13/2025 11:00:00 AM,RFC,MIDATL,PEP,PEPCO,2493.145,True
10/13/2025 4:00:00 PM,10/13/2025 12:00:00 PM,RFC,MIDATL,PEP,PEPCO,2480.589,True
10/13/2025 5:00:00 PM,10/13/2025 1:00:00 PM,RFC,MIDATL,PEP,PEPCO,2491.827,True
10/13/2025 6:00:00 PM,10/13/2025 2:00:00 PM,RFC,MIDATL,PEP,PEPCO,2485.953,True
10/13/2025 7:00:00 PM,10/13/2025 3:00:00 PM,RFC,MIDATL,PEP,PEPCO,2495.890,True
10/13/2025 8:00:00 PM,10/13/2025 4:00:00 PM,RFC,MIDATL,PEP,PEPCO,2527.991,True
10/13/2025 9:00:00 PM,10/13/2025 5:00:00 PM,RFC,MIDATL,PEP,PEPCO,2602.066,True
10/13/2025 10:00:00 PM,10/13/2025 6:00:00 PM,RFC,MIDATL,PEP,PEPCO,2623.349,True
10/13/2025 11:00:00 PM,10/13/2025 7:00:00 PM,RFC,MIDATL,PEP,PEPCO,2653.129,True
10/14/2025 12:00:00 AM,10/13/2025 8:00:00 PM,RFC,MIDATL,PEP,PEPCO,2536.001,True
10/14/2025 1:00:00 AM,10/13/2025 9:00:00 PM,RFC,MIDATL,PEP,PEPCO,2450.232,True
10/14/2025 2:00:00 AM,10/13/2025 10:00:00 PM,RFC,MIDATL,PEP,PEPCO,2307.428,True
10/14/2025 3:00:00 AM,10/13/2025 11:00:00 PM,RFC,MIDATL,PEP,PEPCO,2181.318,True
10/14/2025 4:00:00 AM,10/14/2025 12:00:00 AM,RFC,MIDATL,PEP,PEPCO,2038.657,True
10/14/2025 5:00:00 AM,10/14/2025 1:00:00 AM,RFC,MIDATL,PEP,PEPCO,1961.206,True
10/14/2025 6:00:00 AM,10/14/2025 2:00:00 AM,RFC,MIDATL,PEP,PEPCO,1907.363,True
10/14/2025 7:00:00 AM,10/14/2025 3:00:00 AM,RFC,MIDATL,PEP,PEPCO,1897.701,True
10/14/2025 8:00:00 AM,10/14/2025 4:00:00 AM,RFC,MIDATL,PEP,PEPCO,1907.977,True
10/14/2025 9:00:00 AM,10/14/2025 5:00:00 AM,RFC,MIDATL,PEP,PEPCO,2085.259,True
10/14/2025 10:00:00 AM,10/14/2025 6:00:00 AM,RFC,MIDATL,PEP,PEPCO,2361.162,True
10/14/2025 11:00:00 AM,10/14/2025 7:00:00 AM,RFC,MIDATL,PEP,PEPCO,2525.729,True
10/14/2025 12:00:00 PM,10/14/2025 8:00:00 AM,RFC,MIDATL,PEP,PEPCO,2554.995,True
10/14/2025 1:00:00 PM,10/14/2025 9:00:00 AM,RFC,MIDATL,PEP,PEPCO,2551.229,True
10/14/2025 2:00:00 PM,10/14/2025 10:00:00 AM,RFC,MIDATL,PEP,PEPCO,2526.317,True
10/14/2025 3:00:00 PM,10/14/2025 11:00:00 AM,RFC,MIDATL,PEP,PEPCO,2575.279,True
10/14/2025 4:00:00 PM,10/14/2025 12:00:00 PM,RFC,MIDATL,PEP,PEPCO,2571.114,True
10/14/2025 5:00:00 PM,10/14/2025 1:00:00 PM,RFC,MIDATL,PEP,PEPCO,2497.399,True
10/14/2025 6:00:00 PM,10/14/2025 2:00:00 PM,RFC,MIDATL,PEP,PEPCO,2497.900,True
10/14/2025 7:00:00 PM,10/14/2025 3:00:00 PM,RFC,MIDATL,PEP,PEPCO,2551.160,True
10/14/2025 8:00:00 PM,10/14/2025 4:00:00 PM,RFC,MIDATL,PEP,PEPCO,2545.258,True
10/14/2025 9:00:00 PM,10/14/2025 5:00:00 PM,RFC,MIDATL,PEP,PEPCO,2626.238,True
10/14/2025 10:00:00 PM,10/14/2025 6:00:00 PM,RFC,MIDATL,PEP,PEPCO,2645.267,True
10/14/2025 11:00:00 PM,10/14/2025 7:00:00 PM,RFC,MIDATL,PEP,PEPCO,2648.208,True
10/15/2025 12:00:00 AM,10/14/2025 8:00:00 PM,RFC,MIDATL,PEP,PEPCO,2572.998,True
10/15/2025 1:00:00 AM,10/14/2025 9:00:00 PM,RFC,MIDATL,PEP,PEPCO,2494.449,True
10/15/2025 2:00:00 AM,10/14/2025 10:00:00 PM,RFC,MIDATL,PEP,PEPCO,2320.908,True
10/15/2025 3:00:00 AM,10/14/2025 11:00:00 PM,RFC,MIDATL,PEP,PEPCO,2181.259,True
10/15/2025 4:00:00 AM,10/15/2025 12:00:00 AM,RFC,MIDATL,PEP,PEPCO,2021.417,True
10/15/2025 5:00:00 AM,10/15/2025 1:00:00 AM,RFC,MIDATL,PEP,PEPCO,1956.595,True
10/15/2025 6:00:00 AM,10/15/2025 2:00:00 AM,RFC,MIDATL,PEP,PEPCO,1895.502,True
10/15/2025 7:00:00 AM,10/15/2025 3:00:00 AM,RFC,MIDATL,PEP,PEPCO,1878.839,True
10/15/2025 8:00:00 AM,10/15/2025 4:00:00 AM,RFC,MIDATL,PEP,PEPCO,1927.456,True
10/15/2025 9:00:00 AM,10/15/2025 5:00:00 AM,RFC,MIDATL,PEP,PEPCO,2091.692,True
10/15/2025 10:00:00 AM,10/15/2025 6:00:00 AM,RFC,MIDATL,PEP,PEPCO,2360.275,True
10/15/2025 11:00:00 AM,10/15/2025 7:00:00 AM,RFC,MIDATL,PEP,PEPCO,2512.945,True
10/15/2025 12:00:00 PM,10/15/2025 8:00:00 AM,RFC,MIDATL,PEP,PEPCO,2542.685,True
10/15/2025 1:00:00 PM,10/15/2025 9:00:00 AM,RFC,MIDATL,PEP,PEPCO,2484.146,True
10/15/2025 2:00:00 PM,10/15/2025 10:00:00 AM,RFC,MIDATL,PEP,PEPCO,2432.609,True
10/15/2025 3:00:00 PM,10/15/2025 11:00:00 AM,RFC,MIDATL,PEP,PEPCO,2393.308,True
10/15/2025 4:00:00 PM,10/15/2025 12:00:00 PM,RFC,MIDATL,PEP,PEPCO,2409.056,True
10/15/2025 5:00:00 PM,10/15/2025 1:00:00 PM,RFC,MIDATL,PEP,PEPCO,2450.191,True
10/15/2025 6:00:00 PM,10/15/2025 2:00:00 PM,RFC,MIDATL,PEP,PEPCO,2460.066,True
10/15/2025 7:00:00 PM,10/15/2025 3:00:00 PM,RFC,MIDATL,PEP,PEPCO,2568.607,True
10/15/2025 8:00:00 PM,10/15/2025 4:00:00 PM,RFC,MIDATL,PEP,PEPCO,2589.070,True
10/15/2025 9:00:00 PM,10/15/2025 5:00:00 PM,RFC,MIDATL,PEP,PEPCO,2670.429,True
10/15/2025 10:00:00 PM,10/15/2025 6:00:00 PM,RFC,MIDATL,PEP,PEPCO,2664.381,True
10/15/2025 11:00:00 PM,10/15/2025 7:00:00 PM,RFC,MIDATL,PEP,PEPCO,2649.509,True
10/16/2025 12:00:00 AM,10/15/2025 8:00:00 PM,RFC,MIDATL,PEP,PEPCO,2532.072,True
10/16/2025 1:00:00 AM,10/15/2025 9:00:00 PM,RFC,MIDATL,PEP,PEPCO,2448.081,True
10/16/2025 2:00:00 AM,10/15/2025 10:00:00 PM,RFC,MIDATL,PEP,PEPCO,2300.784,True
10/16/2025 3:00:00 AM,10/15/2025 11:00:00 PM,RFC,MIDATL,PEP,PEPCO,2173.457,True
10/16/2025 4:00:00 AM,10/16/2025 12:00:00 AM,RFC,MIDATL,PEP,PEPCO,2014.017,True
10/16/2025 5:00:00 AM,10/16/2025 1:00:00 AM,RFC,MIDATL,PEP,PEPCO,1905.508,True
10/16/2025 6:00:00 AM,10/16/2025 2:00:00 AM,RFC,MIDATL,PEP,PEPCO,1857.361,True
10/16/2025 7:00:00 AM,10/16/2025 3:00:00 AM,RFC,MIDATL,PEP,PEPCO,1854.974,True
10/16/2025 8:00:00 AM,10/16/2025 4:00:00 AM,RFC,MIDATL,PEP,PEPCO,1893.371,True
10/16/2025 9:00:00 AM,10/16/2025 5:00:00 AM,RFC,MIDATL,PEP,PEPCO,2066.808,True
10/16/2025 10:00:00 AM,10/16/2025 6:00:00 AM,RFC,MIDATL,PEP,PEPCO,2319.714,True
10/16/2025 11:00:00 AM,10/16/2025 7:00:00 AM,RFC,MIDATL,PEP,PEPCO,2521.665,True
10/16/2025 12:00:00 PM,10/16/2025 8:00:00 AM,RFC,MIDATL,PEP,PEPCO,2490.041,True
10/16/2025 1:00:00 PM,10/16/2025 9:00:00 AM,RFC,MIDATL,PEP,PEPCO,2400.747,True
10/16/2025 2:00:00 PM,10/16/2025 10:00:00 AM,RFC,MIDATL,PEP,PEPCO,2325.627,True
10/16/2025 3:00:00 PM,10/16/2025 11:00:00 AM,RFC,MIDATL,PEP,PEPCO,2275.129,True
10/16/2025 4:00:00 PM,10/16/2025 12:00:00 PM,RFC,MIDATL,PEP,PEPCO,2244.635,True
10/16/2025 5:00:00 PM,10/16/2025 1:00:00 PM,RFC,MIDATL,PEP,PEPCO,2223.358,True
10/16/2025 6:00:00 PM,10/16/2025 2:00:00 PM,RFC,MIDATL,PEP,PEPCO,2253.646,True
10/16/2025 7:00:00 PM,10/16/2025 3:00:00 PM,RFC,MIDATL,PEP,PEPCO,2356.628,True
10/16/2025 8:00:00 PM,10/16/2025 4:00:00 PM,RFC,MIDATL,PEP,PEPCO,2448.541,True
10/16/2025 9:00:00 PM,10/16/2025 5:00:00 PM,RFC,MIDATL,PEP,PEPCO,2526.695,True
10/16/2025 10:00:00 PM,10/16/2025 6:00:00 PM,RFC,MIDATL,PEP,PEPCO,2560.749,True
10/16/2025 11:00:00 PM,10/16/2025 7:00:00 PM,RFC,MIDATL,PEP,PEPCO,2576.683,True
10/17/2025 12:00:00 AM,10/16/2025 8:00:00 PM,RFC,MIDATL,PEP,PEPCO,2485.119,True
10/17/2025 1:00:00 AM,10/16/2025 9:00:00 PM,RFC,MIDATL,PEP,PEPCO,2412.933,True
10/17/2025 2:00:00 AM,10/16/2025 10:00:00 PM,RFC,MIDATL,PEP,PEPCO,2296.263,True
10/17/2025 3:00:00 AM,10/16/2025 11:00:00 PM,RFC,MIDATL,PEP,PEPCO,2172.691,True
10/17/2025 4:00:00 AM,10/17/2025 12:00:00 AM,RFC,MIDATL,PEP,PEPCO,2001.481,True
10/17/2025 5:00:00 AM,10/17/2025 1:00:00 AM,RFC,MIDATL,PEP,PEPCO,1950.222,True
10/17/2025 6:00:00 AM,10/17/2025 2:00:00 AM,RFC,MIDATL,PEP,PEPCO,1890.569,True
10/17/2025 7:00:00 AM,10/17/2025 3:00:00 AM,RFC,MIDATL,PEP,PEPCO,1891.509,True
10/17/2025 8:00:00 AM,10/17/2025 4:00:00 AM,RFC,MIDATL,PEP,PEPCO,1917.873,True
10/17/2025 9:00:00 AM,10/17/2025 5:00:00 AM,RFC,MIDATL,PEP,PEPCO,2119.746,True
10/17/2025 10:00:00 AM,10/17/2025 6:00:00 AM,RFC,MIDATL,PEP,PEPCO,2359.235,True
10/17/2025 11:00:00 AM,10/17/2025 7:00:00 AM,RFC,MIDATL,PEP,PEPCO,2557.424,True
10/17/2025 12:00:00 PM,10/17/2025 8:00:00 AM,RFC,MIDATL,PEP,PEPCO,2537.302,True
10/17/2025 1:00:00 PM,10/17/2025 9:00:00 AM,RFC,MIDATL,PEP,PEPCO,2451.607,True
10/17/2025 2:00:00 PM,10/17/2025 10:00:00 AM,RFC,MIDATL,PEP,PEPCO,2338.879,True
10/17/2025 3:00:00 PM,10/17/2025 11:00:00 AM,RFC,MIDATL,PEP,PEPCO,2274.103,True
10/17/2025 4:00:00 PM,10/17/2025 12:00:00 PM,RFC,MIDATL,PEP,PEPCO,2267.548,True
10/17/2025 5:00:00 PM,10/17/2025 1:00:00 PM,RFC,MIDATL,PEP,PEPCO,2208.437,True
10/17/2025 6:00:00 PM,10/17/2025 2:00:00 PM,RFC,MIDATL,PEP,PEPCO,2227.914,True
10/17/2025 7:00:00 PM,10/17/2025 3:00:00 PM,RFC,MIDATL,PEP,PEPCO,2337.964,True
10/17/2025 8:00:00 PM,10/17/2025 4:00:00 PM,RFC,MIDATL,PEP,PEPCO,2416.507,True
10/17/2025 9:00:00 PM,10/17/2025 5:00:00 PM,RFC,MIDATL,PEP,PEPCO,2490.000,True
10/17/2025 10:00:00 PM,10/17/2025 6:00:00 PM,RFC,MIDATL,PEP,PEPCO,2496.686,True
10/17/2025 11:00:00 PM,10/17/2025 7:00:00 PM,RFC,MIDATL,PEP,PEPCO,2496.696,True
10/18/2025 12:00:00 AM,10/17/2025 8:00:00 PM,RFC,MIDATL,PEP,PEPCO,2387.597,True
10/18/2025 1:00:00 AM,10/17/2025 9:00:00 PM,RFC,MIDATL,PEP,PEPCO,2321.994,True
10/18/2025 2:00:00 AM,10/17/2025 10:00:00 PM,RFC,MIDATL,PEP,PEPCO,2246.021,True
10/18/2025 3:00:00 AM,10/17/2025 11:00:00 PM,RFC,MIDATL,PEP,PEPCO,2114.548,True
10/18/2025 4:00:00 AM,10/18/2025 12:00:00 AM,RFC,MIDATL,PEP,PEPCO,2035.292,True
10/18/2025 5:00:00 AM,10/18/2025 1:00:00 AM,RFC,MIDATL,PEP,PEPCO,1954.670,True
10/18/2025 6:00:00 AM,10/18/2025 2:00:00 AM,RFC,MIDATL,PEP,PEPCO,1901.463,True
10/18/2025 7:00:00 AM,10/18/2025 3:00:00 AM,RFC,MIDATL,PEP,PEPCO,1849.272,True
10/18/2025 8:00:00 AM,10/18/2025 4:00:00 AM,RFC,MIDATL,PEP,PEPCO,1854.930,True
10/18/2025 9:00:00 AM,10/18/2025 5:00:00 AM,RFC,MIDATL,PEP,PEPCO,1892.755,True
10/18/2025 10:00:00 AM,10/18/2025 6:00:00 AM,RFC,MIDATL,PEP,PEPCO,2011.970,True
10/18/2025 11:00:00 AM,10/18/2025 7:00:00 AM,RFC,MIDATL,PEP,PEPCO,2078.243,True
10/18/2025 12:00:00 PM,10/18/2025 8:00:00 AM,RFC,MIDATL,PEP,PEPCO,2185.723,True
10/18/2025 1:00:00 PM,10/18/2025 9:00:00 AM,RFC,MIDATL,PEP,PEPCO,2206.663,True
10/18/2025 2:00:00 PM,10/18/2025 10:00:00 AM,RFC,MIDATL,PEP,PEPCO,2160.623,True
10/18/2025 3:00:00 PM,10/18/2025 11:00:00 AM,RFC,MIDATL,PEP,PEPCO,2047.089,True
10/18/2025 4:00:00 PM,10/18/2025 12:00:00 PM,RFC,MIDATL,PEP,PEPCO,2031.119,True
10/18/2025 5:00:00 PM,10/18/2025 1:00:00 PM,RFC,MIDATL,PEP,PEPCO,2048.960,True
10/18/2025 6:00:00 PM,10/18/2025 2:00:00 PM,RFC,MIDATL,PEP,PEPCO,2050.575,True
10/18/2025 7:00:00 PM,10/18/2025 3:00:00 PM,RFC,MIDATL,PEP,PEPCO,2115.112,True
10/18/2025 8:00:00 PM,10/18/2025 4:00:00 PM,RFC,MIDATL,PEP,PEPCO,2212.893,True
10/18/2025 9:00:00 PM,10/18/2025 5:00:00 PM,RFC,MIDATL,PEP,PEPCO,2333.945,True
10/18/2025 10:00:00 PM,10/18/2025 6:00:00 PM,RFC,MIDATL,PEP,PEPCO,2365.940,True
10/18/2025 11:00:00 PM,10/18/2025 7:00:00 PM,RFC,MIDATL,PEP,PEPCO,2390.528,True
10/19/2025 12:00:00 AM,10/18/2025 8:00:00 PM,RFC,MIDATL,PEP,PEPCO,2332.993,True
10/19/2025 1:00:00 AM,10/18/2025 9:00:00 PM,RFC,MIDATL,PEP,PEPCO,2286.551,True
10/19/2025 2:00:00 AM,10/18/2025 10:00:00 PM,RFC,MIDATL,PEP,PEPCO,2228.511,True
10/19/2025 3:00:00 AM,10/18/2025 11:00:00 PM,RFC,MIDATL,PEP,PEPCO,2102.585,True
10/19/2025 4:00:00 AM,10/19/2025 12:00:00 AM,RFC,MIDATL,PEP,PEPCO,2009.012,True
10/19/2025 5:00:00 AM,10/19/2025 1:00:00 AM,RFC,MIDATL,PEP,PEPCO,1923.288,True
10/19/2025 6:00:00 AM,10/19/2025 2:00:00 AM,RFC,MIDATL,PEP,PEPCO,1832.816,True
10/19/2025 7:00:00 AM,10/19/2025 3:00:00 AM,RFC,MIDATL,PEP,PEPCO,1819.421,True
10/19/2025 8:00:00 AM,10/19/2025 4:00:00 AM,RFC,MIDATL,PEP,PEPCO,1787.209,True
10/19/2025 9:00:00 AM,10/19/2025 5:00:00 AM,RFC,MIDATL,PEP,PEPCO,1822.834,True
10/19/2025 10:00:00 AM,10/19/2025 6:00:00 AM,RFC,MIDATL,PEP,PEPCO,1909.614,True
10/19/2025 11:00:00 AM,10/19/2025 7:00:00 AM,RFC,MIDATL,PEP,PEPCO,1962.719,True
10/19/2025 12:00:00 PM,10/19/2025 8:00:00 AM,RFC,MIDATL,PEP,PEPCO,2026.157,True
10/19/2025 1:00:00 PM,10/19/2025 9:00:00 AM,RFC,MIDATL,PEP,PEPCO,2029.942,True
10/19/2025 2:00:00 PM,10/19/2025 10:00:00 AM,RFC,MIDATL,PEP,PEPCO,2038.757,True
10/19/2025 3:00:00 PM,10/19/2025 11:00:00 AM,RFC,MIDATL,PEP,PEPCO,2055.653,True
10/19/2025 4:00:00 PM,10/19/2025 12:00:00 PM,RFC,MIDATL,PEP,PEPCO,2109.582,True
10/19/2025 5:00:00 PM,10/19/2025 1:00:00 PM,RFC,MIDATL,PEP,PEPCO,2205.795,True
10/19/2025 6:00:00 PM,10/19/2025 2:00:00 PM,RFC,MIDATL,PEP,PEPCO,2238.199,True
10/19/2025 7:00:00 PM,10/19/2025 3:00:00 PM,RFC,MIDATL,PEP,PEPCO,2234.504,True
10/19/2025 8:00:00 PM,10/19/2025 4:00:00 PM,RFC,MIDATL,PEP,PEPCO,2351.373,True
10/19/2025 9:00:00 PM,10/19/2025 5:00:00 PM,RFC,MIDATL,PEP,PEPCO,2445.654,True
10/19/2025 10:00:00 PM,10/19/2025 6:00:00 PM,RFC,MIDATL,PEP,PEPCO,2533.428,True
10/19/2025 11:00:00 PM,10/19/2025 7:00:00 PM,RFC,MIDATL,PEP,PEPCO,2571.455,True
10/20/2025 12:00:00 AM,10/19/2025 8:00:00 PM,RFC,MIDATL,PEP,PEPCO,2530.705,True
10/20/2025 1:00:00 AM,10/19/2025 9:00:00 PM,RFC,MIDATL,PEP,PEPCO,2482.649,True
10/20/2025 2:00:00 AM,10/19/2025 10:00:00 PM,RFC,MIDATL,PEP,PEPCO,2300.635,True
10/20/2025 3:00:00 AM,10/19/2025 11:00:00 PM,RFC,MIDATL,PEP,PEPCO,2130.257,True
10/20/2025 4:00:00 AM,10/20/2025 12:00:00 AM,RFC,MIDATL,PEP,PEPCO,2031.002,True
10/20/2025 5:00:00 AM,10/20/2025 1:00:00 AM,RFC,MIDATL,PEP,PEPCO,1922.806,True
10/20/2025 6:00:00 AM,10/20/2025 2:00:00 AM,RFC,MIDATL,PEP,PEPCO,1876.195,True
10/20/2025 7:00:00 AM,10/20/2025 3:00:00 AM,RFC,MIDATL,PEP,PEPCO,1832.196,True
10/20/2025 8:00:00 AM,10/20/2025 4:00:00 AM,RFC,MIDATL,PEP,PEPCO,1878.927,True
10/20/2025 9:00:00 AM,10/20/2025 5:00:00 AM,RFC,MIDATL,PEP,PEPCO,2069.097,True
10/20/2025 10:00:00 AM,10/20/2025 6:00:00 AM,RFC,MIDATL,PEP,PEPCO,2234.606,True
10/20/2025 11:00:00 AM,10/20/2025 7:00:00 AM,RFC,MIDATL,PEP,PEPCO,2429.252,True
10/20/2025 12:00:00 PM,10/20/2025 8:00:00 AM,RFC,MIDATL,PEP,PEPCO,2462.766,True
10/20/2025 1:00:00 PM,10/20/2025 9:00:00 AM,RFC,MIDATL,PEP,PEPCO,2399.434,True
10/20/2025 2:00:00 PM,10/20/2025 10:00:00 AM,RFC,MIDATL,PEP,PEPCO,2355.204,True
10/20/2025 3:00:00 PM,10/20/2025 11:00:00 AM,RFC,MIDATL,PEP,PEPCO,2298.973,True
10/20/2025 4:00:00 PM,10/20/2025 12:00:00 PM,RFC,MIDATL,PEP,PEPCO,2345.601,True
10/20/2025 5:00:00 PM,10/20/2025 1:00:00 PM,RFC,MIDATL,PEP,PEPCO,2319.495,True
10/20/2025 6:00:00 PM,10/20/2025 2:00:00 PM,RFC,MIDATL,PEP,PEPCO,2350.454,True
10/20/2025 7:00:00 PM,10/20/2025 3:00:00 PM,RFC,MIDATL,PEP,PEPCO,2384.868,True
10/20/2025 8:00:00 PM,10/20/2025 4:00:00 PM,RFC,MIDATL,PEP,PEPCO,2469.677,True
10/20/2025 9:00:00 PM,10/20/2025 5:00:00 PM,RFC,MIDATL,PEP,PEPCO,2559.700,True
10/20/2025 10:00:00 PM,10/20/2025 6:00:00 PM,RFC,MIDATL,PEP,PEPCO,2605.737,True
10/20/2025 11:00:00 PM,10/20/2025 7:00:00 PM,RFC,MIDATL,PEP,PEPCO,2586.126,True
10/21/2025 12:00:00 AM,10/20/2025 8:00:00 PM,RFC,MIDATL,PEP,PEPCO,2510.022,True
10/21/2025 1:00:00 AM,10/20/2025 9:00:00 PM,RFC,MIDATL,PEP,PEPCO,2417.950,True
10/21/2025 2:00:00 AM,10/20/2025 10:00:00 PM,RFC,MIDATL,PEP,PEPCO,2263.290,True
10/21/2025 3:00:00 AM,10/20/2025 11:00:00 PM,RFC,MIDATL,PEP,PEPCO,2136.972,True
10/21/2025 4:00:00 AM,10/21/2025 12:00:00 AM,RFC,MIDATL,PEP,PEPCO,2006.256,True
10/21/2025 5:00:00 AM,10/21/2025 1:00:00 AM,RFC,MIDATL,PEP,PEPCO,1907.220,True
10/21/2025 6:00:00 AM,10/21/2025 2:00:00 AM,RFC,MIDATL,PEP,PEPCO,1906.130,True
10/21/2025 7:00:00 AM,10/21/2025 3:00:00 AM,RFC,MIDATL,PEP,PEPCO,1880.257,True
10/21/2025 8:00:00 AM,10/21/2025 4:00:00 AM,RFC,MIDATL,PEP,PEPCO,1916.984,True
10/21/2025 9:00:00 AM,10/21/2025 5:00:00 AM,RFC,MIDATL,PEP,PEPCO,2124.387,True
10/21/2025 10:00:00 AM,10/21/2025 6:00:00 AM,RFC,MIDATL,PEP,PEPCO,2384.124,True
10/21/2025 11:00:00 AM,10/21/2025 7:00:00 AM,RFC,MIDATL,PEP,PEPCO,2580.231,True
10/21/2025 12:00:00 PM,10/21/2025 8:00:00 AM,RFC,MIDATL,PEP,PEPCO,2572.385,True
10/21/2025 1:00:00 PM,10/21/2025 9:00:00 AM,RFC,MIDATL,PEP,PEPCO,2481.377,True
10/21/2025 2:00:00 PM,10/21/2025 10:00:00 AM,RFC,MIDATL,PEP,PEPCO,2364.840,True
10/21/2025 3:00:00 PM,10/21/2025 11:00:00 AM,RFC,MIDATL,PEP,PEPCO,2343.701,True
10/21/2025 4:00:00 PM,10/21/2025 12:00:00 PM,RFC,MIDATL,PEP,PEPCO,2297.299,True
10/21/2025 5:00:00 PM,10/21/2025 1:00:00 PM,RFC,MIDATL,PEP,PEPCO,2286.536,True
10/21/2025 6:00:00 PM,10/21/2025 2:00:00 PM,RFC,MIDATL,PEP,PEPCO,2356.518,True
10/21/2025 7:00:00 PM,10/21/2025 3:00:00 PM,RFC,MIDATL,PEP,PEPCO,2413.400,True
10/21/2025 8:00:00 PM,10/21/2025 4:00:00 PM,RFC,MIDATL,PEP,PEPCO,2553.775,True
10/21/2025 9:00:00 PM,10/21/2025 5:00:00 PM,RFC,MIDATL,PEP,PEPCO,2588.679,True
10/21/2025 10:00:00 PM,10/21/2025 6:00:00 PM,RFC,MIDATL,PEP,PEPCO,2613.848,True
10/21/2025 11:00:00 PM,10/21/2025 7:00:00 PM,RFC,MIDATL,PEP,PEPCO,2601.007,True
10/22/2025 12:00:00 AM,10/21/2025 8:00:00 PM,RFC,MIDATL,PEP,PEPCO,2512.009,True
10/22/2025 1:00:00 AM,10/21/2025 9:00:00 PM,RFC,MIDATL,PEP,PEPCO,2431.100,True
10/22/2025 2:00:00 AM,10/21/2025 10:00:00 PM,RFC,MIDATL,PEP,PEPCO,2287.804,True
10/22/2025 3:00:00 AM,10/21/2025 11:00:00 PM,RFC,MIDATL,PEP,PEPCO,2114.044,True
10/22/2025 4:00:00 AM,10/22/2025 12:00:00 AM,RFC,MIDATL,PEP,PEPCO,1992.964,True
10/22/2025 5:00:00 AM,10/22/2025 1:00:00 AM,RFC,MIDATL,PEP,PEPCO,1915.515,True
10/22/2025 6:00:00 AM,10/22/2025 2:00:00 AM,RFC,MIDATL,PEP,PEPCO,1851.411,True
10/22/2025 7:00:00 AM,10/22/2025 3:00:00 AM,RFC,MIDATL,PEP,PEPCO,1832.738,True
10/22/2025 8:00:00 AM,10/22/2025 4:00:00 AM,RFC,MIDATL,PEP,PEPCO,1885.187,True
10/22/2025 9:00:00 AM,10/22/2025 5:00:00 AM,RFC,MIDATL,PEP,PEPCO,2032.932,True
10/22/2025 10:00:00 AM,10/22/2025 6:00:00 AM,RFC,MIDATL,PEP,PEPCO,2311.116,True
10/22/2025 11:00:00 AM,10/22/2025 7:00:00 AM,RFC,MIDATL,PEP,PEPCO,2486.406,True
10/22/2025 12:00:00 PM,10/22/2025 8:00:00 AM,RFC,MIDATL,PEP,PEPCO,2494.135,True
10/22/2025 1:00:00 PM,10/22/2025 9:00:00 AM,RFC,MIDATL,PEP,PEPCO,2423.498,True
10/22/2025 2:00:00 PM,10/22/2025 10:00:00 AM,RFC,MIDATL,PEP,PEPCO,2337.960,True
10/22/2025 3:00:00 PM,10/22/2025 11:00:00 AM,RFC,MIDATL,PEP,PEPCO,2322.590,True
10/22/2025 4:00:00 PM,10/22/2025 12:00:00 PM,RFC,MIDATL,PEP,PEPCO,2315.185,True
10/22/2025 5:00:00 PM,10/22/2025 1:00:00 PM,RFC,MIDATL,PEP,PEPCO,2358.547,True
10/22/2025 6:00:00 PM,10/22/2025 2:00:00 PM,RFC,MIDATL,PEP,PEPCO,2354.766,True
10/22/2025 7:00:00 PM,10/22/2025 3:00:00 PM,RFC,MIDATL,PEP,PEPCO,2445.621,True
10/22/2025 8:00:00 PM,10/22/2025 4:00:00 PM,RFC,MIDATL,PEP,PEPCO,2500.836,True
10/22/2025 9:00:00 PM,10/22/2025 5:00:00 PM,RFC,MIDATL,PEP,PEPCO,2605.820,True
10/22/2025 10:00:00 PM,10/22/2025 6:00:00 PM,RFC,MIDATL,PEP,PEPCO,2574.531,True
10/22/2025 11:00:00 PM,10/22/2025 7:00:00 PM,RFC,MIDATL,PEP,PEPCO,2562.962,True
10/23/2025 12:00:00 AM,10/22/2025 8:00:00 PM,RFC,MIDATL,PEP,PEPCO,2480.572,True
10/23/2025 1:00:00 AM,10/22/2025 9:00:00 PM,RFC,MIDATL,PEP,PEPCO,2379.864,True
10/23/2025 2:00:00 AM,10/22/2025 10:00:00 PM,RFC,MIDATL,PEP,PEPCO,2271.710,True
10/23/2025 3:00:00 AM,10/22/2025 11:00:00 PM,RFC,MIDATL,PEP,PEPCO,2113.332,True
10/23/2025 4:00:00 AM,10/23/2025 12:00:00 AM,RFC,MIDATL,PEP,PEPCO,1975.494,True
10/23/2025 5:00:00 AM,10/23/2025 1:00:00 AM,RFC,MIDATL,PEP,PEPCO,1889.175,True
10/23/2025 6:00:00 AM,10/23/2025 2:00:00 AM,RFC,MIDATL,PEP,PEPCO,1868.162,True
10/23/2025 7:00:00 AM,10/23/2025 3:00:00 AM,RFC,MIDATL,PEP,PEPCO,1871.202,True
10/23/2025 8:00:00 AM,10/23/2025 4:00:00 AM,RFC,MIDATL,PEP,PEPCO,1904.210,True
10/23/2025 9:00:00 AM,10/23/2025 5:00:00 AM,RFC,MIDATL,PEP,PEPCO,2114.799,True
10/23/2025 10:00:00 AM,10/23/2025 6:00:00 AM,RFC,MIDATL,PEP,PEPCO,2342.914,True
10/23/2025 11:00:00 AM,10/23/2025 7:00:00 AM,RFC,MIDATL,PEP,PEPCO,2505.735,True
10/23/2025 12:00:00 PM,10/23/2025 8:00:00 AM,RFC,MIDATL,PEP,PEPCO,2548.801,True
10/23/2025 1:00:00 PM,10/23/2025 9:00:00 AM,RFC,MIDATL,PEP,PEPCO,2436.022,True
10/23/2025 2:00:00 PM,10/23/2025 10:00:00 AM,RFC,MIDATL,PEP,PEPCO,2375.493,True
10/23/2025 3:00:00 PM,10/23/2025 11:00:00 AM,RFC,MIDATL,PEP,PEPCO,2294.412,True
10/23/2025 4:00:00 PM,10/23/2025 12:00:00 PM,RFC,MIDATL,PEP,PEPCO,2270.560,True
10/23/2025 5:00:00 PM,10/23/2025 1:00:00 PM,RFC,MIDATL,PEP,PEPCO,2288.318,True
10/23/2025 6:00:00 PM,10/23/2025 2:00:00 PM,RFC,MIDATL,PEP,PEPCO,2284.261,True
10/23/2025 7:00:00 PM,10/23/2025 3:00:00 PM,RFC,MIDATL,PEP,PEPCO,2340.117,True
10/23/2025 8:00:00 PM,10/23/2025 4:00:00 PM,RFC,MIDATL,PEP,PEPCO,2427.650,True
10/23/2025 9:00:00 PM,10/23/2025 5:00:00 PM,RFC,MIDATL,PEP,PEPCO,2545.825,True
10/23/2025 10:00:00 PM,10/23/2025 6:00:00 PM,RFC,MIDATL,PEP,PEPCO,2577.852,True
10/23/2025 11:00:00 PM,10/23/2025 7:00:00 PM,RFC,MIDATL,PEP,PEPCO,2570.123,True
10/24/2025 12:00:00 AM,10/23/2025 8:00:00 PM,RFC,MIDATL,PEP,PEPCO,2497.801,True
10/24/2025 1:00:00 AM,10/23/2025 9:00:00 PM,RFC,MIDATL,PEP,PEPCO,2421.882,True
10/24/2025 2:00:00 AM,10/23/2025 10:00:00 PM,RFC,MIDATL,PEP,PEPCO,2317.276,True
10/24/2025 3:00:00 AM,10/23/2025 11:00:00 PM,RFC,MIDATL,PEP,PEPCO,2205.801,True
10/24/2025 4:00:00 AM,10/24/2025 12:00:00 AM,RFC,MIDATL,PEP,PEPCO,2039.269,True
10/24/2025 5:00:00 AM,10/24/2025 1:00:00 AM,RFC,MIDATL,PEP,PEPCO,1989.148,True
10/24/2025 6:00:00 AM,10/24/2025 2:00:00 AM,RFC,MIDATL,PEP,PEPCO,1970.215,True
10/24/2025 7:00:00 AM,10/24/2025 3:00:00 AM,RFC,MIDATL,PEP,PEPCO,1952.186,True
10/24/2025 8:00:00 AM,10/24/2025 4:00:00 AM,RFC,MIDATL,PEP,PEPCO,2032.935,True
10/24/2025 9:00:00 AM,10/24/2025 5:00:00 AM,RFC,MIDATL,PEP,PEPCO,2208.480,True
10/24/2025 10:00:00 AM,10/24/2025 6:00:00 AM,RFC,MIDATL,PEP,PEPCO,2457.998,True
10/24/2025 11:00:00 AM,10/24/2025 7:00:00 AM,RFC,MIDATL,PEP,PEPCO,2667.511,True
10/24/2025 12:00:00 PM,10/24/2025 8:00:00 AM,RFC,MIDATL,PEP,PEPCO,2686.740,True
10/24/2025 1:00:00 PM,10/24/2025 9:00:00 AM,RFC,MIDATL,PEP,PEPCO,2547.374,True
10/24/2025 2:00:00 PM,10/24/2025 10:00:00 AM,RFC,MIDATL,PEP,PEPCO,2455.083,True
10/24/2025 3:00:00 PM,10/24/2025 11:00:00 AM,RFC,MIDATL,PEP,PEPCO,2446.406,True
10/24/2025 4:00:00 PM,10/24/2025 12:00:00 PM,RFC,MIDATL,PEP,PEPCO,2433.487,True
10/24/2025 5:00:00 PM,10/24/2025 1:00:00 PM,RFC,MIDATL,PEP,PEPCO,2435.259,True
10/24/2025 6:00:00 PM,10/24/2025 2:00:00 PM,RFC,MIDATL,PEP,PEPCO,2413.814,True
10/24/2025 7:00:00 PM,10/24/2025 3:00:00 PM,RFC,MIDATL,PEP,PEPCO,2415.906,True
10/24/2025 8:00:00 PM,10/24/2025 4:00:00 PM,RFC,MIDATL,PEP,PEPCO,2524.063,True
10/24/2025 9:00:00 PM,10/24/2025 5:00:00 PM,RFC,MIDATL,PEP,PEPCO,2584.436,True
10/24/2025 10:00:00 PM,10/24/2025 6:00:00 PM,RFC,MIDATL,PEP,PEPCO,2584.709,True
10/24/2025 11:00:00 PM,10/24/2025 7:00:00 PM,RFC,MIDATL,PEP,PEPCO,2544.107,True
10/25/2025 12:00:00 AM,10/24/2025 8:00:00 PM,RFC,MIDATL,PEP,PEPCO,2491.566,True
10/25/2025 1:00:00 AM,10/24/2025 9:00:00 PM,RFC,MIDATL,PEP,PEPCO,2456.830,True
10/25/2025 2:00:00 AM,10/24/2025 10:00:00 PM,RFC,MIDATL,PEP,PEPCO,2348.184,True
10/25/2025 3:00:00 AM,10/24/2025 11:00:00 PM,RFC,MIDATL,PEP,PEPCO,2246.543,True
10/25/2025 4:00:00 AM,10/25/2025 12:00:00 AM,RFC,MIDATL,PEP,PEPCO,2177.483,True
10/25/2025 5:00:00 AM,10/25/2025 1:00:00 AM,RFC,MIDATL,PEP,PEPCO,2105.605,True
10/25/2025 6:00:00 AM,10/25/2025 2:00:00 AM,RFC,MIDATL,PEP,PEPCO,2051.844,True
10/25/2025 7:00:00 AM,10/25/2025 3:00:00 AM,RFC,MIDATL,PEP,PEPCO,2032.641,True
10/25/2025 8:00:00 AM,10/25/2025 4:00:00 AM,RFC,MIDATL,PEP,PEPCO,2047.510,True
10/25/2025 9:00:00 AM,10/25/2025 5:00:00 AM,RFC,MIDATL,PEP,PEPCO,2073.192,True
10/25/2025 10:00:00 AM,10/25/2025 6:00:00 AM,RFC,MIDATL,PEP,PEPCO,2225.817,True
10/25/2025 11:00:00 AM,10/25/2025 7:00:00 AM,RFC,MIDATL,PEP,PEPCO,2352.931,True
10/25/2025 12:00:00 PM,10/25/2025 8:00:00 AM,RFC,MIDATL,PEP,PEPCO,2366.463,True
10/25/2025 1:00:00 PM,10/25/2025 9:00:00 AM,RFC,MIDATL,PEP,PEPCO,2327.778,True
10/25/2025 2:00:00 PM,10/25/2025 10:00:00 AM,RFC,MIDATL,PEP,PEPCO,2230.004,True
10/25/2025 3:00:00 PM,10/25/2025 11:00:00 AM,RFC,MIDATL,PEP,PEPCO,2109.458,True
10/25/2025 4:00:00 PM,10/25/2025 12:00:00 PM,RFC,MIDATL,PEP,PEPCO,2136.527,True
10/25/2025 5:00:00 PM,10/25/2025 1:00:00 PM,RFC,MIDATL,PEP,PEPCO,2162.201,True
10/25/2025 6:00:00 PM,10/25/2025 2:00:00 PM,RFC,MIDATL,PEP,PEPCO,2188.049,True
10/25/2025 7:00:00 PM,10/25/2025 3:00:00 PM,RFC,MIDATL,PEP,PEPCO,2188.676,True
10/25/2025 8:00:00 PM,10/25/2025 4:00:00 PM,RFC,MIDATL,PEP,PEPCO,2197.914,True
10/25/2025 9:00:00 PM,10/25/2025 5:00:00 PM,RFC,MIDATL,PEP,PEPCO,2332.508,True
10/25/2025 10:00:00 PM,10/25/2025 6:00:00 PM,RFC,MIDATL,PEP,PEPCO,2423.456,True
10/25/2025 11:00:00 PM,10/25/2025 7:00:00 PM,RFC,MIDATL,PEP,PEPCO,2411.579,True
10/26/2025 12:00:00 AM,10/25/2025 8:00:00 PM,RFC,MIDATL,PEP,PEPCO,2407.863,True
10/26/2025 1:00:00 AM,10/25/2025 9:00:00 PM,RFC,MIDATL,PEP,PEPCO,2384.869,True
10/26/2025 2:00:00 AM,10/25/2025 10:00:00 PM,RFC,MIDATL,PEP,PEPCO,2284.926,True
10/26/2025 3:00:00 AM,10/25/2025 11:00:00 PM,RFC,MIDATL,PEP,PEPCO,2176.777,True
10/26/2025 4:00:00 AM,10/26/2025 12:00:00 AM,RFC,MIDATL,PEP,PEPCO,2115.119,True
10/26/2025 5:00:00 AM,10/26/2025 1:00:00 AM,RFC,MIDATL,PEP,PEPCO,2057.752,True
10/26/2025 6:00:00 AM,10/26/2025 2:00:00 AM,RFC,MIDATL,PEP,PEPCO,1995.350,True
10/26/2025 7:00:00 AM,10/26/2025 3:00:00 AM,RFC,MIDATL,PEP,PEPCO,1970.253,True
10/26/2025 8:00:00 AM,10/26/2025 4:00:00 AM,RFC,MIDATL,PEP,PEPCO,1963.549,True
10/26/2025 9:00:00 AM,10/26/2025 5:00:00 AM,RFC,MIDATL,PEP,PEPCO,2052.684,True
10/26/2025 10:00:00 AM,10/26/2025 6:00:00 AM,RFC,MIDATL,PEP,PEPCO,2163.522,True
10/26/2025 11:00:00 AM,10/26/2025 7:00:00 AM,RFC,MIDATL,PEP,PEPCO,2217.405,True
10/26/2025 12:00:00 PM,10/26/2025 8:00:00 AM,RFC,MIDATL,PEP,PEPCO,2269.814,True
10/26/2025 1:00:00 PM,10/26/2025 9:00:00 AM,RFC,MIDATL,PEP,PEPCO,2252.345,True
10/26/2025 2:00:00 PM,10/26/2025 10:00:00 AM,RFC,MIDATL,PEP,PEPCO,2171.124,True
10/26/2025 3:00:00 PM,10/26/2025 11:00:00 AM,RFC,MIDATL,PEP,PEPCO,2122.681,True
10/26/2025 4:00:00 PM,10/26/2025 12:00:00 PM,RFC,MIDATL,PEP,PEPCO,2089.632,True
10/26/2025 5:00:00 PM,10/26/2025 1:00:00 PM,RFC,MIDATL,PEP,PEPCO,2071.517,True
10/26/2025 6:00:00 PM,10/26/2025 2:00:00 PM,RFC,MIDATL,PEP,PEPCO,2097.892,True
10/26/2025 7:00:00 PM,10/26/2025 3:00:00 PM,RFC,MIDATL,PEP,PEPCO,2131.730,True
10/26/2025 8:00:00 PM,10/26/2025 4:00:00 PM,RFC,MIDATL,PEP,PEPCO,2238.472,True
10/26/2025 9:00:00 PM,10/26/2025 5:00:00 PM,RFC,MIDATL,PEP,PEPCO,2355.122,True
10/26/2025 10:00:00 PM,10/26/2025 6:00:00 PM,RFC,MIDATL,PEP,PEPCO,2481.581,True
10/26/2025 11:00:00 PM,10/26/2025 7:00:00 PM,RFC,MIDATL,PEP,PEPCO,2521.575,True
10/27/2025 12:00:00 AM,10/26/2025 8:00:00 PM,RFC,MIDATL,PEP,PEPCO,2494.401,True
10/27/2025 1:00:00 AM,10/26/2025 9:00:00 PM,RFC,MIDATL,PEP,PEPCO,2427.014,True
10/27/2025 2:00:00 AM,10/26/2025 10:00:00 PM,RFC,MIDATL,PEP,PEPCO,2326.179,True
10/27/2025 3:00:00 AM,10/26/2025 11:00:00 PM,RFC,MIDATL,PEP,PEPCO,2207.535,True
10/27/2025 4:00:00 AM,10/27/2025 12:00:00 AM,RFC,MIDATL,PEP,PEPCO,2092.366,True
10/27/2025 5:00:00 AM,10/27/2025 1:00:00 AM,RFC,MIDATL,PEP,PEPCO,2026.230,True
10/27/2025 6:00:00 AM,10/27/2025 2:00:00 AM,RFC,MIDATL,PEP,PEPCO,2001.468,True
10/27/2025 7:00:00 AM,10/27/2025 3:00:00 AM,RFC,MIDATL,PEP,PEPCO,1999.945,True
10/27/2025 8:00:00 AM,10/27/2025 4:00:00 AM,RFC,MIDATL,PEP,PEPCO,2066.063,True
10/27/2025 9:00:00 AM,10/27/2025 5:00:00 AM,RFC,MIDATL,PEP,PEPCO,2283.385,True
10/27/2025 10:00:00 AM,10/27/2025 6:00:00 AM,RFC,MIDATL,PEP,PEPCO,2570.486,True
10/27/2025 11:00:00 AM,10/27/2025 7:00:00 AM,RFC,MIDATL,PEP,PEPCO,2728.831,True
10/27/2025 12:00:00 PM,10/27/2025 8:00:00 AM,RFC,MIDATL,PEP,PEPCO,2752.692,True
10/27/2025 1:00:00 PM,10/27/2025 9:00:00 AM,RFC,MIDATL,PEP,PEPCO,2605.145,True
10/27/2025 2:00:00 PM,10/27/2025 10:00:00 AM,RFC,MIDATL,PEP,PEPCO,2471.573,True
10/27/2025 3:00:00 PM,10/27/2025 11:00:00 AM,RFC,MIDATL,PEP,PEPCO,2401.515,True
10/27/2025 4:00:00 PM,10/27/2025 12:00:00 PM,RFC,MIDATL,PEP,PEPCO,2344.554,True
10/27/2025 5:00:00 PM,10/27/2025 1:00:00 PM,RFC,MIDATL,PEP,PEPCO,2333.624,True
10/27/2025 6:00:00 PM,10/27/2025 2:00:00 PM,RFC,MIDATL,PEP,PEPCO,2328.497,True
10/27/2025 7:00:00 PM,10/27/2025 3:00:00 PM,RFC,MIDATL,PEP,PEPCO,2427.033,True
10/27/2025 8:00:00 PM,10/27/2025 4:00:00 PM,RFC,MIDATL,PEP,PEPCO,2511.267,True
10/27/2025 9:00:00 PM,10/27/2025 5:00:00 PM,RFC,MIDATL,PEP,PEPCO,2626.379,True
10/27/2025 10:00:00 PM,10/27/2025 6:00:00 PM,RFC,MIDATL,PEP,PEPCO,2660.919,True
10/27/2025 11:00:00 PM,10/27/2025 7:00:00 PM,RFC,MIDATL,PEP,PEPCO,2654.816,True
10/28/2025 12:00:00 AM,10/27/2025 8:00:00 PM,RFC,MIDATL,PEP,PEPCO,2575.392,True
10/28/2025 1:00:00 AM,10/27/2025 9:00:00 PM,RFC,MIDATL,PEP,PEPCO,2472.123,True
10/28/2025 2:00:00 AM,10/27/2025 10:00:00 PM,RFC,MIDATL,PEP,PEPCO,2373.009,True
10/28/2025 3:00:00 AM,10/27/2025 11:00:00 PM,RFC,MIDATL,PEP,PEPCO,2210.913,True
10/28/2025 4:00:00 AM,10/28/2025 12:00:00 AM,RFC,MIDATL,PEP,PEPCO,2091.109,True
10/28/2025 5:00:00 AM,10/28/2025 1:00:00 AM,RFC,MIDATL,PEP,PEPCO,2002.442,True
10/28/2025 6:00:00 AM,10/28/2025 2:00:00 AM,RFC,MIDATL,PEP,PEPCO,1965.498,True
10/28/2025 7:00:00 AM,10/28/2025 3:00:00 AM,RFC,MIDATL,PEP,PEPCO,1984.107,True
10/28/2025 8:00:00 AM,10/28/2025 4:00:00 AM,RFC,MIDATL,PEP,PEPCO,2044.568,True
10/28/2025 9:00:00 AM,10/28/2025 5:00:00 AM,RFC,MIDATL,PEP,PEPCO,2247.738,True
10/28/2025 10:00:00 AM,10/28/2025 6:00:00 AM,RFC,MIDATL,PEP,PEPCO,2549.268,True
10/28/2025 11:00:00 AM,10/28/2025 7:00:00 AM,RFC,MIDATL,PEP,PEPCO,2741.399,True
10/28/2025 12:00:00 PM,10/28/2025 8:00:00 AM,RFC,MIDATL,PEP,PEPCO,2755.241,True
10/28/2025 1:00:00 PM,10/28/2025 9:00:00 AM,RFC,MIDATL,PEP,PEPCO,2665.866,True
10/28/2025 2:00:00 PM,10/28/2025 10:00:00 AM,RFC,MIDATL,PEP,PEPCO,2545.632,True
10/28/2025 3:00:00 PM,10/28/2025 11:00:00 AM,RFC,MIDATL,PEP,PEPCO,2448.539,True
10/28/2025 4:00:00 PM,10/28/2025 12:00:00 PM,RFC,MIDATL,PEP,PEPCO,2485.002,True
10/28/2025 5:00:00 PM,10/28/2025 1:00:00 PM,RFC,MIDATL,PEP,PEPCO,2554.636,True
10/28/2025 6:00:00 PM,10/28/2025 2:00:00 PM,RFC,MIDATL,PEP,PEPCO,2550.738,True
10/28/2025 7:00:00 PM,10/28/2025 3:00:00 PM,RFC,MIDATL,PEP,PEPCO,2607.019,True
10/28/2025 8:00:00 PM,10/28/2025 4:00:00 PM,RFC,MIDATL,PEP,PEPCO,2686.849,True
10/28/2025 9:00:00 PM,10/28/2025 5:00:00 PM,RFC,MIDATL,PEP,PEPCO,2718.424,True
10/28/2025 10:00:00 PM,10/28/2025 6:00:00 PM,RFC,MIDATL,PEP,PEPCO,2752.654,True
10/28/2025 11:00:00 PM,10/28/2025 7:00:00 PM,RFC,MIDATL,PEP,PEPCO,2675.682,True
10/29/2025 12:00:00 AM,10/28/2025 8:00:00 PM,RFC,MIDATL,PEP,PEPCO,2652.474,True
10/29/2025 1:00:00 AM,10/28/2025 9:00:00 PM,RFC,MIDATL,PEP,PEPCO,2532.954,True
10/29/2025 2:00:00 AM,10/28/2025 10:00:00 PM,RFC,MIDATL,PEP,PEPCO,2411.110,True
10/29/2025 3:00:00 AM,10/28/2025 11:00:00 PM,RFC,MIDATL,PEP,PEPCO,2240.689,True
10/29/2025 4:00:00 AM,10/29/2025 12:00:00 AM,RFC,MIDATL,PEP,PEPCO,2109.490,True
10/29/2025 5:00:00 AM,10/29/2025 1:00:00 AM,RFC,MIDATL,PEP,PEPCO,2033.646,True
10/29/2025 6:00:00 AM,10/29/2025 2:00:00 AM,RFC,MIDATL,PEP,PEPCO,1976.324,True
10/29/2025 7:00:00 AM,10/29/2025 3:00:00 AM,RFC,MIDATL,PEP,PEPCO,1989.121,True
10/29/2025 8:00:00 AM,10/29/2025 4:00:00 AM,RFC,MIDATL,PEP,PEPCO,2025.369,True
10/29/2025 9:00:00 AM,10/29/2025 5:00:00 AM,RFC,MIDATL,PEP,PEPCO,2210.719,True
10/29/2025 10:00:00 AM,10/29/2025 6:00:00 AM,RFC,MIDATL,PEP,PEPCO,2476.355,True
10/29/2025 11:00:00 AM,10/29/2025 7:00:00 AM,RFC,MIDATL,PEP,PEPCO,2679.311,True
10/29/2025 12:00:00 PM,10/29/2025 8:00:00 AM,RFC,MIDATL,PEP,PEPCO,2726.194,True
10/29/2025 1:00:00 PM,10/29/2025 9:00:00 AM,RFC,MIDATL,PEP,PEPCO,2722.986,True
10/29/2025 2:00:00 PM,10/29/2025 10:00:00 AM,RFC,MIDATL,PEP,PEPCO,2606.430,True
10/29/2025 3:00:00 PM,10/29/2025 11:00:00 AM,RFC,MIDATL,PEP,PEPCO,2526.500,True
10/29/2025 4:00:00 PM,10/29/2025 12:00:00 PM,RFC,MIDATL,PEP,PEPCO,2487.596,True
10/29/2025 5:00:00 PM,10/29/2025 1:00:00 PM,RFC,MIDATL,PEP,PEPCO,2380.647,True
10/29/2025 6:00:00 PM,10/29/2025 2:00:00 PM,RFC,MIDATL,PEP,PEPCO,2459.789,True
10/29/2025 7:00:00 PM,10/29/2025 3:00:00 PM,RFC,MIDATL,PEP,PEPCO,2504.335,True
10/29/2025 8:00:00 PM,10/29/2025 4:00:00 PM,RFC,MIDATL,PEP,PEPCO,2589.402,True
10/29/2025 9:00:00 PM,10/29/2025 5:00:00 PM,RFC,MIDATL,PEP,PEPCO,2650.676,True
10/29/2025 10:00:00 PM,10/29/2025 6:00:00 PM,RFC,MIDATL,PEP,PEPCO,2686.166,True
10/29/2025 11:00:00 PM,10/29/2025 7:00:00 PM,RFC,MIDATL,PEP,PEPCO,2650.708,True
10/30/2025 12:00:00 AM,10/29/2025 8:00:00 PM,RFC,MIDATL,PEP,PEPCO,2579.225,True
10/30/2025 1:00:00 AM,10/29/2025 9:00:00 PM,RFC,MIDATL,PEP,PEPCO,2476.652,True
10/30/2025 2:00:00 AM,10/29/2025 10:00:00 PM,RFC,MIDATL,PEP,PEPCO,2352.284,True
10/30/2025 3:00:00 AM,10/29/2025 11:00:00 PM,RFC,MIDATL,PEP,PEPCO,2215.067,True
10/30/2025 4:00:00 AM,10/30/2025 12:00:00 AM,RFC,MIDATL,PEP,PEPCO,2050.979,True
10/30/2025 5:00:00 AM,10/30/2025 1:00:00 AM,RFC,MIDATL,PEP,PEPCO,1975.900,True
10/30/2025 6:00:00 AM,10/30/2025 2:00:00 AM,RFC,MIDATL,PEP,PEPCO,1943.263,True
10/30/2025 7:00:00 AM,10/30/2025 3:00:00 AM,RFC,MIDATL,PEP,PEPCO,1924.201,True
10/30/2025 8:00:00 AM,10/30/2025 4:00:00 AM,RFC,MIDATL,PEP,PEPCO,1959.601,True
10/30/2025 9:00:00 AM,10/30/2025 5:00:00 AM,RFC,MIDATL,PEP,PEPCO,2150.521,True
10/30/2025 10:00:00 AM,10/30/2025 6:00:00 AM,RFC,MIDATL,PEP,PEPCO,2426.388,True
10/30/2025 11:00:00 AM,10/30/2025 7:00:00 AM,RFC,MIDATL,PEP,PEPCO,2581.093,True
10/30/2025 12:00:00 PM,10/30/2025 8:00:00 AM,RFC,MIDATL,PEP,PEPCO,2665.155,True
10/30/2025 1:00:00 PM,10/30/2025 9:00:00 AM,RFC,MIDATL,PEP,PEPCO,2688.775,True
10/30/2025 2:00:00 PM,10/30/2025 10:00:00 AM,RFC,MIDATL,PEP,PEPCO,2648.906,True
10/30/2025 3:00:00 PM,10/30/2025 11:00:00 AM,RFC,MIDATL,PEP,PEPCO,2609.932,True
10/30/2025 4:00:00 PM,10/30/2025 12:00:00 PM,RFC,MIDATL,PEP,PEPCO,2535.783,True
10/30/2025 5:00:00 PM,10/30/2025 1:00:00 PM,RFC,MIDATL,PEP,PEPCO,2447.011,True
10/30/2025 6:00:00 PM,10/30/2025 2:00:00 PM,RFC,MIDATL,PEP,PEPCO,2398.299,True
10/30/2025 7:00:00 PM,10/30/2025 3:00:00 PM,RFC,MIDATL,PEP,PEPCO,2391.346,True
10/30/2025 8:00:00 PM,10/30/2025 4:00:00 PM,RFC,MIDATL,PEP,PEPCO,2491.706,True
10/30/2025 9:00:00 PM,10/30/2025 5:00:00 PM,RFC,MIDATL,PEP,PEPCO,2574.895,True
10/30/2025 10:00:00 PM,10/30/2025 6:00:00 PM,RFC,MIDATL,PEP,PEPCO,2602.225,True
10/30/2025 11:00:00 PM,10/30/2025 7:00:00 PM,RFC,MIDATL,PEP,PEPCO,2573.117,True
10/31/2025 12:00:00 AM,10/30/2025 8:00:00 PM,RFC,MIDATL,PEP,PEPCO,2486.902,True
10/31/2025 1:00:00 AM,10/30/2025 9:00:00 PM,RFC,MIDATL,PEP,PEPCO,2429.486,True
10/31/2025 2:00:00 AM,10/30/2025 10:00:00 PM,RFC,MIDATL,PEP,PEPCO,2290.151,True
10/31/2025 3:00:00 AM,10/30/2025 11:00:00 PM,RFC,MIDATL,PEP,PEPCO,2161.110,True
10/31/2025 4:00:00 AM,10/31/2025 12:00:00 AM,RFC,MIDATL,PEP,PEPCO,2028.147,True
10/31/2025 5:00:00 AM,10/31/2025 1:00:00 AM,RFC,MIDATL,PEP,PEPCO,1955.577,True
10/31/2025 6:00:00 AM,10/31/2025 2:00:00 AM,RFC,MIDATL,PEP,PEPCO,1887.480,True
10/31/2025 7:00:00 AM,10/31/2025 3:00:00 AM,RFC,MIDATL,PEP,PEPCO,1918.438,True
10/31/2025 8:00:00 AM,10/31/2025 4:00:00 AM,RFC,MIDATL,PEP,PEPCO,1953.604,True
10/31/2025 9:00:00 AM,10/31/2025 5:00:00 AM,RFC,MIDATL,PEP,PEPCO,2150.721,True
10/31/2025 10:00:00 AM,10/31/2025 6:00:00 AM,RFC,MIDATL,PEP,PEPCO,2385.947,True
10/31/2025 11:00:00 AM,10/31/2025 7:00:00 AM,RFC,MIDATL,PEP,PEPCO,2591.855,True
10/31/2025 12:00:00 PM,10/31/2025 8:00:00 AM,RFC,MIDATL,PEP,PEPCO,2601.100,True
10/31/2025 1:00:00 PM,10/31/2025 9:00:00 AM,RFC,MIDATL,PEP,PEPCO,2507.312,True
10/31/2025 2:00:00 PM,10/31/2025 10:00:00 AM,RFC,MIDATL,PEP,PEPCO,2431.471,True
10/31/2025 3:00:00 PM,10/31/2025 11:00:00 AM,RFC,MIDATL,PEP,PEPCO,2348.163,True
10/31/2025 4:00:00 PM,10/31/2025 12:00:00 PM,RFC,MIDATL,PEP,PEPCO,2278.937,True
10/31/2025 5:00:00 PM,10/31/2025 1:00:00 PM,RFC,MIDATL,PEP,PEPCO,2242.217,True
10/31/2025 6:00:00 PM,10/31/2025 2:00:00 PM,RFC,MIDATL,PEP,PEPCO,2273.676,True
10/31/2025 7:00:00 PM,10/31/2025 3:00:00 PM,RFC,MIDATL,PEP,PEPCO,2289.401,True
10/31/2025 8:00:00 PM,10/31/2025 4:00:00 PM,RFC,MIDATL,PEP,PEPCO,2448.031,True
10/31/2025 9:00:00 PM,10/31/2025 5:00:00 PM,RFC,MIDATL,PEP,PEPCO,2561.488,True
10/31/2025 10:00:00 PM,10/31/2025 6:00:00 PM,RFC,MIDATL,PEP,PEPCO,2568.079,True
10/31/2025 11:00:00 PM,10/31/2025 7:00:00 PM,RFC,MIDATL,PEP,PEPCO,2468.015,True
11/1/2025 12:00:00 AM,10/31/2025 8:00:00 PM,RFC,MIDATL,PEP,PEPCO,2432.594,True
11/1/2025 1:00:00 AM,10/31/2025 9:00:00 PM,RFC,MIDATL,PEP,PEPCO,2372.799,True
11/1/2025 2:00:00 AM,10/31/2025 10:00:00 PM,RFC,MIDATL,PEP,PEPCO,2278.105,True
11/1/2025 3:00:00 AM,10/31/2025 11:00:00 PM,RFC,MIDATL,PEP,PEPCO,2194.896,True
11/1/2025 4:00:00 AM,11/1/2025 12:00:00 AM,RFC,MIDATL,PEP,PEPCO,2094.515,True
11/1/2025 5:00:00 AM,11/1/2025 1:00:00 AM,RFC,MIDATL,PEP,PEPCO,2024.832,True
11/1/2025 6:00:00 AM,11/1/2025 2:00:00 AM,RFC,MIDATL,PEP,PEPCO,1990.945,True
11/1/2025 7:00:00 AM,11/1/2025 3:00:00 AM,RFC,MIDATL,PEP,PEPCO,1950.488,True
11/1/2025 8:00:00 AM,11/1/2025 4:00:00 AM,RFC,MIDATL,PEP,PEPCO,1968.597,True
11/1/2025 9:00:00 AM,11/1/2025 5:00:00 AM,RFC,MIDATL,PEP,PEPCO,1997.321,True
11/1/2025 10:00:00 AM,11/1/2025 6:00:00 AM,RFC,MIDATL,PEP,PEPCO,2130.046,True
11/1/2025 11:00:00 AM,11/1/2025 7:00:00 AM,RFC,MIDATL,PEP,PEPCO,2241.734,True
11/1/2025 12:00:00 PM,11/1/2025 8:00:00 AM,RFC,MIDATL,PEP,PEPCO,2262.128,True
11/1/2025 1:00:00 PM,11/1/2025 9:00:00 AM,RFC,MIDATL,PEP,PEPCO,2246.462,True
11/1/2025 2:00:00 PM,11/1/2025 10:00:00 AM,RFC,MIDATL,PEP,PEPCO,2193.484,True
11/1/2025 3:00:00 PM,11/1/2025 11:00:00 AM,RFC,MIDATL,PEP,PEPCO,2089.363,True
11/1/2025 4:00:00 PM,11/1/2025 12:00:00 PM,RFC,MIDATL,PEP,PEPCO,2018.264,True
11/1/2025 5:00:00 PM,11/1/2025 1:00:00 PM,RFC,MIDATL,PEP,PEPCO,2004.998,True
11/1/2025 6:00:00 PM,11/1/2025 2:00:00 PM,RFC,MIDATL,PEP,PEPCO,2066.825,True
11/1/2025 7:00:00 PM,11/1/2025 3:00:00 PM,RFC,MIDATL,PEP,PEPCO,2097.356,True
11/1/2025 8:00:00 PM,11/1/2025 4:00:00 PM,RFC,MIDATL,PEP,PEPCO,2171.791,True
11/1/2025 9:00:00 PM,11/1/2025 5:00:00 PM,RFC,MIDATL,PEP,PEPCO,2271.005,True
11/1/2025 10:00:00 PM,11/1/2025 6:00:00 PM,RFC,MIDATL,PEP,PEPCO,2397.101,True
11/1/2025 11:00:00 PM,11/1/2025 7:00:00 PM,RFC,MIDATL,PEP,PEPCO,2403.993,True
11/2/2025 12:00:00 AM,11/1/2025 8:00:00 PM,RFC,MIDATL,PEP,PEPCO,2370.891,True
11/2/2025 1:00:00 AM,11/1/2025 9:00:00 PM,RFC,MIDATL,PEP,PEPCO,2349.738,True
11/2/2025 2:00:00 AM,11/1/2025 10:00:00 PM,RFC,MIDATL,PEP,PEPCO,2272.648,True
11/2/2025 3:00:00 AM,11/1/2025 11:00:00 PM,RFC,MIDATL,PEP,PEPCO,2182.419,True
11/2/2025 4:00:00 AM,11/2/2025 12:00:00 AM,RFC,MIDATL,PEP,PEPCO,2129.235,True
11/2/2025 5:00:00 AM,11/2/2025 1:00:00 AM,RFC,MIDATL,PEP,PEPCO,2055.198,True
11/2/2025 6:00:00 AM,11/2/2025 1:00:00 AM,RFC,MIDATL,PEP,PEPCO,1978.307,True
11/2/2025 7:00:00 AM,11/2/2025 2:00:00 AM,RFC,MIDATL,PEP,PEPCO,1972.582,True
11/2/2025 8:00:00 AM,11/2/2025 3:00:00 AM,RFC,MIDATL,PEP,PEPCO,1909.780,True
11/2/2025 9:00:00 AM,11/2/2025 4:00:00 AM,RFC,MIDATL,PEP,PEPCO,1949.130,True
11/2/2025 10:00:00 AM,11/2/2025 5:00:00 AM,RFC,MIDATL,PEP,PEPCO,2004.083,True
11/2/2025 11:00:00 AM,11/2/2025 6:00:00 AM,RFC,MIDATL,PEP,PEPCO,2138.180,True
11/2/2025 12:00:00 PM,11/2/2025 7:00:00 AM,RFC,MIDATL,PEP,PEPCO,2192.261,True
11/2/2025 1:00:00 PM,11/2/2025 8:00:00 AM,RFC,MIDATL,PEP,PEPCO,2164.489,True
11/2/2025 2:00:00 PM,11/2/2025 9:00:00 AM,RFC,MIDATL,PEP,PEPCO,2074.405,True
11/2/2025 3:00:00 PM,11/2/2025 10:00:00 AM,RFC,MIDATL,PEP,PEPCO,2004.363,True
11/2/2025 4:00:00 PM,11/2/2025 11:00:00 AM,RFC,MIDATL,PEP,PEPCO,1992.342,True
11/2/2025 5:00:00 PM,11/2/2025 12:00:00 PM,RFC,MIDATL,PEP,PEPCO,2034.643,True
11/2/2025 6:00:00 PM,11/2/2025 1:00:00 PM,RFC,MIDATL,PEP,PEPCO,2059.016,True
11/2/2025 7:00:00 PM,11/2/2025 2:00:00 PM,RFC,MIDATL,PEP,PEPCO,2137.415,True
11/2/2025 8:00:00 PM,11/2/2025 3:00:00 PM,RFC,MIDATL,PEP,PEPCO,2249.802,True
11/2/2025 9:00:00 PM,11/2/2025 4:00:00 PM,RFC,MIDATL,PEP,PEPCO,2260.195,True
11/2/2025 10:00:00 PM,11/2/2025 5:00:00 PM,RFC,MIDATL,PEP,PEPCO,2312.582,True
11/2/2025 11:00:00 PM,11/2/2025 6:00:00 PM,RFC,MIDATL,PEP,PEPCO,2486.267,True
11/3/2025 12:00:00 AM,11/2/2025 7:00:00 PM,RFC,MIDATL,PEP,PEPCO,2476.301,True
11/3/2025 1:00:00 AM,11/2/2025 8:00:00 PM,RFC,MIDATL,PEP,PEPCO,2418.494,True
11/3/2025 2:00:00 AM,11/2/2025 9:00:00 PM,RFC,MIDATL,PEP,PEPCO,2542.272,True
11/3/2025 3:00:00 AM,11/2/2025 10:00:00 PM,RFC,MIDATL,PEP,PEPCO,2267.499,True
11/3/2025 4:00:00 AM,11/2/2025 11:00:00 PM,RFC,MIDATL,PEP,PEPCO,2130.737,True
11/3/2025 5:00:00 AM,11/3/2025 12:00:00 AM,RFC,MIDATL,PEP,PEPCO,2006.899,True
11/3/2025 6:00:00 AM,11/3/2025 1:00:00 AM,RFC,MIDATL,PEP,PEPCO,1939.532,True
11/3/2025 7:00:00 AM,11/3/2025 2:00:00 AM,RFC,MIDATL,PEP,PEPCO,1895.920,True
11/3/2025 8:00:00 AM,11/3/2025 3:00:00 AM,RFC,MIDATL,PEP,PEPCO,1874.736,True
11/3/2025 9:00:00 AM,11/3/2025 4:00:00 AM,RFC,MIDATL,PEP,PEPCO,1960.028,True
11/3/2025 10:00:00 AM,11/3/2025 5:00:00 AM,RFC,MIDATL,PEP,PEPCO,2138.299,True
11/3/2025 11:00:00 AM,11/3/2025 6:00:00 AM,RFC,MIDATL,PEP,PEPCO,2380.345,True
11/3/2025 12:00:00 PM,11/3/2025 7:00:00 AM,RFC,MIDATL,PEP,PEPCO,2539.825,True
11/3/2025 1:00:00 PM,11/3/2025 8:00:00 AM,RFC,MIDATL,PEP,PEPCO,2594.855,True
11/3/2025 2:00:00 PM,11/3/2025 9:00:00 AM,RFC,MIDATL,PEP,PEPCO,2594.433,True
11/3/2025 3:00:00 PM,11/3/2025 10:00:00 AM,RFC,MIDATL,PEP,PEPCO,2505.136,True
11/3/2025 4:00:00 PM,11/3/2025 11:00:00 AM,RFC,MIDATL,PEP,PEPCO,2333.337,True
11/3/2025 5:00:00 PM,11/3/2025 12:00:00 PM,RFC,MIDATL,PEP,PEPCO,2352.095,True
11/3/2025 6:00:00 PM,11/3/2025 1:00:00 PM,RFC,MIDATL,PEP,PEPCO,2398.122,True
11/3/2025 7:00:00 PM,11/3/2025 2:00:00 PM,RFC,MIDATL,PEP,PEPCO,2402.315,True
11/3/2025 8:00:00 PM,11/3/2025 3:00:00 PM,RFC,MIDATL,PEP,PEPCO,2483.746,True
11/3/2025 9:00:00 PM,11/3/2025 4:00:00 PM,RFC,MIDATL,PEP,PEPCO,2601.998,True
11/3/2025 10:00:00 PM,11/3/2025 5:00:00 PM,RFC,MIDATL,PEP,PEPCO,2678.561,True
11/3/2025 11:00:00 PM,11/3/2025 6:00:00 PM,RFC,MIDATL,PEP,PEPCO,2638.402,True
11/4/2025 12:00:00 AM,11/3/2025 7:00:00 PM,RFC,MIDATL,PEP,PEPCO,2603.662,True
11/4/2025 1:00:00 AM,11/3/2025 8:00:00 PM,RFC,MIDATL,PEP,PEPCO,2511.043,True
11/4/2025 2:00:00 AM,11/3/2025 9:00:00 PM,RFC,MIDATL,PEP,PEPCO,2435.216,True
11/4/2025 3:00:00 AM,11/3/2025 10:00:00 PM,RFC,MIDATL,PEP,PEPCO,2265.347,True
11/4/2025 4:00:00 AM,11/3/2025 11:00:00 PM,RFC,MIDATL,PEP,PEPCO,2134.344,True
11/4/2025 5:00:00 AM,11/4/2025 12:00:00 AM,RFC,MIDATL,PEP,PEPCO,2011.022,True
11/4/2025 6:00:00 AM,11/4/2025 1:00:00 AM,RFC,MIDATL,PEP,PEPCO,1950.882,True
11/4/2025 7:00:00 AM,11/4/2025 2:00:00 AM,RFC,MIDATL,PEP,PEPCO,1913.621,True
11/4/2025 8:00:00 AM,11/4/2025 3:00:00 AM,RFC,MIDATL,PEP,PEPCO,1898.061,True
11/4/2025 9:00:00 AM,11/4/2025 4:00:00 AM,RFC,MIDATL,PEP,PEPCO,1955.065,True
11/4/2025 10:00:00 AM,11/4/2025 5:00:00 AM,RFC,MIDATL,PEP,PEPCO,2191.621,True
11/4/2025 11:00:00 AM,11/4/2025 6:00:00 AM,RFC,MIDATL,PEP,PEPCO,2496.848,True
11/4/2025 12:00:00 PM,11/4/2025 7:00:00 AM,RFC,MIDATL,PEP,PEPCO,2590.047,True
11/4/2025 1:00:00 PM,11/4/2025 8:00:00 AM,RFC,MIDATL,PEP,PEPCO,2510.468,True
11/4/2025 2:00:00 PM,11/4/2025 9:00:00 AM,RFC,MIDATL,PEP,PEPCO,2457.073,True
11/4/2025 3:00:00 PM,11/4/2025 10:00:00 AM,RFC,MIDATL,PEP,PEPCO,2384.075,True
11/4/2025 4:00:00 PM,11/4/2025 11:00:00 AM,RFC,MIDATL,PEP,PEPCO,2322.276,True
11/4/2025 5:00:00 PM,11/4/2025 12:00:00 PM,RFC,MIDATL,PEP,PEPCO,2332.150,True
11/4/2025 6:00:00 PM,11/4/2025 1:00:00 PM,RFC,MIDATL,PEP,PEPCO,2360.639,True
11/4/2025 7:00:00 PM,11/4/2025 2:00:00 PM,RFC,MIDATL,PEP,PEPCO,2403.605,True
11/4/2025 8:00:00 PM,11/4/2025 3:00:00 PM,RFC,MIDATL,PEP,PEPCO,2443.083,True
11/4/2025 9:00:00 PM,11/4/2025 4:00:00 PM,RFC,MIDATL,PEP,PEPCO,2561.025,True
11/4/2025 10:00:00 PM,11/4/2025 5:00:00 PM,RFC,MIDATL,PEP,PEPCO,2692.229,True
11/4/2025 11:00:00 PM,11/4/2025 6:00:00 PM,RFC,MIDATL,PEP,PEPCO,2671.785,True
11/5/2025 12:00:00 AM,11/4/2025 7:00:00 PM,RFC,MIDATL,PEP,PEPCO,2630.054,True
11/5/2025 1:00:00 AM,11/4/2025 8:00:00 PM,RFC,MIDATL,PEP,PEPCO,2545.745,True
11/5/2025 2:00:00 AM,11/4/2025 9:00:00 PM,RFC,MIDATL,PEP,PEPCO,2448.892,True
11/5/2025 3:00:00 AM,11/4/2025 10:00:00 PM,RFC,MIDATL,PEP,PEPCO,2313.417,True
11/5/2025 4:00:00 AM,11/4/2025 11:00:00 PM,RFC,MIDATL,PEP,PEPCO,2194.287,True
11/5/2025 5:00:00 AM,11/5/2025 12:00:00 AM,RFC,MIDATL,PEP,PEPCO,2085.522,True
11/5/2025 6:00:00 AM,11/5/2025 1:00:00 AM,RFC,MIDATL,PEP,PEPCO,1991.401,True
11/5/2025 7:00:00 AM,11/5/2025 2:00:00 AM,RFC,MIDATL,PEP,PEPCO,2003.284,True
11/5/2025 8:00:00 AM,11/5/2025 3:00:00 AM,RFC,MIDATL,PEP,PEPCO,1998.417,True
11/5/2025 9:00:00 AM,11/5/2025 4:00:00 AM,RFC,MIDATL,PEP,PEPCO,2066.886,True
11/5/2025 10:00:00 AM,11/5/2025 5:00:00 AM,RFC,MIDATL,PEP,PEPCO,2270.860,True
11/5/2025 11:00:00 AM,11/5/2025 6:00:00 AM,RFC,MIDATL,PEP,PEPCO,2563.092,True
11/5/2025 12:00:00 PM,11/5/2025 7:00:00 AM,RFC,MIDATL,PEP,PEPCO,2687.985,True
11/5/2025 1:00:00 PM,11/5/2025 8:00:00 AM,RFC,MIDATL,PEP,PEPCO,2578.826,True
11/5/2025 2:00:00 PM,11/5/2025 9:00:00 AM,RFC,MIDATL,PEP,PEPCO,2407.619,True
11/5/2025 3:00:00 PM,11/5/2025 10:00:00 AM,RFC,MIDATL,PEP,PEPCO,2359.703,True
11/5/2025 4:00:00 PM,11/5/2025 11:00:00 AM,RFC,MIDATL,PEP,PEPCO,2274.544,True
11/5/2025 5:00:00 PM,11/5/2025 12:00:00 PM,RFC,MIDATL,PEP,PEPCO,2337.939,True
11/5/2025 6:00:00 PM,11/5/2025 1:00:00 PM,RFC,MIDATL,PEP,PEPCO,2392.751,True
11/5/2025 7:00:00 PM,11/5/2025 2:00:00 PM,RFC,MIDATL,PEP,PEPCO,2486.784,True
11/5/2025 8:00:00 PM,11/5/2025 3:00:00 PM,RFC,MIDATL,PEP,PEPCO,2489.130,True
11/5/2025 9:00:00 PM,11/5/2025 4:00:00 PM,RFC,MIDATL,PEP,PEPCO,2558.153,True
11/5/2025 10:00:00 PM,11/5/2025 5:00:00 PM,RFC,MIDATL,PEP,PEPCO,2673.716,True
11/5/2025 11:00:00 PM,11/5/2025 6:00:00 PM,RFC,MIDATL,PEP,PEPCO,2648.371,True
11/6/2025 12:00:00 AM,11/5/2025 7:00:00 PM,RFC,MIDATL,PEP,PEPCO,2564.341,True
11/6/2025 1:00:00 AM,11/5/2025 8:00:00 PM,RFC,MIDATL,PEP,PEPCO,2466.506,True
11/6/2025 2:00:00 AM,11/5/2025 9:00:00 PM,RFC,MIDATL,PEP,PEPCO,2389.000,True
11/6/2025 3:00:00 AM,11/5/2025 10:00:00 PM,RFC,MIDATL,PEP,PEPCO,2248.528,True
11/6/2025 4:00:00 AM,11/5/2025 11:00:00 PM,RFC,MIDATL,PEP,PEPCO,2098.851,True
11/6/2025 5:00:00 AM,11/6/2025 12:00:00 AM,RFC,MIDATL,PEP,PEPCO,1953.947,True
11/6/2025 6:00:00 AM,11/6/2025 1:00:00 AM,RFC,MIDATL,PEP,PEPCO,1903.107,True
11/6/2025 7:00:00 AM,11/6/2025 2:00:00 AM,RFC,MIDATL,PEP,PEPCO,1871.519,True
11/6/2025 8:00:00 AM,11/6/2025 3:00:00 AM,RFC,MIDATL,PEP,PEPCO,1839.149,True
11/6/2025 9:00:00 AM,11/6/2025 4:00:00 AM,RFC,MIDATL,PEP,PEPCO,1921.602,True
11/6/2025 10:00:00 AM,11/6/2025 5:00:00 AM,RFC,MIDATL,PEP,PEPCO,2101.108,True
11/6/2025 11:00:00 AM,11/6/2025 6:00:00 AM,RFC,MIDATL,PEP,PEPCO,2394.506,True
11/6/2025 12:00:00 PM,11/6/2025 7:00:00 AM,RFC,MIDATL,PEP,PEPCO,2516.537,True
11/6/2025 1:00:00 PM,11/6/2025 8:00:00 AM,RFC,MIDATL,PEP,PEPCO,2467.469,True
11/6/2025 2:00:00 PM,11/6/2025 9:00:00 AM,RFC,MIDATL,PEP,PEPCO,2357.576,True
11/6/2025 3:00:00 PM,11/6/2025 10:00:00 AM,RFC,MIDATL,PEP,PEPCO,2323.628,True
11/6/2025 4:00:00 PM,11/6/2025 11:00:00 AM,RFC,MIDATL,PEP,PEPCO,2254.563,True
11/6/2025 5:00:00 PM,11/6/2025 12:00:00 PM,RFC,MIDATL,PEP,PEPCO,2238.785,True
11/6/2025 6:00:00 PM,11/6/2025 1:00:00 PM,RFC,MIDATL,PEP,PEPCO,2280.496,True
11/6/2025 7:00:00 PM,11/6/2025 2:00:00 PM,RFC,MIDATL,PEP,PEPCO,2320.158,True
11/6/2025 8:00:00 PM,11/6/2025 3:00:00 PM,RFC,MIDATL,PEP,PEPCO,2426.283,True
11/6/2025 9:00:00 PM,11/6/2025 4:00:00 PM,RFC,MIDATL,PEP,PEPCO,2562.051,True
11/6/2025 10:00:00 PM,11/6/2025 5:00:00 PM,RFC,MIDATL,PEP,PEPCO,2665.123,True
11/6/2025 11:00:00 PM,11/6/2025 6:00:00 PM,RFC,MIDATL,PEP,PEPCO,2666.274,True
11/7/2025 12:00:00 AM,11/6/2025 7:00:00 PM,RFC,MIDATL,PEP,PEPCO,2617.353,True
11/7/2025 1:00:00 AM,11/6/2025 8:00:00 PM,RFC,MIDATL,PEP,PEPCO,2567.454,True
11/7/2025 2:00:00 AM,11/6/2025 9:00:00 PM,RFC,MIDATL,PEP,PEPCO,2499.081,True
11/7/2025 3:00:00 AM,11/6/2025 10:00:00 PM,RFC,MIDATL,PEP,PEPCO,2389.958,True
11/7/2025 4:00:00 AM,11/6/2025 11:00:00 PM,RFC,MIDATL,PEP,PEPCO,2264.069,True
11/7/2025 5:00:00 AM,11/7/2025 12:00:00 AM,RFC,MIDATL,PEP,PEPCO,2158.504,True
11/7/2025 6:00:00 AM,11/7/2025 1:00:00 AM,RFC,MIDATL,PEP,PEPCO,2086.060,True
11/7/2025 7:00:00 AM,11/7/2025 2:00:00 AM,RFC,MIDATL,PEP,PEPCO,2088.987,True
11/7/2025 8:00:00 AM,11/7/2025 3:00:00 AM,RFC,MIDATL,PEP,PEPCO,2109.885,True
11/7/2025 9:00:00 AM,11/7/2025 4:00:00 AM,RFC,MIDATL,PEP,PEPCO,2183.545,True
11/7/2025 10:00:00 AM,11/7/2025 5:00:00 AM,RFC,MIDATL,PEP,PEPCO,2355.674,True
11/7/2025 11:00:00 AM,11/7/2025 6:00:00 AM,RFC,MIDATL,PEP,PEPCO,2660.675,True
11/7/2025 12:00:00 PM,11/7/2025 7:00:00 AM,RFC,MIDATL,PEP,PEPCO,2731.731,True
11/7/2025 1:00:00 PM,11/7/2025 8:00:00 AM,RFC,MIDATL,PEP,PEPCO,2616.154,True
11/7/2025 2:00:00 PM,11/7/2025 9:00:00 AM,RFC,MIDATL,PEP,PEPCO,2516.997,True
11/7/2025 3:00:00 PM,11/7/2025 10:00:00 AM,RFC,MIDATL,PEP,PEPCO,2394.555,True
11/7/2025 4:00:00 PM,11/7/2025 11:00:00 AM,RFC,MIDATL,PEP,PEPCO,2356.929,True
11/7/2025 5:00:00 PM,11/7/2025 12:00:00 PM,RFC,MIDATL,PEP,PEPCO,2382.897,True
11/7/2025 6:00:00 PM,11/7/2025 1:00:00 PM,RFC,MIDATL,PEP,PEPCO,2410.499,True
11/7/2025 7:00:00 PM,11/7/2025 2:00:00 PM,RFC,MIDATL,PEP,PEPCO,2413.686,True
11/7/2025 8:00:00 PM,11/7/2025 3:00:00 PM,RFC,MIDATL,PEP,PEPCO,2487.744,True
11/7/2025 9:00:00 PM,11/7/2025 4:00:00 PM,RFC,MIDATL,PEP,PEPCO,2574.464,True
11/7/2025 10:00:00 PM,11/7/2025 5:00:00 PM,RFC,MIDATL,PEP,PEPCO,2662.535,True
11/7/2025 11:00:00 PM,11/7/2025 6:00:00 PM,RFC,MIDATL,PEP,PEPCO,2598.900,True
11/8/2025 12:00:00 AM,11/7/2025 7:00:00 PM,RFC,MIDATL,PEP,PEPCO,2507.022,True
11/8/2025 1:00:00 AM,11/7/2025 8:00:00 PM,RFC,MIDATL,PEP,PEPCO,2426.859,True
11/8/2025 2:00:00 AM,11/7/2025 9:00:00 PM,RFC,MIDATL,PEP,PEPCO,2343.024,True
11/8/2025 3:00:00 AM,11/7/2025 10:00:00 PM,RFC,MIDATL,PEP,PEPCO,2217.997,True
11/8/2025 4:00:00 AM,11/7/2025 11:00:00 PM,RFC,MIDATL,PEP,PEPCO,2119.398,True
11/8/2025 5:00:00 AM,11/8/2025 12:00:00 AM,RFC,MIDATL,PEP,PEPCO,2017.805,True
11/8/2025 6:00:00 AM,11/8/2025 1:00:00 AM,RFC,MIDATL,PEP,PEPCO,1973.720,True
11/8/2025 7:00:00 AM,11/8/2025 2:00:00 AM,RFC,MIDATL,PEP,PEPCO,1892.566,True
11/8/2025 8:00:00 AM,11/8/2025 3:00:00 AM,RFC,MIDATL,PEP,PEPCO,1874.956,True
11/8/2025 9:00:00 AM,11/8/2025 4:00:00 AM,RFC,MIDATL,PEP,PEPCO,1863.092,True
11/8/2025 10:00:00 AM,11/8/2025 5:00:00 AM,RFC,MIDATL,PEP,PEPCO,1864.393,True
11/8/2025 11:00:00 AM,11/8/2025 6:00:00 AM,RFC,MIDATL,PEP,PEPCO,1985.850,True
11/8/2025 12:00:00 PM,11/8/2025 7:00:00 AM,RFC,MIDATL,PEP,PEPCO,2056.531,True
11/8/2025 1:00:00 PM,11/8/2025 8:00:00 AM,RFC,MIDATL,PEP,PEPCO,2061.368,True
11/8/2025 2:00:00 PM,11/8/2025 9:00:00 AM,RFC,MIDATL,PEP,PEPCO,2030.652,True
11/8/2025 3:00:00 PM,11/8/2025 10:00:00 AM,RFC,MIDATL,PEP,PEPCO,2019.991,True
11/8/2025 4:00:00 PM,11/8/2025 11:00:00 AM,RFC,MIDATL,PEP,PEPCO,1993.239,True
11/8/2025 5:00:00 PM,11/8/2025 12:00:00 PM,RFC,MIDATL,PEP,PEPCO,2007.131,True
11/8/2025 6:00:00 PM,11/8/2025 1:00:00 PM,RFC,MIDATL,PEP,PEPCO,2043.320,True
11/8/2025 7:00:00 PM,11/8/2025 2:00:00 PM,RFC,MIDATL,PEP,PEPCO,2131.818,True
11/8/2025 8:00:00 PM,11/8/2025 3:00:00 PM,RFC,MIDATL,PEP,PEPCO,2220.489,True
11/8/2025 9:00:00 PM,11/8/2025 4:00:00 PM,RFC,MIDATL,PEP,PEPCO,2240.721,True
11/8/2025 10:00:00 PM,11/8/2025 5:00:00 PM,RFC,MIDATL,PEP,PEPCO,2372.157,True
11/8/2025 11:00:00 PM,11/8/2025 6:00:00 PM,RFC,MIDATL,PEP,PEPCO,2385.581,True
11/9/2025 12:00:00 AM,11/8/2025 7:00:00 PM,RFC,MIDATL,PEP,PEPCO,2323.540,True
11/9/2025 1:00:00 AM,11/8/2025 8:00:00 PM,RFC,MIDATL,PEP,PEPCO,2306.653,True
11/9/2025 2:00:00 AM,11/8/2025 9:00:00 PM,RFC,MIDATL,PEP,PEPCO,2225.126,True
11/9/2025 3:00:00 AM,11/8/2025 10:00:00 PM,RFC,MIDATL,PEP,PEPCO,2168.269,True
11/9/2025 4:00:00 AM,11/8/2025 11:00:00 PM,RFC,MIDATL,PEP,PEPCO,2047.914,True
11/9/2025 5:00:00 AM,11/9/2025 12:00:00 AM,RFC,MIDATL,PEP,PEPCO,2020.654,True
11/9/2025 6:00:00 AM,11/9/2025 1:00:00 AM,RFC,MIDATL,PEP,PEPCO,1899.908,True
11/9/2025 7:00:00 AM,11/9/2025 2:00:00 AM,RFC,MIDATL,PEP,PEPCO,1885.813,True
11/9/2025 8:00:00 AM,11/9/2025 3:00:00 AM,RFC,MIDATL,PEP,PEPCO,1822.277,True
11/9/2025 9:00:00 AM,11/9/2025 4:00:00 AM,RFC,MIDATL,PEP,PEPCO,1847.035,True
11/9/2025 10:00:00 AM,11/9/2025 5:00:00 AM,RFC,MIDATL,PEP,PEPCO,1876.849,True
11/9/2025 11:00:00 AM,11/9/2025 6:00:00 AM,RFC,MIDATL,PEP,PEPCO,1933.378,True
11/9/2025 12:00:00 PM,11/9/2025 7:00:00 AM,RFC,MIDATL,PEP,PEPCO,2011.694,True
11/9/2025 1:00:00 PM,11/9/2025 8:00:00 AM,RFC,MIDATL,PEP,PEPCO,2104.351,True
11/9/2025 2:00:00 PM,11/9/2025 9:00:00 AM,RFC,MIDATL,PEP,PEPCO,2186.312,True
11/9/2025 3:00:00 PM,11/9/2025 10:00:00 AM,RFC,MIDATL,PEP,PEPCO,2204.903,True
11/9/2025 4:00:00 PM,11/9/2025 11:00:00 AM,RFC,MIDATL,PEP,PEPCO,2188.535,True
11/9/2025 5:00:00 PM,11/9/2025 12:00:00 PM,RFC,MIDATL,PEP,PEPCO,2235.327,True
11/9/2025 6:00:00 PM,11/9/2025 1:00:00 PM,RFC,MIDATL,PEP,PEPCO,2206.355,True
11/9/2025 7:00:00 PM,11/9/2025 2:00:00 PM,RFC,MIDATL,PEP,PEPCO,2169.295,True
11/9/2025 8:00:00 PM,11/9/2025 3:00:00 PM,RFC,MIDATL,PEP,PEPCO,2262.296,True
11/9/2025 9:00:00 PM,11/9/2025 4:00:00 PM,RFC,MIDATL,PEP,PEPCO,2361.344,True
11/9/2025 10:00:00 PM,11/9/2025 5:00:00 PM,RFC,MIDATL,PEP,PEPCO,2458.958,True
11/9/2025 11:00:00 PM,11/9/2025 6:00:00 PM,RFC,MIDATL,PEP,PEPCO,2510.852,True
11/10/2025 12:00:00 AM,11/9/2025 7:00:00 PM,RFC,MIDATL,PEP,PEPCO,2482.253,True
11/10/2025 1:00:00 AM,11/9/2025 8:00:00 PM,RFC,MIDATL,PEP,PEPCO,2420.404,True
11/10/2025 2:00:00 AM,11/9/2025 9:00:00 PM,RFC,MIDATL,PEP,PEPCO,2308.364,True
11/10/2025 3:00:00 AM,11/9/2025 10:00:00 PM,RFC,MIDATL,PEP,PEPCO,2205.118,True
11/10/2025 4:00:00 AM,11/9/2025 11:00:00 PM,RFC,MIDATL,PEP,PEPCO,2063.221,True
11/10/2025 5:00:00 AM,11/10/2025 12:00:00 AM,RFC,MIDATL,PEP,PEPCO,1948.035,True
11/10/2025 6:00:00 AM,11/10/2025 1:00:00 AM,RFC,MIDATL,PEP,PEPCO,1887.639,True
11/10/2025 7:00:00 AM,11/10/2025 2:00:00 AM,RFC,MIDATL,PEP,PEPCO,1852.646,True
11/10/2025 8:00:00 AM,11/10/2025 3:00:00 AM,RFC,MIDATL,PEP,PEPCO,1858.580,True
11/10/2025 9:00:00 AM,11/10/2025 4:00:00 AM,RFC,MIDATL,PEP,PEPCO,1965.359,True
11/10/2025 10:00:00 AM,11/10/2025 5:00:00 AM,RFC,MIDATL,PEP,PEPCO,2171.809,True
11/10/2025 11:00:00 AM,11/10/2025 6:00:00 AM,RFC,MIDATL,PEP,PEPCO,2450.452,True
11/10/2025 12:00:00 PM,11/10/2025 7:00:00 AM,RFC,MIDATL,PEP,PEPCO,2631.032,True
11/10/2025 1:00:00 PM,11/10/2025 8:00:00 AM,RFC,MIDATL,PEP,PEPCO,2648.885,True
11/10/2025 2:00:00 PM,11/10/2025 9:00:00 AM,RFC,MIDATL,PEP,PEPCO,2591.206,True
11/10/2025 3:00:00 PM,11/10/2025 10:00:00 AM,RFC,MIDATL,PEP,PEPCO,2512.964,True
11/10/2025 4:00:00 PM,11/10/2025 11:00:00 AM,RFC,MIDATL,PEP,PEPCO,2387.154,True
11/10/2025 5:00:00 PM,11/10/2025 12:00:00 PM,RFC,MIDATL,PEP,PEPCO,2350.659,True
11/10/2025 6:00:00 PM,11/10/2025 1:00:00 PM,RFC,MIDATL,PEP,PEPCO,2376.474,True
11/10/2025 7:00:00 PM,11/10/2025 2:00:00 PM,RFC,MIDATL,PEP,PEPCO,2456.741,True
11/10/2025 8:00:00 PM,11/10/2025 3:00:00 PM,RFC,MIDATL,PEP,PEPCO,2573.968,True
11/10/2025 9:00:00 PM,11/10/2025 4:00:00 PM,RFC,MIDATL,PEP,PEPCO,2758.130,True
11/10/2025 10:00:00 PM,11/10/2025 5:00:00 PM,RFC,MIDATL,PEP,PEPCO,2930.522,True
11/10/2025 11:00:00 PM,11/10/2025 6:00:00 PM,RFC,MIDATL,PEP,PEPCO,2937.730,True
11/11/2025 12:00:00 AM,11/10/2025 7:00:00 PM,RFC,MIDATL,PEP,PEPCO,2873.997,True
11/11/2025 1:00:00 AM,11/10/2025 8:00:00 PM,RFC,MIDATL,PEP,PEPCO,2817.670,True
11/11/2025 2:00:00 AM,11/10/2025 9:00:00 PM,RFC,MIDATL,PEP,PEPCO,2726.221,True
11/11/2025 3:00:00 AM,11/10/2025 10:00:00 PM,RFC,MIDATL,PEP,PEPCO,2621.210,True
11/11/2025 4:00:00 AM,11/10/2025 11:00:00 PM,RFC,MIDATL,PEP,PEPCO,2480.788,True
11/11/2025 5:00:00 AM,11/11/2025 12:00:00 AM,RFC,MIDATL,PEP,PEPCO,2394.568,True
11/11/2025 6:00:00 AM,11/11/2025 1:00:00 AM,RFC,MIDATL,PEP,PEPCO,2326.124,True
11/11/2025 7:00:00 AM,11/11/2025 2:00:00 AM,RFC,MIDATL,PEP,PEPCO,2298.380,True
11/11/2025 8:00:00 AM,11/11/2025 3:00:00 AM,RFC,MIDATL,PEP,PEPCO,2338.379,True
11/11/2025 9:00:00 AM,11/11/2025 4:00:00 AM,RFC,MIDATL,PEP,PEPCO,2404.326,True
11/11/2025 10:00:00 AM,11/11/2025 5:00:00 AM,RFC,MIDATL,PEP,PEPCO,2634.211,True
11/11/2025 11:00:00 AM,11/11/2025 6:00:00 AM,RFC,MIDATL,PEP,PEPCO,2855.190,True
11/11/2025 12:00:00 PM,11/11/2025 7:00:00 AM,RFC,MIDATL,PEP,PEPCO,2995.522,True
11/11/2025 1:00:00 PM,11/11/2025 8:00:00 AM,RFC,MIDATL,PEP,PEPCO,3017.641,True
11/11/2025 2:00:00 PM,11/11/2025 9:00:00 AM,RFC,MIDATL,PEP,PEPCO,2871.961,True
11/11/2025 3:00:00 PM,11/11/2025 10:00:00 AM,RFC,MIDATL,PEP,PEPCO,2747.603,True
11/11/2025 4:00:00 PM,11/11/2025 11:00:00 AM,RFC,MIDATL,PEP,PEPCO,2653.817,True
11/11/2025 5:00:00 PM,11/11/2025 12:00:00 PM,RFC,MIDATL,PEP,PEPCO,2594.675,True
11/11/2025 6:00:00 PM,11/11/2025 1:00:00 PM,RFC,MIDATL,PEP,PEPCO,2588.078,True
11/11/2025 7:00:00 PM,11/11/2025 2:00:00 PM,RFC,MIDATL,PEP,PEPCO,2648.271,True
11/11/2025 8:00:00 PM,11/11/2025 3:00:00 PM,RFC,MIDATL,PEP,PEPCO,2742.004,True
11/11/2025 9:00:00 PM,11/11/2025 4:00:00 PM,RFC,MIDATL,PEP,PEPCO,2920.896,True
11/11/2025 10:00:00 PM,11/11/2025 5:00:00 PM,RFC,MIDATL,PEP,PEPCO,3096.856,True
11/11/2025 11:00:00 PM,11/11/2025 6:00:00 PM,RFC,MIDATL,PEP,PEPCO,3092.188,True
11/12/2025 12:00:00 AM,11/11/2025 7:00:00 PM,RFC,MIDATL,PEP,PEPCO,3037.120,True
11/12/2025 1:00:00 AM,11/11/2025 8:00:00 PM,RFC,MIDATL,PEP,PEPCO,2984.799,True
11/12/2025 2:00:00 AM,11/11/2025 9:00:00 PM,RFC,MIDATL,PEP,PEPCO,2875.195,True
11/12/2025 3:00:00 AM,11/11/2025 10:00:00 PM,RFC,MIDATL,PEP,PEPCO,2757.093,True
11/12/2025 4:00:00 AM,11/11/2025 11:00:00 PM,RFC,MIDATL,PEP,PEPCO,2537.348,True
11/12/2025 5:00:00 AM,11/12/2025 12:00:00 AM,RFC,MIDATL,PEP,PEPCO,2399.102,True
11/12/2025 6:00:00 AM,11/12/2025 1:00:00 AM,RFC,MIDATL,PEP,PEPCO,2286.097,True
11/12/2025 7:00:00 AM,11/12/2025 2:00:00 AM,RFC,MIDATL,PEP,PEPCO,2238.469,True
11/12/2025 8:00:00 AM,11/12/2025 3:00:00 AM,RFC,MIDATL,PEP,PEPCO,2258.097,True
11/12/2025 9:00:00 AM,11/12/2025 4:00:00 AM,RFC,MIDATL,PEP,PEPCO,2307.279,True
11/12/2025 10:00:00 AM,11/12/2025 5:00:00 AM,RFC,MIDATL,PEP,PEPCO,2532.019,True
11/12/2025 11:00:00 AM,11/12/2025 6:00:00 AM,RFC,MIDATL,PEP,PEPCO,2863.946,True
11/12/2025 12:00:00 PM,11/12/2025 7:00:00 AM,RFC,MIDATL,PEP,PEPCO,2970.892,True
11/12/2025 1:00:00 PM,11/12/2025 8:00:00 AM,RFC,MIDATL,PEP,PEPCO,2880.029,True
11/12/2025 2:00:00 PM,11/12/2025 9:00:00 AM,RFC,MIDATL,PEP,PEPCO,2675.473,True
11/12/2025 3:00:00 PM,11/12/2025 10:00:00 AM,RFC,MIDATL,PEP,PEPCO,2522.306,True
11/12/2025 4:00:00 PM,11/12/2025 11:00:00 AM,RFC,MIDATL,PEP,PEPCO,2459.557,True
11/12/2025 5:00:00 PM,11/12/2025 12:00:00 PM,RFC,MIDATL,PEP,PEPCO,2468.254,True
11/12/2025 6:00:00 PM,11/12/2025 1:00:00 PM,RFC,MIDATL,PEP,PEPCO,2438.166,True
11/12/2025 7:00:00 PM,11/12/2025 2:00:00 PM,RFC,MIDATL,PEP,PEPCO,2458.326,True
11/12/2025 8:00:00 PM,11/12/2025 3:00:00 PM,RFC,MIDATL,PEP,PEPCO,2551.759,True
11/12/2025 9:00:00 PM,11/12/2025 4:00:00 PM,RFC,MIDATL,PEP,PEPCO,2661.234,True
11/12/2025 10:00:00 PM,11/12/2025 5:00:00 PM,RFC,MIDATL,PEP,PEPCO,2811.746,True
11/12/2025 11:00:00 PM,11/12/2025 6:00:00 PM,RFC,MIDATL,PEP,PEPCO,2753.753,True
11/13/2025 12:00:00 AM,11/12/2025 7:00:00 PM,RFC,MIDATL,PEP,PEPCO,2714.388,True
11/13/2025 1:00:00 AM,11/12/2025 8:00:00 PM,RFC,MIDATL,PEP,PEPCO,2617.573,True
11/13/2025 2:00:00 AM,11/12/2025 9:00:00 PM,RFC,MIDATL,PEP,PEPCO,2537.322,True
11/13/2025 3:00:00 AM,11/12/2025 10:00:00 PM,RFC,MIDATL,PEP,PEPCO,2422.198,True
11/13/2025 4:00:00 AM,11/12/2025 11:00:00 PM,RFC,MIDATL,PEP,PEPCO,2270.216,True
11/13/2025 5:00:00 AM,11/13/2025 12:00:00 AM,RFC,MIDATL,PEP,PEPCO,2122.615,True
11/13/2025 6:00:00 AM,11/13/2025 1:00:00 AM,RFC,MIDATL,PEP,PEPCO,2061.430,True
11/13/2025 7:00:00 AM,11/13/2025 2:00:00 AM,RFC,MIDATL,PEP,PEPCO,2037.043,True
11/13/2025 8:00:00 AM,11/13/2025 3:00:00 AM,RFC,MIDATL,PEP,PEPCO,2032.888,True
11/13/2025 9:00:00 AM,11/13/2025 4:00:00 AM,RFC,MIDATL,PEP,PEPCO,2110.648,True
11/13/2025 10:00:00 AM,11/13/2025 5:00:00 AM,RFC,MIDATL,PEP,PEPCO,2321.185,True
11/13/2025 11:00:00 AM,11/13/2025 6:00:00 AM,RFC,MIDATL,PEP,PEPCO,2641.092,True
11/13/2025 12:00:00 PM,11/13/2025 7:00:00 AM,RFC,MIDATL,PEP,PEPCO,2779.895,True
11/13/2025 1:00:00 PM,11/13/2025 8:00:00 AM,RFC,MIDATL,PEP,PEPCO,2656.462,True
11/13/2025 2:00:00 PM,11/13/2025 9:00:00 AM,RFC,MIDATL,PEP,PEPCO,2525.733,True
11/13/2025 3:00:00 PM,11/13/2025 10:00:00 AM,RFC,MIDATL,PEP,PEPCO,2435.704,True
11/13/2025 4:00:00 PM,11/13/2025 11:00:00 AM,RFC,MIDATL,PEP,PEPCO,2402.363,True
11/13/2025 5:00:00 PM,11/13/2025 12:00:00 PM,RFC,MIDATL,PEP,PEPCO,2335.238,True
11/13/2025 6:00:00 PM,11/13/2025 1:00:00 PM,RFC,MIDATL,PEP,PEPCO,2377.875,True
11/13/2025 7:00:00 PM,11/13/2025 2:00:00 PM,RFC,MIDATL,PEP,PEPCO,2420.705,True
11/13/2025 8:00:00 PM,11/13/2025 3:00:00 PM,RFC,MIDATL,PEP,PEPCO,2507.706,True
11/13/2025 9:00:00 PM,11/13/2025 4:00:00 PM,RFC,MIDATL,PEP,PEPCO,2662.411,True
11/13/2025 10:00:00 PM,11/13/2025 5:00:00 PM,RFC,MIDATL,PEP,PEPCO,2777.041,True
11/13/2025 11:00:00 PM,11/13/2025 6:00:00 PM,RFC,MIDATL,PEP,PEPCO,2735.621,True
11/14/2025 12:00:00 AM,11/13/2025 7:00:00 PM,RFC,MIDATL,PEP,PEPCO,2704.523,True
11/14/2025 1:00:00 AM,11/13/2025 8:00:00 PM,RFC,MIDATL,PEP,PEPCO,2635.749,True
11/14/2025 2:00:00 AM,11/13/2025 9:00:00 PM,RFC,MIDATL,PEP,PEPCO,2602.574,True
11/14/2025 3:00:00 AM,11/13/2025 10:00:00 PM,RFC,MIDATL,PEP,PEPCO,2489.520,True
11/14/2025 4:00:00 AM,11/13/2025 11:00:00 PM,RFC,MIDATL,PEP,PEPCO,2355.199,True
11/14/2025 5:00:00 AM,11/14/2025 12:00:00 AM,RFC,MIDATL,PEP,PEPCO,2243.310,True
11/14/2025 6:00:00 AM,11/14/2025 1:00:00 AM,RFC,MIDATL,PEP,PEPCO,2206.578,True
11/14/2025 7:00:00 AM,11/14/2025 2:00:00 AM,RFC,MIDATL,PEP,PEPCO,2181.719,True
11/14/2025 8:00:00 AM,11/14/2025 3:00:00 AM,RFC,MIDATL,PEP,PEPCO,2196.495,True
11/14/2025 9:00:00 AM,11/14/2025 4:00:00 AM,RFC,MIDATL,PEP,PEPCO,2300.158,True
11/14/2025 10:00:00 AM,11/14/2025 5:00:00 AM,RFC,MIDATL,PEP,PEPCO,2523.544,True
11/14/2025 11:00:00 AM,11/14/2025 6:00:00 AM,RFC,MIDATL,PEP,PEPCO,2839.941,True
11/14/2025 12:00:00 PM,11/14/2025 7:00:00 AM,RFC,MIDATL,PEP,PEPCO,2950.899,True
11/14/2025 1:00:00 PM,11/14/2025 8:00:00 AM,RFC,MIDATL,PEP,PEPCO,2833.428,True
11/14/2025 2:00:00 PM,11/14/2025 9:00:00 AM,RFC,MIDATL,PEP,PEPCO,2642.397,True
11/14/2025 3:00:00 PM,11/14/2025 10:00:00 AM,RFC,MIDATL,PEP,PEPCO,2550.752,True
11/14/2025 4:00:00 PM,11/14/2025 11:00:00 AM,RFC,MIDATL,PEP,PEPCO,2490.081,True
11/14/2025 5:00:00 PM,11/14/2025 12:00:00 PM,RFC,MIDATL,PEP,PEPCO,2604.136,True
11/14/2025 6:00:00 PM,11/14/2025 1:00:00 PM,RFC,MIDATL,PEP,PEPCO,2560.660,True
11/14/2025 7:00:00 PM,11/14/2025 2:00:00 PM,RFC,MIDATL,PEP,PEPCO,2586.523,True
11/14/2025 8:00:00 PM,11/14/2025 3:00:00 PM,RFC,MIDATL,PEP,PEPCO,2648.810,True
11/14/2025 9:00:00 PM,11/14/2025 4:00:00 PM,RFC,MIDATL,PEP,PEPCO,2709.421,True
11/14/2025 10:00:00 PM,11/14/2025 5:00:00 PM,RFC,MIDATL,PEP,PEPCO,2820.003,True
11/14/2025 11:00:00 PM,11/14/2025 6:00:00 PM,RFC,MIDATL,PEP,PEPCO,2741.243,True
11/15/2025 12:00:00 AM,11/14/2025 7:00:00 PM,RFC,MIDATL,PEP,PEPCO,2656.948,True
11/15/2025 1:00:00 AM,11/14/2025 8:00:00 PM,RFC,MIDATL,PEP,PEPCO,2572.390,True
11/15/2025 2:00:00 AM,11/14/2025 9:00:00 PM,RFC,MIDATL,PEP,PEPCO,2486.035,True
11/15/2025 3:00:00 AM,11/14/2025 10:00:00 PM,RFC,MIDATL,PEP,PEPCO,2379.708,True
11/15/2025 4:00:00 AM,11/14/2025 11:00:00 PM,RFC,MIDATL,PEP,PEPCO,2257.987,True
11/15/2025 5:00:00 AM,11/15/2025 12:00:00 AM,RFC,MIDATL,PEP,PEPCO,2147.883,True
11/15/2025 6:00:00 AM,11/15/2025 1:00:00 AM,RFC,MIDATL,PEP,PEPCO,2090.382,True
11/15/2025 7:00:00 AM,11/15/2025 2:00:00 AM,RFC,MIDATL,PEP,PEPCO,2024.880,True
11/15/2025 8:00:00 AM,11/15/2025 3:00:00 AM,RFC,MIDATL,PEP,PEPCO,1986.291,True
11/15/2025 9:00:00 AM,11/15/2025 4:00:00 AM,RFC,MIDATL,PEP,PEPCO,1977.640,True
11/15/2025 10:00:00 AM,11/15/2025 5:00:00 AM,RFC,MIDATL,PEP,PEPCO,2031.963,True
11/15/2025 11:00:00 AM,11/15/2025 6:00:00 AM,RFC,MIDATL,PEP,PEPCO,2147.616,True
11/15/2025 12:00:00 PM,11/15/2025 7:00:00 AM,RFC,MIDATL,PEP,PEPCO,2234.218,True
11/15/2025 1:00:00 PM,11/15/2025 8:00:00 AM,RFC,MIDATL,PEP,PEPCO,2324.897,True
11/15/2025 2:00:00 PM,11/15/2025 9:00:00 AM,RFC,MIDATL,PEP,PEPCO,2407.631,True
11/15/2025 3:00:00 PM,11/15/2025 10:00:00 AM,RFC,MIDATL,PEP,PEPCO,2414.463,True
11/15/2025 4:00:00 PM,11/15/2025 11:00:00 AM,RFC,MIDATL,PEP,PEPCO,2379.622,True
11/15/2025 5:00:00 PM,11/15/2025 12:00:00 PM,RFC,MIDATL,PEP,PEPCO,2349.524,True
11/15/2025 6:00:00 PM,11/15/2025 1:00:00 PM,RFC,MIDATL,PEP,PEPCO,2358.903,True
11/15/2025 7:00:00 PM,11/15/2025 2:00:00 PM,RFC,MIDATL,PEP,PEPCO,2349.732,True
11/15/2025 8:00:00 PM,11/15/2025 3:00:00 PM,RFC,MIDATL,PEP,PEPCO,2353.099,True
11/15/2025 9:00:00 PM,11/15/2025 4:00:00 PM,RFC,MIDATL,PEP,PEPCO,2428.725,True
11/15/2025 10:00:00 PM,11/15/2025 5:00:00 PM,RFC,MIDATL,PEP,PEPCO,2511.242,True
11/15/2025 11:00:00 PM,11/15/2025 6:00:00 PM,RFC,MIDATL,PEP,PEPCO,2494.019,True
11/16/2025 12:00:00 AM,11/15/2025 7:00:00 PM,RFC,MIDATL,PEP,PEPCO,2414.804,True
11/16/2025 1:00:00 AM,11/15/2025 8:00:00 PM,RFC,MIDATL,PEP,PEPCO,2407.600,True
11/16/2025 2:00:00 AM,11/15/2025 9:00:00 PM,RFC,MIDATL,PEP,PEPCO,2351.521,True
11/16/2025 3:00:00 AM,11/15/2025 10:00:00 PM,RFC,MIDATL,PEP,PEPCO,2220.545,True
11/16/2025 4:00:00 AM,11/15/2025 11:00:00 PM,RFC,MIDATL,PEP,PEPCO,2126.370,True
11/16/2025 5:00:00 AM,11/16/2025 12:00:00 AM,RFC,MIDATL,PEP,PEPCO,2043.011,True
11/16/2025 6:00:00 AM,11/16/2025 1:00:00 AM,RFC,MIDATL,PEP,PEPCO,1967.147,True
11/16/2025 7:00:00 AM,11/16/2025 2:00:00 AM,RFC,MIDATL,PEP,PEPCO,1888.210,True
11/16/2025 8:00:00 AM,11/16/2025 3:00:00 AM,RFC,MIDATL,PEP,PEPCO,1842.649,True
11/16/2025 9:00:00 AM,11/16/2025 4:00:00 AM,RFC,MIDATL,PEP,PEPCO,1817.955,True
11/16/2025 10:00:00 AM,11/16/2025 5:00:00 AM,RFC,MIDATL,PEP,PEPCO,1881.191,True
11/16/2025 11:00:00 AM,11/16/2025 6:00:00 AM,RFC,MIDATL,PEP,PEPCO,1950.349,True
11/16/2025 12:00:00 PM,11/16/2025 7:00:00 AM,RFC,MIDATL,PEP,PEPCO,1995.564,True
11/16/2025 1:00:00 PM,11/16/2025 8:00:00 AM,RFC,MIDATL,PEP,PEPCO,2018.262,True
11/16/2025 2:00:00 PM,11/16/2025 9:00:00 AM,RFC,MIDATL,PEP,PEPCO,1986.463,True
11/16/2025 3:00:00 PM,11/16/2025 10:00:00 AM,RFC,MIDATL,PEP,PEPCO,2007.392,True
11/16/2025 4:00:00 PM,11/16/2025 11:00:00 AM,RFC,MIDATL,PEP,PEPCO,2059.559,True
11/16/2025 5:00:00 PM,11/16/2025 12:00:00 PM,RFC,MIDATL,PEP,PEPCO,2034.287,True
11/16/2025 6:00:00 PM,11/16/2025 1:00:00 PM,RFC,MIDATL,PEP,PEPCO,2007.867,True
11/16/2025 7:00:00 PM,11/16/2025 2:00:00 PM,RFC,MIDATL,PEP,PEPCO,2141.428,True
11/16/2025 8:00:00 PM,11/16/2025 3:00:00 PM,RFC,MIDATL,PEP,PEPCO,2224.953,True
11/16/2025 9:00:00 PM,11/16/2025 4:00:00 PM,RFC,MIDATL,PEP,PEPCO,2389.314,True
11/16/2025 10:00:00 PM,11/16/2025 5:00:00 PM,RFC,MIDATL,PEP,PEPCO,2561.604,True
11/16/2025 11:00:00 PM,11/16/2025 6:00:00 PM,RFC,MIDATL,PEP,PEPCO,2609.875,True
11/17/2025 12:00:00 AM,11/16/2025 7:00:00 PM,RFC,MIDATL,PEP,PEPCO,2613.501,True
11/17/2025 1:00:00 AM,11/16/2025 8:00:00 PM,RFC,MIDATL,PEP,PEPCO,2558.774,True
11/17/2025 2:00:00 AM,11/16/2025 9:00:00 PM,RFC,MIDATL,PEP,PEPCO,2519.864,True
11/17/2025 3:00:00 AM,11/16/2025 10:00:00 PM,RFC,MIDATL,PEP,PEPCO,2410.518,True
11/17/2025 4:00:00 AM,11/16/2025 11:00:00 PM,RFC,MIDATL,PEP,PEPCO,2261.234,True
11/17/2025 5:00:00 AM,11/17/2025 12:00:00 AM,RFC,MIDATL,PEP,PEPCO,2164.881,True
11/17/2025 6:00:00 AM,11/17/2025 1:00:00 AM,RFC,MIDATL,PEP,PEPCO,2112.349,True
11/17/2025 7:00:00 AM,11/17/2025 2:00:00 AM,RFC,MIDATL,PEP,PEPCO,2061.403,True
11/17/2025 8:00:00 AM,11/17/2025 3:00:00 AM,RFC,MIDATL,PEP,PEPCO,2092.096,True
11/17/2025 9:00:00 AM,11/17/2025 4:00:00 AM,RFC,MIDATL,PEP,PEPCO,2186.687,True
11/17/2025 10:00:00 AM,11/17/2025 5:00:00 AM,RFC,MIDATL,PEP,PEPCO,2403.207,True
11/17/2025 11:00:00 AM,11/17/2025 6:00:00 AM,RFC,MIDATL,PEP,PEPCO,2710.687,True
11/17/2025 12:00:00 PM,11/17/2025 7:00:00 AM,RFC,MIDATL,PEP,PEPCO,2869.755,True
11/17/2025 1:00:00 PM,11/17/2025 8:00:00 AM,RFC,MIDATL,PEP,PEPCO,2827.866,True
11/17/2025 2:00:00 PM,11/17/2025 9:00:00 AM,RFC,MIDATL,PEP,PEPCO,2792.837,True
11/17/2025 3:00:00 PM,11/17/2025 10:00:00 AM,RFC,MIDATL,PEP,PEPCO,2739.321,True
11/17/2025 4:00:00 PM,11/17/2025 11:00:00 AM,RFC,MIDATL,PEP,PEPCO,2574.954,True
11/17/2025 5:00:00 PM,11/17/2025 12:00:00 PM,RFC,MIDATL,PEP,PEPCO,2488.838,True
11/17/2025 6:00:00 PM,11/17/2025 1:00:00 PM,RFC,MIDATL,PEP,PEPCO,2492.642,True
11/17/2025 7:00:00 PM,11/17/2025 2:00:00 PM,RFC,MIDATL,PEP,PEPCO,2540.955,True
11/17/2025 8:00:00 PM,11/17/2025 3:00:00 PM,RFC,MIDATL,PEP,PEPCO,2627.557,True
11/17/2025 9:00:00 PM,11/17/2025 4:00:00 PM,RFC,MIDATL,PEP,PEPCO,2813.172,True
11/17/2025 10:00:00 PM,11/17/2025 5:00:00 PM,RFC,MIDATL,PEP,PEPCO,2970.132,True
11/17/2025 11:00:00 PM,11/17/2025 6:00:00 PM,RFC,MIDATL,PEP,PEPCO,2947.279,True
11/18/2025 12:00:00 AM,11/17/2025 7:00:00 PM,RFC,MIDATL,PEP,PEPCO,2885.231,True
11/18/2025 1:00:00 AM,11/17/2025 8:00:00 PM,RFC,MIDATL,PEP,PEPCO,2863.716,True
11/18/2025 2:00:00 AM,11/17/2025 9:00:00 PM,RFC,MIDATL,PEP,PEPCO,2765.423,True
11/18/2025 3:00:00 AM,11/17/2025 10:00:00 PM,RFC,MIDATL,PEP,PEPCO,2616.650,True
11/18/2025 4:00:00 AM,11/17/2025 11:00:00 PM,RFC,MIDATL,PEP,PEPCO,2502.825,True
11/18/2025 5:00:00 AM,11/18/2025 12:00:00 AM,RFC,MIDATL,PEP,PEPCO,2380.006,True
11/18/2025 6:00:00 AM,11/18/2025 1:00:00 AM,RFC,MIDATL,PEP,PEPCO,2337.318,True
11/18/2025 7:00:00 AM,11/18/2025 2:00:00 AM,RFC,MIDATL,PEP,PEPCO,2316.631,True
11/18/2025 8:00:00 AM,11/18/2025 3:00:00 AM,RFC,MIDATL,PEP,PEPCO,2345.587,True
11/18/2025 9:00:00 AM,11/18/2025 4:00:00 AM,RFC,MIDATL,PEP,PEPCO,2441.598,True
11/18/2025 10:00:00 AM,11/18/2025 5:00:00 AM,RFC,MIDATL,PEP,PEPCO,2709.661,True
11/18/2025 11:00:00 AM,11/18/2025 6:00:00 AM,RFC,MIDATL,PEP,PEPCO,3043.010,True
11/18/2025 12:00:00 PM,11/18/2025 7:00:00 AM,RFC,MIDATL,PEP,PEPCO,3115.332,True
11/18/2025 1:00:00 PM,11/18/2025 8:00:00 AM,RFC,MIDATL,PEP,PEPCO,3094.210,True
11/18/2025 2:00:00 PM,11/18/2025 9:00:00 AM,RFC,MIDATL,PEP,PEPCO,2908.846,True
11/18/2025 3:00:00 PM,11/18/2025 10:00:00 AM,RFC,MIDATL,PEP,PEPCO,2743.122,True
11/18/2025 4:00:00 PM,11/18/2025 11:00:00 AM,RFC,MIDATL,PEP,PEPCO,2616.042,True
11/18/2025 5:00:00 PM,11/18/2025 12:00:00 PM,RFC,MIDATL,PEP,PEPCO,2756.721,True
11/18/2025 6:00:00 PM,11/18/2025 1:00:00 PM,RFC,MIDATL,PEP,PEPCO,2821.035,True
11/18/2025 7:00:00 PM,11/18/2025 2:00:00 PM,RFC,MIDATL,PEP,PEPCO,2837.537,True
11/18/2025 8:00:00 PM,11/18/2025 3:00:00 PM,RFC,MIDATL,PEP,PEPCO,2858.822,True
11/18/2025 9:00:00 PM,11/18/2025 4:00:00 PM,RFC,MIDATL,PEP,PEPCO,2969.296,True
11/18/2025 10:00:00 PM,11/18/2025 5:00:00 PM,RFC,MIDATL,PEP,PEPCO,3032.909,True
11/18/2025 11:00:00 PM,11/18/2025 6:00:00 PM,RFC,MIDATL,PEP,PEPCO,2975.136,True
11/19/2025 12:00:00 AM,11/18/2025 7:00:00 PM,RFC,MIDATL,PEP,PEPCO,2950.658,True
11/19/2025 1:00:00 AM,11/18/2025 8:00:00 PM,RFC,MIDATL,PEP,PEPCO,2835.206,True
11/19/2025 2:00:00 AM,11/18/2025 9:00:00 PM,RFC,MIDATL,PEP,PEPCO,2725.794,True
11/19/2025 3:00:00 AM,11/18/2025 10:00:00 PM,RFC,MIDATL,PEP,PEPCO,2597.897,True
11/19/2025 4:00:00 AM,11/18/2025 11:00:00 PM,RFC,MIDATL,PEP,PEPCO,2407.518,True
11/19/2025 5:00:00 AM,11/19/2025 12:00:00 AM,RFC,MIDATL,PEP,PEPCO,2304.723,True
11/19/2025 6:00:00 AM,11/19/2025 1:00:00 AM,RFC,MIDATL,PEP,PEPCO,2207.178,True
11/19/2025 7:00:00 AM,11/19/2025 2:00:00 AM,RFC,MIDATL,PEP,PEPCO,2158.800,True
11/19/2025 8:00:00 AM,11/19/2025 3:00:00 AM,RFC,MIDATL,PEP,PEPCO,2158.415,True
11/19/2025 9:00:00 AM,11/19/2025 4:00:00 AM,RFC,MIDATL,PEP,PEPCO,2204.149,True
11/19/2025 10:00:00 AM,11/19/2025 5:00:00 AM,RFC,MIDATL,PEP,PEPCO,2397.150,True
11/19/2025 11:00:00 AM,11/19/2025 6:00:00 AM,RFC,MIDATL,PEP,PEPCO,2695.180,True
11/19/2025 12:00:00 PM,11/19/2025 7:00:00 AM,RFC,MIDATL,PEP,PEPCO,2879.499,True
11/19/2025 1:00:00 PM,11/19/2025 8:00:00 AM,RFC,MIDATL,PEP,PEPCO,2925.206,True
11/19/2025 2:00:00 PM,11/19/2025 9:00:00 AM,RFC,MIDATL,PEP,PEPCO,2908.531,True
11/19/2025 3:00:00 PM,11/19/2025 10:00:00 AM,RFC,MIDATL,PEP,PEPCO,2868.773,True
11/19/2025 4:00:00 PM,11/19/2025 11:00:00 AM,RFC,MIDATL,PEP,PEPCO,2836.028,True
11/19/2025 5:00:00 PM,11/19/2025 12:00:00 PM,RFC,MIDATL,PEP,PEPCO,2856.812,True
11/19/2025 6:00:00 PM,11/19/2025 1:00:00 PM,RFC,MIDATL,PEP,PEPCO,2842.094,True
11/19/2025 7:00:00 PM,11/19/2025 2:00:00 PM,RFC,MIDATL,PEP,PEPCO,2782.597,True
11/19/2025 8:00:00 PM,11/19/2025 3:00:00 PM,RFC,MIDATL,PEP,PEPCO,2805.209,True
11/19/2025 9:00:00 PM,11/19/2025 4:00:00 PM,RFC,MIDATL,PEP,PEPCO,2927.339,True
11/19/2025 10:00:00 PM,11/19/2025 5:00:00 PM,RFC,MIDATL,PEP,PEPCO,3045.351,True
11/19/2025 11:00:00 PM,11/19/2025 6:00:00 PM,RFC,MIDATL,PEP,PEPCO,2982.701,True
11/20/2025 12:00:00 AM,11/19/2025 7:00:00 PM,RFC,MIDATL,PEP,PEPCO,2888.535,True
11/20/2025 1:00:00 AM,11/19/2025 8:00:00 PM,RFC,MIDATL,PEP,PEPCO,2836.012,True
11/20/2025 2:00:00 AM,11/19/2025 9:00:00 PM,RFC,MIDATL,PEP,PEPCO,2752.339,True
11/20/2025 3:00:00 AM,11/19/2025 10:00:00 PM,RFC,MIDATL,PEP,PEPCO,2595.559,True
11/20/2025 4:00:00 AM,11/19/2025 11:00:00 PM,RFC,MIDATL,PEP,PEPCO,2447.310,True
11/20/2025 5:00:00 AM,11/20/2025 12:00:00 AM,RFC,MIDATL,PEP,PEPCO,2309.995,True
11/20/2025 6:00:00 AM,11/20/2025 1:00:00 AM,RFC,MIDATL,PEP,PEPCO,2230.041,True
11/20/2025 7:00:00 AM,11/20/2025 2:00:00 AM,RFC,MIDATL,PEP,PEPCO,2224.659,True
11/20/2025 8:00:00 AM,11/20/2025 3:00:00 AM,RFC,MIDATL,PEP,PEPCO,2183.740,True
11/20/2025 9:00:00 AM,11/20/2025 4:00:00 AM,RFC,MIDATL,PEP,PEPCO,2300.171,True
11/20/2025 10:00:00 AM,11/20/2025 5:00:00 AM,RFC,MIDATL,PEP,PEPCO,2485.906,True
11/20/2025 11:00:00 AM,11/20/2025 6:00:00 AM,RFC,MIDATL,PEP,PEPCO,2802.432,True
11/20/2025 12:00:00 PM,11/20/2025 7:00:00 AM,RFC,MIDATL,PEP,PEPCO,2976.966,True
11/20/2025 1:00:00 PM,11/20/2025 8:00:00 AM,RFC,MIDATL,PEP,PEPCO,2979.280,True
11/20/2025 2:00:00 PM,11/20/2025 9:00:00 AM,RFC,MIDATL,PEP,PEPCO,2907.445,True
11/20/2025 3:00:00 PM,11/20/2025 10:00:00 AM,RFC,MIDATL,PEP,PEPCO,2885.326,True
11/20/2025 4:00:00 PM,11/20/2025 11:00:00 AM,RFC,MIDATL,PEP,PEPCO,2878.251,True
11/20/2025 5:00:00 PM,11/20/2025 12:00:00 PM,RFC,MIDATL,PEP,PEPCO,2843.589,True
11/20/2025 6:00:00 PM,11/20/2025 1:00:00 PM,RFC,MIDATL,PEP,PEPCO,2814.386,True
11/20/2025 7:00:00 PM,11/20/2025 2:00:00 PM,RFC,MIDATL,PEP,PEPCO,2863.577,True
11/20/2025 8:00:00 PM,11/20/2025 3:00:00 PM,RFC,MIDATL,PEP,PEPCO,2863.137,True
11/20/2025 9:00:00 PM,11/20/2025 4:00:00 PM,RFC,MIDATL,PEP,PEPCO,2976.848,True
11/20/2025 10:00:00 PM,11/20/2025 5:00:00 PM,RFC,MIDATL,PEP,PEPCO,3000.445,True
11/20/2025 11:00:00 PM,11/20/2025 6:00:00 PM,RFC,MIDATL,PEP,PEPCO,2922.440,True
11/21/2025 12:00:00 AM,11/20/2025 7:00:00 PM,RFC,MIDATL,PEP,PEPCO,2859.564,True
11/21/2025 1:00:00 AM,11/20/2025 8:00:00 PM,RFC,MIDATL,PEP,PEPCO,2760.987,True
11/21/2025 2:00:00 AM,11/20/2025 9:00:00 PM,RFC,MIDATL,PEP,PEPCO,2665.659,True
11/21/2025 3:00:00 AM,11/20/2025 10:00:00 PM,RFC,MIDATL,PEP,PEPCO,2522.113,True
11/21/2025 4:00:00 AM,11/20/2025 11:00:00 PM,RFC,MIDATL,PEP,PEPCO,2330.604,True
11/21/2025 5:00:00 AM,11/21/2025 12:00:00 AM,RFC,MIDATL,PEP,PEPCO,2216.646,True
11/21/2025 6:00:00 AM,11/21/2025 1:00:00 AM,RFC,MIDATL,PEP,PEPCO,2127.281,True
11/21/2025 7:00:00 AM,11/21/2025 2:00:00 AM,RFC,MIDATL,PEP,PEPCO,2089.286,True
11/21/2025 8:00:00 AM,11/21/2025 3:00:00 AM,RFC,MIDATL,PEP,PEPCO,2038.729,True
11/21/2025 9:00:00 AM,11/21/2025 4:00:00 AM,RFC,MIDATL,PEP,PEPCO,2140.353,True
11/21/2025 10:00:00 AM,11/21/2025 5:00:00 AM,RFC,MIDATL,PEP,PEPCO,2360.585,True
11/21/2025 11:00:00 AM,11/21/2025 6:00:00 AM,RFC,MIDATL,PEP,PEPCO,2650.110,True
11/21/2025 12:00:00 PM,11/21/2025 7:00:00 AM,RFC,MIDATL,PEP,PEPCO,2798.515,True
11/21/2025 1:00:00 PM,11/21/2025 8:00:00 AM,RFC,MIDATL,PEP,PEPCO,2800.452,True
11/21/2025 2:00:00 PM,11/21/2025 9:00:00 AM,RFC,MIDATL,PEP,PEPCO,2770.202,True
11/21/2025 3:00:00 PM,11/21/2025 10:00:00 AM,RFC,MIDATL,PEP,PEPCO,2732.083,True
11/21/2025 4:00:00 PM,11/21/2025 11:00:00 AM,RFC,MIDATL,PEP,PEPCO,2678.401,True
11/21/2025 5:00:00 PM,11/21/2025 12:00:00 PM,RFC,MIDATL,PEP,PEPCO,2701.410,True
11/21/2025 6:00:00 PM,11/21/2025 1:00:00 PM,RFC,MIDATL,PEP,PEPCO,2638.582,True
11/21/2025 7:00:00 PM,11/21/2025 2:00:00 PM,RFC,MIDATL,PEP,PEPCO,2602.849,True
11/21/2025 8:00:00 PM,11/21/2025 3:00:00 PM,RFC,MIDATL,PEP,PEPCO,2576.229,True
11/21/2025 9:00:00 PM,11/21/2025 4:00:00 PM,RFC,MIDATL,PEP,PEPCO,2719.001,True
11/21/2025 10:00:00 PM,11/21/2025 5:00:00 PM,RFC,MIDATL,PEP,PEPCO,2823.892,True
11/21/2025 11:00:00 PM,11/21/2025 6:00:00 PM,RFC,MIDATL,PEP,PEPCO,2688.611,True
11/22/2025 12:00:00 AM,11/21/2025 7:00:00 PM,RFC,MIDATL,PEP,PEPCO,2658.824,True
11/22/2025 1:00:00 AM,11/21/2025 8:00:00 PM,RFC,MIDATL,PEP,PEPCO,2558.415,True
11/22/2025 2:00:00 AM,11/21/2025 9:00:00 PM,RFC,MIDATL,PEP,PEPCO,2470.200,True
11/22/2025 3:00:00 AM,11/21/2025 10:00:00 PM,RFC,MIDATL,PEP,PEPCO,2344.557,True
11/22/2025 4:00:00 AM,11/21/2025 11:00:00 PM,RFC,MIDATL,PEP,PEPCO,2210.493,True
11/22/2025 5:00:00 AM,11/22/2025 12:00:00 AM,RFC,MIDATL,PEP,PEPCO,2126.584,True
11/22/2025 6:00:00 AM,11/22/2025 1:00:00 AM,RFC,MIDATL,PEP,PEPCO,2083.517,True
11/22/2025 7:00:00 AM,11/22/2025 2:00:00 AM,RFC,MIDATL,PEP,PEPCO,1975.032,True
11/22/2025 8:00:00 AM,11/22/2025 3:00:00 AM,RFC,MIDATL,PEP,PEPCO,1935.228,True
11/22/2025 9:00:00 AM,11/22/2025 4:00:00 AM,RFC,MIDATL,PEP,PEPCO,1945.833,True
11/22/2025 10:00:00 AM,11/22/2025 5:00:00 AM,RFC,MIDATL,PEP,PEPCO,1962.736,True
11/22/2025 11:00:00 AM,11/22/2025 6:00:00 AM,RFC,MIDATL,PEP,PEPCO,2078.544,True
11/22/2025 12:00:00 PM,11/22/2025 7:00:00 AM,RFC,MIDATL,PEP,PEPCO,2205.722,True
11/22/2025 1:00:00 PM,11/22/2025 8:00:00 AM,RFC,MIDATL,PEP,PEPCO,2318.196,True
11/22/2025 2:00:00 PM,11/22/2025 9:00:00 AM,RFC,MIDATL,PEP,PEPCO,2388.104,True
11/22/2025 3:00:00 PM,11/22/2025 10:00:00 AM,RFC,MIDATL,PEP,PEPCO,2423.842,True
11/22/2025 4:00:00 PM,11/22/2025 11:00:00 AM,RFC,MIDATL,PEP,PEPCO,2397.249,True
11/22/2025 5:00:00 PM,11/22/2025 12:00:00 PM,RFC,MIDATL,PEP,PEPCO,2288.671,True
11/22/2025 6:00:00 PM,11/22/2025 1:00:00 PM,RFC,MIDATL,PEP,PEPCO,2199.837,True
11/22/2025 7:00:00 PM,11/22/2025 2:00:00 PM,RFC,MIDATL,PEP,PEPCO,2237.183,True
11/22/2025 8:00:00 PM,11/22/2025 3:00:00 PM,RFC,MIDATL,PEP,PEPCO,2302.461,True
11/22/2025 9:00:00 PM,11/22/2025 4:00:00 PM,RFC,MIDATL,PEP,PEPCO,2430.895,True
11/22/2025 10:00:00 PM,11/22/2025 5:00:00 PM,RFC,MIDATL,PEP,PEPCO,2490.277,True
11/22/2025 11:00:00 PM,11/22/2025 6:00:00 PM,RFC,MIDATL,PEP,PEPCO,2539.090,True
11/23/2025 12:00:00 AM,11/22/2025 7:00:00 PM,RFC,MIDATL,PEP,PEPCO,2528.853,True
11/23/2025 1:00:00 AM,11/22/2025 8:00:00 PM,RFC,MIDATL,PEP,PEPCO,2505.872,True
11/23/2025 2:00:00 AM,11/22/2025 9:00:00 PM,RFC,MIDATL,PEP,PEPCO,2476.023,True
11/23/2025 3:00:00 AM,11/22/2025 10:00:00 PM,RFC,MIDATL,PEP,PEPCO,2388.838,True
11/23/2025 4:00:00 AM,11/22/2025 11:00:00 PM,RFC,MIDATL,PEP,PEPCO,2316.779,True
11/23/2025 5:00:00 AM,11/23/2025 12:00:00 AM,RFC,MIDATL,PEP,PEPCO,2239.132,True
11/23/2025 6:00:00 AM,11/23/2025 1:00:00 AM,RFC,MIDATL,PEP,PEPCO,2190.595,True
11/23/2025 7:00:00 AM,11/23/2025 2:00:00 AM,RFC,MIDATL,PEP,PEPCO,2142.305,True
11/23/2025 8:00:00 AM,11/23/2025 3:00:00 AM,RFC,MIDATL,PEP,PEPCO,2153.664,True
11/23/2025 9:00:00 AM,11/23/2025 4:00:00 AM,RFC,MIDATL,PEP,PEPCO,2128.722,True
11/23/2025 10:00:00 AM,11/23/2025 5:00:00 AM,RFC,MIDATL,PEP,PEPCO,2187.357,True
11/23/2025 11:00:00 AM,11/23/2025 6:00:00 AM,RFC,MIDATL,PEP,PEPCO,2331.155,True
11/23/2025 12:00:00 PM,11/23/2025 7:00:00 AM,RFC,MIDATL,PEP,PEPCO,2391.673,True
11/23/2025 1:00:00 PM,11/23/2025 8:00:00 AM,RFC,MIDATL,PEP,PEPCO,2339.532,True
11/23/2025 2:00:00 PM,11/23/2025 9:00:00 AM,RFC,MIDATL,PEP,PEPCO,2244.490,True
11/23/2025 3:00:00 PM,11/23/2025 10:00:00 AM,RFC,MIDATL,PEP,PEPCO,2187.515,True
11/23/2025 4:00:00 PM,11/23/2025 11:00:00 AM,RFC,MIDATL,PEP,PEPCO,2102.223,True
11/23/2025 5:00:00 PM,11/23/2025 12:00:00 PM,RFC,MIDATL,PEP,PEPCO,2106.884,True
11/23/2025 6:00:00 PM,11/23/2025 1:00:00 PM,RFC,MIDATL,PEP,PEPCO,2163.187,True
11/23/2025 7:00:00 PM,11/23/2025 2:00:00 PM,RFC,MIDATL,PEP,PEPCO,2195.263,True
11/23/2025 8:00:00 PM,11/23/2025 3:00:00 PM,RFC,MIDATL,PEP,PEPCO,2261.747,True
11/23/2025 9:00:00 PM,11/23/2025 4:00:00 PM,RFC,MIDATL,PEP,PEPCO,2384.072,True
11/23/2025 10:00:00 PM,11/23/2025 5:00:00 PM,RFC,MIDATL,PEP,PEPCO,2556.699,True
11/23/2025 11:00:00 PM,11/23/2025 6:00:00 PM,RFC,MIDATL,PEP,PEPCO,2562.052,True
11/24/2025 12:00:00 AM,11/23/2025 7:00:00 PM,RFC,MIDATL,PEP,PEPCO,2583.299,True
11/24/2025 1:00:00 AM,11/23/2025 8:00:00 PM,RFC,MIDATL,PEP,PEPCO,2573.063,True
11/24/2025 2:00:00 AM,11/23/2025 9:00:00 PM,RFC,MIDATL,PEP,PEPCO,2483.739,True
11/24/2025 3:00:00 AM,11/23/2025 10:00:00 PM,RFC,MIDATL,PEP,PEPCO,2390.342,True
11/24/2025 4:00:00 AM,11/23/2025 11:00:00 PM,RFC,MIDATL,PEP,PEPCO,2267.115,True
11/24/2025 5:00:00 AM,11/24/2025 12:00:00 AM,RFC,MIDATL,PEP,PEPCO,2139.866,True
11/24/2025 6:00:00 AM,11/24/2025 1:00:00 AM,RFC,MIDATL,PEP,PEPCO,2085.492,True
11/24/2025 7:00:00 AM,11/24/2025 2:00:00 AM,RFC,MIDATL,PEP,PEPCO,2076.878,True
11/24/2025 8:00:00 AM,11/24/2025 3:00:00 AM,RFC,MIDATL,PEP,PEPCO,2116.343,True
11/24/2025 9:00:00 AM,11/24/2025 4:00:00 AM,RFC,MIDATL,PEP,PEPCO,2171.965,True
11/24/2025 10:00:00 AM,11/24/2025 5:00:00 AM,RFC,MIDATL,PEP,PEPCO,2419.686,True
11/24/2025 11:00:00 AM,11/24/2025 6:00:00 AM,RFC,MIDATL,PEP,PEPCO,2753.476,True
11/24/2025 12:00:00 PM,11/24/2025 7:00:00 AM,RFC,MIDATL,PEP,PEPCO,2868.593,True
11/24/2025 1:00:00 PM,11/24/2025 8:00:00 AM,RFC,MIDATL,PEP,PEPCO,2762.926,True
11/24/2025 2:00:00 PM,11/24/2025 9:00:00 AM,RFC,MIDATL,PEP,PEPCO,2635.264,True
11/24/2025 3:00:00 PM,11/24/2025 10:00:00 AM,RFC,MIDATL,PEP,PEPCO,2472.605,True
11/24/2025 4:00:00 PM,11/24/2025 11:00:00 AM,RFC,MIDATL,PEP,PEPCO,2427.128,True
11/24/2025 5:00:00 PM,11/24/2025 12:00:00 PM,RFC,MIDATL,PEP,PEPCO,2396.609,True
11/24/2025 6:00:00 PM,11/24/2025 1:00:00 PM,RFC,MIDATL,PEP,PEPCO,2399.313,True
11/24/2025 7:00:00 PM,11/24/2025 2:00:00 PM,RFC,MIDATL,PEP,PEPCO,2452.750,True
11/24/2025 8:00:00 PM,11/24/2025 3:00:00 PM,RFC,MIDATL,PEP,PEPCO,2571.600,True
11/24/2025 9:00:00 PM,11/24/2025 4:00:00 PM,RFC,MIDATL,PEP,PEPCO,2658.171,True
11/24/2025 10:00:00 PM,11/24/2025 5:00:00 PM,RFC,MIDATL,PEP,PEPCO,2804.185,True
11/24/2025 11:00:00 PM,11/24/2025 6:00:00 PM,RFC,MIDATL,PEP,PEPCO,2761.393,True
11/25/2025 12:00:00 AM,11/24/2025 7:00:00 PM,RFC,MIDATL,PEP,PEPCO,2712.485,True
11/25/2025 1:00:00 AM,11/24/2025 8:00:00 PM,RFC,MIDATL,PEP,PEPCO,2654.142,True
11/25/2025 2:00:00 AM,11/24/2025 9:00:00 PM,RFC,MIDATL,PEP,PEPCO,2591.824,True
11/25/2025 3:00:00 AM,11/24/2025 10:00:00 PM,RFC,MIDATL,PEP,PEPCO,2464.982,True
11/25/2025 4:00:00 AM,11/24/2025 11:00:00 PM,RFC,MIDATL,PEP,PEPCO,2292.511,True
11/25/2025 5:00:00 AM,11/25/2025 12:00:00 AM,RFC,MIDATL,PEP,PEPCO,2171.208,True
11/25/2025 6:00:00 AM,11/25/2025 1:00:00 AM,RFC,MIDATL,PEP,PEPCO,2123.154,True
11/25/2025 7:00:00 AM,11/25/2025 2:00:00 AM,RFC,MIDATL,PEP,PEPCO,2035.744,True
11/25/2025 8:00:00 AM,11/25/2025 3:00:00 AM,RFC,MIDATL,PEP,PEPCO,2027.829,True
11/25/2025 9:00:00 AM,11/25/2025 4:00:00 AM,RFC,MIDATL,PEP,PEPCO,2089.412,True
11/25/2025 10:00:00 AM,11/25/2025 5:00:00 AM,RFC,MIDATL,PEP,PEPCO,2288.414,True
11/25/2025 11:00:00 AM,11/25/2025 6:00:00 AM,RFC,MIDATL,PEP,PEPCO,2575.817,True
11/25/2025 12:00:00 PM,11/25/2025 7:00:00 AM,RFC,MIDATL,PEP,PEPCO,2717.070,True
11/25/2025 1:00:00 PM,11/25/2025 8:00:00 AM,RFC,MIDATL,PEP,PEPCO,2738.054,True
11/25/2025 2:00:00 PM,11/25/2025 9:00:00 AM,RFC,MIDATL,PEP,PEPCO,2718.966,True
11/25/2025 3:00:00 PM,11/25/2025 10:00:00 AM,RFC,MIDATL,PEP,PEPCO,2681.708,True
11/25/2025 4:00:00 PM,11/25/2025 11:00:00 AM,RFC,MIDATL,PEP,PEPCO,2703.662,True
11/25/2025 5:00:00 PM,11/25/2025 12:00:00 PM,RFC,MIDATL,PEP,PEPCO,2748.921,True
11/25/2025 6:00:00 PM,11/25/2025 1:00:00 PM,RFC,MIDATL,PEP,PEPCO,2785.827,True
11/25/2025 7:00:00 PM,11/25/2025 2:00:00 PM,RFC,MIDATL,PEP,PEPCO,2727.784,True
11/25/2025 8:00:00 PM,11/25/2025 3:00:00 PM,RFC,MIDATL,PEP,PEPCO,2725.515,True
11/25/2025 9:00:00 PM,11/25/2025 4:00:00 PM,RFC,MIDATL,PEP,PEPCO,2789.899,True
11/25/2025 10:00:00 PM,11/25/2025 5:00:00 PM,RFC,MIDATL,PEP,PEPCO,2865.510,True
11/25/2025 11:00:00 PM,11/25/2025 6:00:00 PM,RFC,MIDATL,PEP,PEPCO,2752.609,True
11/26/2025 12:00:00 AM,11/25/2025 7:00:00 PM,RFC,MIDATL,PEP,PEPCO,2675.814,True
11/26/2025 1:00:00 AM,11/25/2025 8:00:00 PM,RFC,MIDATL,PEP,PEPCO,2604.466,True
11/26/2025 2:00:00 AM,11/25/2025 9:00:00 PM,RFC,MIDATL,PEP,PEPCO,2526.622,True
11/26/2025 3:00:00 AM,11/25/2025 10:00:00 PM,RFC,MIDATL,PEP,PEPCO,2409.529,True
11/26/2025 4:00:00 AM,11/25/2025 11:00:00 PM,RFC,MIDATL,PEP,PEPCO,2275.690,True
11/26/2025 5:00:00 AM,11/26/2025 12:00:00 AM,RFC,MIDATL,PEP,PEPCO,2139.174,True
11/26/2025 6:00:00 AM,11/26/2025 1:00:00 AM,RFC,MIDATL,PEP,PEPCO,2024.557,True
11/26/2025 7:00:00 AM,11/26/2025 2:00:00 AM,RFC,MIDATL,PEP,PEPCO,1980.666,True
11/26/2025 8:00:00 AM,11/26/2025 3:00:00 AM,RFC,MIDATL,PEP,PEPCO,1970.332,True
11/26/2025 9:00:00 AM,11/26/2025 4:00:00 AM,RFC,MIDATL,PEP,PEPCO,2009.796,True
11/26/2025 10:00:00 AM,11/26/2025 5:00:00 AM,RFC,MIDATL,PEP,PEPCO,2185.119,True
11/26/2025 11:00:00 AM,11/26/2025 6:00:00 AM,RFC,MIDATL,PEP,PEPCO,2393.924,True
11/26/2025 12:00:00 PM,11/26/2025 7:00:00 AM,RFC,MIDATL,PEP,PEPCO,2549.062,True
11/26/2025 1:00:00 PM,11/26/2025 8:00:00 AM,RFC,MIDATL,PEP,PEPCO,2627.732,True
11/26/2025 2:00:00 PM,11/26/2025 9:00:00 AM,RFC,MIDATL,PEP,PEPCO,2674.618,True
11/26/2025 3:00:00 PM,11/26/2025 10:00:00 AM,RFC,MIDATL,PEP,PEPCO,2600.430,True
11/26/2025 4:00:00 PM,11/26/2025 11:00:00 AM,RFC,MIDATL,PEP,PEPCO,2448.572,True
11/26/2025 5:00:00 PM,11/26/2025 12:00:00 PM,RFC,MIDATL,PEP,PEPCO,2357.351,True
11/26/2025 6:00:00 PM,11/26/2025 1:00:00 PM,RFC,MIDATL,PEP,PEPCO,2436.648,True
11/26/2025 7:00:00 PM,11/26/2025 2:00:00 PM,RFC,MIDATL,PEP,PEPCO,2504.480,True
11/26/2025 8:00:00 PM,11/26/2025 3:00:00 PM,RFC,MIDATL,PEP,PEPCO,2497.831,True
11/26/2025 9:00:00 PM,11/26/2025 4:00:00 PM,RFC,MIDATL,PEP,PEPCO,2621.391,True
11/26/2025 10:00:00 PM,11/26/2025 5:00:00 PM,RFC,MIDATL,PEP,PEPCO,2671.013,True
11/26/2025 11:00:00 PM,11/26/2025 6:00:00 PM,RFC,MIDATL,PEP,PEPCO,2566.503,True
11/27/2025 12:00:00 AM,11/26/2025 7:00:00 PM,RFC,MIDATL,PEP,PEPCO,2509.906,True
11/27/2025 1:00:00 AM,11/26/2025 8:00:00 PM,RFC,MIDATL,PEP,PEPCO,2453.914,True
11/27/2025 2:00:00 AM,11/26/2025 9:00:00 PM,RFC,MIDATL,PEP,PEPCO,2399.316,True
11/27/2025 3:00:00 AM,11/26/2025 10:00:00 PM,RFC,MIDATL,PEP,PEPCO,2342.061,True
11/27/2025 4:00:00 AM,11/26/2025 11:00:00 PM,RFC,MIDATL,PEP,PEPCO,2239.144,True
11/27/2025 5:00:00 AM,11/27/2025 12:00:00 AM,RFC,MIDATL,PEP,PEPCO,2164.559,True
11/27/2025 6:00:00 AM,11/27/2025 1:00:00 AM,RFC,MIDATL,PEP,PEPCO,2103.086,True
11/27/2025 7:00:00 AM,11/27/2025 2:00:00 AM,RFC,MIDATL,PEP,PEPCO,2062.894,True
11/27/2025 8:00:00 AM,11/27/2025 3:00:00 AM,RFC,MIDATL,PEP,PEPCO,2041.989,True
11/27/2025 9:00:00 AM,11/27/2025 4:00:00 AM,RFC,MIDATL,PEP,PEPCO,2105.702,True
11/27/2025 10:00:00 AM,11/27/2025 5:00:00 AM,RFC,MIDATL,PEP,PEPCO,2195.644,True
11/27/2025 11:00:00 AM,11/27/2025 6:00:00 AM,RFC,MIDATL,PEP,PEPCO,2364.870,True
11/27/2025 12:00:00 PM,11/27/2025 7:00:00 AM,RFC,MIDATL,PEP,PEPCO,2442.978,True
11/27/2025 1:00:00 PM,11/27/2025 8:00:00 AM,RFC,MIDATL,PEP,PEPCO,2406.947,True
11/27/2025 2:00:00 PM,11/27/2025 9:00:00 AM,RFC,MIDATL,PEP,PEPCO,2409.912,True
11/27/2025 3:00:00 PM,11/27/2025 10:00:00 AM,RFC,MIDATL,PEP,PEPCO,2482.919,True
11/27/2025 4:00:00 PM,11/27/2025 11:00:00 AM,RFC,MIDATL,PEP,PEPCO,2529.074,True
11/27/2025 5:00:00 PM,11/27/2025 12:00:00 PM,RFC,MIDATL,PEP,PEPCO,2632.728,True
11/27/2025 6:00:00 PM,11/27/2025 1:00:00 PM,RFC,MIDATL,PEP,PEPCO,2699.220,True
11/27/2025 7:00:00 PM,11/27/2025 2:00:00 PM,RFC,MIDATL,PEP,PEPCO,2650.532,True
11/27/2025 8:00:00 PM,11/27/2025 3:00:00 PM,RFC,MIDATL,PEP,PEPCO,2708.975,True
11/27/2025 9:00:00 PM,11/27/2025 4:00:00 PM,RFC,MIDATL,PEP,PEPCO,2737.069,True
11/27/2025 10:00:00 PM,11/27/2025 5:00:00 PM,RFC,MIDATL,PEP,PEPCO,2763.534,True
11/27/2025 11:00:00 PM,11/27/2025 6:00:00 PM,RFC,MIDATL,PEP,PEPCO,2661.978,True
11/28/2025 12:00:00 AM,11/27/2025 7:00:00 PM,RFC,MIDATL,PEP,PEPCO,2635.453,True
11/28/2025 1:00:00 AM,11/27/2025 8:00:00 PM,RFC,MIDATL,PEP,PEPCO,2613.213,True
11/28/2025 2:00:00 AM,11/27/2025 9:00:00 PM,RFC,MIDATL,PEP,PEPCO,2627.859,True
11/28/2025 3:00:00 AM,11/27/2025 10:00:00 PM,RFC,MIDATL,PEP,PEPCO,2586.967,True
11/28/2025 4:00:00 AM,11/27/2025 11:00:00 PM,RFC,MIDATL,PEP,PEPCO,2556.312,True
11/28/2025 5:00:00 AM,11/28/2025 12:00:00 AM,RFC,MIDATL,PEP,PEPCO,2468.496,True
11/28/2025 6:00:00 AM,11/28/2025 1:00:00 AM,RFC,MIDATL,PEP,PEPCO,2464.255,True
11/28/2025 7:00:00 AM,11/28/2025 2:00:00 AM,RFC,MIDATL,PEP,PEPCO,2440.464,True
11/28/2025 8:00:00 AM,11/28/2025 3:00:00 AM,RFC,MIDATL,PEP,PEPCO,2434.153,True
11/28/2025 9:00:00 AM,11/28/2025 4:00:00 AM,RFC,MIDATL,PEP,PEPCO,2509.218,True
11/28/2025 10:00:00 AM,11/28/2025 5:00:00 AM,RFC,MIDATL,PEP,PEPCO,2729.334,True
11/28/2025 11:00:00 AM,11/28/2025 6:00:00 AM,RFC,MIDATL,PEP,PEPCO,2882.924,True
11/28/2025 12:00:00 PM,11/28/2025 7:00:00 AM,RFC,MIDATL,PEP,PEPCO,3000.379,True
11/28/2025 1:00:00 PM,11/28/2025 8:00:00 AM,RFC,MIDATL,PEP,PEPCO,2911.377,True
11/28/2025 2:00:00 PM,11/28/2025 9:00:00 AM,RFC,MIDATL,PEP,PEPCO,2808.750,True
11/28/2025 3:00:00 PM,11/28/2025 10:00:00 AM,RFC,MIDATL,PEP,PEPCO,2789.563,True
11/28/2025 4:00:00 PM,11/28/2025 11:00:00 AM,RFC,MIDATL,PEP,PEPCO,2836.806,True
11/28/2025 5:00:00 PM,11/28/2025 12:00:00 PM,RFC,MIDATL,PEP,PEPCO,2806.870,True
11/28/2025 6:00:00 PM,11/28/2025 1:00:00 PM,RFC,MIDATL,PEP,PEPCO,2801.168,True
11/28/2025 7:00:00 PM,11/28/2025 2:00:00 PM,RFC,MIDATL,PEP,PEPCO,2845.809,True
11/28/2025 8:00:00 PM,11/28/2025 3:00:00 PM,RFC,MIDATL,PEP,PEPCO,2944.910,True
11/28/2025 9:00:00 PM,11/28/2025 4:00:00 PM,RFC,MIDATL,PEP,PEPCO,3103.625,True
11/28/2025 10:00:00 PM,11/28/2025 5:00:00 PM,RFC,MIDATL,PEP,PEPCO,3251.392,True
11/28/2025 11:00:00 PM,11/28/2025 6:00:00 PM,RFC,MIDATL,PEP,PEPCO,3138.492,True
11/29/2025 12:00:00 AM,11/28/2025 7:00:00 PM,RFC,MIDATL,PEP,PEPCO,3093.774,True
11/29/2025 1:00:00 AM,11/28/2025 8:00:00 PM,RFC,MIDATL,PEP,PEPCO,3049.691,True
11/29/2025 2:00:00 AM,11/28/2025 9:00:00 PM,RFC,MIDATL,PEP,PEPCO,2977.176,True
11/29/2025 3:00:00 AM,11/28/2025 10:00:00 PM,RFC,MIDATL,PEP,PEPCO,2871.561,True
11/29/2025 4:00:00 AM,11/28/2025 11:00:00 PM,RFC,MIDATL,PEP,PEPCO,2799.690,True
11/29/2025 5:00:00 AM,11/29/2025 12:00:00 AM,RFC,MIDATL,PEP,PEPCO,2715.143,True
11/29/2025 6:00:00 AM,11/29/2025 1:00:00 AM,RFC,MIDATL,PEP,PEPCO,2647.586,True
11/29/2025 7:00:00 AM,11/29/2025 2:00:00 AM,RFC,MIDATL,PEP,PEPCO,2595.882,True
11/29/2025 8:00:00 AM,11/29/2025 3:00:00 AM,RFC,MIDATL,PEP,PEPCO,2581.596,True
11/29/2025 9:00:00 AM,11/29/2025 4:00:00 AM,RFC,MIDATL,PEP,PEPCO,2601.856,True
11/29/2025 10:00:00 AM,11/29/2025 5:00:00 AM,RFC,MIDATL,PEP,PEPCO,2656.733,True
11/29/2025 11:00:00 AM,11/29/2025 6:00:00 AM,RFC,MIDATL,PEP,PEPCO,2799.177,True
11/29/2025 12:00:00 PM,11/29/2025 7:00:00 AM,RFC,MIDATL,PEP,PEPCO,2888.922,True
11/29/2025 1:00:00 PM,11/29/2025 8:00:00 AM,RFC,MIDATL,PEP,PEPCO,2824.716,True
11/29/2025 2:00:00 PM,11/29/2025 9:00:00 AM,RFC,MIDATL,PEP,PEPCO,2695.823,True
11/29/2025 3:00:00 PM,11/29/2025 10:00:00 AM,RFC,MIDATL,PEP,PEPCO,2596.530,True
11/29/2025 4:00:00 PM,11/29/2025 11:00:00 AM,RFC,MIDATL,PEP,PEPCO,2499.930,True
11/29/2025 5:00:00 PM,11/29/2025 12:00:00 PM,RFC,MIDATL,PEP,PEPCO,2467.264,True
11/29/2025 6:00:00 PM,11/29/2025 1:00:00 PM,RFC,MIDATL,PEP,PEPCO,2463.785,True
11/29/2025 7:00:00 PM,11/29/2025 2:00:00 PM,RFC,MIDATL,PEP,PEPCO,2458.630,True
11/29/2025 8:00:00 PM,11/29/2025 3:00:00 PM,RFC,MIDATL,PEP,PEPCO,2551.353,True
11/29/2025 9:00:00 PM,11/29/2025 4:00:00 PM,RFC,MIDATL,PEP,PEPCO,2783.266,True
11/29/2025 10:00:00 PM,11/29/2025 5:00:00 PM,RFC,MIDATL,PEP,PEPCO,2918.237,True
11/29/2025 11:00:00 PM,11/29/2025 6:00:00 PM,RFC,MIDATL,PEP,PEPCO,2952.468,True
11/30/2025 12:00:00 AM,11/29/2025 7:00:00 PM,RFC,MIDATL,PEP,PEPCO,2967.410,True
11/30/2025 1:00:00 AM,11/29/2025 8:00:00 PM,RFC,MIDATL,PEP,PEPCO,2899.380,True
11/30/2025 2:00:00 AM,11/29/2025 9:00:00 PM,RFC,MIDATL,PEP,PEPCO,2869.014,True
11/30/2025 3:00:00 AM,11/29/2025 10:00:00 PM,RFC,MIDATL,PEP,PEPCO,2783.505,True
11/30/2025 4:00:00 AM,11/29/2025 11:00:00 PM,RFC,MIDATL,PEP,PEPCO,2640.965,True
11/30/2025 5:00:00 AM,11/30/2025 12:00:00 AM,RFC,MIDATL,PEP,PEPCO,2565.456,True
11/30/2025 6:00:00 AM,11/30/2025 1:00:00 AM,RFC,MIDATL,PEP,PEPCO,2477.616,True
11/30/2025 7:00:00 AM,11/30/2025 2:00:00 AM,RFC,MIDATL,PEP,PEPCO,2419.180,True
11/30/2025 8:00:00 AM,11/30/2025 3:00:00 AM,RFC,MIDATL,PEP,PEPCO,2389.951,True
11/30/2025 9:00:00 AM,11/30/2025 4:00:00 AM,RFC,MIDATL,PEP,PEPCO,2379.467,True
11/30/2025 10:00:00 AM,11/30/2025 5:00:00 AM,RFC,MIDATL,PEP,PEPCO,2432.229,True
11/30/2025 11:00:00 AM,11/30/2025 6:00:00 AM,RFC,MIDATL,PEP,PEPCO,2528.463,True
11/30/2025 12:00:00 PM,11/30/2025 7:00:00 AM,RFC,MIDATL,PEP,PEPCO,2598.759,True
11/30/2025 1:00:00 PM,11/30/2025 8:00:00 AM,RFC,MIDATL,PEP,PEPCO,2688.428,True
11/30/2025 2:00:00 PM,11/30/2025 9:00:00 AM,RFC,MIDATL,PEP,PEPCO,2796.092,True
11/30/2025 3:00:00 PM,11/30/2025 10:00:00 AM,RFC,MIDATL,PEP,PEPCO,2856.430,True
11/30/2025 4:00:00 PM,11/30/2025 11:00:00 AM,RFC,MIDATL,PEP,PEPCO,2903.150,True
11/30/2025 5:00:00 PM,11/30/2025 12:00:00 PM,RFC,MIDATL,PEP,PEPCO,2913.088,True
11/30/2025 6:00:00 PM,11/30/2025 1:00:00 PM,RFC,MIDATL,PEP,PEPCO,2897.297,True
11/30/2025 7:00:00 PM,11/30/2025 2:00:00 PM,RFC,MIDATL,PEP,PEPCO,2903.746,True
11/30/2025 8:00:00 PM,11/30/2025 3:00:00 PM,RFC,MIDATL,PEP,PEPCO,2957.344,True
11/30/2025 9:00:00 PM,11/30/2025 4:00:00 PM,RFC,MIDATL,PEP,PEPCO,2975.250,True
11/30/2025 10:00:00 PM,11/30/2025 5:00:00 PM,RFC,MIDATL,PEP,PEPCO,3025.704,True
11/30/2025 11:00:00 PM,11/30/2025 6:00:00 PM,RFC,MIDATL,PEP,PEPCO,3026.450,True
12/1/2025 12:00:00 AM,11/30/2025 7:00:00 PM,RFC,MIDATL,PEP,PEPCO,2981.341,True
12/1/2025 1:00:00 AM,11/30/2025 8:00:00 PM,RFC,MIDATL,PEP,PEPCO,2946.948,True
12/1/2025 2:00:00 AM,11/30/2025 9:00:00 PM,RFC,MIDATL,PEP,PEPCO,2854.682,True
12/1/2025 3:00:00 AM,11/30/2025 10:00:00 PM,RFC,MIDATL,PEP,PEPCO,2701.905,True
12/1/2025 4:00:00 AM,11/30/2025 11:00:00 PM,RFC,MIDATL,PEP,PEPCO,2621.349,True
12/1/2025 5:00:00 AM,12/1/2025 12:00:00 AM,RFC,MIDATL,PEP,PEPCO,2531.422,True
12/1/2025 6:00:00 AM,12/1/2025 1:00:00 AM,RFC,MIDATL,PEP,PEPCO,2482.698,True
12/1/2025 7:00:00 AM,12/1/2025 2:00:00 AM,RFC,MIDATL,PEP,PEPCO,2443.399,True
12/1/2025 8:00:00 AM,12/1/2025 3:00:00 AM,RFC,MIDATL,PEP,PEPCO,2500.765,True
12/1/2025 9:00:00 AM,12/1/2025 4:00:00 AM,RFC,MIDATL,PEP,PEPCO,2567.539,True
12/1/2025 10:00:00 AM,12/1/2025 5:00:00 AM,RFC,MIDATL,PEP,PEPCO,2858.835,True
12/1/2025 11:00:00 AM,12/1/2025 6:00:00 AM,RFC,MIDATL,PEP,PEPCO,3213.319,True
12/1/2025 12:00:00 PM,12/1/2025 7:00:00 AM,RFC,MIDATL,PEP,PEPCO,3337.435,True
12/1/2025 1:00:00 PM,12/1/2025 8:00:00 AM,RFC,MIDATL,PEP,PEPCO,3220.375,True
12/1/2025 2:00:00 PM,12/1/2025 9:00:00 AM,RFC,MIDATL,PEP,PEPCO,3062.189,True
12/1/2025 3:00:00 PM,12/1/2025 10:00:00 AM,RFC,MIDATL,PEP,PEPCO,2899.197,True
12/1/2025 4:00:00 PM,12/1/2025 11:00:00 AM,RFC,MIDATL,PEP,PEPCO,2819.719,True
12/1/2025 5:00:00 PM,12/1/2025 12:00:00 PM,RFC,MIDATL,PEP,PEPCO,2758.549,True
12/1/2025 6:00:00 PM,12/1/2025 1:00:00 PM,RFC,MIDATL,PEP,PEPCO,2780.439,True
12/1/2025 7:00:00 PM,12/1/2025 2:00:00 PM,RFC,MIDATL,PEP,PEPCO,2784.970,True
12/1/2025 8:00:00 PM,12/1/2025 3:00:00 PM,RFC,MIDATL,PEP,PEPCO,2886.345,True
12/1/2025 9:00:00 PM,12/1/2025 4:00:00 PM,RFC,MIDATL,PEP,PEPCO,3036.094,True
12/1/2025 10:00:00 PM,12/1/2025 5:00:00 PM,RFC,MIDATL,PEP,PEPCO,3268.318,True
12/1/2025 11:00:00 PM,12/1/2025 6:00:00 PM,RFC,MIDATL,PEP,PEPCO,3224.911,True
12/2/2025 12:00:00 AM,12/1/2025 7:00:00 PM,RFC,MIDATL,PEP,PEPCO,3178.938,True
12/2/2025 1:00:00 AM,12/1/2025 8:00:00 PM,RFC,MIDATL,PEP,PEPCO,3121.954,True
12/2/2025 2:00:00 AM,12/1/2025 9:00:00 PM,RFC,MIDATL,PEP,PEPCO,3069.422,True
12/2/2025 3:00:00 AM,12/1/2025 10:00:00 PM,RFC,MIDATL,PEP,PEPCO,2937.868,True
12/2/2025 4:00:00 AM,12/1/2025 11:00:00 PM,RFC,MIDATL,PEP,PEPCO,2746.556,True
12/2/2025 5:00:00 AM,12/2/2025 12:00:00 AM,RFC,MIDATL,PEP,PEPCO,2593.720,True
12/2/2025 6:00:00 AM,12/2/2025 1:00:00 AM,RFC,MIDATL,PEP,PEPCO,2539.724,True
12/2/2025 7:00:00 AM,12/2/2025 2:00:00 AM,RFC,MIDATL,PEP,PEPCO,2493.893,True
12/2/2025 8:00:00 AM,12/2/2025 3:00:00 AM,RFC,MIDATL,PEP,PEPCO,2477.916,True
12/2/2025 9:00:00 AM,12/2/2025 4:00:00 AM,RFC,MIDATL,PEP,PEPCO,2528.305,True
12/2/2025 10:00:00 AM,12/2/2025 5:00:00 AM,RFC,MIDATL,PEP,PEPCO,2771.769,True
12/2/2025 11:00:00 AM,12/2/2025 6:00:00 AM,RFC,MIDATL,PEP,PEPCO,3096.125,True
12/2/2025 12:00:00 PM,12/2/2025 7:00:00 AM,RFC,MIDATL,PEP,PEPCO,3292.720,True
12/2/2025 1:00:00 PM,12/2/2025 8:00:00 AM,RFC,MIDATL,PEP,PEPCO,3391.931,True
12/2/2025 2:00:00 PM,12/2/2025 9:00:00 AM,RFC,MIDATL,PEP,PEPCO,3414.861,True
12/2/2025 3:00:00 PM,12/2/2025 10:00:00 AM,RFC,MIDATL,PEP,PEPCO,3413.203,True
12/2/2025 4:00:00 PM,12/2/2025 11:00:00 AM,RFC,MIDATL,PEP,PEPCO,3462.877,True
12/2/2025 5:00:00 PM,12/2/2025 12:00:00 PM,RFC,MIDATL,PEP,PEPCO,3389.807,True
12/2/2025 6:00:00 PM,12/2/2025 1:00:00 PM,RFC,MIDATL,PEP,PEPCO,3328.659,True
12/2/2025 7:00:00 PM,12/2/2025 2:00:00 PM,RFC,MIDATL,PEP,PEPCO,3152.887,True
12/2/2025 8:00:00 PM,12/2/2025 3:00:00 PM,RFC,MIDATL,PEP,PEPCO,3182.077,True
12/2/2025 9:00:00 PM,12/2/2025 4:00:00 PM,RFC,MIDATL,PEP,PEPCO,3262.846,True
12/2/2025 10:00:00 PM,12/2/2025 5:00:00 PM,RFC,MIDATL,PEP,PEPCO,3387.684,True
12/2/2025 11:00:00 PM,12/2/2025 6:00:00 PM,RFC,MIDATL,PEP,PEPCO,3343.130,True
12/3/2025 12:00:00 AM,12/2/2025 7:00:00 PM,RFC,MIDATL,PEP,PEPCO,3257.164,True
12/3/2025 1:00:00 AM,12/2/2025 8:00:00 PM,RFC,MIDATL,PEP,PEPCO,3179.979,True
12/3/2025 2:00:00 AM,12/2/2025 9:00:00 PM,RFC,MIDATL,PEP,PEPCO,3043.701,True
12/3/2025 3:00:00 AM,12/2/2025 10:00:00 PM,RFC,MIDATL,PEP,PEPCO,2949.457,True
12/3/2025 4:00:00 AM,12/2/2025 11:00:00 PM,RFC,MIDATL,PEP,PEPCO,2738.868,True
12/3/2025 5:00:00 AM,12/3/2025 12:00:00 AM,RFC,MIDATL,PEP,PEPCO,2592.465,True
12/3/2025 6:00:00 AM,12/3/2025 1:00:00 AM,RFC,MIDATL,PEP,PEPCO,2544.318,True
12/3/2025 7:00:00 AM,12/3/2025 2:00:00 AM,RFC,MIDATL,PEP,PEPCO,2554.270,True
12/3/2025 8:00:00 AM,12/3/2025 3:00:00 AM,RFC,MIDATL,PEP,PEPCO,2574.713,True
12/3/2025 9:00:00 AM,12/3/2025 4:00:00 AM,RFC,MIDATL,PEP,PEPCO,2654.981,True
12/3/2025 10:00:00 AM,12/3/2025 5:00:00 AM,RFC,MIDATL,PEP,PEPCO,2921.201,True
12/3/2025 11:00:00 AM,12/3/2025 6:00:00 AM,RFC,MIDATL,PEP,PEPCO,3305.648,True
12/3/2025 12:00:00 PM,12/3/2025 7:00:00 AM,RFC,MIDATL,PEP,PEPCO,3476.999,True
12/3/2025 1:00:00 PM,12/3/2025 8:00:00 AM,RFC,MIDATL,PEP,PEPCO,3340.228,True
12/3/2025 2:00:00 PM,12/3/2025 9:00:00 AM,RFC,MIDATL,PEP,PEPCO,3155.636,True
12/3/2025 3:00:00 PM,12/3/2025 10:00:00 AM,RFC,MIDATL,PEP,PEPCO,2970.881,True
12/3/2025 4:00:00 PM,12/3/2025 11:00:00 AM,RFC,MIDATL,PEP,PEPCO,2835.223,True
12/3/2025 5:00:00 PM,12/3/2025 12:00:00 PM,RFC,MIDATL,PEP,PEPCO,2787.275,True
12/3/2025 6:00:00 PM,12/3/2025 1:00:00 PM,RFC,MIDATL,PEP,PEPCO,2746.896,True
12/3/2025 7:00:00 PM,12/3/2025 2:00:00 PM,RFC,MIDATL,PEP,PEPCO,2783.133,True
12/3/2025 8:00:00 PM,12/3/2025 3:00:00 PM,RFC,MIDATL,PEP,PEPCO,2892.264,True
12/3/2025 9:00:00 PM,12/3/2025 4:00:00 PM,RFC,MIDATL,PEP,PEPCO,3080.157,True
12/3/2025 10:00:00 PM,12/3/2025 5:00:00 PM,RFC,MIDATL,PEP,PEPCO,3282.295,True
12/3/2025 11:00:00 PM,12/3/2025 6:00:00 PM,RFC,MIDATL,PEP,PEPCO,3256.632,True
12/4/2025 12:00:00 AM,12/3/2025 7:00:00 PM,RFC,MIDATL,PEP,PEPCO,3220.741,True
12/4/2025 1:00:00 AM,12/3/2025 8:00:00 PM,RFC,MIDATL,PEP,PEPCO,3187.338,True
12/4/2025 2:00:00 AM,12/3/2025 9:00:00 PM,RFC,MIDATL,PEP,PEPCO,3120.117,True
12/4/2025 3:00:00 AM,12/3/2025 10:00:00 PM,RFC,MIDATL,PEP,PEPCO,2974.455,True
12/4/2025 4:00:00 AM,12/3/2025 11:00:00 PM,RFC,MIDATL,PEP,PEPCO,2832.574,True
12/4/2025 5:00:00 AM,12/4/2025 12:00:00 AM,RFC,MIDATL,PEP,PEPCO,2734.583,True
12/4/2025 6:00:00 AM,12/4/2025 1:00:00 AM,RFC,MIDATL,PEP,PEPCO,2674.562,True
12/4/2025 7:00:00 AM,12/4/2025 2:00:00 AM,RFC,MIDATL,PEP,PEPCO,2659.426,True
12/4/2025 8:00:00 AM,12/4/2025 3:00:00 AM,RFC,MIDATL,PEP,PEPCO,2657.783,True
12/4/2025 9:00:00 AM,12/4/2025 4:00:00 AM,RFC,MIDATL,PEP,PEPCO,2821.609,True
12/4/2025 10:00:00 AM,12/4/2025 5:00:00 AM,RFC,MIDATL,PEP,PEPCO,3040.362,True
12/4/2025 11:00:00 AM,12/4/2025 6:00:00 AM,RFC,MIDATL,PEP,PEPCO,3369.879,True
12/4/2025 12:00:00 PM,12/4/2025 7:00:00 AM,RFC,MIDATL,PEP,PEPCO,3516.007,True
12/4/2025 1:00:00 PM,12/4/2025 8:00:00 AM,RFC,MIDATL,PEP,PEPCO,3379.079,True
12/4/2025 2:00:00 PM,12/4/2025 9:00:00 AM,RFC,MIDATL,PEP,PEPCO,3231.665,True
12/4/2025 3:00:00 PM,12/4/2025 10:00:00 AM,RFC,MIDATL,PEP,PEPCO,3025.692,True
12/4/2025 4:00:00 PM,12/4/2025 11:00:00 AM,RFC,MIDATL,PEP,PEPCO,2932.282,True
12/4/2025 5:00:00 PM,12/4/2025 12:00:00 PM,RFC,MIDATL,PEP,PEPCO,2969.892,True
12/4/2025 6:00:00 PM,12/4/2025 1:00:00 PM,RFC,MIDATL,PEP,PEPCO,2936.323,True
12/4/2025 7:00:00 PM,12/4/2025 2:00:00 PM,RFC,MIDATL,PEP,PEPCO,2958.364,True
12/4/2025 8:00:00 PM,12/4/2025 3:00:00 PM,RFC,MIDATL,PEP,PEPCO,3106.350,True
12/4/2025 9:00:00 PM,12/4/2025 4:00:00 PM,RFC,MIDATL,PEP,PEPCO,3274.238,True
12/4/2025 10:00:00 PM,12/4/2025 5:00:00 PM,RFC,MIDATL,PEP,PEPCO,3385.521,True
12/4/2025 11:00:00 PM,12/4/2025 6:00:00 PM,RFC,MIDATL,PEP,PEPCO,3350.431,True
12/5/2025 12:00:00 AM,12/4/2025 7:00:00 PM,RFC,MIDATL,PEP,PEPCO,3291.022,True
12/5/2025 1:00:00 AM,12/4/2025 8:00:00 PM,RFC,MIDATL,PEP,PEPCO,3231.850,True
12/5/2025 2:00:00 AM,12/4/2025 9:00:00 PM,RFC,MIDATL,PEP,PEPCO,3168.720,True
12/5/2025 3:00:00 AM,12/4/2025 10:00:00 PM,RFC,MIDATL,PEP,PEPCO,3015.870,True
12/5/2025 4:00:00 AM,12/4/2025 11:00:00 PM,RFC,MIDATL,PEP,PEPCO,2868.869,True
12/5/2025 5:00:00 AM,12/5/2025 12:00:00 AM,RFC,MIDATL,PEP,PEPCO,2738.431,True
12/5/2025 6:00:00 AM,12/5/2025 1:00:00 AM,RFC,MIDATL,PEP,PEPCO,2677.461,True
12/5/2025 7:00:00 AM,12/5/2025 2:00:00 AM,RFC,MIDATL,PEP,PEPCO,2649.067,True
12/5/2025 8:00:00 AM,12/5/2025 3:00:00 AM,RFC,MIDATL,PEP,PEPCO,2634.851,True
12/5/2025 9:00:00 AM,12/5/2025 4:00:00 AM,RFC,MIDATL,PEP,PEPCO,2733.980,True
12/5/2025 10:00:00 AM,12/5/2025 5:00:00 AM,RFC,MIDATL,PEP,PEPCO,2997.802,True
12/5/2025 11:00:00 AM,12/5/2025 6:00:00 AM,RFC,MIDATL,PEP,PEPCO,3294.011,True
12/5/2025 12:00:00 PM,12/5/2025 7:00:00 AM,RFC,MIDATL,PEP,PEPCO,3544.790,True
12/5/2025 1:00:00 PM,12/5/2025 8:00:00 AM,RFC,MIDATL,PEP,PEPCO,3644.189,True
12/5/2025 2:00:00 PM,12/5/2025 9:00:00 AM,RFC,MIDATL,PEP,PEPCO,3700.293,True
12/5/2025 3:00:00 PM,12/5/2025 10:00:00 AM,RFC,MIDATL,PEP,PEPCO,3729.554,True
12/5/2025 4:00:00 PM,12/5/2025 11:00:00 AM,RFC,MIDATL,PEP,PEPCO,3706.853,True
12/5/2025 5:00:00 PM,12/5/2025 12:00:00 PM,RFC,MIDATL,PEP,PEPCO,3664.162,True
12/5/2025 6:00:00 PM,12/5/2025 1:00:00 PM,RFC,MIDATL,PEP,PEPCO,3668.086,True
12/5/2025 7:00:00 PM,12/5/2025 2:00:00 PM,RFC,MIDATL,PEP,PEPCO,3661.294,True
12/5/2025 8:00:00 PM,12/5/2025 3:00:00 PM,RFC,MIDATL,PEP,PEPCO,3662.282,True
12/5/2025 9:00:00 PM,12/5/2025 4:00:00 PM,RFC,MIDATL,PEP,PEPCO,3733.572,True
12/5/2025 10:00:00 PM,12/5/2025 5:00:00 PM,RFC,MIDATL,PEP,PEPCO,3753.298,True
12/5/2025 11:00:00 PM,12/5/2025 6:00:00 PM,RFC,MIDATL,PEP,PEPCO,3643.547,True
12/6/2025 12:00:00 AM,12/5/2025 7:00:00 PM,RFC,MIDATL,PEP,PEPCO,3516.447,True
12/6/2025 1:00:00 AM,12/5/2025 8:00:00 PM,RFC,MIDATL,PEP,PEPCO,3410.485,True
12/6/2025 2:00:00 AM,12/5/2025 9:00:00 PM,RFC,MIDATL,PEP,PEPCO,3337.519,True
12/6/2025 3:00:00 AM,12/5/2025 10:00:00 PM,RFC,MIDATL,PEP,PEPCO,3136.554,True
12/6/2025 4:00:00 AM,12/5/2025 11:00:00 PM,RFC,MIDATL,PEP,PEPCO,3013.597,True
12/6/2025 5:00:00 AM,12/6/2025 12:00:00 AM,RFC,MIDATL,PEP,PEPCO,2944.372,True
12/6/2025 6:00:00 AM,12/6/2025 1:00:00 AM,RFC,MIDATL,PEP,PEPCO,2822.605,True
12/6/2025 7:00:00 AM,12/6/2025 2:00:00 AM,RFC,MIDATL,PEP,PEPCO,2735.517,True
12/6/2025 8:00:00 AM,12/6/2025 3:00:00 AM,RFC,MIDATL,PEP,PEPCO,2709.208,True
12/6/2025 9:00:00 AM,12/6/2025 4:00:00 AM,RFC,MIDATL,PEP,PEPCO,2695.996,True
12/6/2025 10:00:00 AM,12/6/2025 5:00:00 AM,RFC,MIDATL,PEP,PEPCO,2775.073,True
12/6/2025 11:00:00 AM,12/6/2025 6:00:00 AM,RFC,MIDATL,PEP,PEPCO,2867.608,True
12/6/2025 12:00:00 PM,12/6/2025 7:00:00 AM,RFC,MIDATL,PEP,PEPCO,3005.944,True
12/6/2025 1:00:00 PM,12/6/2025 8:00:00 AM,RFC,MIDATL,PEP,PEPCO,3110.707,True
12/6/2025 2:00:00 PM,12/6/2025 9:00:00 AM,RFC,MIDATL,PEP,PEPCO,3093.910,True
12/6/2025 3:00:00 PM,12/6/2025 10:00:00 AM,RFC,MIDATL,PEP,PEPCO,2948.863,True
12/6/2025 4:00:00 PM,12/6/2025 11:00:00 AM,RFC,MIDATL,PEP,PEPCO,2720.105,True
12/6/2025 5:00:00 PM,12/6/2025 12:00:00 PM,RFC,MIDATL,PEP,PEPCO,2593.690,True
12/6/2025 6:00:00 PM,12/6/2025 1:00:00 PM,RFC,MIDATL,PEP,PEPCO,2626.105,True
12/6/2025 7:00:00 PM,12/6/2025 2:00:00 PM,RFC,MIDATL,PEP,PEPCO,2667.373,True
12/6/2025 8:00:00 PM,12/6/2025 3:00:00 PM,RFC,MIDATL,PEP,PEPCO,2753.124,True
12/6/2025 9:00:00 PM,12/6/2025 4:00:00 PM,RFC,MIDATL,PEP,PEPCO,2880.282,True
12/6/2025 10:00:00 PM,12/6/2025 5:00:00 PM,RFC,MIDATL,PEP,PEPCO,3006.068,True
12/6/2025 11:00:00 PM,12/6/2025 6:00:00 PM,RFC,MIDATL,PEP,PEPCO,3026.666,True
12/7/2025 12:00:00 AM,12/6/2025 7:00:00 PM,RFC,MIDATL,PEP,PEPCO,3052.671,True
12/7/2025 1:00:00 AM,12/6/2025 8:00:00 PM,RFC,MIDATL,PEP,PEPCO,3051.964,True
12/7/2025 2:00:00 AM,12/6/2025 9:00:00 PM,RFC,MIDATL,PEP,PEPCO,3024.901,True
12/7/2025 3:00:00 AM,12/6/2025 10:00:00 PM,RFC,MIDATL,PEP,PEPCO,2961.240,True
12/7/2025 4:00:00 AM,12/6/2025 11:00:00 PM,RFC,MIDATL,PEP,PEPCO,2889.555,True
12/7/2025 5:00:00 AM,12/7/2025 12:00:00 AM,RFC,MIDATL,PEP,PEPCO,2781.360,True
12/7/2025 6:00:00 AM,12/7/2025 1:00:00 AM,RFC,MIDATL,PEP,PEPCO,2746.892,True
12/7/2025 7:00:00 AM,12/7/2025 2:00:00 AM,RFC,MIDATL,PEP,PEPCO,2696.956,True
12/7/2025 8:00:00 AM,12/7/2025 3:00:00 AM,RFC,MIDATL,PEP,PEPCO,2690.215,True
12/7/2025 9:00:00 AM,12/7/2025 4:00:00 AM,RFC,MIDATL,PEP,PEPCO,2699.729,True
12/7/2025 10:00:00 AM,12/7/2025 5:00:00 AM,RFC,MIDATL,PEP,PEPCO,2785.271,True
12/7/2025 11:00:00 AM,12/7/2025 6:00:00 AM,RFC,MIDATL,PEP,PEPCO,2889.699,True
12/7/2025 12:00:00 PM,12/7/2025 7:00:00 AM,RFC,MIDATL,PEP,PEPCO,2996.177,True
12/7/2025 1:00:00 PM,12/7/2025 8:00:00 AM,RFC,MIDATL,PEP,PEPCO,3003.065,True
12/7/2025 2:00:00 PM,12/7/2025 9:00:00 AM,RFC,MIDATL,PEP,PEPCO,2884.681,True
12/7/2025 3:00:00 PM,12/7/2025 10:00:00 AM,RFC,MIDATL,PEP,PEPCO,2716.343,True
12/7/2025 4:00:00 PM,12/7/2025 11:00:00 AM,RFC,MIDATL,PEP,PEPCO,2627.300,True
12/7/2025 5:00:00 PM,12/7/2025 12:00:00 PM,RFC,MIDATL,PEP,PEPCO,2565.921,True
12/7/2025 6:00:00 PM,12/7/2025 1:00:00 PM,RFC,MIDATL,PEP,PEPCO,2530.661,True
12/7/2025 7:00:00 PM,12/7/2025 2:00:00 PM,RFC,MIDATL,PEP,PEPCO,2588.991,True
12/7/2025 8:00:00 PM,12/7/2025 3:00:00 PM,RFC,MIDATL,PEP,PEPCO,2685.151,True
12/7/2025 9:00:00 PM,12/7/2025 4:00:00 PM,RFC,MIDATL,PEP,PEPCO,2879.784,True
12/7/2025 10:00:00 PM,12/7/2025 5:00:00 PM,RFC,MIDATL,PEP,PEPCO,3056.068,True
12/7/2025 11:00:00 PM,12/7/2025 6:00:00 PM,RFC,MIDATL,PEP,PEPCO,3126.464,True
12/8/2025 12:00:00 AM,12/7/2025 7:00:00 PM,RFC,MIDATL,PEP,PEPCO,3144.724,True
12/8/2025 1:00:00 AM,12/7/2025 8:00:00 PM,RFC,MIDATL,PEP,PEPCO,3155.085,True
12/8/2025 2:00:00 AM,12/7/2025 9:00:00 PM,RFC,MIDATL,PEP,PEPCO,3069.631,True
12/8/2025 3:00:00 AM,12/7/2025 10:00:00 PM,RFC,MIDATL,PEP,PEPCO,2968.934,True
12/8/2025 4:00:00 AM,12/7/2025 11:00:00 PM,RFC,MIDATL,PEP,PEPCO,2822.692,True
12/8/2025 5:00:00 AM,12/8/2025 12:00:00 AM,RFC,MIDATL,PEP,PEPCO,2734.672,True
12/8/2025 6:00:00 AM,12/8/2025 1:00:00 AM,RFC,MIDATL,PEP,PEPCO,2681.469,True
12/8/2025 7:00:00 AM,12/8/2025 2:00:00 AM,RFC,MIDATL,PEP,PEPCO,2628.359,True
12/8/2025 8:00:00 AM,12/8/2025 3:00:00 AM,RFC,MIDATL,PEP,PEPCO,2680.893,True
12/8/2025 9:00:00 AM,12/8/2025 4:00:00 AM,RFC,MIDATL,PEP,PEPCO,2743.465,True
12/8/2025 10:00:00 AM,12/8/2025 5:00:00 AM,RFC,MIDATL,PEP,PEPCO,2981.385,True
12/8/2025 11:00:00 AM,12/8/2025 6:00:00 AM,RFC,MIDATL,PEP,PEPCO,3297.058,True
12/8/2025 12:00:00 PM,12/8/2025 7:00:00 AM,RFC,MIDATL,PEP,PEPCO,3496.259,True
12/8/2025 1:00:00 PM,12/8/2025 8:00:00 AM,RFC,MIDATL,PEP,PEPCO,3555.265,True
12/8/2025 2:00:00 PM,12/8/2025 9:00:00 AM,RFC,MIDATL,PEP,PEPCO,3541.803,True
12/8/2025 3:00:00 PM,12/8/2025 10:00:00 AM,RFC,MIDATL,PEP,PEPCO,3477.375,True
12/8/2025 4:00:00 PM,12/8/2025 11:00:00 AM,RFC,MIDATL,PEP,PEPCO,3444.783,True
12/8/2025 5:00:00 PM,12/8/2025 12:00:00 PM,RFC,MIDATL,PEP,PEPCO,3445.266,True
12/8/2025 6:00:00 PM,12/8/2025 1:00:00 PM,RFC,MIDATL,PEP,PEPCO,3473.515,True
12/8/2025 7:00:00 PM,12/8/2025 2:00:00 PM,RFC,MIDATL,PEP,PEPCO,3540.731,True
12/8/2025 8:00:00 PM,12/8/2025 3:00:00 PM,RFC,MIDATL,PEP,PEPCO,3597.013,True
12/8/2025 9:00:00 PM,12/8/2025 4:00:00 PM,RFC,MIDATL,PEP,PEPCO,3722.695,True
12/8/2025 10:00:00 PM,12/8/2025 5:00:00 PM,RFC,MIDATL,PEP,PEPCO,3845.678,True
12/8/2025 11:00:00 PM,12/8/2025 6:00:00 PM,RFC,MIDATL,PEP,PEPCO,3765.110,True
12/9/2025 12:00:00 AM,12/8/2025 7:00:00 PM,RFC,MIDATL,PEP,PEPCO,3707.794,True
12/9/2025 1:00:00 AM,12/8/2025 8:00:00 PM,RFC,MIDATL,PEP,PEPCO,3633.672,True
12/9/2025 2:00:00 AM,12/8/2025 9:00:00 PM,RFC,MIDATL,PEP,PEPCO,3531.478,True
12/9/2025 3:00:00 AM,12/8/2025 10:00:00 PM,RFC,MIDATL,PEP,PEPCO,3372.685,True
12/9/2025 4:00:00 AM,12/8/2025 11:00:00 PM,RFC,MIDATL,PEP,PEPCO,3183.566,True
12/9/2025 5:00:00 AM,12/9/2025 12:00:00 AM,RFC,MIDATL,PEP,PEPCO,3093.293,True
12/9/2025 6:00:00 AM,12/9/2025 1:00:00 AM,RFC,MIDATL,PEP,PEPCO,3045.816,True
12/9/2025 7:00:00 AM,12/9/2025 2:00:00 AM,RFC,MIDATL,PEP,PEPCO,3069.068,True
12/9/2025 8:00:00 AM,12/9/2025 3:00:00 AM,RFC,MIDATL,PEP,PEPCO,3125.830,True
12/9/2025 9:00:00 AM,12/9/2025 4:00:00 AM,RFC,MIDATL,PEP,PEPCO,3243.697,True
12/9/2025 10:00:00 AM,12/9/2025 5:00:00 AM,RFC,MIDATL,PEP,PEPCO,3514.024,True
12/9/2025 11:00:00 AM,12/9/2025 6:00:00 AM,RFC,MIDATL,PEP,PEPCO,3943.024,True
12/9/2025 12:00:00 PM,12/9/2025 7:00:00 AM,RFC,MIDATL,PEP,PEPCO,4113.171,True
12/9/2025 1:00:00 PM,12/9/2025 8:00:00 AM,RFC,MIDATL,PEP,PEPCO,3992.385,True
12/9/2025 2:00:00 PM,12/9/2025 9:00:00 AM,RFC,MIDATL,PEP,PEPCO,3831.499,True
12/9/2025 3:00:00 PM,12/9/2025 10:00:00 AM,RFC,MIDATL,PEP,PEPCO,3835.664,True
12/9/2025 4:00:00 PM,12/9/2025 11:00:00 AM,RFC,MIDATL,PEP,PEPCO,3732.841,True
12/9/2025 5:00:00 PM,12/9/2025 12:00:00 PM,RFC,MIDATL,PEP,PEPCO,3714.587,True
12/9/2025 6:00:00 PM,12/9/2025 1:00:00 PM,RFC,MIDATL,PEP,PEPCO,3649.175,True
12/9/2025 7:00:00 PM,12/9/2025 2:00:00 PM,RFC,MIDATL,PEP,PEPCO,3533.655,True
12/9/2025 8:00:00 PM,12/9/2025 3:00:00 PM,RFC,MIDATL,PEP,PEPCO,3568.709,True
12/9/2025 9:00:00 PM,12/9/2025 4:00:00 PM,RFC,MIDATL,PEP,PEPCO,3715.888,True
12/9/2025 10:00:00 PM,12/9/2025 5:00:00 PM,RFC,MIDATL,PEP,PEPCO,3878.434,True
12/9/2025 11:00:00 PM,12/9/2025 6:00:00 PM,RFC,MIDATL,PEP,PEPCO,3784.094,True
12/10/2025 12:00:00 AM,12/9/2025 7:00:00 PM,RFC,MIDATL,PEP,PEPCO,3742.700,True
12/10/2025 1:00:00 AM,12/9/2025 8:00:00 PM,RFC,MIDATL,PEP,PEPCO,3687.099,True
12/10/2025 2:00:00 AM,12/9/2025 9:00:00 PM,RFC,MIDATL,PEP,PEPCO,3559.944,True
12/10/2025 3:00:00 AM,12/9/2025 10:00:00 PM,RFC,MIDATL,PEP,PEPCO,3365.786,True
12/10/2025 4:00:00 AM,12/9/2025 11:00:00 PM,RFC,MIDATL,PEP,PEPCO,3150.263,True
12/10/2025 5:00:00 AM,12/10/2025 12:00:00 AM,RFC,MIDATL,PEP,PEPCO,3021.872,True
12/10/2025 6:00:00 AM,12/10/2025 1:00:00 AM,RFC,MIDATL,PEP,PEPCO,2896.045,True
12/10/2025 7:00:00 AM,12/10/2025 2:00:00 AM,RFC,MIDATL,PEP,PEPCO,2868.236,True
12/10/2025 8:00:00 AM,12/10/2025 3:00:00 AM,RFC,MIDATL,PEP,PEPCO,2855.562,True
12/10/2025 9:00:00 AM,12/10/2025 4:00:00 AM,RFC,MIDATL,PEP,PEPCO,2963.399,True
12/10/2025 10:00:00 AM,12/10/2025 5:00:00 AM,RFC,MIDATL,PEP,PEPCO,3236.541,True
12/10/2025 11:00:00 AM,12/10/2025 6:00:00 AM,RFC,MIDATL,PEP,PEPCO,3508.827,True
12/10/2025 12:00:00 PM,12/10/2025 7:00:00 AM,RFC,MIDATL,PEP,PEPCO,3675.136,True
12/10/2025 1:00:00 PM,12/10/2025 8:00:00 AM,RFC,MIDATL,PEP,PEPCO,3625.622,True
12/10/2025 2:00:00 PM,12/10/2025 9:00:00 AM,RFC,MIDATL,PEP,PEPCO,3549.013,True
12/10/2025 3:00:00 PM,12/10/2025 10:00:00 AM,RFC,MIDATL,PEP,PEPCO,3507.210,True
12/10/2025 4:00:00 PM,12/10/2025 11:00:00 AM,RFC,MIDATL,PEP,PEPCO,3474.647,True
12/10/2025 5:00:00 PM,12/10/2025 12:00:00 PM,RFC,MIDATL,PEP,PEPCO,3416.329,True
12/10/2025 6:00:00 PM,12/10/2025 1:00:00 PM,RFC,MIDATL,PEP,PEPCO,3389.437,True
12/10/2025 7:00:00 PM,12/10/2025 2:00:00 PM,RFC,MIDATL,PEP,PEPCO,3320.220,True
12/10/2025 8:00:00 PM,12/10/2025 3:00:00 PM,RFC,MIDATL,PEP,PEPCO,3322.853,True
12/10/2025 9:00:00 PM,12/10/2025 4:00:00 PM,RFC,MIDATL,PEP,PEPCO,3386.209,True
12/10/2025 10:00:00 PM,12/10/2025 5:00:00 PM,RFC,MIDATL,PEP,PEPCO,3423.985,True
12/10/2025 11:00:00 PM,12/10/2025 6:00:00 PM,RFC,MIDATL,PEP,PEPCO,3314.425,True
12/11/2025 12:00:00 AM,12/10/2025 7:00:00 PM,RFC,MIDATL,PEP,PEPCO,3254.544,True
12/11/2025 1:00:00 AM,12/10/2025 8:00:00 PM,RFC,MIDATL,PEP,PEPCO,3137.659,True
12/11/2025 2:00:00 AM,12/10/2025 9:00:00 PM,RFC,MIDATL,PEP,PEPCO,3088.742,True
12/11/2025 3:00:00 AM,12/10/2025 10:00:00 PM,RFC,MIDATL,PEP,PEPCO,2906.607,True
12/11/2025 4:00:00 AM,12/10/2025 11:00:00 PM,RFC,MIDATL,PEP,PEPCO,2736.425,True
12/11/2025 5:00:00 AM,12/11/2025 12:00:00 AM,RFC,MIDATL,PEP,PEPCO,2601.193,True
12/11/2025 6:00:00 AM,12/11/2025 1:00:00 AM,RFC,MIDATL,PEP,PEPCO,2495.446,True
12/11/2025 7:00:00 AM,12/11/2025 2:00:00 AM,RFC,MIDATL,PEP,PEPCO,2491.545,True
12/11/2025 8:00:00 AM,12/11/2025 3:00:00 AM,RFC,MIDATL,PEP,PEPCO,2577.673,True
12/11/2025 9:00:00 AM,12/11/2025 4:00:00 AM,RFC,MIDATL,PEP,PEPCO,2616.702,True
12/11/2025 10:00:00 AM,12/11/2025 5:00:00 AM,RFC,MIDATL,PEP,PEPCO,2927.364,True
12/11/2025 11:00:00 AM,12/11/2025 6:00:00 AM,RFC,MIDATL,PEP,PEPCO,3231.422,True
12/11/2025 12:00:00 PM,12/11/2025 7:00:00 AM,RFC,MIDATL,PEP,PEPCO,3459.208,True
12/11/2025 1:00:00 PM,12/11/2025 8:00:00 AM,RFC,MIDATL,PEP,PEPCO,3440.531,True
12/11/2025 2:00:00 PM,12/11/2025 9:00:00 AM,RFC,MIDATL,PEP,PEPCO,3454.901,True
12/11/2025 3:00:00 PM,12/11/2025 10:00:00 AM,RFC,MIDATL,PEP,PEPCO,3281.395,True
12/11/2025 4:00:00 PM,12/11/2025 11:00:00 AM,RFC,MIDATL,PEP,PEPCO,3147.083,True
12/11/2025 5:00:00 PM,12/11/2025 12:00:00 PM,RFC,MIDATL,PEP,PEPCO,3010.894,True
12/11/2025 6:00:00 PM,12/11/2025 1:00:00 PM,RFC,MIDATL,PEP,PEPCO,3027.625,True
12/11/2025 7:00:00 PM,12/11/2025 2:00:00 PM,RFC,MIDATL,PEP,PEPCO,3069.643,True
12/11/2025 8:00:00 PM,12/11/2025 3:00:00 PM,RFC,MIDATL,PEP,PEPCO,3194.042,True
12/11/2025 9:00:00 PM,12/11/2025 4:00:00 PM,RFC,MIDATL,PEP,PEPCO,3412.688,True
12/11/2025 10:00:00 PM,12/11/2025 5:00:00 PM,RFC,MIDATL,PEP,PEPCO,3569.483,True
12/11/2025 11:00:00 PM,12/11/2025 6:00:00 PM,RFC,MIDATL,PEP,PEPCO,3541.262,True
12/12/2025 12:00:00 AM,12/11/2025 7:00:00 PM,RFC,MIDATL,PEP,PEPCO,3476.943,True
12/12/2025 1:00:00 AM,12/11/2025 8:00:00 PM,RFC,MIDATL,PEP,PEPCO,3448.448,True
12/12/2025 2:00:00 AM,12/11/2025 9:00:00 PM,RFC,MIDATL,PEP,PEPCO,3327.702,True
12/12/2025 3:00:00 AM,12/11/2025 10:00:00 PM,RFC,MIDATL,PEP,PEPCO,3184.790,True
12/12/2025 4:00:00 AM,12/11/2025 11:00:00 PM,RFC,MIDATL,PEP,PEPCO,2971.296,True
12/12/2025 5:00:00 AM,12/12/2025 12:00:00 AM,RFC,MIDATL,PEP,PEPCO,2859.089,True
12/12/2025 6:00:00 AM,12/12/2025 1:00:00 AM,RFC,MIDATL,PEP,PEPCO,2760.341,True
12/12/2025 7:00:00 AM,12/12/2025 2:00:00 AM,RFC,MIDATL,PEP,PEPCO,2693.263,True
12/12/2025 8:00:00 AM,12/12/2025 3:00:00 AM,RFC,MIDATL,PEP,PEPCO,2758.877,True
12/12/2025 9:00:00 AM,12/12/2025 4:00:00 AM,RFC,MIDATL,PEP,PEPCO,2844.721,True
12/12/2025 10:00:00 AM,12/12/2025 5:00:00 AM,RFC,MIDATL,PEP,PEPCO,3067.853,True
12/12/2025 11:00:00 AM,12/12/2025 6:00:00 AM,RFC,MIDATL,PEP,PEPCO,3404.781,True
12/12/2025 12:00:00 PM,12/12/2025 7:00:00 AM,RFC,MIDATL,PEP,PEPCO,3568.223,True
12/12/2025 1:00:00 PM,12/12/2025 8:00:00 AM,RFC,MIDATL,PEP,PEPCO,3594.054,True
12/12/2025 2:00:00 PM,12/12/2025 9:00:00 AM,RFC,MIDATL,PEP,PEPCO,3520.656,True
12/12/2025 3:00:00 PM,12/12/2025 10:00:00 AM,RFC,MIDATL,PEP,PEPCO,3431.216,True
12/12/2025 4:00:00 PM,12/12/2025 11:00:00 AM,RFC,MIDATL,PEP,PEPCO,3298.798,True
12/12/2025 5:00:00 PM,12/12/2025 12:00:00 PM,RFC,MIDATL,PEP,PEPCO,3192.684,True
12/12/2025 6:00:00 PM,12/12/2025 1:00:00 PM,RFC,MIDATL,PEP,PEPCO,3205.687,True
12/12/2025 7:00:00 PM,12/12/2025 2:00:00 PM,RFC,MIDATL,PEP,PEPCO,3220.218,True
12/12/2025 8:00:00 PM,12/12/2025 3:00:00 PM,RFC,MIDATL,PEP,PEPCO,3227.227,True
12/12/2025 9:00:00 PM,12/12/2025 4:00:00 PM,RFC,MIDATL,PEP,PEPCO,3398.613,True
12/12/2025 10:00:00 PM,12/12/2025 5:00:00 PM,RFC,MIDATL,PEP,PEPCO,3594.174,True
12/12/2025 11:00:00 PM,12/12/2025 6:00:00 PM,RFC,MIDATL,PEP,PEPCO,3520.349,True
12/13/2025 12:00:00 AM,12/12/2025 7:00:00 PM,RFC,MIDATL,PEP,PEPCO,3490.250,True
12/13/2025 1:00:00 AM,12/12/2025 8:00:00 PM,RFC,MIDATL,PEP,PEPCO,3456.118,True
12/13/2025 2:00:00 AM,12/12/2025 9:00:00 PM,RFC,MIDATL,PEP,PEPCO,3413.432,True
12/13/2025 3:00:00 AM,12/12/2025 10:00:00 PM,RFC,MIDATL,PEP,PEPCO,3284.140,True
12/13/2025 4:00:00 AM,12/12/2025 11:00:00 PM,RFC,MIDATL,PEP,PEPCO,3198.851,True
12/13/2025 5:00:00 AM,12/13/2025 12:00:00 AM,RFC,MIDATL,PEP,PEPCO,3034.192,True
12/13/2025 6:00:00 AM,12/13/2025 1:00:00 AM,RFC,MIDATL,PEP,PEPCO,3001.038,True
12/13/2025 7:00:00 AM,12/13/2025 2:00:00 AM,RFC,MIDATL,PEP,PEPCO,2903.932,True
12/13/2025 8:00:00 AM,12/13/2025 3:00:00 AM,RFC,MIDATL,PEP,PEPCO,2854.603,True
12/13/2025 9:00:00 AM,12/13/2025 4:00:00 AM,RFC,MIDATL,PEP,PEPCO,2842.954,True
12/13/2025 10:00:00 AM,12/13/2025 5:00:00 AM,RFC,MIDATL,PEP,PEPCO,2866.893,True
12/13/2025 11:00:00 AM,12/13/2025 6:00:00 AM,RFC,MIDATL,PEP,PEPCO,3002.949,True
12/13/2025 12:00:00 PM,12/13/2025 7:00:00 AM,RFC,MIDATL,PEP,PEPCO,3156.661,True
12/13/2025 1:00:00 PM,12/13/2025 8:00:00 AM,RFC,MIDATL,PEP,PEPCO,3138.162,True
12/13/2025 2:00:00 PM,12/13/2025 9:00:00 AM,RFC,MIDATL,PEP,PEPCO,3057.681,True
12/13/2025 3:00:00 PM,12/13/2025 10:00:00 AM,RFC,MIDATL,PEP,PEPCO,3084.410,True
12/13/2025 4:00:00 PM,12/13/2025 11:00:00 AM,RFC,MIDATL,PEP,PEPCO,3038.202,True
12/13/2025 5:00:00 PM,12/13/2025 12:00:00 PM,RFC,MIDATL,PEP,PEPCO,2863.440,True
12/13/2025 6:00:00 PM,12/13/2025 1:00:00 PM,RFC,MIDATL,PEP,PEPCO,2872.344,True
12/13/2025 7:00:00 PM,12/13/2025 2:00:00 PM,RFC,MIDATL,PEP,PEPCO,2829.635,True
12/13/2025 8:00:00 PM,12/13/2025 3:00:00 PM,RFC,MIDATL,PEP,PEPCO,2918.462,True
12/13/2025 9:00:00 PM,12/13/2025 4:00:00 PM,RFC,MIDATL,PEP,PEPCO,2969.455,True
12/13/2025 10:00:00 PM,12/13/2025 5:00:00 PM,RFC,MIDATL,PEP,PEPCO,3080.596,True
12/13/2025 11:00:00 PM,12/13/2025 6:00:00 PM,RFC,MIDATL,PEP,PEPCO,3072.390,True
12/14/2025 12:00:00 AM,12/13/2025 7:00:00 PM,RFC,MIDATL,PEP,PEPCO,3049.982,True
12/14/2025 1:00:00 AM,12/13/2025 8:00:00 PM,RFC,MIDATL,PEP,PEPCO,2989.223,True
12/14/2025 2:00:00 AM,12/13/2025 9:00:00 PM,RFC,MIDATL,PEP,PEPCO,2939.805,True
12/14/2025 3:00:00 AM,12/13/2025 10:00:00 PM,RFC,MIDATL,PEP,PEPCO,2857.799,True
12/14/2025 4:00:00 AM,12/13/2025 11:00:00 PM,RFC,MIDATL,PEP,PEPCO,2806.957,True
12/14/2025 5:00:00 AM,12/14/2025 12:00:00 AM,RFC,MIDATL,PEP,PEPCO,2672.500,True
12/14/2025 6:00:00 AM,12/14/2025 1:00:00 AM,RFC,MIDATL,PEP,PEPCO,2618.592,True
12/14/2025 7:00:00 AM,12/14/2025 2:00:00 AM,RFC,MIDATL,PEP,PEPCO,2577.264,True
12/14/2025 8:00:00 AM,12/14/2025 3:00:00 AM,RFC,MIDATL,PEP,PEPCO,2551.667,True
12/14/2025 9:00:00 AM,12/14/2025 4:00:00 AM,RFC,MIDATL,PEP,PEPCO,2575.184,True
12/14/2025 10:00:00 AM,12/14/2025 5:00:00 AM,RFC,MIDATL,PEP,PEPCO,2684.529,True
12/14/2025 11:00:00 AM,12/14/2025 6:00:00 AM,RFC,MIDATL,PEP,PEPCO,2826.862,True
12/14/2025 12:00:00 PM,12/14/2025 7:00:00 AM,RFC,MIDATL,PEP,PEPCO,2952.102,True
12/14/2025 1:00:00 PM,12/14/2025 8:00:00 AM,RFC,MIDATL,PEP,PEPCO,3086.275,True
12/14/2025 2:00:00 PM,12/14/2025 9:00:00 AM,RFC,MIDATL,PEP,PEPCO,3183.701,True
12/14/2025 3:00:00 PM,12/14/2025 10:00:00 AM,RFC,MIDATL,PEP,PEPCO,3281.623,True
12/14/2025 4:00:00 PM,12/14/2025 11:00:00 AM,RFC,MIDATL,PEP,PEPCO,3274.467,True
12/14/2025 5:00:00 PM,12/14/2025 12:00:00 PM,RFC,MIDATL,PEP,PEPCO,3301.158,True
12/14/2025 6:00:00 PM,12/14/2025 1:00:00 PM,RFC,MIDATL,PEP,PEPCO,3359.243,True
12/14/2025 7:00:00 PM,12/14/2025 2:00:00 PM,RFC,MIDATL,PEP,PEPCO,3418.468,True
12/14/2025 8:00:00 PM,12/14/2025 3:00:00 PM,RFC,MIDATL,PEP,PEPCO,3528.538,True
12/14/2025 9:00:00 PM,12/14/2025 4:00:00 PM,RFC,MIDATL,PEP,PEPCO,3755.176,True
12/14/2025 10:00:00 PM,12/14/2025 5:00:00 PM,RFC,MIDATL,PEP,PEPCO,4046.701,True
12/14/2025 11:00:00 PM,12/14/2025 6:00:00 PM,RFC,MIDATL,PEP,PEPCO,4086.357,True
12/15/2025 12:00:00 AM,12/14/2025 7:00:00 PM,RFC,MIDATL,PEP,PEPCO,4110.463,True
12/15/2025 1:00:00 AM,12/14/2025 8:00:00 PM,RFC,MIDATL,PEP,PEPCO,4108.687,True
12/15/2025 2:00:00 AM,12/14/2025 9:00:00 PM,RFC,MIDATL,PEP,PEPCO,4035.221,True
12/15/2025 3:00:00 AM,12/14/2025 10:00:00 PM,RFC,MIDATL,PEP,PEPCO,3850.115,True
12/15/2025 4:00:00 AM,12/14/2025 11:00:00 PM,RFC,MIDATL,PEP,PEPCO,3693.915,True
12/15/2025 5:00:00 AM,12/15/2025 12:00:00 AM,RFC,MIDATL,PEP,PEPCO,3612.210,True
12/15/2025 6:00:00 AM,12/15/2025 1:00:00 AM,RFC,MIDATL,PEP,PEPCO,3549.212,True
12/15/2025 7:00:00 AM,12/15/2025 2:00:00 AM,RFC,MIDATL,PEP,PEPCO,3545.056,True
12/15/2025 8:00:00 AM,12/15/2025 3:00:00 AM,RFC,MIDATL,PEP,PEPCO,3568.791,True
12/15/2025 9:00:00 AM,12/15/2025 4:00:00 AM,RFC,MIDATL,PEP,PEPCO,3619.096,True
12/15/2025 10:00:00 AM,12/15/2025 5:00:00 AM,RFC,MIDATL,PEP,PEPCO,3829.812,True
12/15/2025 11:00:00 AM,12/15/2025 6:00:00 AM,RFC,MIDATL,PEP,PEPCO,4107.630,True
12/15/2025 12:00:00 PM,12/15/2025 7:00:00 AM,RFC,MIDATL,PEP,PEPCO,4305.821,True
12/15/2025 1:00:00 PM,12/15/2025 8:00:00 AM,RFC,MIDATL,PEP,PEPCO,4317.645,True
12/15/2025 2:00:00 PM,12/15/2025 9:00:00 AM,RFC,MIDATL,PEP,PEPCO,4154.549,True
12/15/2025 3:00:00 PM,12/15/2025 10:00:00 AM,RFC,MIDATL,PEP,PEPCO,4174.878,True
12/15/2025 4:00:00 PM,12/15/2025 11:00:00 AM,RFC,MIDATL,PEP,PEPCO,4099.697,True
12/15/2025 5:00:00 PM,12/15/2025 12:00:00 PM,RFC,MIDATL,PEP,PEPCO,4069.614,True
12/15/2025 6:00:00 PM,12/15/2025 1:00:00 PM,RFC,MIDATL,PEP,PEPCO,4008.858,True
12/15/2025 7:00:00 PM,12/15/2025 2:00:00 PM,RFC,MIDATL,PEP,PEPCO,3892.073,True
12/15/2025 8:00:00 PM,12/15/2025 3:00:00 PM,RFC,MIDATL,PEP,PEPCO,4012.943,True
12/15/2025 9:00:00 PM,12/15/2025 4:00:00 PM,RFC,MIDATL,PEP,PEPCO,4136.174,True
12/15/2025 10:00:00 PM,12/15/2025 5:00:00 PM,RFC,MIDATL,PEP,PEPCO,4134.121,True
12/15/2025 11:00:00 PM,12/15/2025 6:00:00 PM,RFC,MIDATL,PEP,PEPCO,4079.213,True
12/16/2025 12:00:00 AM,12/15/2025 7:00:00 PM,RFC,MIDATL,PEP,PEPCO,3953.260,True
12/16/2025 1:00:00 AM,12/15/2025 8:00:00 PM,RFC,MIDATL,PEP,PEPCO,3851.517,True
12/16/2025 2:00:00 AM,12/15/2025 9:00:00 PM,RFC,MIDATL,PEP,PEPCO,3753.751,True
12/16/2025 3:00:00 AM,12/15/2025 10:00:00 PM,RFC,MIDATL,PEP,PEPCO,3566.506,True
12/16/2025 4:00:00 AM,12/15/2025 11:00:00 PM,RFC,MIDATL,PEP,PEPCO,3390.348,True
12/16/2025 5:00:00 AM,12/16/2025 12:00:00 AM,RFC,MIDATL,PEP,PEPCO,3268.185,True
12/16/2025 6:00:00 AM,12/16/2025 1:00:00 AM,RFC,MIDATL,PEP,PEPCO,3216.755,True
12/16/2025 7:00:00 AM,12/16/2025 2:00:00 AM,RFC,MIDATL,PEP,PEPCO,3212.474,True
12/16/2025 8:00:00 AM,12/16/2025 3:00:00 AM,RFC,MIDATL,PEP,PEPCO,3260.622,True
12/16/2025 9:00:00 AM,12/16/2025 4:00:00 AM,RFC,MIDATL,PEP,PEPCO,3364.720,True
12/16/2025 10:00:00 AM,12/16/2025 5:00:00 AM,RFC,MIDATL,PEP,PEPCO,3646.138,True
12/16/2025 11:00:00 AM,12/16/2025 6:00:00 AM,RFC,MIDATL,PEP,PEPCO,3955.894,True
12/16/2025 12:00:00 PM,12/16/2025 7:00:00 AM,RFC,MIDATL,PEP,PEPCO,4139.039,True
12/16/2025 1:00:00 PM,12/16/2025 8:00:00 AM,RFC,MIDATL,PEP,PEPCO,4113.850,True
12/16/2025 2:00:00 PM,12/16/2025 9:00:00 AM,RFC,MIDATL,PEP,PEPCO,3820.375,True
12/16/2025 3:00:00 PM,12/16/2025 10:00:00 AM,RFC,MIDATL,PEP,PEPCO,3602.110,True
12/16/2025 4:00:00 PM,12/16/2025 11:00:00 AM,RFC,MIDATL,PEP,PEPCO,3417.489,True
12/16/2025 5:00:00 PM,12/16/2025 12:00:00 PM,RFC,MIDATL,PEP,PEPCO,3288.464,True
12/16/2025 6:00:00 PM,12/16/2025 1:00:00 PM,RFC,MIDATL,PEP,PEPCO,3175.512,True
12/16/2025 7:00:00 PM,12/16/2025 2:00:00 PM,RFC,MIDATL,PEP,PEPCO,3180.221,True
12/16/2025 8:00:00 PM,12/16/2025 3:00:00 PM,RFC,MIDATL,PEP,PEPCO,3243.785,True
12/16/2025 9:00:00 PM,12/16/2025 4:00:00 PM,RFC,MIDATL,PEP,PEPCO,3414.155,True
12/16/2025 10:00:00 PM,12/16/2025 5:00:00 PM,RFC,MIDATL,PEP,PEPCO,3574.666,True
12/16/2025 11:00:00 PM,12/16/2025 6:00:00 PM,RFC,MIDATL,PEP,PEPCO,3626.707,True
12/17/2025 12:00:00 AM,12/16/2025 7:00:00 PM,RFC,MIDATL,PEP,PEPCO,3575.043,True
12/17/2025 1:00:00 AM,12/16/2025 8:00:00 PM,RFC,MIDATL,PEP,PEPCO,3543.086,True
12/17/2025 2:00:00 AM,12/16/2025 9:00:00 PM,RFC,MIDATL,PEP,PEPCO,3439.024,True
12/17/2025 3:00:00 AM,12/16/2025 10:00:00 PM,RFC,MIDATL,PEP,PEPCO,3273.700,True
12/17/2025 4:00:00 AM,12/16/2025 11:00:00 PM,RFC,MIDATL,PEP,PEPCO,3114.263,True
12/17/2025 5:00:00 AM,12/17/2025 12:00:00 AM,RFC,MIDATL,PEP,PEPCO,2987.040,True
12/17/2025 6:00:00 AM,12/17/2025 1:00:00 AM,RFC,MIDATL,PEP,PEPCO,2888.138,True
12/17/2025 7:00:00 AM,12/17/2025 2:00:00 AM,RFC,MIDATL,PEP,PEPCO,2894.627,True
12/17/2025 8:00:00 AM,12/17/2025 3:00:00 AM,RFC,MIDATL,PEP,PEPCO,2906.396,True
12/17/2025 9:00:00 AM,12/17/2025 4:00:00 AM,RFC,MIDATL,PEP,PEPCO,2970.230,True
12/17/2025 10:00:00 AM,12/17/2025 5:00:00 AM,RFC,MIDATL,PEP,PEPCO,3177.369,True
12/17/2025 11:00:00 AM,12/17/2025 6:00:00 AM,RFC,MIDATL,PEP,PEPCO,3494.250,True
12/17/2025 12:00:00 PM,12/17/2025 7:00:00 AM,RFC,MIDATL,PEP,PEPCO,3629.873,True
12/17/2025 1:00:00 PM,12/17/2025 8:00:00 AM,RFC,MIDATL,PEP,PEPCO,3590.243,True
12/17/2025 2:00:00 PM,12/17/2025 9:00:00 AM,RFC,MIDATL,PEP,PEPCO,3358.527,True
12/17/2025 3:00:00 PM,12/17/2025 10:00:00 AM,RFC,MIDATL,PEP,PEPCO,3227.823,True
12/17/2025 4:00:00 PM,12/17/2025 11:00:00 AM,RFC,MIDATL,PEP,PEPCO,3153.057,True
12/17/2025 5:00:00 PM,12/17/2025 12:00:00 PM,RFC,MIDATL,PEP,PEPCO,3135.922,True
12/17/2025 6:00:00 PM,12/17/2025 1:00:00 PM,RFC,MIDATL,PEP,PEPCO,3078.786,True
12/17/2025 7:00:00 PM,12/17/2025 2:00:00 PM,RFC,MIDATL,PEP,PEPCO,3086.480,True
12/17/2025 8:00:00 PM,12/17/2025 3:00:00 PM,RFC,MIDATL,PEP,PEPCO,3097.958,True
12/17/2025 9:00:00 PM,12/17/2025 4:00:00 PM,RFC,MIDATL,PEP,PEPCO,3153.594,True
12/17/2025 10:00:00 PM,12/17/2025 5:00:00 PM,RFC,MIDATL,PEP,PEPCO,3283.399,True
12/17/2025 11:00:00 PM,12/17/2025 6:00:00 PM,RFC,MIDATL,PEP,PEPCO,3214.677,True
12/18/2025 12:00:00 AM,12/17/2025 7:00:00 PM,RFC,MIDATL,PEP,PEPCO,3180.067,True
12/18/2025 1:00:00 AM,12/17/2025 8:00:00 PM,RFC,MIDATL,PEP,PEPCO,3168.498,True
12/18/2025 2:00:00 AM,12/17/2025 9:00:00 PM,RFC,MIDATL,PEP,PEPCO,3085.077,True
12/18/2025 3:00:00 AM,12/17/2025 10:00:00 PM,RFC,MIDATL,PEP,PEPCO,2915.409,True
12/18/2025 4:00:00 AM,12/17/2025 11:00:00 PM,RFC,MIDATL,PEP,PEPCO,2817.339,True
12/18/2025 5:00:00 AM,12/18/2025 12:00:00 AM,RFC,MIDATL,PEP,PEPCO,2567.498,True
12/18/2025 6:00:00 AM,12/18/2025 1:00:00 AM,RFC,MIDATL,PEP,PEPCO,2517.792,True
12/18/2025 7:00:00 AM,12/18/2025 2:00:00 AM,RFC,MIDATL,PEP,PEPCO,2462.880,True
12/18/2025 8:00:00 AM,12/18/2025 3:00:00 AM,RFC,MIDATL,PEP,PEPCO,2517.506,True
12/18/2025 9:00:00 AM,12/18/2025 4:00:00 AM,RFC,MIDATL,PEP,PEPCO,2611.717,True
12/18/2025 10:00:00 AM,12/18/2025 5:00:00 AM,RFC,MIDATL,PEP,PEPCO,2826.641,True
12/18/2025 11:00:00 AM,12/18/2025 6:00:00 AM,RFC,MIDATL,PEP,PEPCO,3278.075,True
12/18/2025 12:00:00 PM,12/18/2025 7:00:00 AM,RFC,MIDATL,PEP,PEPCO,3457.429,True
12/18/2025 1:00:00 PM,12/18/2025 8:00:00 AM,RFC,MIDATL,PEP,PEPCO,3357.384,True
12/18/2025 2:00:00 PM,12/18/2025 9:00:00 AM,RFC,MIDATL,PEP,PEPCO,3145.321,True
12/18/2025 3:00:00 PM,12/18/2025 10:00:00 AM,RFC,MIDATL,PEP,PEPCO,2934.376,True
12/18/2025 4:00:00 PM,12/18/2025 11:00:00 AM,RFC,MIDATL,PEP,PEPCO,2814.419,True
12/18/2025 5:00:00 PM,12/18/2025 12:00:00 PM,RFC,MIDATL,PEP,PEPCO,2732.964,True
12/18/2025 6:00:00 PM,12/18/2025 1:00:00 PM,RFC,MIDATL,PEP,PEPCO,2713.906,True
12/18/2025 7:00:00 PM,12/18/2025 2:00:00 PM,RFC,MIDATL,PEP,PEPCO,2821.496,True
12/18/2025 8:00:00 PM,12/18/2025 3:00:00 PM,RFC,MIDATL,PEP,PEPCO,2888.669,True
12/18/2025 9:00:00 PM,12/18/2025 4:00:00 PM,RFC,MIDATL,PEP,PEPCO,2980.283,True
12/18/2025 10:00:00 PM,12/18/2025 5:00:00 PM,RFC,MIDATL,PEP,PEPCO,3048.576,True
12/18/2025 11:00:00 PM,12/18/2025 6:00:00 PM,RFC,MIDATL,PEP,PEPCO,2989.153,True
12/19/2025 12:00:00 AM,12/18/2025 7:00:00 PM,RFC,MIDATL,PEP,PEPCO,2908.397,True
12/19/2025 1:00:00 AM,12/18/2025 8:00:00 PM,RFC,MIDATL,PEP,PEPCO,2859.028,True
12/19/2025 2:00:00 AM,12/18/2025 9:00:00 PM,RFC,MIDATL,PEP,PEPCO,2751.470,True
12/19/2025 3:00:00 AM,12/18/2025 10:00:00 PM,RFC,MIDATL,PEP,PEPCO,2641.804,True
12/19/2025 4:00:00 AM,12/18/2025 11:00:00 PM,RFC,MIDATL,PEP,PEPCO,2460.242,True
12/19/2025 5:00:00 AM,12/19/2025 12:00:00 AM,RFC,MIDATL,PEP,PEPCO,2364.830,True
12/19/2025 6:00:00 AM,12/19/2025 1:00:00 AM,RFC,MIDATL,PEP,PEPCO,2222.523,True
12/19/2025 7:00:00 AM,12/19/2025 2:00:00 AM,RFC,MIDATL,PEP,PEPCO,2156.738,True
12/19/2025 8:00:00 AM,12/19/2025 3:00:00 AM,RFC,MIDATL,PEP,PEPCO,2137.060,True
12/19/2025 9:00:00 AM,12/19/2025 4:00:00 AM,RFC,MIDATL,PEP,PEPCO,2145.257,True
12/19/2025 10:00:00 AM,12/19/2025 5:00:00 AM,RFC,MIDATL,PEP,PEPCO,2347.604,True
12/19/2025 11:00:00 AM,12/19/2025 6:00:00 AM,RFC,MIDATL,PEP,PEPCO,2553.553,True
12/19/2025 12:00:00 PM,12/19/2025 7:00:00 AM,RFC,MIDATL,PEP,PEPCO,2615.204,True
12/19/2025 1:00:00 PM,12/19/2025 8:00:00 AM,RFC,MIDATL,PEP,PEPCO,2612.881,True
12/19/2025 2:00:00 PM,12/19/2025 9:00:00 AM,RFC,MIDATL,PEP,PEPCO,2587.979,True
12/19/2025 3:00:00 PM,12/19/2025 10:00:00 AM,RFC,MIDATL,PEP,PEPCO,2446.726,True
12/19/2025 4:00:00 PM,12/19/2025 11:00:00 AM,RFC,MIDATL,PEP,PEPCO,2526.257,True
12/19/2025 5:00:00 PM,12/19/2025 12:00:00 PM,RFC,MIDATL,PEP,PEPCO,2475.813,True
12/19/2025 6:00:00 PM,12/19/2025 1:00:00 PM,RFC,MIDATL,PEP,PEPCO,2514.043,True
12/19/2025 7:00:00 PM,12/19/2025 2:00:00 PM,RFC,MIDATL,PEP,PEPCO,2479.067,True
12/19/2025 8:00:00 PM,12/19/2025 3:00:00 PM,RFC,MIDATL,PEP,PEPCO,2615.296,True
12/19/2025 9:00:00 PM,12/19/2025 4:00:00 PM,RFC,MIDATL,PEP,PEPCO,2784.739,True
12/19/2025 10:00:00 PM,12/19/2025 5:00:00 PM,RFC,MIDATL,PEP,PEPCO,2938.464,True
12/19/2025 11:00:00 PM,12/19/2025 6:00:00 PM,RFC,MIDATL,PEP,PEPCO,2946.240,True
12/20/2025 12:00:00 AM,12/19/2025 7:00:00 PM,RFC,MIDATL,PEP,PEPCO,2913.940,True
12/20/2025 1:00:00 AM,12/19/2025 8:00:00 PM,RFC,MIDATL,PEP,PEPCO,2887.466,True
12/20/2025 2:00:00 AM,12/19/2025 9:00:00 PM,RFC,MIDATL,PEP,PEPCO,2816.070,True
12/20/2025 3:00:00 AM,12/19/2025 10:00:00 PM,RFC,MIDATL,PEP,PEPCO,2738.876,True
12/20/2025 4:00:00 AM,12/19/2025 11:00:00 PM,RFC,MIDATL,PEP,PEPCO,2630.693,True
12/20/2025 5:00:00 AM,12/20/2025 12:00:00 AM,RFC,MIDATL,PEP,PEPCO,2531.489,True
12/20/2025 6:00:00 AM,12/20/2025 1:00:00 AM,RFC,MIDATL,PEP,PEPCO,2485.744,True
12/20/2025 7:00:00 AM,12/20/2025 2:00:00 AM,RFC,MIDATL,PEP,PEPCO,2443.469,True
12/20/2025 8:00:00 AM,12/20/2025 3:00:00 AM,RFC,MIDATL,PEP,PEPCO,2433.860,True
12/20/2025 9:00:00 AM,12/20/2025 4:00:00 AM,RFC,MIDATL,PEP,PEPCO,2471.275,True
12/20/2025 10:00:00 AM,12/20/2025 5:00:00 AM,RFC,MIDATL,PEP,PEPCO,2554.657,True
12/20/2025 11:00:00 AM,12/20/2025 6:00:00 AM,RFC,MIDATL,PEP,PEPCO,2705.095,True
12/20/2025 12:00:00 PM,12/20/2025 7:00:00 AM,RFC,MIDATL,PEP,PEPCO,2816.414,True
12/20/2025 1:00:00 PM,12/20/2025 8:00:00 AM,RFC,MIDATL,PEP,PEPCO,2851.459,True
12/20/2025 2:00:00 PM,12/20/2025 9:00:00 AM,RFC,MIDATL,PEP,PEPCO,2750.043,True
12/20/2025 3:00:00 PM,12/20/2025 10:00:00 AM,RFC,MIDATL,PEP,PEPCO,2623.229,True
12/20/2025 4:00:00 PM,12/20/2025 11:00:00 AM,RFC,MIDATL,PEP,PEPCO,2534.655,True
12/20/2025 5:00:00 PM,12/20/2025 12:00:00 PM,RFC,MIDATL,PEP,PEPCO,2470.372,True
12/20/2025 6:00:00 PM,12/20/2025 1:00:00 PM,RFC,MIDATL,PEP,PEPCO,2419.317,True
12/20/2025 7:00:00 PM,12/20/2025 2:00:00 PM,RFC,MIDATL,PEP,PEPCO,2432.249,True
12/20/2025 8:00:00 PM,12/20/2025 3:00:00 PM,RFC,MIDATL,PEP,PEPCO,2521.891,True
12/20/2025 9:00:00 PM,12/20/2025 4:00:00 PM,RFC,MIDATL,PEP,PEPCO,2647.686,True
12/20/2025 10:00:00 PM,12/20/2025 5:00:00 PM,RFC,MIDATL,PEP,PEPCO,2814.921,True
12/20/2025 11:00:00 PM,12/20/2025 6:00:00 PM,RFC,MIDATL,PEP,PEPCO,2827.009,True
12/21/2025 12:00:00 AM,12/20/2025 7:00:00 PM,RFC,MIDATL,PEP,PEPCO,2811.043,True
12/21/2025 1:00:00 AM,12/20/2025 8:00:00 PM,RFC,MIDATL,PEP,PEPCO,2806.290,True
12/21/2025 2:00:00 AM,12/20/2025 9:00:00 PM,RFC,MIDATL,PEP,PEPCO,2757.531,True
12/21/2025 3:00:00 AM,12/20/2025 10:00:00 PM,RFC,MIDATL,PEP,PEPCO,2662.941,True
12/21/2025 4:00:00 AM,12/20/2025 11:00:00 PM,RFC,MIDATL,PEP,PEPCO,2554.207,True
12/21/2025 5:00:00 AM,12/21/2025 12:00:00 AM,RFC,MIDATL,PEP,PEPCO,2465.619,True
12/21/2025 6:00:00 AM,12/21/2025 1:00:00 AM,RFC,MIDATL,PEP,PEPCO,2382.090,True
12/21/2025 7:00:00 AM,12/21/2025 2:00:00 AM,RFC,MIDATL,PEP,PEPCO,2313.191,True
12/21/2025 8:00:00 AM,12/21/2025 3:00:00 AM,RFC,MIDATL,PEP,PEPCO,2287.086,True
12/21/2025 9:00:00 AM,12/21/2025 4:00:00 AM,RFC,MIDATL,PEP,PEPCO,2294.359,True
12/21/2025 10:00:00 AM,12/21/2025 5:00:00 AM,RFC,MIDATL,PEP,PEPCO,2357.338,True
12/21/2025 11:00:00 AM,12/21/2025 6:00:00 AM,RFC,MIDATL,PEP,PEPCO,2507.472,True
12/21/2025 12:00:00 PM,12/21/2025 7:00:00 AM,RFC,MIDATL,PEP,PEPCO,2513.483,True
12/21/2025 1:00:00 PM,12/21/2025 8:00:00 AM,RFC,MIDATL,PEP,PEPCO,2565.230,True
12/21/2025 2:00:00 PM,12/21/2025 9:00:00 AM,RFC,MIDATL,PEP,PEPCO,2569.875,True
12/21/2025 3:00:00 PM,12/21/2025 10:00:00 AM,RFC,MIDATL,PEP,PEPCO,2585.633,True
12/21/2025 4:00:00 PM,12/21/2025 11:00:00 AM,RFC,MIDATL,PEP,PEPCO,2583.419,True
12/21/2025 5:00:00 PM,12/21/2025 12:00:00 PM,RFC,MIDATL,PEP,PEPCO,2639.804,True
12/21/2025 6:00:00 PM,12/21/2025 1:00:00 PM,RFC,MIDATL,PEP,PEPCO,2642.560,True
12/21/2025 7:00:00 PM,12/21/2025 2:00:00 PM,RFC,MIDATL,PEP,PEPCO,2530.813,True
12/21/2025 8:00:00 PM,12/21/2025 3:00:00 PM,RFC,MIDATL,PEP,PEPCO,2584.102,True
12/21/2025 9:00:00 PM,12/21/2025 4:00:00 PM,RFC,MIDATL,PEP,PEPCO,2690.446,True
12/21/2025 10:00:00 PM,12/21/2025 5:00:00 PM,RFC,MIDATL,PEP,PEPCO,2829.234,True
12/21/2025 11:00:00 PM,12/21/2025 6:00:00 PM,RFC,MIDATL,PEP,PEPCO,2870.219,True
12/22/2025 12:00:00 AM,12/21/2025 7:00:00 PM,RFC,MIDATL,PEP,PEPCO,2889.099,True
12/22/2025 1:00:00 AM,12/21/2025 8:00:00 PM,RFC,MIDATL,PEP,PEPCO,2864.176,True
12/22/2025 2:00:00 AM,12/21/2025 9:00:00 PM,RFC,MIDATL,PEP,PEPCO,2826.840,True
12/22/2025 3:00:00 AM,12/21/2025 10:00:00 PM,RFC,MIDATL,PEP,PEPCO,2747.588,True
12/22/2025 4:00:00 AM,12/21/2025 11:00:00 PM,RFC,MIDATL,PEP,PEPCO,2642.035,True
12/22/2025 5:00:00 AM,12/22/2025 12:00:00 AM,RFC,MIDATL,PEP,PEPCO,2550.640,True
12/22/2025 6:00:00 AM,12/22/2025 1:00:00 AM,RFC,MIDATL,PEP,PEPCO,2511.463,True
12/22/2025 7:00:00 AM,12/22/2025 2:00:00 AM,RFC,MIDATL,PEP,PEPCO,2537.485,True
12/22/2025 8:00:00 AM,12/22/2025 3:00:00 AM,RFC,MIDATL,PEP,PEPCO,2546.708,True
12/22/2025 9:00:00 AM,12/22/2025 4:00:00 AM,RFC,MIDATL,PEP,PEPCO,2668.949,True
12/22/2025 10:00:00 AM,12/22/2025 5:00:00 AM,RFC,MIDATL,PEP,PEPCO,2940.362,True
12/22/2025 11:00:00 AM,12/22/2025 6:00:00 AM,RFC,MIDATL,PEP,PEPCO,3241.968,True
12/22/2025 12:00:00 PM,12/22/2025 7:00:00 AM,RFC,MIDATL,PEP,PEPCO,3378.599,True
12/22/2025 1:00:00 PM,12/22/2025 8:00:00 AM,RFC,MIDATL,PEP,PEPCO,3327.151,True
12/22/2025 2:00:00 PM,12/22/2025 9:00:00 AM,RFC,MIDATL,PEP,PEPCO,3106.904,True
12/22/2025 3:00:00 PM,12/22/2025 10:00:00 AM,RFC,MIDATL,PEP,PEPCO,2887.735,True
12/22/2025 4:00:00 PM,12/22/2025 11:00:00 AM,RFC,MIDATL,PEP,PEPCO,2768.061,True
12/22/2025 5:00:00 PM,12/22/2025 12:00:00 PM,RFC,MIDATL,PEP,PEPCO,2734.409,True
12/22/2025 6:00:00 PM,12/22/2025 1:00:00 PM,RFC,MIDATL,PEP,PEPCO,2737.629,True
12/22/2025 7:00:00 PM,12/22/2025 2:00:00 PM,RFC,MIDATL,PEP,PEPCO,2739.431,True
12/22/2025 8:00:00 PM,12/22/2025 3:00:00 PM,RFC,MIDATL,PEP,PEPCO,2772.188,True
12/22/2025 9:00:00 PM,12/22/2025 4:00:00 PM,RFC,MIDATL,PEP,PEPCO,2908.416,True
12/22/2025 10:00:00 PM,12/22/2025 5:00:00 PM,RFC,MIDATL,PEP,PEPCO,3071.252,True
12/22/2025 11:00:00 PM,12/22/2025 6:00:00 PM,RFC,MIDATL,PEP,PEPCO,3015.235,True
12/23/2025 12:00:00 AM,12/22/2025 7:00:00 PM,RFC,MIDATL,PEP,PEPCO,2983.118,True
12/23/2025 1:00:00 AM,12/22/2025 8:00:00 PM,RFC,MIDATL,PEP,PEPCO,2906.665,True
12/23/2025 2:00:00 AM,12/22/2025 9:00:00 PM,RFC,MIDATL,PEP,PEPCO,2837.309,True
12/23/2025 3:00:00 AM,12/22/2025 10:00:00 PM,RFC,MIDATL,PEP,PEPCO,2694.706,True
12/23/2025 4:00:00 AM,12/22/2025 11:00:00 PM,RFC,MIDATL,PEP,PEPCO,2527.490,True
12/23/2025 5:00:00 AM,12/23/2025 12:00:00 AM,RFC,MIDATL,PEP,PEPCO,2423.683,True
12/23/2025 6:00:00 AM,12/23/2025 1:00:00 AM,RFC,MIDATL,PEP,PEPCO,2313.108,True
12/23/2025 7:00:00 AM,12/23/2025 2:00:00 AM,RFC,MIDATL,PEP,PEPCO,2276.383,True
12/23/2025 8:00:00 AM,12/23/2025 3:00:00 AM,RFC,MIDATL,PEP,PEPCO,2278.876,True
12/23/2025 9:00:00 AM,12/23/2025 4:00:00 AM,RFC,MIDATL,PEP,PEPCO,2366.379,True
12/23/2025 10:00:00 AM,12/23/2025 5:00:00 AM,RFC,MIDATL,PEP,PEPCO,2551.641,True
12/23/2025 11:00:00 AM,12/23/2025 6:00:00 AM,RFC,MIDATL,PEP,PEPCO,2784.791,True
12/23/2025 12:00:00 PM,12/23/2025 7:00:00 AM,RFC,MIDATL,PEP,PEPCO,2936.912,True
12/23/2025 1:00:00 PM,12/23/2025 8:00:00 AM,RFC,MIDATL,PEP,PEPCO,3033.439,True
12/23/2025 2:00:00 PM,12/23/2025 9:00:00 AM,RFC,MIDATL,PEP,PEPCO,3256.146,True
12/23/2025 3:00:00 PM,12/23/2025 10:00:00 AM,RFC,MIDATL,PEP,PEPCO,3230.905,True
12/23/2025 4:00:00 PM,12/23/2025 11:00:00 AM,RFC,MIDATL,PEP,PEPCO,3231.247,True
12/23/2025 5:00:00 PM,12/23/2025 12:00:00 PM,RFC,MIDATL,PEP,PEPCO,3180.999,True
12/23/2025 6:00:00 PM,12/23/2025 1:00:00 PM,RFC,MIDATL,PEP,PEPCO,3039.857,True
12/23/2025 7:00:00 PM,12/23/2025 2:00:00 PM,RFC,MIDATL,PEP,PEPCO,3050.875,True
12/23/2025 8:00:00 PM,12/23/2025 3:00:00 PM,RFC,MIDATL,PEP,PEPCO,3042.485,True
12/23/2025 9:00:00 PM,12/23/2025 4:00:00 PM,RFC,MIDATL,PEP,PEPCO,3091.811,True
12/23/2025 10:00:00 PM,12/23/2025 5:00:00 PM,RFC,MIDATL,PEP,PEPCO,3145.799,True
12/23/2025 11:00:00 PM,12/23/2025 6:00:00 PM,RFC,MIDATL,PEP,PEPCO,3077.322,True
12/24/2025 12:00:00 AM,12/23/2025 7:00:00 PM,RFC,MIDATL,PEP,PEPCO,2974.961,True
12/24/2025 1:00:00 AM,12/23/2025 8:00:00 PM,RFC,MIDATL,PEP,PEPCO,2927.134,True
12/24/2025 2:00:00 AM,12/23/2025 9:00:00 PM,RFC,MIDATL,PEP,PEPCO,2831.408,True
12/24/2025 3:00:00 AM,12/23/2025 10:00:00 PM,RFC,MIDATL,PEP,PEPCO,2730.845,True
12/24/2025 4:00:00 AM,12/23/2025 11:00:00 PM,RFC,MIDATL,PEP,PEPCO,2595.670,True
12/24/2025 5:00:00 AM,12/24/2025 12:00:00 AM,RFC,MIDATL,PEP,PEPCO,2468.154,True
12/24/2025 6:00:00 AM,12/24/2025 1:00:00 AM,RFC,MIDATL,PEP,PEPCO,2376.794,True
12/24/2025 7:00:00 AM,12/24/2025 2:00:00 AM,RFC,MIDATL,PEP,PEPCO,2338.905,True
12/24/2025 8:00:00 AM,12/24/2025 3:00:00 AM,RFC,MIDATL,PEP,PEPCO,2298.946,True
12/24/2025 9:00:00 AM,12/24/2025 4:00:00 AM,RFC,MIDATL,PEP,PEPCO,2378.781,True
12/24/2025 10:00:00 AM,12/24/2025 5:00:00 AM,RFC,MIDATL,PEP,PEPCO,2544.900,True
12/24/2025 11:00:00 AM,12/24/2025 6:00:00 AM,RFC,MIDATL,PEP,PEPCO,2702.089,True
12/24/2025 12:00:00 PM,12/24/2025 7:00:00 AM,RFC,MIDATL,PEP,PEPCO,2798.092,True
12/24/2025 1:00:00 PM,12/24/2025 8:00:00 AM,RFC,MIDATL,PEP,PEPCO,2785.606,True
12/24/2025 2:00:00 PM,12/24/2025 9:00:00 AM,RFC,MIDATL,PEP,PEPCO,2640.354,True
12/24/2025 3:00:00 PM,12/24/2025 10:00:00 AM,RFC,MIDATL,PEP,PEPCO,2590.906,True
12/24/2025 4:00:00 PM,12/24/2025 11:00:00 AM,RFC,MIDATL,PEP,PEPCO,2465.921,True
12/24/2025 5:00:00 PM,12/24/2025 12:00:00 PM,RFC,MIDATL,PEP,PEPCO,2433.031,True
12/24/2025 6:00:00 PM,12/24/2025 1:00:00 PM,RFC,MIDATL,PEP,PEPCO,2420.815,True
12/24/2025 7:00:00 PM,12/24/2025 2:00:00 PM,RFC,MIDATL,PEP,PEPCO,2446.925,True
12/24/2025 8:00:00 PM,12/24/2025 3:00:00 PM,RFC,MIDATL,PEP,PEPCO,2547.619,True
12/24/2025 9:00:00 PM,12/24/2025 4:00:00 PM,RFC,MIDATL,PEP,PEPCO,2718.977,True
12/24/2025 10:00:00 PM,12/24/2025 5:00:00 PM,RFC,MIDATL,PEP,PEPCO,2857.197,True
12/24/2025 11:00:00 PM,12/24/2025 6:00:00 PM,RFC,MIDATL,PEP,PEPCO,2758.615,True
12/25/2025 12:00:00 AM,12/24/2025 7:00:00 PM,RFC,MIDATL,PEP,PEPCO,2721.699,True
12/25/2025 1:00:00 AM,12/24/2025 8:00:00 PM,RFC,MIDATL,PEP,PEPCO,2640.483,True
12/25/2025 2:00:00 AM,12/24/2025 9:00:00 PM,RFC,MIDATL,PEP,PEPCO,2627.070,True
12/25/2025 3:00:00 AM,12/24/2025 10:00:00 PM,RFC,MIDATL,PEP,PEPCO,2534.868,True
12/25/2025 4:00:00 AM,12/24/2025 11:00:00 PM,RFC,MIDATL,PEP,PEPCO,2453.488,True
12/25/2025 5:00:00 AM,12/25/2025 12:00:00 AM,RFC,MIDATL,PEP,PEPCO,2396.349,True
12/25/2025 6:00:00 AM,12/25/2025 1:00:00 AM,RFC,MIDATL,PEP,PEPCO,2289.017,True
12/25/2025 7:00:00 AM,12/25/2025 2:00:00 AM,RFC,MIDATL,PEP,PEPCO,2278.658,True
12/25/2025 8:00:00 AM,12/25/2025 3:00:00 AM,RFC,MIDATL,PEP,PEPCO,2261.028,True
12/25/2025 9:00:00 AM,12/25/2025 4:00:00 AM,RFC,MIDATL,PEP,PEPCO,2287.202,True
12/25/2025 10:00:00 AM,12/25/2025 5:00:00 AM,RFC,MIDATL,PEP,PEPCO,2404.986,True
12/25/2025 11:00:00 AM,12/25/2025 6:00:00 AM,RFC,MIDATL,PEP,PEPCO,2504.974,True
12/25/2025 12:00:00 PM,12/25/2025 7:00:00 AM,RFC,MIDATL,PEP,PEPCO,2549.428,True
12/25/2025 1:00:00 PM,12/25/2025 8:00:00 AM,RFC,MIDATL,PEP,PEPCO,2558.003,True
12/25/2025 2:00:00 PM,12/25/2025 9:00:00 AM,RFC,MIDATL,PEP,PEPCO,2524.641,True
12/25/2025 3:00:00 PM,12/25/2025 10:00:00 AM,RFC,MIDATL,PEP,PEPCO,2527.050,True
12/25/2025 4:00:00 PM,12/25/2025 11:00:00 AM,RFC,MIDATL,PEP,PEPCO,2576.839,True
12/25/2025 5:00:00 PM,12/25/2025 12:00:00 PM,RFC,MIDATL,PEP,PEPCO,2443.912,True
12/25/2025 6:00:00 PM,12/25/2025 1:00:00 PM,RFC,MIDATL,PEP,PEPCO,2270.873,True
12/25/2025 7:00:00 PM,12/25/2025 2:00:00 PM,RFC,MIDATL,PEP,PEPCO,2293.870,True
12/25/2025 8:00:00 PM,12/25/2025 3:00:00 PM,RFC,MIDATL,PEP,PEPCO,2340.075,True
12/25/2025 9:00:00 PM,12/25/2025 4:00:00 PM,RFC,MIDATL,PEP,PEPCO,2450.692,True
12/25/2025 10:00:00 PM,12/25/2025 5:00:00 PM,RFC,MIDATL,PEP,PEPCO,2542.442,True
12/25/2025 11:00:00 PM,12/25/2025 6:00:00 PM,RFC,MIDATL,PEP,PEPCO,2506.855,True
12/26/2025 12:00:00 AM,12/25/2025 7:00:00 PM,RFC,MIDATL,PEP,PEPCO,2492.608,True
12/26/2025 1:00:00 AM,12/25/2025 8:00:00 PM,RFC,MIDATL,PEP,PEPCO,2501.163,True
12/26/2025 2:00:00 AM,12/25/2025 9:00:00 PM,RFC,MIDATL,PEP,PEPCO,2463.210,True
12/26/2025 3:00:00 AM,12/25/2025 10:00:00 PM,RFC,MIDATL,PEP,PEPCO,2453.212,True
12/26/2025 4:00:00 AM,12/25/2025 11:00:00 PM,RFC,MIDATL,PEP,PEPCO,2393.150,True
12/26/2025 5:00:00 AM,12/26/2025 12:00:00 AM,RFC,MIDATL,PEP,PEPCO,2354.712,True
12/26/2025 6:00:00 AM,12/26/2025 1:00:00 AM,RFC,MIDATL,PEP,PEPCO,2318.472,True
12/26/2025 7:00:00 AM,12/26/2025 2:00:00 AM,RFC,MIDATL,PEP,PEPCO,2336.324,True
12/26/2025 8:00:00 AM,12/26/2025 3:00:00 AM,RFC,MIDATL,PEP,PEPCO,2350.756,True
12/26/2025 9:00:00 AM,12/26/2025 4:00:00 AM,RFC,MIDATL,PEP,PEPCO,2445.447,True
12/26/2025 10:00:00 AM,12/26/2025 5:00:00 AM,RFC,MIDATL,PEP,PEPCO,2647.294,True
12/26/2025 11:00:00 AM,12/26/2025 6:00:00 AM,RFC,MIDATL,PEP,PEPCO,2850.095,True
12/26/2025 12:00:00 PM,12/26/2025 7:00:00 AM,RFC,MIDATL,PEP,PEPCO,2985.909,True
12/26/2025 1:00:00 PM,12/26/2025 8:00:00 AM,RFC,MIDATL,PEP,PEPCO,3021.404,True
12/26/2025 2:00:00 PM,12/26/2025 9:00:00 AM,RFC,MIDATL,PEP,PEPCO,3030.342,True
12/26/2025 3:00:00 PM,12/26/2025 10:00:00 AM,RFC,MIDATL,PEP,PEPCO,3106.196,True
12/26/2025 4:00:00 PM,12/26/2025 11:00:00 AM,RFC,MIDATL,PEP,PEPCO,3127.335,True
12/26/2025 5:00:00 PM,12/26/2025 12:00:00 PM,RFC,MIDATL,PEP,PEPCO,3203.746,True
12/26/2025 6:00:00 PM,12/26/2025 1:00:00 PM,RFC,MIDATL,PEP,PEPCO,3200.631,True
12/26/2025 7:00:00 PM,12/26/2025 2:00:00 PM,RFC,MIDATL,PEP,PEPCO,3237.451,True
12/26/2025 8:00:00 PM,12/26/2025 3:00:00 PM,RFC,MIDATL,PEP,PEPCO,3237.586,True
12/26/2025 9:00:00 PM,12/26/2025 4:00:00 PM,RFC,MIDATL,PEP,PEPCO,3284.722,True
12/26/2025 10:00:00 PM,12/26/2025 5:00:00 PM,RFC,MIDATL,PEP,PEPCO,3327.660,True
12/26/2025 11:00:00 PM,12/26/2025 6:00:00 PM,RFC,MIDATL,PEP,PEPCO,3231.301,True
12/27/2025 12:00:00 AM,12/26/2025 7:00:00 PM,RFC,MIDATL,PEP,PEPCO,3152.820,True
12/27/2025 1:00:00 AM,12/26/2025 8:00:00 PM,RFC,MIDATL,PEP,PEPCO,3075.589,True
12/27/2025 2:00:00 AM,12/26/2025 9:00:00 PM,RFC,MIDATL,PEP,PEPCO,2961.340,True
12/27/2025 3:00:00 AM,12/26/2025 10:00:00 PM,RFC,MIDATL,PEP,PEPCO,2822.363,True
12/27/2025 4:00:00 AM,12/26/2025 11:00:00 PM,RFC,MIDATL,PEP,PEPCO,2691.972,True
12/27/2025 5:00:00 AM,12/27/2025 12:00:00 AM,RFC,MIDATL,PEP,PEPCO,2619.018,True
12/27/2025 6:00:00 AM,12/27/2025 1:00:00 AM,RFC,MIDATL,PEP,PEPCO,2495.237,True
12/27/2025 7:00:00 AM,12/27/2025 2:00:00 AM,RFC,MIDATL,PEP,PEPCO,2441.341,True
12/27/2025 8:00:00 AM,12/27/2025 3:00:00 AM,RFC,MIDATL,PEP,PEPCO,2418.254,True
12/27/2025 9:00:00 AM,12/27/2025 4:00:00 AM,RFC,MIDATL,PEP,PEPCO,2422.558,True
12/27/2025 10:00:00 AM,12/27/2025 5:00:00 AM,RFC,MIDATL,PEP,PEPCO,2448.302,True
12/27/2025 11:00:00 AM,12/27/2025 6:00:00 AM,RFC,MIDATL,PEP,PEPCO,2572.441,True
12/27/2025 12:00:00 PM,12/27/2025 7:00:00 AM,RFC,MIDATL,PEP,PEPCO,2635.427,True
12/27/2025 1:00:00 PM,12/27/2025 8:00:00 AM,RFC,MIDATL,PEP,PEPCO,2726.031,True
12/27/2025 2:00:00 PM,12/27/2025 9:00:00 AM,RFC,MIDATL,PEP,PEPCO,2804.218,True
12/27/2025 3:00:00 PM,12/27/2025 10:00:00 AM,RFC,MIDATL,PEP,PEPCO,2842.499,True
12/27/2025 4:00:00 PM,12/27/2025 11:00:00 AM,RFC,MIDATL,PEP,PEPCO,2809.717,True
12/27/2025 5:00:00 PM,12/27/2025 12:00:00 PM,RFC,MIDATL,PEP,PEPCO,2750.207,True
12/27/2025 6:00:00 PM,12/27/2025 1:00:00 PM,RFC,MIDATL,PEP,PEPCO,2671.949,True
12/27/2025 7:00:00 PM,12/27/2025 2:00:00 PM,RFC,MIDATL,PEP,PEPCO,2614.037,True
12/27/2025 8:00:00 PM,12/27/2025 3:00:00 PM,RFC,MIDATL,PEP,PEPCO,2674.314,True
12/27/2025 9:00:00 PM,12/27/2025 4:00:00 PM,RFC,MIDATL,PEP,PEPCO,2786.638,True
12/27/2025 10:00:00 PM,12/27/2025 5:00:00 PM,RFC,MIDATL,PEP,PEPCO,2937.632,True
12/27/2025 11:00:00 PM,12/27/2025 6:00:00 PM,RFC,MIDATL,PEP,PEPCO,2948.143,True
12/28/2025 12:00:00 AM,12/27/2025 7:00:00 PM,RFC,MIDATL,PEP,PEPCO,2909.130,True
12/28/2025 1:00:00 AM,12/27/2025 8:00:00 PM,RFC,MIDATL,PEP,PEPCO,2898.589,True
12/28/2025 2:00:00 AM,12/27/2025 9:00:00 PM,RFC,MIDATL,PEP,PEPCO,2852.184,True
12/28/2025 3:00:00 AM,12/27/2025 10:00:00 PM,RFC,MIDATL,PEP,PEPCO,2766.975,True
12/28/2025 4:00:00 AM,12/27/2025 11:00:00 PM,RFC,MIDATL,PEP,PEPCO,2652.106,True
12/28/2025 5:00:00 AM,12/28/2025 12:00:00 AM,RFC,MIDATL,PEP,PEPCO,2517.005,True
12/28/2025 6:00:00 AM,12/28/2025 1:00:00 AM,RFC,MIDATL,PEP,PEPCO,2504.942,True
12/28/2025 7:00:00 AM,12/28/2025 2:00:00 AM,RFC,MIDATL,PEP,PEPCO,2457.725,True
12/28/2025 8:00:00 AM,12/28/2025 3:00:00 AM,RFC,MIDATL,PEP,PEPCO,2440.737,True
12/28/2025 9:00:00 AM,12/28/2025 4:00:00 AM,RFC,MIDATL,PEP,PEPCO,2431.602,True
12/28/2025 10:00:00 AM,12/28/2025 5:00:00 AM,RFC,MIDATL,PEP,PEPCO,2489.580,True
12/28/2025 11:00:00 AM,12/28/2025 6:00:00 AM,RFC,MIDATL,PEP,PEPCO,2590.880,True
12/28/2025 12:00:00 PM,12/28/2025 7:00:00 AM,RFC,MIDATL,PEP,PEPCO,2664.530,True
12/28/2025 1:00:00 PM,12/28/2025 8:00:00 AM,RFC,MIDATL,PEP,PEPCO,2730.595,True
12/28/2025 2:00:00 PM,12/28/2025 9:00:00 AM,RFC,MIDATL,PEP,PEPCO,2777.569,True
12/28/2025 3:00:00 PM,12/28/2025 10:00:00 AM,RFC,MIDATL,PEP,PEPCO,2774.904,True
12/28/2025 4:00:00 PM,12/28/2025 11:00:00 AM,RFC,MIDATL,PEP,PEPCO,2791.941,True
12/28/2025 5:00:00 PM,12/28/2025 12:00:00 PM,RFC,MIDATL,PEP,PEPCO,2811.908,True
12/28/2025 6:00:00 PM,12/28/2025 1:00:00 PM,RFC,MIDATL,PEP,PEPCO,2830.188,True
12/28/2025 7:00:00 PM,12/28/2025 2:00:00 PM,RFC,MIDATL,PEP,PEPCO,2835.776,True
12/28/2025 8:00:00 PM,12/28/2025 3:00:00 PM,RFC,MIDATL,PEP,PEPCO,2807.668,True
12/28/2025 9:00:00 PM,12/28/2025 4:00:00 PM,RFC,MIDATL,PEP,PEPCO,2883.088,True
12/28/2025 10:00:00 PM,12/28/2025 5:00:00 PM,RFC,MIDATL,PEP,PEPCO,2992.040,True
12/28/2025 11:00:00 PM,12/28/2025 6:00:00 PM,RFC,MIDATL,PEP,PEPCO,2978.657,True
12/29/2025 12:00:00 AM,12/28/2025 7:00:00 PM,RFC,MIDATL,PEP,PEPCO,2929.530,True
12/29/2025 1:00:00 AM,12/28/2025 8:00:00 PM,RFC,MIDATL,PEP,PEPCO,2902.393,True
12/29/2025 2:00:00 AM,12/28/2025 9:00:00 PM,RFC,MIDATL,PEP,PEPCO,2836.388,True
12/29/2025 3:00:00 AM,12/28/2025 10:00:00 PM,RFC,MIDATL,PEP,PEPCO,2673.400,True
12/29/2025 4:00:00 AM,12/28/2025 11:00:00 PM,RFC,MIDATL,PEP,PEPCO,2551.086,True
12/29/2025 5:00:00 AM,12/29/2025 12:00:00 AM,RFC,MIDATL,PEP,PEPCO,2443.020,True
12/29/2025 6:00:00 AM,12/29/2025 1:00:00 AM,RFC,MIDATL,PEP,PEPCO,2339.537,True
12/29/2025 7:00:00 AM,12/29/2025 2:00:00 AM,RFC,MIDATL,PEP,PEPCO,2303.593,True
12/29/2025 8:00:00 AM,12/29/2025 3:00:00 AM,RFC,MIDATL,PEP,PEPCO,2275.536,True
12/29/2025 9:00:00 AM,12/29/2025 4:00:00 AM,RFC,MIDATL,PEP,PEPCO,2319.232,True
12/29/2025 10:00:00 AM,12/29/2025 5:00:00 AM,RFC,MIDATL,PEP,PEPCO,2472.620,True
12/29/2025 11:00:00 AM,12/29/2025 6:00:00 AM,RFC,MIDATL,PEP,PEPCO,2668.401,True
12/29/2025 12:00:00 PM,12/29/2025 7:00:00 AM,RFC,MIDATL,PEP,PEPCO,2728.637,True
12/29/2025 1:00:00 PM,12/29/2025 8:00:00 AM,RFC,MIDATL,PEP,PEPCO,2776.972,True
12/29/2025 2:00:00 PM,12/29/2025 9:00:00 AM,RFC,MIDATL,PEP,PEPCO,2797.127,True
12/29/2025 3:00:00 PM,12/29/2025 10:00:00 AM,RFC,MIDATL,PEP,PEPCO,2836.310,True
12/29/2025 4:00:00 PM,12/29/2025 11:00:00 AM,RFC,MIDATL,PEP,PEPCO,2774.990,True
12/29/2025 5:00:00 PM,12/29/2025 12:00:00 PM,RFC,MIDATL,PEP,PEPCO,2702.585,True
12/29/2025 6:00:00 PM,12/29/2025 1:00:00 PM,RFC,MIDATL,PEP,PEPCO,2632.296,True
12/29/2025 7:00:00 PM,12/29/2025 2:00:00 PM,RFC,MIDATL,PEP,PEPCO,2625.410,True
12/29/2025 8:00:00 PM,12/29/2025 3:00:00 PM,RFC,MIDATL,PEP,PEPCO,2709.634,True
12/29/2025 9:00:00 PM,12/29/2025 4:00:00 PM,RFC,MIDATL,PEP,PEPCO,2941.230,True
12/29/2025 10:00:00 PM,12/29/2025 5:00:00 PM,RFC,MIDATL,PEP,PEPCO,3207.529,True
12/29/2025 11:00:00 PM,12/29/2025 6:00:00 PM,RFC,MIDATL,PEP,PEPCO,3213.951,True
12/30/2025 12:00:00 AM,12/29/2025 7:00:00 PM,RFC,MIDATL,PEP,PEPCO,3205.150,True
12/30/2025 1:00:00 AM,12/29/2025 8:00:00 PM,RFC,MIDATL,PEP,PEPCO,3189.417,True
12/30/2025 2:00:00 AM,12/29/2025 9:00:00 PM,RFC,MIDATL,PEP,PEPCO,3155.534,True
12/30/2025 3:00:00 AM,12/29/2025 10:00:00 PM,RFC,MIDATL,PEP,PEPCO,3036.533,True
12/30/2025 4:00:00 AM,12/29/2025 11:00:00 PM,RFC,MIDATL,PEP,PEPCO,2946.031,True
12/30/2025 5:00:00 AM,12/30/2025 12:00:00 AM,RFC,MIDATL,PEP,PEPCO,2848.189,True
12/30/2025 6:00:00 AM,12/30/2025 1:00:00 AM,RFC,MIDATL,PEP,PEPCO,2801.954,True
12/30/2025 7:00:00 AM,12/30/2025 2:00:00 AM,RFC,MIDATL,PEP,PEPCO,2784.739,True
12/30/2025 8:00:00 AM,12/30/2025 3:00:00 AM,RFC,MIDATL,PEP,PEPCO,2782.334,True
12/30/2025 9:00:00 AM,12/30/2025 4:00:00 AM,RFC,MIDATL,PEP,PEPCO,2883.022,True
12/30/2025 10:00:00 AM,12/30/2025 5:00:00 AM,RFC,MIDATL,PEP,PEPCO,3077.927,True
12/30/2025 11:00:00 AM,12/30/2025 6:00:00 AM,RFC,MIDATL,PEP,PEPCO,3301.969,True
12/30/2025 12:00:00 PM,12/30/2025 7:00:00 AM,RFC,MIDATL,PEP,PEPCO,3449.332,True
12/30/2025 1:00:00 PM,12/30/2025 8:00:00 AM,RFC,MIDATL,PEP,PEPCO,3485.986,True
12/30/2025 2:00:00 PM,12/30/2025 9:00:00 AM,RFC,MIDATL,PEP,PEPCO,3461.846,True
12/30/2025 3:00:00 PM,12/30/2025 10:00:00 AM,RFC,MIDATL,PEP,PEPCO,3395.367,True
12/30/2025 4:00:00 PM,12/30/2025 11:00:00 AM,RFC,MIDATL,PEP,PEPCO,3343.273,True
12/30/2025 5:00:00 PM,12/30/2025 12:00:00 PM,RFC,MIDATL,PEP,PEPCO,3238.151,True
12/30/2025 6:00:00 PM,12/30/2025 1:00:00 PM,RFC,MIDATL,PEP,PEPCO,3171.463,True
12/30/2025 7:00:00 PM,12/30/2025 2:00:00 PM,RFC,MIDATL,PEP,PEPCO,3207.608,True
12/30/2025 8:00:00 PM,12/30/2025 3:00:00 PM,RFC,MIDATL,PEP,PEPCO,3266.380,True
12/30/2025 9:00:00 PM,12/30/2025 4:00:00 PM,RFC,MIDATL,PEP,PEPCO,3492.188,True
12/30/2025 10:00:00 PM,12/30/2025 5:00:00 PM,RFC,MIDATL,PEP,PEPCO,3696.125,True
12/30/2025 11:00:00 PM,12/30/2025 6:00:00 PM,RFC,MIDATL,PEP,PEPCO,3641.200,True
12/31/2025 12:00:00 AM,12/30/2025 7:00:00 PM,RFC,MIDATL,PEP,PEPCO,3592.803,True
12/31/2025 1:00:00 AM,12/30/2025 8:00:00 PM,RFC,MIDATL,PEP,PEPCO,3530.975,True
12/31/2025 2:00:00 AM,12/30/2025 9:00:00 PM,RFC,MIDATL,PEP,PEPCO,3470.404,True
12/31/2025 3:00:00 AM,12/30/2025 10:00:00 PM,RFC,MIDATL,PEP,PEPCO,3320.159,True
12/31/2025 4:00:00 AM,12/30/2025 11:00:00 PM,RFC,MIDATL,PEP,PEPCO,3210.010,True
12/31/2025 5:00:00 AM,12/31/2025 12:00:00 AM,RFC,MIDATL,PEP,PEPCO,3095.417,True
12/31/2025 6:00:00 AM,12/31/2025 1:00:00 AM,RFC,MIDATL,PEP,PEPCO,2992.466,True
12/31/2025 7:00:00 AM,12/31/2025 2:00:00 AM,RFC,MIDATL,PEP,PEPCO,2940.053,True
12/31/2025 8:00:00 AM,12/31/2025 3:00:00 AM,RFC,MIDATL,PEP,PEPCO,2932.103,True
12/31/2025 9:00:00 AM,12/31/2025 4:00:00 AM,RFC,MIDATL,PEP,PEPCO,2991.046,True
12/31/2025 10:00:00 AM,12/31/2025 5:00:00 AM,RFC,MIDATL,PEP,PEPCO,3209.350,True
12/31/2025 11:00:00 AM,12/31/2025 6:00:00 AM,RFC,MIDATL,PEP,PEPCO,3457.918,True
12/31/2025 12:00:00 PM,12/31/2025 7:00:00 AM,RFC,MIDATL,PEP,PEPCO,3602.599,True
12/31/2025 1:00:00 PM,12/31/2025 8:00:00 AM,RFC,MIDATL,PEP,PEPCO,3644.062,True
12/31/2025 2:00:00 PM,12/31/2025 9:00:00 AM,RFC,MIDATL,PEP,PEPCO,3463.381,True
12/31/2025 3:00:00 PM,12/31/2025 10:00:00 AM,RFC,MIDATL,PEP,PEPCO,3367.537,True
12/31/2025 4:00:00 PM,12/31/2025 11:00:00 AM,RFC,MIDATL,PEP,PEPCO,3232.001,True
12/31/2025 5:00:00 PM,12/31/2025 12:00:00 PM,RFC,MIDATL,PEP,PEPCO,3348.948,True
12/31/2025 6:00:00 PM,12/31/2025 1:00:00 PM,RFC,MIDATL,PEP,PEPCO,3419.113,True
12/31/2025 7:00:00 PM,12/31/2025 2:00:00 PM,RFC,MIDATL,PEP,PEPCO,3443.174,True
12/31/2025 8:00:00 PM,12/31/2025 3:00:00 PM,RFC,MIDATL,PEP,PEPCO,3437.030,True
12/31/2025 9:00:00 PM,12/31/2025 4:00:00 PM,RFC,MIDATL,PEP,PEPCO,3530.670,True
12/31/2025 10:00:00 PM,12/31/2025 5:00:00 PM,RFC,MIDATL,PEP,PEPCO,3589.965,True
12/31/2025 11:00:00 PM,12/31/2025 6:00:00 PM,RFC,MIDATL,PEP,PEPCO,3446.581,True
1/1/2026 12:00:00 AM,12/31/2025 7:00:00 PM,RFC,MIDATL,PEP,PEPCO,3320.821,True
1/1/2026 1:00:00 AM,12/31/2025 8:00:00 PM,RFC,MIDATL,PEP,PEPCO,3185.306,True
1/1/2026 2:00:00 AM,12/31/2025 9:00:00 PM,RFC,MIDATL,PEP,PEPCO,3097.010,True
1/1/2026 3:00:00 AM,12/31/2025 10:00:00 PM,RFC,MIDATL,PEP,PEPCO,2983.133,True
1/1/2026 4:00:00 AM,12/31/2025 11:00:00 PM,RFC,MIDATL,PEP,PEPCO,2835.858,True
