datetime_beginning_utc,datetime_beginning_ept,nerc_region,mkt_region,zone,load_area,mw,is_verified
1/1/2026 5:00:00 AM,1/1/2026 12:00:00 AM,RFC,MIDATL,PEP,PEPCO,2734.689,True
1/1/2026 6:00:00 AM,1/1/2026 1:00:00 AM,RFC,MIDATL,PEP,PEPCO,2699.990,True
1/1/2026 7:00:00 AM,1/1/2026 2:00:00 AM,RFC,MIDATL,PEP,PEPCO,2651.154,True
1/1/2026 8:00:00 AM,1/1/2026 3:00:00 AM,RFC,MIDATL,PEP,PEPCO,2624.780,True
1/1/2026 9:00:00 AM,1/1/2026 4:00:00 AM,RFC,MIDATL,PEP,PEPCO,2589.194,True
1/1/2026 10:00:00 AM,1/1/2026 5:00:00 AM,RFC,MIDATL,PEP,PEPCO,2719.181,True
1/1/2026 11:00:00 AM,1/1/2026 6:00:00 AM,RFC,MIDATL,PEP,PEPCO,2940.198,True
1/1/2026 12:00:00 PM,1/1/2026 7:00:00 AM,RFC,MIDATL,PEP,PEPCO,3010.483,True
1/1/2026 1:00:00 PM,1/1/2026 8:00:00 AM,RFC,MIDATL,PEP,PEPCO,3051.423,True
1/1/2026 2:00:00 PM,1/1/2026 9:00:00 AM,RFC,MIDATL,PEP,PEPCO,2943.680,True
1/1/2026 3:00:00 PM,1/1/2026 10:00:00 AM,RFC,MIDATL,PEP,PEPCO,2898.158,True
1/1/2026 4:00:00 PM,1/1/2026 11:00:00 AM,RFC,MIDATL,PEP,PEPCO,2875.924,True
1/1/2026 5:00:00 PM,1/1/2026 12:00:00 PM,RFC,MIDATL,PEP,PEPCO,2837.176,True
1/1/2026 6:00:00 PM,1/1/2026 1:00:00 PM,RFC,MIDATL,PEP,PEPCO,2958.493,True
1/1/2026 7:00:00 PM,1/1/2026 2:00:00 PM,RFC,MIDATL,PEP,PEPCO,3005.861,True
1/1/2026 8:00:00 PM,1/1/2026 3:00:00 PM,RFC,MIDATL,PEP,PEPCO,3164.745,True
1/1/2026 9:00:00 PM,1/1/2026 4:00:00 PM,RFC,MIDATL,PEP,PEPCO,3310.735,True
1/1/2026 10:00:00 PM,1/1/2026 5:00:00 PM,RFC,MIDATL,PEP,PEPCO,3474.771,True
1/1/2026 11:00:00 PM,1/1/2026 6:00:00 PM,RFC,MIDATL,PEP,PEPCO,3501.427,True
1/2/2026 12:00:00 AM,1/1/2026 7:00:00 PM,RFC,MIDATL,PEP,PEPCO,3485.122,True
1/2/2026 1:00:00 AM,1/1/2026 8:00:00 PM,RFC,MIDATL,PEP,PEPCO,3426.049,True
1/2/2026 2:00:00 AM,1/1/2026 9:00:00 PM,RFC,MIDATL,PEP,PEPCO,3367.628,True
1/2/2026 3:00:00 AM,1/1/2026 10:00:00 PM,RFC,MIDATL,PEP,PEPCO,3252.272,True
1/2/2026 4:00:00 AM,1/1/2026 11:00:00 PM,RFC,MIDATL,PEP,PEPCO,3085.788,True
1/2/2026 5:00:00 AM,1/2/2026 12:00:00 AM,RFC,MIDATL,PEP,PEPCO,2991.692,True
1/2/2026 6:00:00 AM,1/2/2026 1:00:00 AM,RFC,MIDATL,PEP,PEPCO,2877.123,True
1/2/2026 7:00:00 AM,1/2/2026 2:00:00 AM,RFC,MIDATL,PEP,PEPCO,2863.520,True
1/2/2026 8:00:00 AM,1/2/2026 3:00:00 AM,RFC,MIDATL,PEP,PEPCO,2848.865,True
1/2/2026 9:00:00 AM,1/2/2026 4:00:00 AM,RFC,MIDATL,PEP,PEPCO,2918.777,True
1/2/2026 10:00:00 AM,1/2/2026 5:00:00 AM,RFC,MIDATL,PEP,PEPCO,3133.035,True
1/2/2026 11:00:00 AM,1/2/2026 6:00:00 AM,RFC,MIDATL,PEP,PEPCO,3307.971,True
1/2/2026 12:00:00 PM,1/2/2026 7:00:00 AM,RFC,MIDATL,PEP,PEPCO,3479.319,True
1/2/2026 1:00:00 PM,1/2/2026 8:00:00 AM,RFC,MIDATL,PEP,PEPCO,3510.401,True
1/2/2026 2:00:00 PM,1/2/2026 9:00:00 AM,RFC,MIDATL,PEP,PEPCO,3581.921,True
1/2/2026 3:00:00 PM,1/2/2026 10:00:00 AM,RFC,MIDATL,PEP,PEPCO,3550.188,True
1/2/2026 4:00:00 PM,1/2/2026 11:00:00 AM,RFC,MIDATL,PEP,PEPCO,3541.539,True
1/2/2026 5:00:00 PM,1/2/2026 12:00:00 PM,RFC,MIDATL,PEP,PEPCO,3473.171,True
1/2/2026 6:00:00 PM,1/2/2026 1:00:00 PM,RFC,MIDATL,PEP,PEPCO,3401.929,True
1/2/2026 7:00:00 PM,1/2/2026 2:00:00 PM,RFC,MIDATL,PEP,PEPCO,3289.096,True
1/2/2026 8:00:00 PM,1/2/2026 3:00:00 PM,RFC,MIDATL,PEP,PEPCO,3183.067,True
1/2/2026 9:00:00 PM,1/2/2026 4:00:00 PM,RFC,MIDATL,PEP,PEPCO,3353.305,True
1/2/2026 10:00:00 PM,1/2/2026 5:00:00 PM,RFC,MIDATL,PEP,PEPCO,3504.321,True
1/2/2026 11:00:00 PM,1/2/2026 6:00:00 PM,RFC,MIDATL,PEP,PEPCO,3461.780,True
1/3/2026 12:00:00 AM,1/2/2026 7:00:00 PM,RFC,MIDATL,PEP,PEPCO,3428.554,True
1/3/2026 1:00:00 AM,1/2/2026 8:00:00 PM,RFC,MIDATL,PEP,PEPCO,3356.783,True
1/3/2026 2:00:00 AM,1/2/2026 9:00:00 PM,RFC,MIDATL,PEP,PEPCO,3268.100,True
1/3/2026 3:00:00 AM,1/2/2026 10:00:00 PM,RFC,MIDATL,PEP,PEPCO,3183.568,True
1/3/2026 4:00:00 AM,1/2/2026 11:00:00 PM,RFC,MIDATL,PEP,PEPCO,3076.548,True
1/3/2026 5:00:00 AM,1/3/2026 12:00:00 AM,RFC,MIDATL,PEP,PEPCO,3000.049,True
1/3/2026 6:00:00 AM,1/3/2026 1:00:00 AM,RFC,MIDATL,PEP,PEPCO,2921.865,True
1/3/2026 7:00:00 AM,1/3/2026 2:00:00 AM,RFC,MIDATL,PEP,PEPCO,2881.909,True
1/3/2026 8:00:00 AM,1/3/2026 3:00:00 AM,RFC,MIDATL,PEP,PEPCO,2841.284,True
1/3/2026 9:00:00 AM,1/3/2026 4:00:00 AM,RFC,MIDATL,PEP,PEPCO,2869.725,True
1/3/2026 10:00:00 AM,1/3/2026 5:00:00 AM,RFC,MIDATL,PEP,PEPCO,2919.313,True
1/3/2026 11:00:00 AM,1/3/2026 6:00:00 AM,RFC,MIDATL,PEP,PEPCO,3045.255,True
1/3/2026 12:00:00 PM,1/3/2026 7:00:00 AM,RFC,MIDATL,PEP,PEPCO,3157.761,True
1/3/2026 1:00:00 PM,1/3/2026 8:00:00 AM,RFC,MIDATL,PEP,PEPCO,3185.213,True
1/3/2026 2:00:00 PM,1/3/2026 9:00:00 AM,RFC,MIDATL,PEP,PEPCO,3192.084,True
1/3/2026 3:00:00 PM,1/3/2026 10:00:00 AM,RFC,MIDATL,PEP,PEPCO,3120.856,True
1/3/2026 4:00:00 PM,1/3/2026 11:00:00 AM,RFC,MIDATL,PEP,PEPCO,3057.440,True
1/3/2026 5:00:00 PM,1/3/2026 12:00:00 PM,RFC,MIDATL,PEP,PEPCO,2964.977,True
1/3/2026 6:00:00 PM,1/3/2026 1:00:00 PM,RFC,MIDATL,PEP,PEPCO,2957.831,True
1/3/2026 7:00:00 PM,1/3/2026 2:00:00 PM,RFC,MIDATL,PEP,PEPCO,2978.518,True
1/3/2026 8:00:00 PM,1/3/2026 3:00:00 PM,RFC,MIDATL,PEP,PEPCO,3020.291,True
1/3/2026 9:00:00 PM,1/3/2026 4:00:00 PM,RFC,MIDATL,PEP,PEPCO,3136.687,True
1/3/2026 10:00:00 PM,1/3/2026 5:00:00 PM,RFC,MIDATL,PEP,PEPCO,3255.723,True
1/3/2026 11:00:00 PM,1/3/2026 6:00:00 PM,RFC,MIDATL,PEP,PEPCO,3276.120,True
1/4/2026 12:00:00 AM,1/3/2026 7:00:00 PM,RFC,MIDATL,PEP,PEPCO,3234.250,True
1/4/2026 1:00:00 AM,1/3/2026 8:00:00 PM,RFC,MIDATL,PEP,PEPCO,3209.125,True
1/4/2026 2:00:00 AM,1/3/2026 9:00:00 PM,RFC,MIDATL,PEP,PEPCO,3155.815,True
1/4/2026 3:00:00 AM,1/3/2026 10:00:00 PM,RFC,MIDATL,PEP,PEPCO,3073.908,True
1/4/2026 4:00:00 AM,1/3/2026 11:00:00 PM,RFC,MIDATL,PEP,PEPCO,2934.733,True
1/4/2026 5:00:00 AM,1/4/2026 12:00:00 AM,RFC,MIDATL,PEP,PEPCO,2834.679,True
1/4/2026 6:00:00 AM,1/4/2026 1:00:00 AM,RFC,MIDATL,PEP,PEPCO,2746.417,True
1/4/2026 7:00:00 AM,1/4/2026 2:00:00 AM,RFC,MIDATL,PEP,PEPCO,2700.534,True
1/4/2026 8:00:00 AM,1/4/2026 3:00:00 AM,RFC,MIDATL,PEP,PEPCO,2653.307,True
1/4/2026 9:00:00 AM,1/4/2026 4:00:00 AM,RFC,MIDATL,PEP,PEPCO,2657.375,True
1/4/2026 10:00:00 AM,1/4/2026 5:00:00 AM,RFC,MIDATL,PEP,PEPCO,2706.739,True
1/4/2026 11:00:00 AM,1/4/2026 6:00:00 AM,RFC,MIDATL,PEP,PEPCO,2795.077,True
1/4/2026 12:00:00 PM,1/4/2026 7:00:00 AM,RFC,MIDATL,PEP,PEPCO,2884.701,True
1/4/2026 1:00:00 PM,1/4/2026 8:00:00 AM,RFC,MIDATL,PEP,PEPCO,2886.485,True
1/4/2026 2:00:00 PM,1/4/2026 9:00:00 AM,RFC,MIDATL,PEP,PEPCO,2928.579,True
1/4/2026 3:00:00 PM,1/4/2026 10:00:00 AM,RFC,MIDATL,PEP,PEPCO,2909.229,True
1/4/2026 4:00:00 PM,1/4/2026 11:00:00 AM,RFC,MIDATL,PEP,PEPCO,2817.493,True
1/4/2026 5:00:00 PM,1/4/2026 12:00:00 PM,RFC,MIDATL,PEP,PEPCO,2685.529,True
1/4/2026 6:00:00 PM,1/4/2026 1:00:00 PM,RFC,MIDATL,PEP,PEPCO,2608.884,True
1/4/2026 7:00:00 PM,1/4/2026 2:00:00 PM,RFC,MIDATL,PEP,PEPCO,2695.997,True
1/4/2026 8:00:00 PM,1/4/2026 3:00:00 PM,RFC,MIDATL,PEP,PEPCO,2801.327,True
1/4/2026 9:00:00 PM,1/4/2026 4:00:00 PM,RFC,MIDATL,PEP,PEPCO,2995.876,True
1/4/2026 10:00:00 PM,1/4/2026 5:00:00 PM,RFC,MIDATL,PEP,PEPCO,3175.198,True
1/4/2026 11:00:00 PM,1/4/2026 6:00:00 PM,RFC,MIDATL,PEP,PEPCO,3253.580,True
1/5/2026 12:00:00 AM,1/4/2026 7:00:00 PM,RFC,MIDATL,PEP,PEPCO,3293.704,True
1/5/2026 1:00:00 AM,1/4/2026 8:00:00 PM,RFC,MIDATL,PEP,PEPCO,3276.359,True
1/5/2026 2:00:00 AM,1/4/2026 9:00:00 PM,RFC,MIDATL,PEP,PEPCO,3206.523,True
1/5/2026 3:00:00 AM,1/4/2026 10:00:00 PM,RFC,MIDATL,PEP,PEPCO,3090.002,True
1/5/2026 4:00:00 AM,1/4/2026 11:00:00 PM,RFC,MIDATL,PEP,PEPCO,2969.106,True
1/5/2026 5:00:00 AM,1/5/2026 12:00:00 AM,RFC,MIDATL,PEP,PEPCO,2890.800,True
1/5/2026 6:00:00 AM,1/5/2026 1:00:00 AM,RFC,MIDATL,PEP,PEPCO,2817.729,True
1/5/2026 7:00:00 AM,1/5/2026 2:00:00 AM,RFC,MIDATL,PEP,PEPCO,2813.745,True
1/5/2026 8:00:00 AM,1/5/2026 3:00:00 AM,RFC,MIDATL,PEP,PEPCO,2822.088,True
1/5/2026 9:00:00 AM,1/5/2026 4:00:00 AM,RFC,MIDATL,PEP,PEPCO,2955.607,True
1/5/2026 10:00:00 AM,1/5/2026 5:00:00 AM,RFC,MIDATL,PEP,PEPCO,3234.356,True
1/5/2026 11:00:00 AM,1/5/2026 6:00:00 AM,RFC,MIDATL,PEP,PEPCO,3533.384,True
1/5/2026 12:00:00 PM,1/5/2026 7:00:00 AM,RFC,MIDATL,PEP,PEPCO,3706.350,True
1/5/2026 1:00:00 PM,1/5/2026 8:00:00 AM,RFC,MIDATL,PEP,PEPCO,3658.613,True
1/5/2026 2:00:00 PM,1/5/2026 9:00:00 AM,RFC,MIDATL,PEP,PEPCO,3610.581,True
1/5/2026 3:00:00 PM,1/5/2026 10:00:00 AM,RFC,MIDATL,PEP,PEPCO,3381.116,True
1/5/2026 4:00:00 PM,1/5/2026 11:00:00 AM,RFC,MIDATL,PEP,PEPCO,3341.283,True
1/5/2026 5:00:00 PM,1/5/2026 12:00:00 PM,RFC,MIDATL,PEP,PEPCO,3398.074,True
1/5/2026 6:00:00 PM,1/5/2026 1:00:00 PM,RFC,MIDATL,PEP,PEPCO,3349.130,True
1/5/2026 7:00:00 PM,1/5/2026 2:00:00 PM,RFC,MIDATL,PEP,PEPCO,3274.348,True
1/5/2026 8:00:00 PM,1/5/2026 3:00:00 PM,RFC,MIDATL,PEP,PEPCO,3256.860,True
1/5/2026 9:00:00 PM,1/5/2026 4:00:00 PM,RFC,MIDATL,PEP,PEPCO,3374.458,True
1/5/2026 10:00:00 PM,1/5/2026 5:00:00 PM,RFC,MIDATL,PEP,PEPCO,3446.462,True
1/5/2026 11:00:00 PM,1/5/2026 6:00:00 PM,RFC,MIDATL,PEP,PEPCO,3381.084,True
1/6/2026 12:00:00 AM,1/5/2026 7:00:00 PM,RFC,MIDATL,PEP,PEPCO,3273.738,True
1/6/2026 1:00:00 AM,1/5/2026 8:00:00 PM,RFC,MIDATL,PEP,PEPCO,3169.811,True
1/6/2026 2:00:00 AM,1/5/2026 9:00:00 PM,RFC,MIDATL,PEP,PEPCO,3095.991,True
1/6/2026 3:00:00 AM,1/5/2026 10:00:00 PM,RFC,MIDATL,PEP,PEPCO,2936.012,True
1/6/2026 4:00:00 AM,1/5/2026 11:00:00 PM,RFC,MIDATL,PEP,PEPCO,2746.356,True
1/6/2026 5:00:00 AM,1/6/2026 12:00:00 AM,RFC,MIDATL,PEP,PEPCO,2651.425,True
1/6/2026 6:00:00 AM,1/6/2026 1:00:00 AM,RFC,MIDATL,PEP,PEPCO,2585.241,True
1/6/2026 7:00:00 AM,1/6/2026 2:00:00 AM,RFC,MIDATL,PEP,PEPCO,2545.992,True
1/6/2026 8:00:00 AM,1/6/2026 3:00:00 AM,RFC,MIDATL,PEP,PEPCO,2561.322,True
1/6/2026 9:00:00 AM,1/6/2026 4:00:00 AM,RFC,MIDATL,PEP,PEPCO,2639.677,True
1/6/2026 10:00:00 AM,1/6/2026 5:00:00 AM,RFC,MIDATL,PEP,PEPCO,2908.103,True
1/6/2026 11:00:00 AM,1/6/2026 6:00:00 AM,RFC,MIDATL,PEP,PEPCO,3222.919,True
1/6/2026 12:00:00 PM,1/6/2026 7:00:00 AM,RFC,MIDATL,PEP,PEPCO,3400.289,True
1/6/2026 1:00:00 PM,1/6/2026 8:00:00 AM,RFC,MIDATL,PEP,PEPCO,3392.513,True
1/6/2026 2:00:00 PM,1/6/2026 9:00:00 AM,RFC,MIDATL,PEP,PEPCO,3281.051,True
1/6/2026 3:00:00 PM,1/6/2026 10:00:00 AM,RFC,MIDATL,PEP,PEPCO,3242.690,True
1/6/2026 4:00:00 PM,1/6/2026 11:00:00 AM,RFC,MIDATL,PEP,PEPCO,3157.083,True
1/6/2026 5:00:00 PM,1/6/2026 12:00:00 PM,RFC,MIDATL,PEP,PEPCO,3086.344,True
1/6/2026 6:00:00 PM,1/6/2026 1:00:00 PM,RFC,MIDATL,PEP,PEPCO,2956.198,True
1/6/2026 7:00:00 PM,1/6/2026 2:00:00 PM,RFC,MIDATL,PEP,PEPCO,2882.371,True
1/6/2026 8:00:00 PM,1/6/2026 3:00:00 PM,RFC,MIDATL,PEP,PEPCO,2929.984,True
1/6/2026 9:00:00 PM,1/6/2026 4:00:00 PM,RFC,MIDATL,PEP,PEPCO,3064.118,True
1/6/2026 10:00:00 PM,1/6/2026 5:00:00 PM,RFC,MIDATL,PEP,PEPCO,3147.775,True
1/6/2026 11:00:00 PM,1/6/2026 6:00:00 PM,RFC,MIDATL,PEP,PEPCO,3129.886,True
1/7/2026 12:00:00 AM,1/6/2026 7:00:00 PM,RFC,MIDATL,PEP,PEPCO,3022.496,True
1/7/2026 1:00:00 AM,1/6/2026 8:00:00 PM,RFC,MIDATL,PEP,PEPCO,2947.737,True
1/7/2026 2:00:00 AM,1/6/2026 9:00:00 PM,RFC,MIDATL,PEP,PEPCO,2880.231,True
1/7/2026 3:00:00 AM,1/6/2026 10:00:00 PM,RFC,MIDATL,PEP,PEPCO,2724.110,True
1/7/2026 4:00:00 AM,1/6/2026 11:00:00 PM,RFC,MIDATL,PEP,PEPCO,2594.523,True
1/7/2026 5:00:00 AM,1/7/2026 12:00:00 AM,RFC,MIDATL,PEP,PEPCO,2471.815,True
1/7/2026 6:00:00 AM,1/7/2026 1:00:00 AM,RFC,MIDATL,PEP,PEPCO,2389.997,True
1/7/2026 7:00:00 AM,1/7/2026 2:00:00 AM,RFC,MIDATL,PEP,PEPCO,2382.221,True
1/7/2026 8:00:00 AM,1/7/2026 3:00:00 AM,RFC,MIDATL,PEP,PEPCO,2385.778,True
1/7/2026 9:00:00 AM,1/7/2026 4:00:00 AM,RFC,MIDATL,PEP,PEPCO,2450.915,True
1/7/2026 10:00:00 AM,1/7/2026 5:00:00 AM,RFC,MIDATL,PEP,PEPCO,2686.960,True
1/7/2026 11:00:00 AM,1/7/2026 6:00:00 AM,RFC,MIDATL,PEP,PEPCO,2941.847,True
1/7/2026 12:00:00 PM,1/7/2026 7:00:00 AM,RFC,MIDATL,PEP,PEPCO,3156.251,True
1/7/2026 1:00:00 PM,1/7/2026 8:00:00 AM,RFC,MIDATL,PEP,PEPCO,3085.500,True
1/7/2026 2:00:00 PM,1/7/2026 9:00:00 AM,RFC,MIDATL,PEP,PEPCO,2918.146,True
1/7/2026 3:00:00 PM,1/7/2026 10:00:00 AM,RFC,MIDATL,PEP,PEPCO,2758.650,True
1/7/2026 4:00:00 PM,1/7/2026 11:00:00 AM,RFC,MIDATL,PEP,PEPCO,2653.848,True
1/7/2026 5:00:00 PM,1/7/2026 12:00:00 PM,RFC,MIDATL,PEP,PEPCO,2561.211,True
1/7/2026 6:00:00 PM,1/7/2026 1:00:00 PM,RFC,MIDATL,PEP,PEPCO,2520.245,True
1/7/2026 7:00:00 PM,1/7/2026 2:00:00 PM,RFC,MIDATL,PEP,PEPCO,2536.425,True
1/7/2026 8:00:00 PM,1/7/2026 3:00:00 PM,RFC,MIDATL,PEP,PEPCO,2618.108,True
1/7/2026 9:00:00 PM,1/7/2026 4:00:00 PM,RFC,MIDATL,PEP,PEPCO,2725.241,True
1/7/2026 10:00:00 PM,1/7/2026 5:00:00 PM,RFC,MIDATL,PEP,PEPCO,2870.432,True
1/7/2026 11:00:00 PM,1/7/2026 6:00:00 PM,RFC,MIDATL,PEP,PEPCO,2840.739,True
1/8/2026 12:00:00 AM,1/7/2026 7:00:00 PM,RFC,MIDATL,PEP,PEPCO,2813.253,True
1/8/2026 1:00:00 AM,1/7/2026 8:00:00 PM,RFC,MIDATL,PEP,PEPCO,2751.662,True
1/8/2026 2:00:00 AM,1/7/2026 9:00:00 PM,RFC,MIDATL,PEP,PEPCO,2705.872,True
1/8/2026 3:00:00 AM,1/7/2026 10:00:00 PM,RFC,MIDATL,PEP,PEPCO,2563.841,True
1/8/2026 4:00:00 AM,1/7/2026 11:00:00 PM,RFC,MIDATL,PEP,PEPCO,2420.302,True
1/8/2026 5:00:00 AM,1/8/2026 12:00:00 AM,RFC,MIDATL,PEP,PEPCO,2338.884,True
1/8/2026 6:00:00 AM,1/8/2026 1:00:00 AM,RFC,MIDATL,PEP,PEPCO,2258.665,True
1/8/2026 7:00:00 AM,1/8/2026 2:00:00 AM,RFC,MIDATL,PEP,PEPCO,2254.402,True
1/8/2026 8:00:00 AM,1/8/2026 3:00:00 AM,RFC,MIDATL,PEP,PEPCO,2313.467,True
1/8/2026 9:00:00 AM,1/8/2026 4:00:00 AM,RFC,MIDATL,PEP,PEPCO,2387.061,True
1/8/2026 10:00:00 AM,1/8/2026 5:00:00 AM,RFC,MIDATL,PEP,PEPCO,2678.671,True
1/8/2026 11:00:00 AM,1/8/2026 6:00:00 AM,RFC,MIDATL,PEP,PEPCO,3011.631,True
1/8/2026 12:00:00 PM,1/8/2026 7:00:00 AM,RFC,MIDATL,PEP,PEPCO,3188.549,True
1/8/2026 1:00:00 PM,1/8/2026 8:00:00 AM,RFC,MIDATL,PEP,PEPCO,3134.532,True
1/8/2026 2:00:00 PM,1/8/2026 9:00:00 AM,RFC,MIDATL,PEP,PEPCO,2904.487,True
1/8/2026 3:00:00 PM,1/8/2026 10:00:00 AM,RFC,MIDATL,PEP,PEPCO,2695.864,True
1/8/2026 4:00:00 PM,1/8/2026 11:00:00 AM,RFC,MIDATL,PEP,PEPCO,2590.203,True
1/8/2026 5:00:00 PM,1/8/2026 12:00:00 PM,RFC,MIDATL,PEP,PEPCO,2527.003,True
1/8/2026 6:00:00 PM,1/8/2026 1:00:00 PM,RFC,MIDATL,PEP,PEPCO,2532.792,True
1/8/2026 7:00:00 PM,1/8/2026 2:00:00 PM,RFC,MIDATL,PEP,PEPCO,2593.258,True
1/8/2026 8:00:00 PM,1/8/2026 3:00:00 PM,RFC,MIDATL,PEP,PEPCO,2619.369,True
1/8/2026 9:00:00 PM,1/8/2026 4:00:00 PM,RFC,MIDATL,PEP,PEPCO,2715.441,True
1/8/2026 10:00:00 PM,1/8/2026 5:00:00 PM,RFC,MIDATL,PEP,PEPCO,2913.756,True
1/8/2026 11:00:00 PM,1/8/2026 6:00:00 PM,RFC,MIDATL,PEP,PEPCO,2875.467,True
1/9/2026 12:00:00 AM,1/8/2026 7:00:00 PM,RFC,MIDATL,PEP,PEPCO,2850.775,True
1/9/2026 1:00:00 AM,1/8/2026 8:00:00 PM,RFC,MIDATL,PEP,PEPCO,2791.319,True
1/9/2026 2:00:00 AM,1/8/2026 9:00:00 PM,RFC,MIDATL,PEP,PEPCO,2768.566,True
1/9/2026 3:00:00 AM,1/8/2026 10:00:00 PM,RFC,MIDATL,PEP,PEPCO,2602.380,True
1/9/2026 4:00:00 AM,1/8/2026 11:00:00 PM,RFC,MIDATL,PEP,PEPCO,2441.946,True
1/9/2026 5:00:00 AM,1/9/2026 12:00:00 AM,RFC,MIDATL,PEP,PEPCO,2348.241,True
1/9/2026 6:00:00 AM,1/9/2026 1:00:00 AM,RFC,MIDATL,PEP,PEPCO,2252.231,True
1/9/2026 7:00:00 AM,1/9/2026 2:00:00 AM,RFC,MIDATL,PEP,PEPCO,2194.442,True
1/9/2026 8:00:00 AM,1/9/2026 3:00:00 AM,RFC,MIDATL,PEP,PEPCO,2212.637,True
1/9/2026 9:00:00 AM,1/9/2026 4:00:00 AM,RFC,MIDATL,PEP,PEPCO,2310.441,True
1/9/2026 10:00:00 AM,1/9/2026 5:00:00 AM,RFC,MIDATL,PEP,PEPCO,2553.921,True
1/9/2026 11:00:00 AM,1/9/2026 6:00:00 AM,RFC,MIDATL,PEP,PEPCO,2849.002,True
1/9/2026 12:00:00 PM,1/9/2026 7:00:00 AM,RFC,MIDATL,PEP,PEPCO,3012.520,True
1/9/2026 1:00:00 PM,1/9/2026 8:00:00 AM,RFC,MIDATL,PEP,PEPCO,3047.773,True
1/9/2026 2:00:00 PM,1/9/2026 9:00:00 AM,RFC,MIDATL,PEP,PEPCO,3012.473,True
1/9/2026 3:00:00 PM,1/9/2026 10:00:00 AM,RFC,MIDATL,PEP,PEPCO,2972.026,True
1/9/2026 4:00:00 PM,1/9/2026 11:00:00 AM,RFC,MIDATL,PEP,PEPCO,2977.729,True
1/9/2026 5:00:00 PM,1/9/2026 12:00:00 PM,RFC,MIDATL,PEP,PEPCO,2954.080,True
1/9/2026 6:00:00 PM,1/9/2026 1:00:00 PM,RFC,MIDATL,PEP,PEPCO,2959.285,True
1/9/2026 7:00:00 PM,1/9/2026 2:00:00 PM,RFC,MIDATL,PEP,PEPCO,2900.254,True
1/9/2026 8:00:00 PM,1/9/2026 3:00:00 PM,RFC,MIDATL,PEP,PEPCO,2899.433,True
1/9/2026 9:00:00 PM,1/9/2026 4:00:00 PM,RFC,MIDATL,PEP,PEPCO,2933.958,True
1/9/2026 10:00:00 PM,1/9/2026 5:00:00 PM,RFC,MIDATL,PEP,PEPCO,2982.998,True
1/9/2026 11:00:00 PM,1/9/2026 6:00:00 PM,RFC,MIDATL,PEP,PEPCO,2868.497,True
1/10/2026 12:00:00 AM,1/9/2026 7:00:00 PM,RFC,MIDATL,PEP,PEPCO,2774.188,True
1/10/2026 1:00:00 AM,1/9/2026 8:00:00 PM,RFC,MIDATL,PEP,PEPCO,2683.958,True
1/10/2026 2:00:00 AM,1/9/2026 9:00:00 PM,RFC,MIDATL,PEP,PEPCO,2578.156,True
1/10/2026 3:00:00 AM,1/9/2026 10:00:00 PM,RFC,MIDATL,PEP,PEPCO,2475.738,True
1/10/2026 4:00:00 AM,1/9/2026 11:00:00 PM,RFC,MIDATL,PEP,PEPCO,2340.135,True
1/10/2026 5:00:00 AM,1/10/2026 12:00:00 AM,RFC,MIDATL,PEP,PEPCO,2246.451,True
1/10/2026 6:00:00 AM,1/10/2026 1:00:00 AM,RFC,MIDATL,PEP,PEPCO,2178.537,True
1/10/2026 7:00:00 AM,1/10/2026 2:00:00 AM,RFC,MIDATL,PEP,PEPCO,2093.297,True
1/10/2026 8:00:00 AM,1/10/2026 3:00:00 AM,RFC,MIDATL,PEP,PEPCO,2062.946,True
1/10/2026 9:00:00 AM,1/10/2026 4:00:00 AM,RFC,MIDATL,PEP,PEPCO,2029.470,True
1/10/2026 10:00:00 AM,1/10/2026 5:00:00 AM,RFC,MIDATL,PEP,PEPCO,2089.802,True
1/10/2026 11:00:00 AM,1/10/2026 6:00:00 AM,RFC,MIDATL,PEP,PEPCO,2196.465,True
1/10/2026 12:00:00 PM,1/10/2026 7:00:00 AM,RFC,MIDATL,PEP,PEPCO,2325.246,True
1/10/2026 1:00:00 PM,1/10/2026 8:00:00 AM,RFC,MIDATL,PEP,PEPCO,2417.703,True
1/10/2026 2:00:00 PM,1/10/2026 9:00:00 AM,RFC,MIDATL,PEP,PEPCO,2533.851,True
1/10/2026 3:00:00 PM,1/10/2026 10:00:00 AM,RFC,MIDATL,PEP,PEPCO,2606.685,True
1/10/2026 4:00:00 PM,1/10/2026 11:00:00 AM,RFC,MIDATL,PEP,PEPCO,2619.973,True
1/10/2026 5:00:00 PM,1/10/2026 12:00:00 PM,RFC,MIDATL,PEP,PEPCO,2697.769,True
1/10/2026 6:00:00 PM,1/10/2026 1:00:00 PM,RFC,MIDATL,PEP,PEPCO,2705.557,True
1/10/2026 7:00:00 PM,1/10/2026 2:00:00 PM,RFC,MIDATL,PEP,PEPCO,2702.472,True
1/10/2026 8:00:00 PM,1/10/2026 3:00:00 PM,RFC,MIDATL,PEP,PEPCO,2718.277,True
1/10/2026 9:00:00 PM,1/10/2026 4:00:00 PM,RFC,MIDATL,PEP,PEPCO,2723.938,True
1/10/2026 10:00:00 PM,1/10/2026 5:00:00 PM,RFC,MIDATL,PEP,PEPCO,2802.413,True
1/10/2026 11:00:00 PM,1/10/2026 6:00:00 PM,RFC,MIDATL,PEP,PEPCO,2783.874,True
1/11/2026 12:00:00 AM,1/10/2026 7:00:00 PM,RFC,MIDATL,PEP,PEPCO,2746.190,True
1/11/2026 1:00:00 AM,1/10/2026 8:00:00 PM,RFC,MIDATL,PEP,PEPCO,2664.592,True
1/11/2026 2:00:00 AM,1/10/2026 9:00:00 PM,RFC,MIDATL,PEP,PEPCO,2632.506,True
1/11/2026 3:00:00 AM,1/10/2026 10:00:00 PM,RFC,MIDATL,PEP,PEPCO,2538.965,True
1/11/2026 4:00:00 AM,1/10/2026 11:00:00 PM,RFC,MIDATL,PEP,PEPCO,2382.976,True
1/11/2026 5:00:00 AM,1/11/2026 12:00:00 AM,RFC,MIDATL,PEP,PEPCO,2322.205,True
1/11/2026 6:00:00 AM,1/11/2026 1:00:00 AM,RFC,MIDATL,PEP,PEPCO,2233.315,True
1/11/2026 7:00:00 AM,1/11/2026 2:00:00 AM,RFC,MIDATL,PEP,PEPCO,2172.014,True
1/11/2026 8:00:00 AM,1/11/2026 3:00:00 AM,RFC,MIDATL,PEP,PEPCO,2109.981,True
1/11/2026 9:00:00 AM,1/11/2026 4:00:00 AM,RFC,MIDATL,PEP,PEPCO,2112.574,True
1/11/2026 10:00:00 AM,1/11/2026 5:00:00 AM,RFC,MIDATL,PEP,PEPCO,2175.198,True
1/11/2026 11:00:00 AM,1/11/2026 6:00:00 AM,RFC,MIDATL,PEP,PEPCO,2296.557,True
1/11/2026 12:00:00 PM,1/11/2026 7:00:00 AM,RFC,MIDATL,PEP,PEPCO,2416.958,True
1/11/2026 1:00:00 PM,1/11/2026 8:00:00 AM,RFC,MIDATL,PEP,PEPCO,2473.565,True
1/11/2026 2:00:00 PM,1/11/2026 9:00:00 AM,RFC,MIDATL,PEP,PEPCO,2402.657,True
1/11/2026 3:00:00 PM,1/11/2026 10:00:00 AM,RFC,MIDATL,PEP,PEPCO,2308.847,True
1/11/2026 4:00:00 PM,1/11/2026 11:00:00 AM,RFC,MIDATL,PEP,PEPCO,2300.122,True
1/11/2026 5:00:00 PM,1/11/2026 12:00:00 PM,RFC,MIDATL,PEP,PEPCO,2409.355,True
1/11/2026 6:00:00 PM,1/11/2026 1:00:00 PM,RFC,MIDATL,PEP,PEPCO,2406.653,True
1/11/2026 7:00:00 PM,1/11/2026 2:00:00 PM,RFC,MIDATL,PEP,PEPCO,2516.383,True
1/11/2026 8:00:00 PM,1/11/2026 3:00:00 PM,RFC,MIDATL,PEP,PEPCO,2629.237,True
1/11/2026 9:00:00 PM,1/11/2026 4:00:00 PM,RFC,MIDATL,PEP,PEPCO,2868.331,True
1/11/2026 10:00:00 PM,1/11/2026 5:00:00 PM,RFC,MIDATL,PEP,PEPCO,3116.274,True
1/11/2026 11:00:00 PM,1/11/2026 6:00:00 PM,RFC,MIDATL,PEP,PEPCO,3229.344,True
1/12/2026 12:00:00 AM,1/11/2026 7:00:00 PM,RFC,MIDATL,PEP,PEPCO,3216.512,True
1/12/2026 1:00:00 AM,1/11/2026 8:00:00 PM,RFC,MIDATL,PEP,PEPCO,3178.519,True
1/12/2026 2:00:00 AM,1/11/2026 9:00:00 PM,RFC,MIDATL,PEP,PEPCO,3120.950,True
1/12/2026 3:00:00 AM,1/11/2026 10:00:00 PM,RFC,MIDATL,PEP,PEPCO,3006.634,True
1/12/2026 4:00:00 AM,1/11/2026 11:00:00 PM,RFC,MIDATL,PEP,PEPCO,2830.556,True
1/12/2026 5:00:00 AM,1/12/2026 12:00:00 AM,RFC,MIDATL,PEP,PEPCO,2711.091,True
1/12/2026 6:00:00 AM,1/12/2026 1:00:00 AM,RFC,MIDATL,PEP,PEPCO,2584.115,True
1/12/2026 7:00:00 AM,1/12/2026 2:00:00 AM,RFC,MIDATL,PEP,PEPCO,2597.781,True
1/12/2026 8:00:00 AM,1/12/2026 3:00:00 AM,RFC,MIDATL,PEP,PEPCO,2614.041,True
1/12/2026 9:00:00 AM,1/12/2026 4:00:00 AM,RFC,MIDATL,PEP,PEPCO,2722.296,True
1/12/2026 10:00:00 AM,1/12/2026 5:00:00 AM,RFC,MIDATL,PEP,PEPCO,2969.137,True
1/12/2026 11:00:00 AM,1/12/2026 6:00:00 AM,RFC,MIDATL,PEP,PEPCO,3293.128,True
1/12/2026 12:00:00 PM,1/12/2026 7:00:00 AM,RFC,MIDATL,PEP,PEPCO,3420.878,True
1/12/2026 1:00:00 PM,1/12/2026 8:00:00 AM,RFC,MIDATL,PEP,PEPCO,3387.467,True
1/12/2026 2:00:00 PM,1/12/2026 9:00:00 AM,RFC,MIDATL,PEP,PEPCO,3170.376,True
1/12/2026 3:00:00 PM,1/12/2026 10:00:00 AM,RFC,MIDATL,PEP,PEPCO,3013.557,True
1/12/2026 4:00:00 PM,1/12/2026 11:00:00 AM,RFC,MIDATL,PEP,PEPCO,2851.011,True
1/12/2026 5:00:00 PM,1/12/2026 12:00:00 PM,RFC,MIDATL,PEP,PEPCO,2781.976,True
1/12/2026 6:00:00 PM,1/12/2026 1:00:00 PM,RFC,MIDATL,PEP,PEPCO,2740.893,True
1/12/2026 7:00:00 PM,1/12/2026 2:00:00 PM,RFC,MIDATL,PEP,PEPCO,2722.468,True
1/12/2026 8:00:00 PM,1/12/2026 3:00:00 PM,RFC,MIDATL,PEP,PEPCO,2831.395,True
1/12/2026 9:00:00 PM,1/12/2026 4:00:00 PM,RFC,MIDATL,PEP,PEPCO,3001.351,True
1/12/2026 10:00:00 PM,1/12/2026 5:00:00 PM,RFC,MIDATL,PEP,PEPCO,3157.586,True
1/12/2026 11:00:00 PM,1/12/2026 6:00:00 PM,RFC,MIDATL,PEP,PEPCO,3167.180,True
1/13/2026 12:00:00 AM,1/12/2026 7:00:00 PM,RFC,MIDATL,PEP,PEPCO,3127.845,True
1/13/2026 1:00:00 AM,1/12/2026 8:00:00 PM,RFC,MIDATL,PEP,PEPCO,3102.682,True
1/13/2026 2:00:00 AM,1/12/2026 9:00:00 PM,RFC,MIDATL,PEP,PEPCO,3029.562,True
1/13/2026 3:00:00 AM,1/12/2026 10:00:00 PM,RFC,MIDATL,PEP,PEPCO,2867.341,True
1/13/2026 4:00:00 AM,1/12/2026 11:00:00 PM,RFC,MIDATL,PEP,PEPCO,2736.930,True
1/13/2026 5:00:00 AM,1/13/2026 12:00:00 AM,RFC,MIDATL,PEP,PEPCO,2637.927,True
1/13/2026 6:00:00 AM,1/13/2026 1:00:00 AM,RFC,MIDATL,PEP,PEPCO,2573.978,True
1/13/2026 7:00:00 AM,1/13/2026 2:00:00 AM,RFC,MIDATL,PEP,PEPCO,2572.520,True
1/13/2026 8:00:00 AM,1/13/2026 3:00:00 AM,RFC,MIDATL,PEP,PEPCO,2592.868,True
1/13/2026 9:00:00 AM,1/13/2026 4:00:00 AM,RFC,MIDATL,PEP,PEPCO,2691.600,True
1/13/2026 10:00:00 AM,1/13/2026 5:00:00 AM,RFC,MIDATL,PEP,PEPCO,2990.144,True
1/13/2026 11:00:00 AM,1/13/2026 6:00:00 AM,RFC,MIDATL,PEP,PEPCO,3333.262,True
1/13/2026 12:00:00 PM,1/13/2026 7:00:00 AM,RFC,MIDATL,PEP,PEPCO,3515.504,True
1/13/2026 1:00:00 PM,1/13/2026 8:00:00 AM,RFC,MIDATL,PEP,PEPCO,3433.344,True
1/13/2026 2:00:00 PM,1/13/2026 9:00:00 AM,RFC,MIDATL,PEP,PEPCO,3147.388,True
1/13/2026 3:00:00 PM,1/13/2026 10:00:00 AM,RFC,MIDATL,PEP,PEPCO,2904.226,True
1/13/2026 4:00:00 PM,1/13/2026 11:00:00 AM,RFC,MIDATL,PEP,PEPCO,2753.680,True
1/13/2026 5:00:00 PM,1/13/2026 12:00:00 PM,RFC,MIDATL,PEP,PEPCO,2668.197,True
1/13/2026 6:00:00 PM,1/13/2026 1:00:00 PM,RFC,MIDATL,PEP,PEPCO,2682.598,True
1/13/2026 7:00:00 PM,1/13/2026 2:00:00 PM,RFC,MIDATL,PEP,PEPCO,2677.094,True
1/13/2026 8:00:00 PM,1/13/2026 3:00:00 PM,RFC,MIDATL,PEP,PEPCO,2823.636,True
1/13/2026 9:00:00 PM,1/13/2026 4:00:00 PM,RFC,MIDATL,PEP,PEPCO,2952.028,True
1/13/2026 10:00:00 PM,1/13/2026 5:00:00 PM,RFC,MIDATL,PEP,PEPCO,3095.883,True
1/13/2026 11:00:00 PM,1/13/2026 6:00:00 PM,RFC,MIDATL,PEP,PEPCO,3040.692,True
1/14/2026 12:00:00 AM,1/13/2026 7:00:00 PM,RFC,MIDATL,PEP,PEPCO,2962.943,True
1/14/2026 1:00:00 AM,1/13/2026 8:00:00 PM,RFC,MIDATL,PEP,PEPCO,2920.558,True
1/14/2026 2:00:00 AM,1/13/2026 9:00:00 PM,RFC,MIDATL,PEP,PEPCO,2825.466,True
1/14/2026 3:00:00 AM,1/13/2026 10:00:00 PM,RFC,MIDATL,PEP,PEPCO,2621.821,True
1/14/2026 4:00:00 AM,1/13/2026 11:00:00 PM,RFC,MIDATL,PEP,PEPCO,2486.300,True
1/14/2026 5:00:00 AM,1/14/2026 12:00:00 AM,RFC,MIDATL,PEP,PEPCO,2325.680,True
1/14/2026 6:00:00 AM,1/14/2026 1:00:00 AM,RFC,MIDATL,PEP,PEPCO,2242.427,True
1/14/2026 7:00:00 AM,1/14/2026 2:00:00 AM,RFC,MIDATL,PEP,PEPCO,2192.967,True
1/14/2026 8:00:00 AM,1/14/2026 3:00:00 AM,RFC,MIDATL,PEP,PEPCO,2189.283,True
1/14/2026 9:00:00 AM,1/14/2026 4:00:00 AM,RFC,MIDATL,PEP,PEPCO,2251.277,True
1/14/2026 10:00:00 AM,1/14/2026 5:00:00 AM,RFC,MIDATL,PEP,PEPCO,2486.454,True
1/14/2026 11:00:00 AM,1/14/2026 6:00:00 AM,RFC,MIDATL,PEP,PEPCO,2785.518,True
1/14/2026 12:00:00 PM,1/14/2026 7:00:00 AM,RFC,MIDATL,PEP,PEPCO,2952.422,True
1/14/2026 1:00:00 PM,1/14/2026 8:00:00 AM,RFC,MIDATL,PEP,PEPCO,2926.094,True
1/14/2026 2:00:00 PM,1/14/2026 9:00:00 AM,RFC,MIDATL,PEP,PEPCO,2891.688,True
1/14/2026 3:00:00 PM,1/14/2026 10:00:00 AM,RFC,MIDATL,PEP,PEPCO,2838.987,True
1/14/2026 4:00:00 PM,1/14/2026 11:00:00 AM,RFC,MIDATL,PEP,PEPCO,2820.692,True
1/14/2026 5:00:00 PM,1/14/2026 12:00:00 PM,RFC,MIDATL,PEP,PEPCO,2788.603,True
1/14/2026 6:00:00 PM,1/14/2026 1:00:00 PM,RFC,MIDATL,PEP,PEPCO,2823.992,True
1/14/2026 7:00:00 PM,1/14/2026 2:00:00 PM,RFC,MIDATL,PEP,PEPCO,2834.642,True
1/14/2026 8:00:00 PM,1/14/2026 3:00:00 PM,RFC,MIDATL,PEP,PEPCO,2836.913,True
1/14/2026 9:00:00 PM,1/14/2026 4:00:00 PM,RFC,MIDATL,PEP,PEPCO,2951.023,True
1/14/2026 10:00:00 PM,1/14/2026 5:00:00 PM,RFC,MIDATL,PEP,PEPCO,3043.781,True
1/14/2026 11:00:00 PM,1/14/2026 6:00:00 PM,RFC,MIDATL,PEP,PEPCO,2988.625,True
1/15/2026 12:00:00 AM,1/14/2026 7:00:00 PM,RFC,MIDATL,PEP,PEPCO,2932.381,True
1/15/2026 1:00:00 AM,1/14/2026 8:00:00 PM,RFC,MIDATL,PEP,PEPCO,2882.397,True
1/15/2026 2:00:00 AM,1/14/2026 9:00:00 PM,RFC,MIDATL,PEP,PEPCO,2766.757,True
1/15/2026 3:00:00 AM,1/14/2026 10:00:00 PM,RFC,MIDATL,PEP,PEPCO,2614.023,True
1/15/2026 4:00:00 AM,1/14/2026 11:00:00 PM,RFC,MIDATL,PEP,PEPCO,2423.447,True
1/15/2026 5:00:00 AM,1/15/2026 12:00:00 AM,RFC,MIDATL,PEP,PEPCO,2295.902,True
1/15/2026 6:00:00 AM,1/15/2026 1:00:00 AM,RFC,MIDATL,PEP,PEPCO,2236.201,True
1/15/2026 7:00:00 AM,1/15/2026 2:00:00 AM,RFC,MIDATL,PEP,PEPCO,2237.676,True
1/15/2026 8:00:00 AM,1/15/2026 3:00:00 AM,RFC,MIDATL,PEP,PEPCO,2267.860,True
1/15/2026 9:00:00 AM,1/15/2026 4:00:00 AM,RFC,MIDATL,PEP,PEPCO,2454.201,True
1/15/2026 10:00:00 AM,1/15/2026 5:00:00 AM,RFC,MIDATL,PEP,PEPCO,2741.154,True
1/15/2026 11:00:00 AM,1/15/2026 6:00:00 AM,RFC,MIDATL,PEP,PEPCO,3148.829,True
1/15/2026 12:00:00 PM,1/15/2026 7:00:00 AM,RFC,MIDATL,PEP,PEPCO,3385.709,True
1/15/2026 1:00:00 PM,1/15/2026 8:00:00 AM,RFC,MIDATL,PEP,PEPCO,3345.338,True
1/15/2026 2:00:00 PM,1/15/2026 9:00:00 AM,RFC,MIDATL,PEP,PEPCO,3232.128,True
1/15/2026 3:00:00 PM,1/15/2026 10:00:00 AM,RFC,MIDATL,PEP,PEPCO,3064.605,True
1/15/2026 4:00:00 PM,1/15/2026 11:00:00 AM,RFC,MIDATL,PEP,PEPCO,3024.196,True
1/15/2026 5:00:00 PM,1/15/2026 12:00:00 PM,RFC,MIDATL,PEP,PEPCO,2974.202,True
1/15/2026 6:00:00 PM,1/15/2026 1:00:00 PM,RFC,MIDATL,PEP,PEPCO,2961.251,True
1/15/2026 7:00:00 PM,1/15/2026 2:00:00 PM,RFC,MIDATL,PEP,PEPCO,3024.678,True
1/15/2026 8:00:00 PM,1/15/2026 3:00:00 PM,RFC,MIDATL,PEP,PEPCO,3136.649,True
1/15/2026 9:00:00 PM,1/15/2026 4:00:00 PM,RFC,MIDATL,PEP,PEPCO,3439.947,True
1/15/2026 10:00:00 PM,1/15/2026 5:00:00 PM,RFC,MIDATL,PEP,PEPCO,3691.589,True
1/15/2026 11:00:00 PM,1/15/2026 6:00:00 PM,RFC,MIDATL,PEP,PEPCO,3742.038,True
1/16/2026 12:00:00 AM,1/15/2026 7:00:00 PM,RFC,MIDATL,PEP,PEPCO,3747.986,True
1/16/2026 1:00:00 AM,1/15/2026 8:00:00 PM,RFC,MIDATL,PEP,PEPCO,3710.647,True
1/16/2026 2:00:00 AM,1/15/2026 9:00:00 PM,RFC,MIDATL,PEP,PEPCO,3575.601,True
1/16/2026 3:00:00 AM,1/15/2026 10:00:00 PM,RFC,MIDATL,PEP,PEPCO,3505.803,True
1/16/2026 4:00:00 AM,1/15/2026 11:00:00 PM,RFC,MIDATL,PEP,PEPCO,3311.278,True
1/16/2026 5:00:00 AM,1/16/2026 12:00:00 AM,RFC,MIDATL,PEP,PEPCO,3174.699,True
1/16/2026 6:00:00 AM,1/16/2026 1:00:00 AM,RFC,MIDATL,PEP,PEPCO,3116.664,True
1/16/2026 7:00:00 AM,1/16/2026 2:00:00 AM,RFC,MIDATL,PEP,PEPCO,3114.551,True
1/16/2026 8:00:00 AM,1/16/2026 3:00:00 AM,RFC,MIDATL,PEP,PEPCO,3162.079,True
1/16/2026 9:00:00 AM,1/16/2026 4:00:00 AM,RFC,MIDATL,PEP,PEPCO,3209.749,True
1/16/2026 10:00:00 AM,1/16/2026 5:00:00 AM,RFC,MIDATL,PEP,PEPCO,3472.223,True
1/16/2026 11:00:00 AM,1/16/2026 6:00:00 AM,RFC,MIDATL,PEP,PEPCO,3754.357,True
1/16/2026 12:00:00 PM,1/16/2026 7:00:00 AM,RFC,MIDATL,PEP,PEPCO,3907.976,True
1/16/2026 1:00:00 PM,1/16/2026 8:00:00 AM,RFC,MIDATL,PEP,PEPCO,3846.759,True
1/16/2026 2:00:00 PM,1/16/2026 9:00:00 AM,RFC,MIDATL,PEP,PEPCO,3659.956,True
1/16/2026 3:00:00 PM,1/16/2026 10:00:00 AM,RFC,MIDATL,PEP,PEPCO,3634.206,True
1/16/2026 4:00:00 PM,1/16/2026 11:00:00 AM,RFC,MIDATL,PEP,PEPCO,3523.980,True
1/16/2026 5:00:00 PM,1/16/2026 12:00:00 PM,RFC,MIDATL,PEP,PEPCO,3461.630,True
1/16/2026 6:00:00 PM,1/16/2026 1:00:00 PM,RFC,MIDATL,PEP,PEPCO,3385.267,True
1/16/2026 7:00:00 PM,1/16/2026 2:00:00 PM,RFC,MIDATL,PEP,PEPCO,3416.692,True
1/16/2026 8:00:00 PM,1/16/2026 3:00:00 PM,RFC,MIDATL,PEP,PEPCO,3500.910,True
1/16/2026 9:00:00 PM,1/16/2026 4:00:00 PM,RFC,MIDATL,PEP,PEPCO,3584.329,True
1/16/2026 10:00:00 PM,1/16/2026 5:00:00 PM,RFC,MIDATL,PEP,PEPCO,3655.886,True
1/16/2026 11:00:00 PM,1/16/2026 6:00:00 PM,RFC,MIDATL,PEP,PEPCO,3535.810,True
1/17/2026 12:00:00 AM,1/16/2026 7:00:00 PM,RFC,MIDATL,PEP,PEPCO,3427.559,True
1/17/2026 1:00:00 AM,1/16/2026 8:00:00 PM,RFC,MIDATL,PEP,PEPCO,3286.815,True
1/17/2026 2:00:00 AM,1/16/2026 9:00:00 PM,RFC,MIDATL,PEP,PEPCO,3189.181,True
1/17/2026 3:00:00 AM,1/16/2026 10:00:00 PM,RFC,MIDATL,PEP,PEPCO,3038.231,True
1/17/2026 4:00:00 AM,1/16/2026 11:00:00 PM,RFC,MIDATL,PEP,PEPCO,2836.450,True
1/17/2026 5:00:00 AM,1/17/2026 12:00:00 AM,RFC,MIDATL,PEP,PEPCO,2754.150,True
1/17/2026 6:00:00 AM,1/17/2026 1:00:00 AM,RFC,MIDATL,PEP,PEPCO,2679.510,True
1/17/2026 7:00:00 AM,1/17/2026 2:00:00 AM,RFC,MIDATL,PEP,PEPCO,2587.517,True
1/17/2026 8:00:00 AM,1/17/2026 3:00:00 AM,RFC,MIDATL,PEP,PEPCO,2537.056,True
1/17/2026 9:00:00 AM,1/17/2026 4:00:00 AM,RFC,MIDATL,PEP,PEPCO,2573.188,True
1/17/2026 10:00:00 AM,1/17/2026 5:00:00 AM,RFC,MIDATL,PEP,PEPCO,2587.290,True
1/17/2026 11:00:00 AM,1/17/2026 6:00:00 AM,RFC,MIDATL,PEP,PEPCO,2727.269,True
1/17/2026 12:00:00 PM,1/17/2026 7:00:00 AM,RFC,MIDATL,PEP,PEPCO,2819.596,True
1/17/2026 1:00:00 PM,1/17/2026 8:00:00 AM,RFC,MIDATL,PEP,PEPCO,2948.430,True
1/17/2026 2:00:00 PM,1/17/2026 9:00:00 AM,RFC,MIDATL,PEP,PEPCO,3040.385,True
1/17/2026 3:00:00 PM,1/17/2026 10:00:00 AM,RFC,MIDATL,PEP,PEPCO,3169.250,True
1/17/2026 4:00:00 PM,1/17/2026 11:00:00 AM,RFC,MIDATL,PEP,PEPCO,3156.423,True
1/17/2026 5:00:00 PM,1/17/2026 12:00:00 PM,RFC,MIDATL,PEP,PEPCO,3052.733,True
1/17/2026 6:00:00 PM,1/17/2026 1:00:00 PM,RFC,MIDATL,PEP,PEPCO,2913.881,True
1/17/2026 7:00:00 PM,1/17/2026 2:00:00 PM,RFC,MIDATL,PEP,PEPCO,2794.016,True
1/17/2026 8:00:00 PM,1/17/2026 3:00:00 PM,RFC,MIDATL,PEP,PEPCO,2730.216,True
1/17/2026 9:00:00 PM,1/17/2026 4:00:00 PM,RFC,MIDATL,PEP,PEPCO,2845.563,True
1/17/2026 10:00:00 PM,1/17/2026 5:00:00 PM,RFC,MIDATL,PEP,PEPCO,2971.060,True
1/17/2026 11:00:00 PM,1/17/2026 6:00:00 PM,RFC,MIDATL,PEP,PEPCO,3071.909,True
1/18/2026 12:00:00 AM,1/17/2026 7:00:00 PM,RFC,MIDATL,PEP,PEPCO,3065.642,True
1/18/2026 1:00:00 AM,1/17/2026 8:00:00 PM,RFC,MIDATL,PEP,PEPCO,3048.644,True
1/18/2026 2:00:00 AM,1/17/2026 9:00:00 PM,RFC,MIDATL,PEP,PEPCO,3001.939,True
1/18/2026 3:00:00 AM,1/17/2026 10:00:00 PM,RFC,MIDATL,PEP,PEPCO,2902.022,True
1/18/2026 4:00:00 AM,1/17/2026 11:00:00 PM,RFC,MIDATL,PEP,PEPCO,2759.588,True
1/18/2026 5:00:00 AM,1/18/2026 12:00:00 AM,RFC,MIDATL,PEP,PEPCO,2694.676,True
1/18/2026 6:00:00 AM,1/18/2026 1:00:00 AM,RFC,MIDATL,PEP,PEPCO,2608.083,True
1/18/2026 7:00:00 AM,1/18/2026 2:00:00 AM,RFC,MIDATL,PEP,PEPCO,2516.088,True
1/18/2026 8:00:00 AM,1/18/2026 3:00:00 AM,RFC,MIDATL,PEP,PEPCO,2518.756,True
1/18/2026 9:00:00 AM,1/18/2026 4:00:00 AM,RFC,MIDATL,PEP,PEPCO,2477.240,True
1/18/2026 10:00:00 AM,1/18/2026 5:00:00 AM,RFC,MIDATL,PEP,PEPCO,2533.273,True
1/18/2026 11:00:00 AM,1/18/2026 6:00:00 AM,RFC,MIDATL,PEP,PEPCO,2640.764,True
1/18/2026 12:00:00 PM,1/18/2026 7:00:00 AM,RFC,MIDATL,PEP,PEPCO,2713.623,True
1/18/2026 1:00:00 PM,1/18/2026 8:00:00 AM,RFC,MIDATL,PEP,PEPCO,2818.535,True
1/18/2026 2:00:00 PM,1/18/2026 9:00:00 AM,RFC,MIDATL,PEP,PEPCO,2855.196,True
1/18/2026 3:00:00 PM,1/18/2026 10:00:00 AM,RFC,MIDATL,PEP,PEPCO,2968.886,True
1/18/2026 4:00:00 PM,1/18/2026 11:00:00 AM,RFC,MIDATL,PEP,PEPCO,2972.726,True
1/18/2026 5:00:00 PM,1/18/2026 12:00:00 PM,RFC,MIDATL,PEP,PEPCO,3016.158,True
1/18/2026 6:00:00 PM,1/18/2026 1:00:00 PM,RFC,MIDATL,PEP,PEPCO,3025.299,True
1/18/2026 7:00:00 PM,1/18/2026 2:00:00 PM,RFC,MIDATL,PEP,PEPCO,3099.343,True
1/18/2026 8:00:00 PM,1/18/2026 3:00:00 PM,RFC,MIDATL,PEP,PEPCO,3110.546,True
1/18/2026 9:00:00 PM,1/18/2026 4:00:00 PM,RFC,MIDATL,PEP,PEPCO,3214.457,True
1/18/2026 10:00:00 PM,1/18/2026 5:00:00 PM,RFC,MIDATL,PEP,PEPCO,3314.340,True
1/18/2026 11:00:00 PM,1/18/2026 6:00:00 PM,RFC,MIDATL,PEP,PEPCO,3351.024,True
1/19/2026 12:00:00 AM,1/18/2026 7:00:00 PM,RFC,MIDATL,PEP,PEPCO,3348.750,True
1/19/2026 1:00:00 AM,1/18/2026 8:00:00 PM,RFC,MIDATL,PEP,PEPCO,3325.594,True
1/19/2026 2:00:00 AM,1/18/2026 9:00:00 PM,RFC,MIDATL,PEP,PEPCO,3280.622,True
1/19/2026 3:00:00 AM,1/18/2026 10:00:00 PM,RFC,MIDATL,PEP,PEPCO,3169.421,True
1/19/2026 4:00:00 AM,1/18/2026 11:00:00 PM,RFC,MIDATL,PEP,PEPCO,3114.608,True
1/19/2026 5:00:00 AM,1/19/2026 12:00:00 AM,RFC,MIDATL,PEP,PEPCO,3023.149,True
1/19/2026 6:00:00 AM,1/19/2026 1:00:00 AM,RFC,MIDATL,PEP,PEPCO,2953.608,True
1/19/2026 7:00:00 AM,1/19/2026 2:00:00 AM,RFC,MIDATL,PEP,PEPCO,2989.738,True
1/19/2026 8:00:00 AM,1/19/2026 3:00:00 AM,RFC,MIDATL,PEP,PEPCO,2986.858,True
1/19/2026 9:00:00 AM,1/19/2026 4:00:00 AM,RFC,MIDATL,PEP,PEPCO,3078.833,True
1/19/2026 10:00:00 AM,1/19/2026 5:00:00 AM,RFC,MIDATL,PEP,PEPCO,3283.965,True
1/19/2026 11:00:00 AM,1/19/2026 6:00:00 AM,RFC,MIDATL,PEP,PEPCO,3457.486,True
1/19/2026 12:00:00 PM,1/19/2026 7:00:00 AM,RFC,MIDATL,PEP,PEPCO,3547.644,True
1/19/2026 1:00:00 PM,1/19/2026 8:00:00 AM,RFC,MIDATL,PEP,PEPCO,3521.745,True
1/19/2026 2:00:00 PM,1/19/2026 9:00:00 AM,RFC,MIDATL,PEP,PEPCO,3335.856,True
1/19/2026 3:00:00 PM,1/19/2026 10:00:00 AM,RFC,MIDATL,PEP,PEPCO,3133.874,True
1/19/2026 4:00:00 PM,1/19/2026 11:00:00 AM,RFC,MIDATL,PEP,PEPCO,2970.152,True
1/19/2026 5:00:00 PM,1/19/2026 12:00:00 PM,RFC,MIDATL,PEP,PEPCO,2872.554,True
1/19/2026 6:00:00 PM,1/19/2026 1:00:00 PM,RFC,MIDATL,PEP,PEPCO,2838.865,True
1/19/2026 7:00:00 PM,1/19/2026 2:00:00 PM,RFC,MIDATL,PEP,PEPCO,2838.102,True
1/19/2026 8:00:00 PM,1/19/2026 3:00:00 PM,RFC,MIDATL,PEP,PEPCO,2922.761,True
1/19/2026 9:00:00 PM,1/19/2026 4:00:00 PM,RFC,MIDATL,PEP,PEPCO,3121.359,True
1/19/2026 10:00:00 PM,1/19/2026 5:00:00 PM,RFC,MIDATL,PEP,PEPCO,3317.693,True
1/19/2026 11:00:00 PM,1/19/2026 6:00:00 PM,RFC,MIDATL,PEP,PEPCO,3388.320,True
1/20/2026 12:00:00 AM,1/19/2026 7:00:00 PM,RFC,MIDATL,PEP,PEPCO,3376.067,True
1/20/2026 1:00:00 AM,1/19/2026 8:00:00 PM,RFC,MIDATL,PEP,PEPCO,3346.641,True
1/20/2026 2:00:00 AM,1/19/2026 9:00:00 PM,RFC,MIDATL,PEP,PEPCO,3324.292,True
1/20/2026 3:00:00 AM,1/19/2026 10:00:00 PM,RFC,MIDATL,PEP,PEPCO,3169.149,True
1/20/2026 4:00:00 AM,1/19/2026 11:00:00 PM,RFC,MIDATL,PEP,PEPCO,3014.345,True
1/20/2026 5:00:00 AM,1/20/2026 12:00:00 AM,RFC,MIDATL,PEP,PEPCO,2970.749,True
1/20/2026 6:00:00 AM,1/20/2026 1:00:00 AM,RFC,MIDATL,PEP,PEPCO,2946.650,True
1/20/2026 7:00:00 AM,1/20/2026 2:00:00 AM,RFC,MIDATL,PEP,PEPCO,3017.133,True
1/20/2026 8:00:00 AM,1/20/2026 3:00:00 AM,RFC,MIDATL,PEP,PEPCO,3097.097,True
1/20/2026 9:00:00 AM,1/20/2026 4:00:00 AM,RFC,MIDATL,PEP,PEPCO,3265.319,True
1/20/2026 10:00:00 AM,1/20/2026 5:00:00 AM,RFC,MIDATL,PEP,PEPCO,3549.684,True
1/20/2026 11:00:00 AM,1/20/2026 6:00:00 AM,RFC,MIDATL,PEP,PEPCO,3879.562,True
1/20/2026 12:00:00 PM,1/20/2026 7:00:00 AM,RFC,MIDATL,PEP,PEPCO,4157.175,True
1/20/2026 1:00:00 PM,1/20/2026 8:00:00 AM,RFC,MIDATL,PEP,PEPCO,4014.898,True
1/20/2026 2:00:00 PM,1/20/2026 9:00:00 AM,RFC,MIDATL,PEP,PEPCO,3772.570,True
1/20/2026 3:00:00 PM,1/20/2026 10:00:00 AM,RFC,MIDATL,PEP,PEPCO,3574.323,True
1/20/2026 4:00:00 PM,1/20/2026 11:00:00 AM,RFC,MIDATL,PEP,PEPCO,3423.010,True
1/20/2026 5:00:00 PM,1/20/2026 12:00:00 PM,RFC,MIDATL,PEP,PEPCO,3354.407,True
1/20/2026 6:00:00 PM,1/20/2026 1:00:00 PM,RFC,MIDATL,PEP,PEPCO,3274.949,True
1/20/2026 7:00:00 PM,1/20/2026 2:00:00 PM,RFC,MIDATL,PEP,PEPCO,3294.671,True
1/20/2026 8:00:00 PM,1/20/2026 3:00:00 PM,RFC,MIDATL,PEP,PEPCO,3364.736,True
1/20/2026 9:00:00 PM,1/20/2026 4:00:00 PM,RFC,MIDATL,PEP,PEPCO,3575.498,True
1/20/2026 10:00:00 PM,1/20/2026 5:00:00 PM,RFC,MIDATL,PEP,PEPCO,3837.136,True
1/20/2026 11:00:00 PM,1/20/2026 6:00:00 PM,RFC,MIDATL,PEP,PEPCO,3891.239,True
1/21/2026 12:00:00 AM,1/20/2026 7:00:00 PM,RFC,MIDATL,PEP,PEPCO,3856.021,True
1/21/2026 1:00:00 AM,1/20/2026 8:00:00 PM,RFC,MIDATL,PEP,PEPCO,3837.074,True
1/21/2026 2:00:00 AM,1/20/2026 9:00:00 PM,RFC,MIDATL,PEP,PEPCO,3756.654,True
1/21/2026 3:00:00 AM,1/20/2026 10:00:00 PM,RFC,MIDATL,PEP,PEPCO,3613.482,True
1/21/2026 4:00:00 AM,1/20/2026 11:00:00 PM,RFC,MIDATL,PEP,PEPCO,3462.816,True
1/21/2026 5:00:00 AM,1/21/2026 12:00:00 AM,RFC,MIDATL,PEP,PEPCO,3394.591,True
1/21/2026 6:00:00 AM,1/21/2026 1:00:00 AM,RFC,MIDATL,PEP,PEPCO,3367.451,True
1/21/2026 7:00:00 AM,1/21/2026 2:00:00 AM,RFC,MIDATL,PEP,PEPCO,3345.177,True
1/21/2026 8:00:00 AM,1/21/2026 3:00:00 AM,RFC,MIDATL,PEP,PEPCO,3376.467,True
1/21/2026 9:00:00 AM,1/21/2026 4:00:00 AM,RFC,MIDATL,PEP,PEPCO,3537.394,True
1/21/2026 10:00:00 AM,1/21/2026 5:00:00 AM,RFC,MIDATL,PEP,PEPCO,3758.733,True
1/21/2026 11:00:00 AM,1/21/2026 6:00:00 AM,RFC,MIDATL,PEP,PEPCO,4084.731,True
1/21/2026 12:00:00 PM,1/21/2026 7:00:00 AM,RFC,MIDATL,PEP,PEPCO,4247.024,True
1/21/2026 1:00:00 PM,1/21/2026 8:00:00 AM,RFC,MIDATL,PEP,PEPCO,4117.610,True
1/21/2026 2:00:00 PM,1/21/2026 9:00:00 AM,RFC,MIDATL,PEP,PEPCO,3768.928,True
1/21/2026 3:00:00 PM,1/21/2026 10:00:00 AM,RFC,MIDATL,PEP,PEPCO,3452.260,True
1/21/2026 4:00:00 PM,1/21/2026 11:00:00 AM,RFC,MIDATL,PEP,PEPCO,3269.045,True
1/21/2026 5:00:00 PM,1/21/2026 12:00:00 PM,RFC,MIDATL,PEP,PEPCO,3148.792,True
1/21/2026 6:00:00 PM,1/21/2026 1:00:00 PM,RFC,MIDATL,PEP,PEPCO,3095.412,True
1/21/2026 7:00:00 PM,1/21/2026 2:00:00 PM,RFC,MIDATL,PEP,PEPCO,3066.570,True
1/21/2026 8:00:00 PM,1/21/2026 3:00:00 PM,RFC,MIDATL,PEP,PEPCO,3142.298,True
1/21/2026 9:00:00 PM,1/21/2026 4:00:00 PM,RFC,MIDATL,PEP,PEPCO,3311.703,True
1/21/2026 10:00:00 PM,1/21/2026 5:00:00 PM,RFC,MIDATL,PEP,PEPCO,3448.955,True
1/21/2026 11:00:00 PM,1/21/2026 6:00:00 PM,RFC,MIDATL,PEP,PEPCO,3470.206,True
1/22/2026 12:00:00 AM,1/21/2026 7:00:00 PM,RFC,MIDATL,PEP,PEPCO,3437.135,True
1/22/2026 1:00:00 AM,1/21/2026 8:00:00 PM,RFC,MIDATL,PEP,PEPCO,3350.295,True
1/22/2026 2:00:00 AM,1/21/2026 9:00:00 PM,RFC,MIDATL,PEP,PEPCO,3237.148,True
1/22/2026 3:00:00 AM,1/21/2026 10:00:00 PM,RFC,MIDATL,PEP,PEPCO,3062.052,True
1/22/2026 4:00:00 AM,1/21/2026 11:00:00 PM,RFC,MIDATL,PEP,PEPCO,2824.520,True
1/22/2026 5:00:00 AM,1/22/2026 12:00:00 AM,RFC,MIDATL,PEP,PEPCO,2694.625,True
1/22/2026 6:00:00 AM,1/22/2026 1:00:00 AM,RFC,MIDATL,PEP,PEPCO,2591.237,True
1/22/2026 7:00:00 AM,1/22/2026 2:00:00 AM,RFC,MIDATL,PEP,PEPCO,2570.920,True
1/22/2026 8:00:00 AM,1/22/2026 3:00:00 AM,RFC,MIDATL,PEP,PEPCO,2573.750,True
1/22/2026 9:00:00 AM,1/22/2026 4:00:00 AM,RFC,MIDATL,PEP,PEPCO,2626.264,True
1/22/2026 10:00:00 AM,1/22/2026 5:00:00 AM,RFC,MIDATL,PEP,PEPCO,2902.018,True
1/22/2026 11:00:00 AM,1/22/2026 6:00:00 AM,RFC,MIDATL,PEP,PEPCO,3180.451,True
1/22/2026 12:00:00 PM,1/22/2026 7:00:00 AM,RFC,MIDATL,PEP,PEPCO,3349.049,True
1/22/2026 1:00:00 PM,1/22/2026 8:00:00 AM,RFC,MIDATL,PEP,PEPCO,3246.925,True
1/22/2026 2:00:00 PM,1/22/2026 9:00:00 AM,RFC,MIDATL,PEP,PEPCO,3023.674,True
1/22/2026 3:00:00 PM,1/22/2026 10:00:00 AM,RFC,MIDATL,PEP,PEPCO,2804.425,True
1/22/2026 4:00:00 PM,1/22/2026 11:00:00 AM,RFC,MIDATL,PEP,PEPCO,2654.452,True
1/22/2026 5:00:00 PM,1/22/2026 12:00:00 PM,RFC,MIDATL,PEP,PEPCO,2644.204,True
1/22/2026 6:00:00 PM,1/22/2026 1:00:00 PM,RFC,MIDATL,PEP,PEPCO,2656.806,True
1/22/2026 7:00:00 PM,1/22/2026 2:00:00 PM,RFC,MIDATL,PEP,PEPCO,2710.989,True
1/22/2026 8:00:00 PM,1/22/2026 3:00:00 PM,RFC,MIDATL,PEP,PEPCO,2800.300,True
1/22/2026 9:00:00 PM,1/22/2026 4:00:00 PM,RFC,MIDATL,PEP,PEPCO,2885.783,True
1/22/2026 10:00:00 PM,1/22/2026 5:00:00 PM,RFC,MIDATL,PEP,PEPCO,3052.479,True
1/22/2026 11:00:00 PM,1/22/2026 6:00:00 PM,RFC,MIDATL,PEP,PEPCO,3068.750,True
1/23/2026 12:00:00 AM,1/22/2026 7:00:00 PM,RFC,MIDATL,PEP,PEPCO,3050.629,True
1/23/2026 1:00:00 AM,1/22/2026 8:00:00 PM,RFC,MIDATL,PEP,PEPCO,2989.245,True
1/23/2026 2:00:00 AM,1/22/2026 9:00:00 PM,RFC,MIDATL,PEP,PEPCO,2965.650,True
1/23/2026 3:00:00 AM,1/22/2026 10:00:00 PM,RFC,MIDATL,PEP,PEPCO,2818.812,True
1/23/2026 4:00:00 AM,1/22/2026 11:00:00 PM,RFC,MIDATL,PEP,PEPCO,2709.181,True
1/23/2026 5:00:00 AM,1/23/2026 12:00:00 AM,RFC,MIDATL,PEP,PEPCO,2599.436,True
1/23/2026 6:00:00 AM,1/23/2026 1:00:00 AM,RFC,MIDATL,PEP,PEPCO,2534.603,True
1/23/2026 7:00:00 AM,1/23/2026 2:00:00 AM,RFC,MIDATL,PEP,PEPCO,2566.757,True
1/23/2026 8:00:00 AM,1/23/2026 3:00:00 AM,RFC,MIDATL,PEP,PEPCO,2560.322,True
1/23/2026 9:00:00 AM,1/23/2026 4:00:00 AM,RFC,MIDATL,PEP,PEPCO,2691.319,True
1/23/2026 10:00:00 AM,1/23/2026 5:00:00 AM,RFC,MIDATL,PEP,PEPCO,2941.927,True
1/23/2026 11:00:00 AM,1/23/2026 6:00:00 AM,RFC,MIDATL,PEP,PEPCO,3222.259,True
1/23/2026 12:00:00 PM,1/23/2026 7:00:00 AM,RFC,MIDATL,PEP,PEPCO,3399.834,True
1/23/2026 1:00:00 PM,1/23/2026 8:00:00 AM,RFC,MIDATL,PEP,PEPCO,3336.397,True
1/23/2026 2:00:00 PM,1/23/2026 9:00:00 AM,RFC,MIDATL,PEP,PEPCO,3151.857,True
1/23/2026 3:00:00 PM,1/23/2026 10:00:00 AM,RFC,MIDATL,PEP,PEPCO,3086.936,True
1/23/2026 4:00:00 PM,1/23/2026 11:00:00 AM,RFC,MIDATL,PEP,PEPCO,3036.201,True
1/23/2026 5:00:00 PM,1/23/2026 12:00:00 PM,RFC,MIDATL,PEP,PEPCO,3010.836,True
1/23/2026 6:00:00 PM,1/23/2026 1:00:00 PM,RFC,MIDATL,PEP,PEPCO,2983.636,True
1/23/2026 7:00:00 PM,1/23/2026 2:00:00 PM,RFC,MIDATL,PEP,PEPCO,2909.611,True
1/23/2026 8:00:00 PM,1/23/2026 3:00:00 PM,RFC,MIDATL,PEP,PEPCO,2946.119,True
1/23/2026 9:00:00 PM,1/23/2026 4:00:00 PM,RFC,MIDATL,PEP,PEPCO,3108.218,True
1/23/2026 10:00:00 PM,1/23/2026 5:00:00 PM,RFC,MIDATL,PEP,PEPCO,3242.953,True
1/23/2026 11:00:00 PM,1/23/2026 6:00:00 PM,RFC,MIDATL,PEP,PEPCO,3305.932,True
1/24/2026 12:00:00 AM,1/23/2026 7:00:00 PM,RFC,MIDATL,PEP,PEPCO,3323.610,True
1/24/2026 1:00:00 AM,1/23/2026 8:00:00 PM,RFC,MIDATL,PEP,PEPCO,3394.802,True
1/24/2026 2:00:00 AM,1/23/2026 9:00:00 PM,RFC,MIDATL,PEP,PEPCO,3461.334,True
1/24/2026 3:00:00 AM,1/23/2026 10:00:00 PM,RFC,MIDATL,PEP,PEPCO,3465.248,True
1/24/2026 4:00:00 AM,1/23/2026 11:00:00 PM,RFC,MIDATL,PEP,PEPCO,3444.725,True
1/24/2026 5:00:00 AM,1/24/2026 12:00:00 AM,RFC,MIDATL,PEP,PEPCO,3457.808,True
1/24/2026 6:00:00 AM,1/24/2026 1:00:00 AM,RFC,MIDATL,PEP,PEPCO,3474.927,True
1/24/2026 7:00:00 AM,1/24/2026 2:00:00 AM,RFC,MIDATL,PEP,PEPCO,3507.138,True
1/24/2026 8:00:00 AM,1/24/2026 3:00:00 AM,RFC,MIDATL,PEP,PEPCO,3555.802,True
1/24/2026 9:00:00 AM,1/24/2026 4:00:00 AM,RFC,MIDATL,PEP,PEPCO,3653.046,True
1/24/2026 10:00:00 AM,1/24/2026 5:00:00 AM,RFC,MIDATL,PEP,PEPCO,3791.023,True
1/24/2026 11:00:00 AM,1/24/2026 6:00:00 AM,RFC,MIDATL,PEP,PEPCO,3951.768,True
1/24/2026 12:00:00 PM,1/24/2026 7:00:00 AM,RFC,MIDATL,PEP,PEPCO,4091.167,True
1/24/2026 1:00:00 PM,1/24/2026 8:00:00 AM,RFC,MIDATL,PEP,PEPCO,4082.138,True
1/24/2026 2:00:00 PM,1/24/2026 9:00:00 AM,RFC,MIDATL,PEP,PEPCO,4056.360,True
1/24/2026 3:00:00 PM,1/24/2026 10:00:00 AM,RFC,MIDATL,PEP,PEPCO,3923.939,True
1/24/2026 4:00:00 PM,1/24/2026 11:00:00 AM,RFC,MIDATL,PEP,PEPCO,3682.580,True
1/24/2026 5:00:00 PM,1/24/2026 12:00:00 PM,RFC,MIDATL,PEP,PEPCO,3670.663,True
1/24/2026 6:00:00 PM,1/24/2026 1:00:00 PM,RFC,MIDATL,PEP,PEPCO,3697.700,True
1/24/2026 7:00:00 PM,1/24/2026 2:00:00 PM,RFC,MIDATL,PEP,PEPCO,3674.784,True
1/24/2026 8:00:00 PM,1/24/2026 3:00:00 PM,RFC,MIDATL,PEP,PEPCO,3790.610,True
1/24/2026 9:00:00 PM,1/24/2026 4:00:00 PM,RFC,MIDATL,PEP,PEPCO,3966.886,True
1/24/2026 10:00:00 PM,1/24/2026 5:00:00 PM,RFC,MIDATL,PEP,PEPCO,4134.357,True
1/24/2026 11:00:00 PM,1/24/2026 6:00:00 PM,RFC,MIDATL,PEP,PEPCO,4214.483,True
1/25/2026 12:00:00 AM,1/24/2026 7:00:00 PM,RFC,MIDATL,PEP,PEPCO,4151.782,True
1/25/2026 1:00:00 AM,1/24/2026 8:00:00 PM,RFC,MIDATL,PEP,PEPCO,4124.827,True
1/25/2026 2:00:00 AM,1/24/2026 9:00:00 PM,RFC,MIDATL,PEP,PEPCO,4024.195,True
1/25/2026 3:00:00 AM,1/24/2026 10:00:00 PM,RFC,MIDATL,PEP,PEPCO,3951.425,True
1/25/2026 4:00:00 AM,1/24/2026 11:00:00 PM,RFC,MIDATL,PEP,PEPCO,3769.887,True
1/25/2026 5:00:00 AM,1/25/2026 12:00:00 AM,RFC,MIDATL,PEP,PEPCO,3742.923,True
1/25/2026 6:00:00 AM,1/25/2026 1:00:00 AM,RFC,MIDATL,PEP,PEPCO,3686.529,True
1/25/2026 7:00:00 AM,1/25/2026 2:00:00 AM,RFC,MIDATL,PEP,PEPCO,3671.282,True
1/25/2026 8:00:00 AM,1/25/2026 3:00:00 AM,RFC,MIDATL,PEP,PEPCO,3665.247,True
1/25/2026 9:00:00 AM,1/25/2026 4:00:00 AM,RFC,MIDATL,PEP,PEPCO,3684.222,True
1/25/2026 10:00:00 AM,1/25/2026 5:00:00 AM,RFC,MIDATL,PEP,PEPCO,3760.177,True
1/25/2026 11:00:00 AM,1/25/2026 6:00:00 AM,RFC,MIDATL,PEP,PEPCO,3862.326,True
1/25/2026 12:00:00 PM,1/25/2026 7:00:00 AM,RFC,MIDATL,PEP,PEPCO,3958.630,True
1/25/2026 1:00:00 PM,1/25/2026 8:00:00 AM,RFC,MIDATL,PEP,PEPCO,4023.432,True
1/25/2026 2:00:00 PM,1/25/2026 9:00:00 AM,RFC,MIDATL,PEP,PEPCO,4147.738,True
1/25/2026 3:00:00 PM,1/25/2026 10:00:00 AM,RFC,MIDATL,PEP,PEPCO,4186.722,True
1/25/2026 4:00:00 PM,1/25/2026 11:00:00 AM,RFC,MIDATL,PEP,PEPCO,4239.757,True
1/25/2026 5:00:00 PM,1/25/2026 12:00:00 PM,RFC,MIDATL,PEP,PEPCO,4199.838,True
1/25/2026 6:00:00 PM,1/25/2026 1:00:00 PM,RFC,MIDATL,PEP,PEPCO,4152.194,True
1/25/2026 7:00:00 PM,1/25/2026 2:00:00 PM,RFC,MIDATL,PEP,PEPCO,4124.804,True
1/25/2026 8:00:00 PM,1/25/2026 3:00:00 PM,RFC,MIDATL,PEP,PEPCO,4052.542,True
1/25/2026 9:00:00 PM,1/25/2026 4:00:00 PM,RFC,MIDATL,PEP,PEPCO,4033.842,True
1/25/2026 10:00:00 PM,1/25/2026 5:00:00 PM,RFC,MIDATL,PEP,PEPCO,4056.984,True
1/25/2026 11:00:00 PM,1/25/2026 6:00:00 PM,RFC,MIDATL,PEP,PEPCO,4078.806,True
1/26/2026 12:00:00 AM,1/25/2026 7:00:00 PM,RFC,MIDATL,PEP,PEPCO,4019.736,True
1/26/2026 1:00:00 AM,1/25/2026 8:00:00 PM,RFC,MIDATL,PEP,PEPCO,3945.692,True
1/26/2026 2:00:00 AM,1/25/2026 9:00:00 PM,RFC,MIDATL,PEP,PEPCO,3861.784,True
1/26/2026 3:00:00 AM,1/25/2026 10:00:00 PM,RFC,MIDATL,PEP,PEPCO,3797.993,True
1/26/2026 4:00:00 AM,1/25/2026 11:00:00 PM,RFC,MIDATL,PEP,PEPCO,3644.613,True
1/26/2026 5:00:00 AM,1/26/2026 12:00:00 AM,RFC,MIDATL,PEP,PEPCO,3564.416,True
1/26/2026 6:00:00 AM,1/26/2026 1:00:00 AM,RFC,MIDATL,PEP,PEPCO,3495.928,True
1/26/2026 7:00:00 AM,1/26/2026 2:00:00 AM,RFC,MIDATL,PEP,PEPCO,3470.932,True
1/26/2026 8:00:00 AM,1/26/2026 3:00:00 AM,RFC,MIDATL,PEP,PEPCO,3522.364,True
1/26/2026 9:00:00 AM,1/26/2026 4:00:00 AM,RFC,MIDATL,PEP,PEPCO,3562.957,True
1/26/2026 10:00:00 AM,1/26/2026 5:00:00 AM,RFC,MIDATL,PEP,PEPCO,3701.592,True
1/26/2026 11:00:00 AM,1/26/2026 6:00:00 AM,RFC,MIDATL,PEP,PEPCO,3795.206,True
1/26/2026 12:00:00 PM,1/26/2026 7:00:00 AM,RFC,MIDATL,PEP,PEPCO,3876.722,True
1/26/2026 1:00:00 PM,1/26/2026 8:00:00 AM,RFC,MIDATL,PEP,PEPCO,3933.467,True
1/26/2026 2:00:00 PM,1/26/2026 9:00:00 AM,RFC,MIDATL,PEP,PEPCO,3861.689,True
1/26/2026 3:00:00 PM,1/26/2026 10:00:00 AM,RFC,MIDATL,PEP,PEPCO,3813.185,True
1/26/2026 4:00:00 PM,1/26/2026 11:00:00 AM,RFC,MIDATL,PEP,PEPCO,3861.016,True
1/26/2026 5:00:00 PM,1/26/2026 12:00:00 PM,RFC,MIDATL,PEP,PEPCO,3812.923,True
1/26/2026 6:00:00 PM,1/26/2026 1:00:00 PM,RFC,MIDATL,PEP,PEPCO,3774.420,True
1/26/2026 7:00:00 PM,1/26/2026 2:00:00 PM,RFC,MIDATL,PEP,PEPCO,3709.491,True
1/26/2026 8:00:00 PM,1/26/2026 3:00:00 PM,RFC,MIDATL,PEP,PEPCO,3722.328,True
1/26/2026 9:00:00 PM,1/26/2026 4:00:00 PM,RFC,MIDATL,PEP,PEPCO,3831.131,True
1/26/2026 10:00:00 PM,1/26/2026 5:00:00 PM,RFC,MIDATL,PEP,PEPCO,4060.541,True
1/26/2026 11:00:00 PM,1/26/2026 6:00:00 PM,RFC,MIDATL,PEP,PEPCO,4131.719,True
1/27/2026 12:00:00 AM,1/26/2026 7:00:00 PM,RFC,MIDATL,PEP,PEPCO,4094.551,True
1/27/2026 1:00:00 AM,1/26/2026 8:00:00 PM,RFC,MIDATL,PEP,PEPCO,4004.600,True
1/27/2026 2:00:00 AM,1/26/2026 9:00:00 PM,RFC,MIDATL,PEP,PEPCO,3921.959,True
1/27/2026 3:00:00 AM,1/26/2026 10:00:00 PM,RFC,MIDATL,PEP,PEPCO,3765.739,True
1/27/2026 4:00:00 AM,1/26/2026 11:00:00 PM,RFC,MIDATL,PEP,PEPCO,3624.835,True
1/27/2026 5:00:00 AM,1/27/2026 12:00:00 AM,RFC,MIDATL,PEP,PEPCO,3579.345,True
1/27/2026 6:00:00 AM,1/27/2026 1:00:00 AM,RFC,MIDATL,PEP,PEPCO,3543.660,True
1/27/2026 7:00:00 AM,1/27/2026 2:00:00 AM,RFC,MIDATL,PEP,PEPCO,3581.963,True
1/27/2026 8:00:00 AM,1/27/2026 3:00:00 AM,RFC,MIDATL,PEP,PEPCO,3599.319,True
1/27/2026 9:00:00 AM,1/27/2026 4:00:00 AM,RFC,MIDATL,PEP,PEPCO,3694.258,True
1/27/2026 10:00:00 AM,1/27/2026 5:00:00 AM,RFC,MIDATL,PEP,PEPCO,3841.815,True
1/27/2026 11:00:00 AM,1/27/2026 6:00:00 AM,RFC,MIDATL,PEP,PEPCO,4083.727,True
1/27/2026 12:00:00 PM,1/27/2026 7:00:00 AM,RFC,MIDATL,PEP,PEPCO,4221.778,True
1/27/2026 1:00:00 PM,1/27/2026 8:00:00 AM,RFC,MIDATL,PEP,PEPCO,4268.228,True
1/27/2026 2:00:00 PM,1/27/2026 9:00:00 AM,RFC,MIDATL,PEP,PEPCO,4123.211,True
1/27/2026 3:00:00 PM,1/27/2026 10:00:00 AM,RFC,MIDATL,PEP,PEPCO,3959.634,True
1/27/2026 4:00:00 PM,1/27/2026 11:00:00 AM,RFC,MIDATL,PEP,PEPCO,3873.535,True
1/27/2026 5:00:00 PM,1/27/2026 12:00:00 PM,RFC,MIDATL,PEP,PEPCO,3842.565,True
1/27/2026 6:00:00 PM,1/27/2026 1:00:00 PM,RFC,MIDATL,PEP,PEPCO,3774.239,True
1/27/2026 7:00:00 PM,1/27/2026 2:00:00 PM,RFC,MIDATL,PEP,PEPCO,3731.666,True
1/27/2026 8:00:00 PM,1/27/2026 3:00:00 PM,RFC,MIDATL,PEP,PEPCO,3708.786,True
1/27/2026 9:00:00 PM,1/27/2026 4:00:00 PM,RFC,MIDATL,PEP,PEPCO,3770.506,True
1/27/2026 10:00:00 PM,1/27/2026 5:00:00 PM,RFC,MIDATL,PEP,PEPCO,3925.718,True
1/27/2026 11:00:00 PM,1/27/2026 6:00:00 PM,RFC,MIDATL,PEP,PEPCO,3926.709,True
1/28/2026 12:00:00 AM,1/27/2026 7:00:00 PM,RFC,MIDATL,PEP,PEPCO,3880.091,True
1/28/2026 1:00:00 AM,1/27/2026 8:00:00 PM,RFC,MIDATL,PEP,PEPCO,3882.814,True
1/28/2026 2:00:00 AM,1/27/2026 9:00:00 PM,RFC,MIDATL,PEP,PEPCO,3790.438,True
1/28/2026 3:00:00 AM,1/27/2026 10:00:00 PM,RFC,MIDATL,PEP,PEPCO,3652.309,True
1/28/2026 4:00:00 AM,1/27/2026 11:00:00 PM,RFC,MIDATL,PEP,PEPCO,3504.432,True
1/28/2026 5:00:00 AM,1/28/2026 12:00:00 AM,RFC,MIDATL,PEP,PEPCO,3466.156,True
1/28/2026 6:00:00 AM,1/28/2026 1:00:00 AM,RFC,MIDATL,PEP,PEPCO,3413.116,True
1/28/2026 7:00:00 AM,1/28/2026 2:00:00 AM,RFC,MIDATL,PEP,PEPCO,3444.666,True
1/28/2026 8:00:00 AM,1/28/2026 3:00:00 AM,RFC,MIDATL,PEP,PEPCO,3519.124,True
1/28/2026 9:00:00 AM,1/28/2026 4:00:00 AM,RFC,MIDATL,PEP,PEPCO,3608.514,True
1/28/2026 10:00:00 AM,1/28/2026 5:00:00 AM,RFC,MIDATL,PEP,PEPCO,3832.485,True
1/28/2026 11:00:00 AM,1/28/2026 6:00:00 AM,RFC,MIDATL,PEP,PEPCO,4070.838,True
1/28/2026 12:00:00 PM,1/28/2026 7:00:00 AM,RFC,MIDATL,PEP,PEPCO,4225.827,True
1/28/2026 1:00:00 PM,1/28/2026 8:00:00 AM,RFC,MIDATL,PEP,PEPCO,4250.895,True
1/28/2026 2:00:00 PM,1/28/2026 9:00:00 AM,RFC,MIDATL,PEP,PEPCO,4159.193,True
1/28/2026 3:00:00 PM,1/28/2026 10:00:00 AM,RFC,MIDATL,PEP,PEPCO,4012.863,True
1/28/2026 4:00:00 PM,1/28/2026 11:00:00 AM,RFC,MIDATL,PEP,PEPCO,3915.546,True
1/28/2026 5:00:00 PM,1/28/2026 12:00:00 PM,RFC,MIDATL,PEP,PEPCO,3851.769,True
1/28/2026 6:00:00 PM,1/28/2026 1:00:00 PM,RFC,MIDATL,PEP,PEPCO,3904.626,True
1/28/2026 7:00:00 PM,1/28/2026 2:00:00 PM,RFC,MIDATL,PEP,PEPCO,3897.797,True
1/28/2026 8:00:00 PM,1/28/2026 3:00:00 PM,RFC,MIDATL,PEP,PEPCO,3881.858,True
1/28/2026 9:00:00 PM,1/28/2026 4:00:00 PM,RFC,MIDATL,PEP,PEPCO,3894.631,True
1/28/2026 10:00:00 PM,1/28/2026 5:00:00 PM,RFC,MIDATL,PEP,PEPCO,4042.734,True
1/28/2026 11:00:00 PM,1/28/2026 6:00:00 PM,RFC,MIDATL,PEP,PEPCO,4150.336,True
1/29/2026 12:00:00 AM,1/28/2026 7:00:00 PM,RFC,MIDATL,PEP,PEPCO,4086.214,True
1/29/2026 1:00:00 AM,1/28/2026 8:00:00 PM,RFC,MIDATL,PEP,PEPCO,4055.763,True
1/29/2026 2:00:00 AM,1/28/2026 9:00:00 PM,RFC,MIDATL,PEP,PEPCO,3989.483,True
1/29/2026 3:00:00 AM,1/28/2026 10:00:00 PM,RFC,MIDATL,PEP,PEPCO,3864.052,True
1/29/2026 4:00:00 AM,1/28/2026 11:00:00 PM,RFC,MIDATL,PEP,PEPCO,3739.292,True
1/29/2026 5:00:00 AM,1/29/2026 12:00:00 AM,RFC,MIDATL,PEP,PEPCO,3656.048,True
1/29/2026 6:00:00 AM,1/29/2026 1:00:00 AM,RFC,MIDATL,PEP,PEPCO,3592.764,True
1/29/2026 7:00:00 AM,1/29/2026 2:00:00 AM,RFC,MIDATL,PEP,PEPCO,3619.401,True
1/29/2026 8:00:00 AM,1/29/2026 3:00:00 AM,RFC,MIDATL,PEP,PEPCO,3661.384,True
1/29/2026 9:00:00 AM,1/29/2026 4:00:00 AM,RFC,MIDATL,PEP,PEPCO,3740.554,True
1/29/2026 10:00:00 AM,1/29/2026 5:00:00 AM,RFC,MIDATL,PEP,PEPCO,3984.502,True
1/29/2026 11:00:00 AM,1/29/2026 6:00:00 AM,RFC,MIDATL,PEP,PEPCO,4226.263,True
1/29/2026 12:00:00 PM,1/29/2026 7:00:00 AM,RFC,MIDATL,PEP,PEPCO,4404.096,True
1/29/2026 1:00:00 PM,1/29/2026 8:00:00 AM,RFC,MIDATL,PEP,PEPCO,4397.642,True
1/29/2026 2:00:00 PM,1/29/2026 9:00:00 AM,RFC,MIDATL,PEP,PEPCO,4261.166,True
1/29/2026 3:00:00 PM,1/29/2026 10:00:00 AM,RFC,MIDATL,PEP,PEPCO,4124.119,True
1/29/2026 4:00:00 PM,1/29/2026 11:00:00 AM,RFC,MIDATL,PEP,PEPCO,4127.350,True
1/29/2026 5:00:00 PM,1/29/2026 12:00:00 PM,RFC,MIDATL,PEP,PEPCO,4060.462,True
1/29/2026 6:00:00 PM,1/29/2026 1:00:00 PM,RFC,MIDATL,PEP,PEPCO,3998.196,True
1/29/2026 7:00:00 PM,1/29/2026 2:00:00 PM,RFC,MIDATL,PEP,PEPCO,3937.524,True
1/29/2026 8:00:00 PM,1/29/2026 3:00:00 PM,RFC,MIDATL,PEP,PEPCO,3910.160,True
1/29/2026 9:00:00 PM,1/29/2026 4:00:00 PM,RFC,MIDATL,PEP,PEPCO,4040.418,True
1/29/2026 10:00:00 PM,1/29/2026 5:00:00 PM,RFC,MIDATL,PEP,PEPCO,4232.355,True
1/29/2026 11:00:00 PM,1/29/2026 6:00:00 PM,RFC,MIDATL,PEP,PEPCO,4259.832,True
1/30/2026 12:00:00 AM,1/29/2026 7:00:00 PM,RFC,MIDATL,PEP,PEPCO,4264.609,True
1/30/2026 1:00:00 AM,1/29/2026 8:00:00 PM,RFC,MIDATL,PEP,PEPCO,4217.934,True
1/30/2026 2:00:00 AM,1/29/2026 9:00:00 PM,RFC,MIDATL,PEP,PEPCO,4128.220,True
1/30/2026 3:00:00 AM,1/29/2026 10:00:00 PM,RFC,MIDATL,PEP,PEPCO,3977.449,True
1/30/2026 4:00:00 AM,1/29/2026 11:00:00 PM,RFC,MIDATL,PEP,PEPCO,3883.029,True
1/30/2026 5:00:00 AM,1/30/2026 12:00:00 AM,RFC,MIDATL,PEP,PEPCO,3795.908,True
1/30/2026 6:00:00 AM,1/30/2026 1:00:00 AM,RFC,MIDATL,PEP,PEPCO,3751.927,True
1/30/2026 7:00:00 AM,1/30/2026 2:00:00 AM,RFC,MIDATL,PEP,PEPCO,3762.851,True
1/30/2026 8:00:00 AM,1/30/2026 3:00:00 AM,RFC,MIDATL,PEP,PEPCO,3786.517,True
1/30/2026 9:00:00 AM,1/30/2026 4:00:00 AM,RFC,MIDATL,PEP,PEPCO,3907.672,True
1/30/2026 10:00:00 AM,1/30/2026 5:00:00 AM,RFC,MIDATL,PEP,PEPCO,4090.321,True
1/30/2026 11:00:00 AM,1/30/2026 6:00:00 AM,RFC,MIDATL,PEP,PEPCO,4368.422,True
1/30/2026 12:00:00 PM,1/30/2026 7:00:00 AM,RFC,MIDATL,PEP,PEPCO,4503.820,True
1/30/2026 1:00:00 PM,1/30/2026 8:00:00 AM,RFC,MIDATL,PEP,PEPCO,4513.306,True
1/30/2026 2:00:00 PM,1/30/2026 9:00:00 AM,RFC,MIDATL,PEP,PEPCO,4432.646,True
1/30/2026 3:00:00 PM,1/30/2026 10:00:00 AM,RFC,MIDATL,PEP,PEPCO,4275.729,True
1/30/2026 4:00:00 PM,1/30/2026 11:00:00 AM,RFC,MIDATL,PEP,PEPCO,4215.097,True
1/30/2026 5:00:00 PM,1/30/2026 12:00:00 PM,RFC,MIDATL,PEP,PEPCO,4167.431,True
1/30/2026 6:00:00 PM,1/30/2026 1:00:00 PM,RFC,MIDATL,PEP,PEPCO,4091.273,True
1/30/2026 7:00:00 PM,1/30/2026 2:00:00 PM,RFC,MIDATL,PEP,PEPCO,4054.166,True
1/30/2026 8:00:00 PM,1/30/2026 3:00:00 PM,RFC,MIDATL,PEP,PEPCO,4002.504,True
1/30/2026 9:00:00 PM,1/30/2026 4:00:00 PM,RFC,MIDATL,PEP,PEPCO,4124.632,True
1/30/2026 10:00:00 PM,1/30/2026 5:00:00 PM,RFC,MIDATL,PEP,PEPCO,4288.878,True
1/30/2026 11:00:00 PM,1/30/2026 6:00:00 PM,RFC,MIDATL,PEP,PEPCO,4367.285,True
1/31/2026 12:00:00 AM,1/30/2026 7:00:00 PM,RFC,MIDATL,PEP,PEPCO,4327.889,True
1/31/2026 1:00:00 AM,1/30/2026 8:00:00 PM,RFC,MIDATL,PEP,PEPCO,4274.376,True
1/31/2026 2:00:00 AM,1/30/2026 9:00:00 PM,RFC,MIDATL,PEP,PEPCO,4180.607,True
1/31/2026 3:00:00 AM,1/30/2026 10:00:00 PM,RFC,MIDATL,PEP,PEPCO,4067.390,True
1/31/2026 4:00:00 AM,1/30/2026 11:00:00 PM,RFC,MIDATL,PEP,PEPCO,3963.130,True
1/31/2026 5:00:00 AM,1/31/2026 12:00:00 AM,RFC,MIDATL,PEP,PEPCO,3865.136,True
1/31/2026 6:00:00 AM,1/31/2026 1:00:00 AM,RFC,MIDATL,PEP,PEPCO,3882.986,True
1/31/2026 7:00:00 AM,1/31/2026 2:00:00 AM,RFC,MIDATL,PEP,PEPCO,3832.050,True
1/31/2026 8:00:00 AM,1/31/2026 3:00:00 AM,RFC,MIDATL,PEP,PEPCO,3859.976,True
1/31/2026 9:00:00 AM,1/31/2026 4:00:00 AM,RFC,MIDATL,PEP,PEPCO,3872.740,True
1/31/2026 10:00:00 AM,1/31/2026 5:00:00 AM,RFC,MIDATL,PEP,PEPCO,3973.019,True
1/31/2026 11:00:00 AM,1/31/2026 6:00:00 AM,RFC,MIDATL,PEP,PEPCO,4131.472,True
1/31/2026 12:00:00 PM,1/31/2026 7:00:00 AM,RFC,MIDATL,PEP,PEPCO,4235.543,True
1/31/2026 1:00:00 PM,1/31/2026 8:00:00 AM,RFC,MIDATL,PEP,PEPCO,4300.099,True
1/31/2026 2:00:00 PM,1/31/2026 9:00:00 AM,RFC,MIDATL,PEP,PEPCO,4202.507,True
1/31/2026 3:00:00 PM,1/31/2026 10:00:00 AM,RFC,MIDATL,PEP,PEPCO,4090.781,True
1/31/2026 4:00:00 PM,1/31/2026 11:00:00 AM,RFC,MIDATL,PEP,PEPCO,3948.286,True
1/31/2026 5:00:00 PM,1/31/2026 12:00:00 PM,RFC,MIDATL,PEP,PEPCO,3915.764,True
1/31/2026 6:00:00 PM,1/31/2026 1:00:00 PM,RFC,MIDATL,PEP,PEPCO,3853.429,True
1/31/2026 7:00:00 PM,1/31/2026 2:00:00 PM,RFC,MIDATL,PEP,PEPCO,3832.207,True
1/31/2026 8:00:00 PM,1/31/2026 3:00:00 PM,RFC,MIDATL,PEP,PEPCO,3888.104,True
1/31/2026 9:00:00 PM,1/31/2026 4:00:00 PM,RFC,MIDATL,PEP,PEPCO,3974.443,True
1/31/2026 10:00:00 PM,1/31/2026 5:00:00 PM,RFC,MIDATL,PEP,PEPCO,4123.365,True
1/31/2026 11:00:00 PM,1/31/2026 6:00:00 PM,RFC,MIDATL,PEP,PEPCO,4228.072,True
2/1/2026 12:00:00 AM,1/31/2026 7:00:00 PM,RFC,MIDATL,PEP,PEPCO,4239.075,True
2/1/2026 1:00:00 AM,1/31/2026 8:00:00 PM,RFC,MIDATL,PEP,PEPCO,4171.624,True
2/1/2026 2:00:00 AM,1/31/2026 9:00:00 PM,RFC,MIDATL,PEP,PEPCO,4132.807,True
2/1/2026 3:00:00 AM,1/31/2026 10:00:00 PM,RFC,MIDATL,PEP,PEPCO,3994.574,True
2/1/2026 4:00:00 AM,1/31/2026 11:00:00 PM,RFC,MIDATL,PEP,PEPCO,3875.920,True
2/1/2026 5:00:00 AM,2/1/2026 12:00:00 AM,RFC,MIDATL,PEP,PEPCO,3886.002,True
2/1/2026 6:00:00 AM,2/1/2026 1:00:00 AM,RFC,MIDATL,PEP,PEPCO,3846.381,True
2/1/2026 7:00:00 AM,2/1/2026 2:00:00 AM,RFC,MIDATL,PEP,PEPCO,3857.808,True
2/1/2026 8:00:00 AM,2/1/2026 3:00:00 AM,RFC,MIDATL,PEP,PEPCO,3807.111,True
2/1/2026 9:00:00 AM,2/1/2026 4:00:00 AM,RFC,MIDATL,PEP,PEPCO,3880.277,True
2/1/2026 10:00:00 AM,2/1/2026 5:00:00 AM,RFC,MIDATL,PEP,PEPCO,3930.356,True
2/1/2026 11:00:00 AM,2/1/2026 6:00:00 AM,RFC,MIDATL,PEP,PEPCO,4061.994,True
2/1/2026 12:00:00 PM,2/1/2026 7:00:00 AM,RFC,MIDATL,PEP,PEPCO,4160.612,True
2/1/2026 1:00:00 PM,2/1/2026 8:00:00 AM,RFC,MIDATL,PEP,PEPCO,4219.448,True
2/1/2026 2:00:00 PM,2/1/2026 9:00:00 AM,RFC,MIDATL,PEP,PEPCO,4141.004,True
2/1/2026 3:00:00 PM,2/1/2026 10:00:00 AM,RFC,MIDATL,PEP,PEPCO,4084.234,True
2/1/2026 4:00:00 PM,2/1/2026 11:00:00 AM,RFC,MIDATL,PEP,PEPCO,3989.512,True
2/1/2026 5:00:00 PM,2/1/2026 12:00:00 PM,RFC,MIDATL,PEP,PEPCO,3947.737,True
2/1/2026 6:00:00 PM,2/1/2026 1:00:00 PM,RFC,MIDATL,PEP,PEPCO,3851.701,True
2/1/2026 7:00:00 PM,2/1/2026 2:00:00 PM,RFC,MIDATL,PEP,PEPCO,3789.910,True
2/1/2026 8:00:00 PM,2/1/2026 3:00:00 PM,RFC,MIDATL,PEP,PEPCO,3794.847,True
2/1/2026 9:00:00 PM,2/1/2026 4:00:00 PM,RFC,MIDATL,PEP,PEPCO,3843.031,True
2/1/2026 10:00:00 PM,2/1/2026 5:00:00 PM,RFC,MIDATL,PEP,PEPCO,4094.482,True
2/1/2026 11:00:00 PM,2/1/2026 6:00:00 PM,RFC,MIDATL,PEP,PEPCO,4183.419,True
2/2/2026 12:00:00 AM,2/1/2026 7:00:00 PM,RFC,MIDATL,PEP,PEPCO,4213.201,True
2/2/2026 1:00:00 AM,2/1/2026 8:00:00 PM,RFC,MIDATL,PEP,PEPCO,4140.045,True
2/2/2026 2:00:00 AM,2/1/2026 9:00:00 PM,RFC,MIDATL,PEP,PEPCO,4094.220,True
2/2/2026 3:00:00 AM,2/1/2026 10:00:00 PM,RFC,MIDATL,PEP,PEPCO,3917.865,True
2/2/2026 4:00:00 AM,2/1/2026 11:00:00 PM,RFC,MIDATL,PEP,PEPCO,3818.792,True
2/2/2026 5:00:00 AM,2/2/2026 12:00:00 AM,RFC,MIDATL,PEP,PEPCO,3647.834,True
2/2/2026 6:00:00 AM,2/2/2026 1:00:00 AM,RFC,MIDATL,PEP,PEPCO,3589.672,True
2/2/2026 7:00:00 AM,2/2/2026 2:00:00 AM,RFC,MIDATL,PEP,PEPCO,3618.764,True
2/2/2026 8:00:00 AM,2/2/2026 3:00:00 AM,RFC,MIDATL,PEP,PEPCO,3665.604,True
2/2/2026 9:00:00 AM,2/2/2026 4:00:00 AM,RFC,MIDATL,PEP,PEPCO,3755.375,True
2/2/2026 10:00:00 AM,2/2/2026 5:00:00 AM,RFC,MIDATL,PEP,PEPCO,3908.358,True
2/2/2026 11:00:00 AM,2/2/2026 6:00:00 AM,RFC,MIDATL,PEP,PEPCO,4166.648,True
2/2/2026 12:00:00 PM,2/2/2026 7:00:00 AM,RFC,MIDATL,PEP,PEPCO,4323.960,True
2/2/2026 1:00:00 PM,2/2/2026 8:00:00 AM,RFC,MIDATL,PEP,PEPCO,4288.954,True
2/2/2026 2:00:00 PM,2/2/2026 9:00:00 AM,RFC,MIDATL,PEP,PEPCO,4148.121,True
2/2/2026 3:00:00 PM,2/2/2026 10:00:00 AM,RFC,MIDATL,PEP,PEPCO,3993.852,True
2/2/2026 4:00:00 PM,2/2/2026 11:00:00 AM,RFC,MIDATL,PEP,PEPCO,3918.753,True
2/2/2026 5:00:00 PM,2/2/2026 12:00:00 PM,RFC,MIDATL,PEP,PEPCO,3799.473,True
2/2/2026 6:00:00 PM,2/2/2026 1:00:00 PM,RFC,MIDATL,PEP,PEPCO,3686.418,True
2/2/2026 7:00:00 PM,2/2/2026 2:00:00 PM,RFC,MIDATL,PEP,PEPCO,3558.929,True
2/2/2026 8:00:00 PM,2/2/2026 3:00:00 PM,RFC,MIDATL,PEP,PEPCO,3550.788,True
2/2/2026 9:00:00 PM,2/2/2026 4:00:00 PM,RFC,MIDATL,PEP,PEPCO,3608.147,True
2/2/2026 10:00:00 PM,2/2/2026 5:00:00 PM,RFC,MIDATL,PEP,PEPCO,3781.313,True
2/2/2026 11:00:00 PM,2/2/2026 6:00:00 PM,RFC,MIDATL,PEP,PEPCO,3898.250,True
2/3/2026 12:00:00 AM,2/2/2026 7:00:00 PM,RFC,MIDATL,PEP,PEPCO,3856.873,True
2/3/2026 1:00:00 AM,2/2/2026 8:00:00 PM,RFC,MIDATL,PEP,PEPCO,3845.418,True
2/3/2026 2:00:00 AM,2/2/2026 9:00:00 PM,RFC,MIDATL,PEP,PEPCO,3737.565,True
2/3/2026 3:00:00 AM,2/2/2026 10:00:00 PM,RFC,MIDATL,PEP,PEPCO,3556.932,True
2/3/2026 4:00:00 AM,2/2/2026 11:00:00 PM,RFC,MIDATL,PEP,PEPCO,3367.090,True
2/3/2026 5:00:00 AM,2/3/2026 12:00:00 AM,RFC,MIDATL,PEP,PEPCO,3225.915,True
2/3/2026 6:00:00 AM,2/3/2026 1:00:00 AM,RFC,MIDATL,PEP,PEPCO,3124.649,True
2/3/2026 7:00:00 AM,2/3/2026 2:00:00 AM,RFC,MIDATL,PEP,PEPCO,3088.552,True
2/3/2026 8:00:00 AM,2/3/2026 3:00:00 AM,RFC,MIDATL,PEP,PEPCO,3079.409,True
2/3/2026 9:00:00 AM,2/3/2026 4:00:00 AM,RFC,MIDATL,PEP,PEPCO,3148.370,True
2/3/2026 10:00:00 AM,2/3/2026 5:00:00 AM,RFC,MIDATL,PEP,PEPCO,3356.364,True
2/3/2026 11:00:00 AM,2/3/2026 6:00:00 AM,RFC,MIDATL,PEP,PEPCO,3613.844,True
2/3/2026 12:00:00 PM,2/3/2026 7:00:00 AM,RFC,MIDATL,PEP,PEPCO,3775.884,True
2/3/2026 1:00:00 PM,2/3/2026 8:00:00 AM,RFC,MIDATL,PEP,PEPCO,3762.843,True
2/3/2026 2:00:00 PM,2/3/2026 9:00:00 AM,RFC,MIDATL,PEP,PEPCO,3607.971,True
2/3/2026 3:00:00 PM,2/3/2026 10:00:00 AM,RFC,MIDATL,PEP,PEPCO,3509.067,True
2/3/2026 4:00:00 PM,2/3/2026 11:00:00 AM,RFC,MIDATL,PEP,PEPCO,3356.435,True
2/3/2026 5:00:00 PM,2/3/2026 12:00:00 PM,RFC,MIDATL,PEP,PEPCO,3262.449,True
2/3/2026 6:00:00 PM,2/3/2026 1:00:00 PM,RFC,MIDATL,PEP,PEPCO,3210.614,True
2/3/2026 7:00:00 PM,2/3/2026 2:00:00 PM,RFC,MIDATL,PEP,PEPCO,3273.035,True
2/3/2026 8:00:00 PM,2/3/2026 3:00:00 PM,RFC,MIDATL,PEP,PEPCO,3313.814,True
2/3/2026 9:00:00 PM,2/3/2026 4:00:00 PM,RFC,MIDATL,PEP,PEPCO,3360.218,True
2/3/2026 10:00:00 PM,2/3/2026 5:00:00 PM,RFC,MIDATL,PEP,PEPCO,3497.857,True
2/3/2026 11:00:00 PM,2/3/2026 6:00:00 PM,RFC,MIDATL,PEP,PEPCO,3534.008,True
2/4/2026 12:00:00 AM,2/3/2026 7:00:00 PM,RFC,MIDATL,PEP,PEPCO,3568.673,True
2/4/2026 1:00:00 AM,2/3/2026 8:00:00 PM,RFC,MIDATL,PEP,PEPCO,3500.070,True
2/4/2026 2:00:00 AM,2/3/2026 9:00:00 PM,RFC,MIDATL,PEP,PEPCO,3409.636,True
2/4/2026 3:00:00 AM,2/3/2026 10:00:00 PM,RFC,MIDATL,PEP,PEPCO,3240.618,True
2/4/2026 4:00:00 AM,2/3/2026 11:00:00 PM,RFC,MIDATL,PEP,PEPCO,3090.515,True
2/4/2026 5:00:00 AM,2/4/2026 12:00:00 AM,RFC,MIDATL,PEP,PEPCO,2953.911,True
2/4/2026 6:00:00 AM,2/4/2026 1:00:00 AM,RFC,MIDATL,PEP,PEPCO,2857.804,True
2/4/2026 7:00:00 AM,2/4/2026 2:00:00 AM,RFC,MIDATL,PEP,PEPCO,2832.169,True
2/4/2026 8:00:00 AM,2/4/2026 3:00:00 AM,RFC,MIDATL,PEP,PEPCO,2861.224,True
2/4/2026 9:00:00 AM,2/4/2026 4:00:00 AM,RFC,MIDATL,PEP,PEPCO,2915.957,True
2/4/2026 10:00:00 AM,2/4/2026 5:00:00 AM,RFC,MIDATL,PEP,PEPCO,3129.597,True
2/4/2026 11:00:00 AM,2/4/2026 6:00:00 AM,RFC,MIDATL,PEP,PEPCO,3414.993,True
2/4/2026 12:00:00 PM,2/4/2026 7:00:00 AM,RFC,MIDATL,PEP,PEPCO,3555.356,True
2/4/2026 1:00:00 PM,2/4/2026 8:00:00 AM,RFC,MIDATL,PEP,PEPCO,3596.689,True
2/4/2026 2:00:00 PM,2/4/2026 9:00:00 AM,RFC,MIDATL,PEP,PEPCO,3417.808,True
2/4/2026 3:00:00 PM,2/4/2026 10:00:00 AM,RFC,MIDATL,PEP,PEPCO,3308.602,True
2/4/2026 4:00:00 PM,2/4/2026 11:00:00 AM,RFC,MIDATL,PEP,PEPCO,3248.137,True
2/4/2026 5:00:00 PM,2/4/2026 12:00:00 PM,RFC,MIDATL,PEP,PEPCO,3187.019,True
2/4/2026 6:00:00 PM,2/4/2026 1:00:00 PM,RFC,MIDATL,PEP,PEPCO,3153.049,True
2/4/2026 7:00:00 PM,2/4/2026 2:00:00 PM,RFC,MIDATL,PEP,PEPCO,3149.430,True
2/4/2026 8:00:00 PM,2/4/2026 3:00:00 PM,RFC,MIDATL,PEP,PEPCO,3259.190,True
2/4/2026 9:00:00 PM,2/4/2026 4:00:00 PM,RFC,MIDATL,PEP,PEPCO,3338.991,True
2/4/2026 10:00:00 PM,2/4/2026 5:00:00 PM,RFC,MIDATL,PEP,PEPCO,3525.310,True
2/4/2026 11:00:00 PM,2/4/2026 6:00:00 PM,RFC,MIDATL,PEP,PEPCO,3604.191,True
2/5/2026 12:00:00 AM,2/4/2026 7:00:00 PM,RFC,MIDATL,PEP,PEPCO,3592.919,True
2/5/2026 1:00:00 AM,2/4/2026 8:00:00 PM,RFC,MIDATL,PEP,PEPCO,3572.673,True
2/5/2026 2:00:00 AM,2/4/2026 9:00:00 PM,RFC,MIDATL,PEP,PEPCO,3488.699,True
2/5/2026 3:00:00 AM,2/4/2026 10:00:00 PM,RFC,MIDATL,PEP,PEPCO,3339.712,True
2/5/2026 4:00:00 AM,2/4/2026 11:00:00 PM,RFC,MIDATL,PEP,PEPCO,3231.868,True
2/5/2026 5:00:00 AM,2/5/2026 12:00:00 AM,RFC,MIDATL,PEP,PEPCO,3139.134,True
2/5/2026 6:00:00 AM,2/5/2026 1:00:00 AM,RFC,MIDATL,PEP,PEPCO,3066.502,True
2/5/2026 7:00:00 AM,2/5/2026 2:00:00 AM,RFC,MIDATL,PEP,PEPCO,3121.043,True
2/5/2026 8:00:00 AM,2/5/2026 3:00:00 AM,RFC,MIDATL,PEP,PEPCO,3144.678,True
2/5/2026 9:00:00 AM,2/5/2026 4:00:00 AM,RFC,MIDATL,PEP,PEPCO,3269.366,True
2/5/2026 10:00:00 AM,2/5/2026 5:00:00 AM,RFC,MIDATL,PEP,PEPCO,3540.998,True
2/5/2026 11:00:00 AM,2/5/2026 6:00:00 AM,RFC,MIDATL,PEP,PEPCO,3845.923,True
2/5/2026 12:00:00 PM,2/5/2026 7:00:00 AM,RFC,MIDATL,PEP,PEPCO,4042.930,True
2/5/2026 1:00:00 PM,2/5/2026 8:00:00 AM,RFC,MIDATL,PEP,PEPCO,3929.138,True
2/5/2026 2:00:00 PM,2/5/2026 9:00:00 AM,RFC,MIDATL,PEP,PEPCO,3707.867,True
2/5/2026 3:00:00 PM,2/5/2026 10:00:00 AM,RFC,MIDATL,PEP,PEPCO,3555.318,True
2/5/2026 4:00:00 PM,2/5/2026 11:00:00 AM,RFC,MIDATL,PEP,PEPCO,3419.686,True
2/5/2026 5:00:00 PM,2/5/2026 12:00:00 PM,RFC,MIDATL,PEP,PEPCO,3323.632,True
2/5/2026 6:00:00 PM,2/5/2026 1:00:00 PM,RFC,MIDATL,PEP,PEPCO,3279.871,True
2/5/2026 7:00:00 PM,2/5/2026 2:00:00 PM,RFC,MIDATL,PEP,PEPCO,3217.913,True
2/5/2026 8:00:00 PM,2/5/2026 3:00:00 PM,RFC,MIDATL,PEP,PEPCO,3243.846,True
2/5/2026 9:00:00 PM,2/5/2026 4:00:00 PM,RFC,MIDATL,PEP,PEPCO,3396.778,True
2/5/2026 10:00:00 PM,2/5/2026 5:00:00 PM,RFC,MIDATL,PEP,PEPCO,3579.706,True
2/5/2026 11:00:00 PM,2/5/2026 6:00:00 PM,RFC,MIDATL,PEP,PEPCO,3706.389,True
2/6/2026 12:00:00 AM,2/5/2026 7:00:00 PM,RFC,MIDATL,PEP,PEPCO,3722.433,True
2/6/2026 1:00:00 AM,2/5/2026 8:00:00 PM,RFC,MIDATL,PEP,PEPCO,3668.807,True
2/6/2026 2:00:00 AM,2/5/2026 9:00:00 PM,RFC,MIDATL,PEP,PEPCO,3648.399,True
2/6/2026 3:00:00 AM,2/5/2026 10:00:00 PM,RFC,MIDATL,PEP,PEPCO,3495.160,True
2/6/2026 4:00:00 AM,2/5/2026 11:00:00 PM,RFC,MIDATL,PEP,PEPCO,3356.983,True
2/6/2026 5:00:00 AM,2/6/2026 12:00:00 AM,RFC,MIDATL,PEP,PEPCO,3258.378,True
2/6/2026 6:00:00 AM,2/6/2026 1:00:00 AM,RFC,MIDATL,PEP,PEPCO,3241.188,True
2/6/2026 7:00:00 AM,2/6/2026 2:00:00 AM,RFC,MIDATL,PEP,PEPCO,3260.577,True
2/6/2026 8:00:00 AM,2/6/2026 3:00:00 AM,RFC,MIDATL,PEP,PEPCO,3344.364,True
2/6/2026 9:00:00 AM,2/6/2026 4:00:00 AM,RFC,MIDATL,PEP,PEPCO,3419.027,True
2/6/2026 10:00:00 AM,2/6/2026 5:00:00 AM,RFC,MIDATL,PEP,PEPCO,3662.535,True
2/6/2026 11:00:00 AM,2/6/2026 6:00:00 AM,RFC,MIDATL,PEP,PEPCO,3952.831,True
2/6/2026 12:00:00 PM,2/6/2026 7:00:00 AM,RFC,MIDATL,PEP,PEPCO,4063.889,True
2/6/2026 1:00:00 PM,2/6/2026 8:00:00 AM,RFC,MIDATL,PEP,PEPCO,4044.217,True
2/6/2026 2:00:00 PM,2/6/2026 9:00:00 AM,RFC,MIDATL,PEP,PEPCO,3910.061,True
2/6/2026 3:00:00 PM,2/6/2026 10:00:00 AM,RFC,MIDATL,PEP,PEPCO,3629.382,True
2/6/2026 4:00:00 PM,2/6/2026 11:00:00 AM,RFC,MIDATL,PEP,PEPCO,3571.751,True
2/6/2026 5:00:00 PM,2/6/2026 12:00:00 PM,RFC,MIDATL,PEP,PEPCO,3652.845,True
2/6/2026 6:00:00 PM,2/6/2026 1:00:00 PM,RFC,MIDATL,PEP,PEPCO,3625.242,True
2/6/2026 7:00:00 PM,2/6/2026 2:00:00 PM,RFC,MIDATL,PEP,PEPCO,3566.376,True
2/6/2026 8:00:00 PM,2/6/2026 3:00:00 PM,RFC,MIDATL,PEP,PEPCO,3597.546,True
2/6/2026 9:00:00 PM,2/6/2026 4:00:00 PM,RFC,MIDATL,PEP,PEPCO,3677.627,True
2/6/2026 10:00:00 PM,2/6/2026 5:00:00 PM,RFC,MIDATL,PEP,PEPCO,3780.225,True
2/6/2026 11:00:00 PM,2/6/2026 6:00:00 PM,RFC,MIDATL,PEP,PEPCO,3807.288,True
2/7/2026 12:00:00 AM,2/6/2026 7:00:00 PM,RFC,MIDATL,PEP,PEPCO,3762.182,True
2/7/2026 1:00:00 AM,2/6/2026 8:00:00 PM,RFC,MIDATL,PEP,PEPCO,3676.370,True
2/7/2026 2:00:00 AM,2/6/2026 9:00:00 PM,RFC,MIDATL,PEP,PEPCO,3592.091,True
2/7/2026 3:00:00 AM,2/6/2026 10:00:00 PM,RFC,MIDATL,PEP,PEPCO,3423.304,True
2/7/2026 4:00:00 AM,2/6/2026 11:00:00 PM,RFC,MIDATL,PEP,PEPCO,3279.925,True
2/7/2026 5:00:00 AM,2/7/2026 12:00:00 AM,RFC,MIDATL,PEP,PEPCO,3156.531,True
2/7/2026 6:00:00 AM,2/7/2026 1:00:00 AM,RFC,MIDATL,PEP,PEPCO,3097.888,True
2/7/2026 7:00:00 AM,2/7/2026 2:00:00 AM,RFC,MIDATL,PEP,PEPCO,2970.025,True
2/7/2026 8:00:00 AM,2/7/2026 3:00:00 AM,RFC,MIDATL,PEP,PEPCO,3064.269,True
2/7/2026 9:00:00 AM,2/7/2026 4:00:00 AM,RFC,MIDATL,PEP,PEPCO,3217.149,True
2/7/2026 10:00:00 AM,2/7/2026 5:00:00 AM,RFC,MIDATL,PEP,PEPCO,3391.019,True
2/7/2026 11:00:00 AM,2/7/2026 6:00:00 AM,RFC,MIDATL,PEP,PEPCO,3609.810,True
2/7/2026 12:00:00 PM,2/7/2026 7:00:00 AM,RFC,MIDATL,PEP,PEPCO,3795.371,True
2/7/2026 1:00:00 PM,2/7/2026 8:00:00 AM,RFC,MIDATL,PEP,PEPCO,3910.728,True
2/7/2026 2:00:00 PM,2/7/2026 9:00:00 AM,RFC,MIDATL,PEP,PEPCO,3877.247,True
2/7/2026 3:00:00 PM,2/7/2026 10:00:00 AM,RFC,MIDATL,PEP,PEPCO,3871.921,True
2/7/2026 4:00:00 PM,2/7/2026 11:00:00 AM,RFC,MIDATL,PEP,PEPCO,3822.621,True
2/7/2026 5:00:00 PM,2/7/2026 12:00:00 PM,RFC,MIDATL,PEP,PEPCO,3809.125,True
2/7/2026 6:00:00 PM,2/7/2026 1:00:00 PM,RFC,MIDATL,PEP,PEPCO,3798.720,True
2/7/2026 7:00:00 PM,2/7/2026 2:00:00 PM,RFC,MIDATL,PEP,PEPCO,3792.579,True
2/7/2026 8:00:00 PM,2/7/2026 3:00:00 PM,RFC,MIDATL,PEP,PEPCO,3873.796,True
2/7/2026 9:00:00 PM,2/7/2026 4:00:00 PM,RFC,MIDATL,PEP,PEPCO,4031.527,True
2/7/2026 10:00:00 PM,2/7/2026 5:00:00 PM,RFC,MIDATL,PEP,PEPCO,4268.011,True
2/7/2026 11:00:00 PM,2/7/2026 6:00:00 PM,RFC,MIDATL,PEP,PEPCO,4414.573,True
2/8/2026 12:00:00 AM,2/7/2026 7:00:00 PM,RFC,MIDATL,PEP,PEPCO,4393.613,True
2/8/2026 1:00:00 AM,2/7/2026 8:00:00 PM,RFC,MIDATL,PEP,PEPCO,4390.996,True
2/8/2026 2:00:00 AM,2/7/2026 9:00:00 PM,RFC,MIDATL,PEP,PEPCO,4362.514,True
2/8/2026 3:00:00 AM,2/7/2026 10:00:00 PM,RFC,MIDATL,PEP,PEPCO,4257.690,True
2/8/2026 4:00:00 AM,2/7/2026 11:00:00 PM,RFC,MIDATL,PEP,PEPCO,4108.702,True
2/8/2026 5:00:00 AM,2/8/2026 12:00:00 AM,RFC,MIDATL,PEP,PEPCO,4046.821,True
2/8/2026 6:00:00 AM,2/8/2026 1:00:00 AM,RFC,MIDATL,PEP,PEPCO,4007.366,True
2/8/2026 7:00:00 AM,2/8/2026 2:00:00 AM,RFC,MIDATL,PEP,PEPCO,3963.212,True
2/8/2026 8:00:00 AM,2/8/2026 3:00:00 AM,RFC,MIDATL,PEP,PEPCO,3910.449,True
2/8/2026 9:00:00 AM,2/8/2026 4:00:00 AM,RFC,MIDATL,PEP,PEPCO,3941.496,True
2/8/2026 10:00:00 AM,2/8/2026 5:00:00 AM,RFC,MIDATL,PEP,PEPCO,3981.481,True
2/8/2026 11:00:00 AM,2/8/2026 6:00:00 AM,RFC,MIDATL,PEP,PEPCO,4080.614,True
2/8/2026 12:00:00 PM,2/8/2026 7:00:00 AM,RFC,MIDATL,PEP,PEPCO,4144.874,True
2/8/2026 1:00:00 PM,2/8/2026 8:00:00 AM,RFC,MIDATL,PEP,PEPCO,4063.930,True
2/8/2026 2:00:00 PM,2/8/2026 9:00:00 AM,RFC,MIDATL,PEP,PEPCO,3963.323,True
2/8/2026 3:00:00 PM,2/8/2026 10:00:00 AM,RFC,MIDATL,PEP,PEPCO,3844.369,True
2/8/2026 4:00:00 PM,2/8/2026 11:00:00 AM,RFC,MIDATL,PEP,PEPCO,3778.621,True
2/8/2026 5:00:00 PM,2/8/2026 12:00:00 PM,RFC,MIDATL,PEP,PEPCO,3756.112,True
2/8/2026 6:00:00 PM,2/8/2026 1:00:00 PM,RFC,MIDATL,PEP,PEPCO,3810.432,True
2/8/2026 7:00:00 PM,2/8/2026 2:00:00 PM,RFC,MIDATL,PEP,PEPCO,3613.146,True
2/8/2026 8:00:00 PM,2/8/2026 3:00:00 PM,RFC,MIDATL,PEP,PEPCO,3728.638,True
2/8/2026 9:00:00 PM,2/8/2026 4:00:00 PM,RFC,MIDATL,PEP,PEPCO,3884.045,True
2/8/2026 10:00:00 PM,2/8/2026 5:00:00 PM,RFC,MIDATL,PEP,PEPCO,4114.140,True
2/8/2026 11:00:00 PM,2/8/2026 6:00:00 PM,RFC,MIDATL,PEP,PEPCO,4248.579,True
2/9/2026 12:00:00 AM,2/8/2026 7:00:00 PM,RFC,MIDATL,PEP,PEPCO,4194.278,True
2/9/2026 1:00:00 AM,2/8/2026 8:00:00 PM,RFC,MIDATL,PEP,PEPCO,4156.644,True
2/9/2026 2:00:00 AM,2/8/2026 9:00:00 PM,RFC,MIDATL,PEP,PEPCO,4093.929,True
2/9/2026 3:00:00 AM,2/8/2026 10:00:00 PM,RFC,MIDATL,PEP,PEPCO,4001.459,True
2/9/2026 4:00:00 AM,2/8/2026 11:00:00 PM,RFC,MIDATL,PEP,PEPCO,3918.502,True
2/9/2026 5:00:00 AM,2/9/2026 12:00:00 AM,RFC,MIDATL,PEP,PEPCO,3816.253,True
2/9/2026 6:00:00 AM,2/9/2026 1:00:00 AM,RFC,MIDATL,PEP,PEPCO,3745.883,True
2/9/2026 7:00:00 AM,2/9/2026 2:00:00 AM,RFC,MIDATL,PEP,PEPCO,3741.309,True
2/9/2026 8:00:00 AM,2/9/2026 3:00:00 AM,RFC,MIDATL,PEP,PEPCO,3810.857,True
2/9/2026 9:00:00 AM,2/9/2026 4:00:00 AM,RFC,MIDATL,PEP,PEPCO,3916.130,True
2/9/2026 10:00:00 AM,2/9/2026 5:00:00 AM,RFC,MIDATL,PEP,PEPCO,4112.469,True
2/9/2026 11:00:00 AM,2/9/2026 6:00:00 AM,RFC,MIDATL,PEP,PEPCO,4409.465,True
2/9/2026 12:00:00 PM,2/9/2026 7:00:00 AM,RFC,MIDATL,PEP,PEPCO,4568.920,True
2/9/2026 1:00:00 PM,2/9/2026 8:00:00 AM,RFC,MIDATL,PEP,PEPCO,4399.526,True
2/9/2026 2:00:00 PM,2/9/2026 9:00:00 AM,RFC,MIDATL,PEP,PEPCO,4125.350,True
2/9/2026 3:00:00 PM,2/9/2026 10:00:00 AM,RFC,MIDATL,PEP,PEPCO,3917.232,True
2/9/2026 4:00:00 PM,2/9/2026 11:00:00 AM,RFC,MIDATL,PEP,PEPCO,3786.525,True
2/9/2026 5:00:00 PM,2/9/2026 12:00:00 PM,RFC,MIDATL,PEP,PEPCO,3663.763,True
2/9/2026 6:00:00 PM,2/9/2026 1:00:00 PM,RFC,MIDATL,PEP,PEPCO,3525.047,True
2/9/2026 7:00:00 PM,2/9/2026 2:00:00 PM,RFC,MIDATL,PEP,PEPCO,3500.807,True
2/9/2026 8:00:00 PM,2/9/2026 3:00:00 PM,RFC,MIDATL,PEP,PEPCO,3514.197,True
2/9/2026 9:00:00 PM,2/9/2026 4:00:00 PM,RFC,MIDATL,PEP,PEPCO,3617.077,True
2/9/2026 10:00:00 PM,2/9/2026 5:00:00 PM,RFC,MIDATL,PEP,PEPCO,3780.379,True
2/9/2026 11:00:00 PM,2/9/2026 6:00:00 PM,RFC,MIDATL,PEP,PEPCO,3897.601,True
2/10/2026 12:00:00 AM,2/9/2026 7:00:00 PM,RFC,MIDATL,PEP,PEPCO,3910.265,True
2/10/2026 1:00:00 AM,2/9/2026 8:00:00 PM,RFC,MIDATL,PEP,PEPCO,3822.049,True
2/10/2026 2:00:00 AM,2/9/2026 9:00:00 PM,RFC,MIDATL,PEP,PEPCO,3701.737,True
2/10/2026 3:00:00 AM,2/9/2026 10:00:00 PM,RFC,MIDATL,PEP,PEPCO,3506.899,True
2/10/2026 4:00:00 AM,2/9/2026 11:00:00 PM,RFC,MIDATL,PEP,PEPCO,3290.059,True
2/10/2026 5:00:00 AM,2/10/2026 12:00:00 AM,RFC,MIDATL,PEP,PEPCO,3183.810,True
2/10/2026 6:00:00 AM,2/10/2026 1:00:00 AM,RFC,MIDATL,PEP,PEPCO,3056.946,True
2/10/2026 7:00:00 AM,2/10/2026 2:00:00 AM,RFC,MIDATL,PEP,PEPCO,3052.127,True
2/10/2026 8:00:00 AM,2/10/2026 3:00:00 AM,RFC,MIDATL,PEP,PEPCO,3042.383,True
2/10/2026 9:00:00 AM,2/10/2026 4:00:00 AM,RFC,MIDATL,PEP,PEPCO,3168.169,True
2/10/2026 10:00:00 AM,2/10/2026 5:00:00 AM,RFC,MIDATL,PEP,PEPCO,3376.712,True
2/10/2026 11:00:00 AM,2/10/2026 6:00:00 AM,RFC,MIDATL,PEP,PEPCO,3681.220,True
2/10/2026 12:00:00 PM,2/10/2026 7:00:00 AM,RFC,MIDATL,PEP,PEPCO,3815.112,True
2/10/2026 1:00:00 PM,2/10/2026 8:00:00 AM,RFC,MIDATL,PEP,PEPCO,3746.592,True
2/10/2026 2:00:00 PM,2/10/2026 9:00:00 AM,RFC,MIDATL,PEP,PEPCO,3477.807,True
2/10/2026 3:00:00 PM,2/10/2026 10:00:00 AM,RFC,MIDATL,PEP,PEPCO,3388.522,True
2/10/2026 4:00:00 PM,2/10/2026 11:00:00 AM,RFC,MIDATL,PEP,PEPCO,3252.989,True
2/10/2026 5:00:00 PM,2/10/2026 12:00:00 PM,RFC,MIDATL,PEP,PEPCO,3157.085,True
2/10/2026 6:00:00 PM,2/10/2026 1:00:00 PM,RFC,MIDATL,PEP,PEPCO,3028.047,True
2/10/2026 7:00:00 PM,2/10/2026 2:00:00 PM,RFC,MIDATL,PEP,PEPCO,2933.548,True
2/10/2026 8:00:00 PM,2/10/2026 3:00:00 PM,RFC,MIDATL,PEP,PEPCO,2933.190,True
2/10/2026 9:00:00 PM,2/10/2026 4:00:00 PM,RFC,MIDATL,PEP,PEPCO,3032.067,True
2/10/2026 10:00:00 PM,2/10/2026 5:00:00 PM,RFC,MIDATL,PEP,PEPCO,3190.487,True
2/10/2026 11:00:00 PM,2/10/2026 6:00:00 PM,RFC,MIDATL,PEP,PEPCO,3305.934,True
2/11/2026 12:00:00 AM,2/10/2026 7:00:00 PM,RFC,MIDATL,PEP,PEPCO,3268.996,True
2/11/2026 1:00:00 AM,2/10/2026 8:00:00 PM,RFC,MIDATL,PEP,PEPCO,3257.595,True
2/11/2026 2:00:00 AM,2/10/2026 9:00:00 PM,RFC,MIDATL,PEP,PEPCO,3166.218,True
2/11/2026 3:00:00 AM,2/10/2026 10:00:00 PM,RFC,MIDATL,PEP,PEPCO,2964.931,True
2/11/2026 4:00:00 AM,2/10/2026 11:00:00 PM,RFC,MIDATL,PEP,PEPCO,2799.466,True
2/11/2026 5:00:00 AM,2/11/2026 12:00:00 AM,RFC,MIDATL,PEP,PEPCO,2634.895,True
2/11/2026 6:00:00 AM,2/11/2026 1:00:00 AM,RFC,MIDATL,PEP,PEPCO,2547.576,True
2/11/2026 7:00:00 AM,2/11/2026 2:00:00 AM,RFC,MIDATL,PEP,PEPCO,2521.283,True
2/11/2026 8:00:00 AM,2/11/2026 3:00:00 AM,RFC,MIDATL,PEP,PEPCO,2506.243,True
2/11/2026 9:00:00 AM,2/11/2026 4:00:00 AM,RFC,MIDATL,PEP,PEPCO,2574.568,True
2/11/2026 10:00:00 AM,2/11/2026 5:00:00 AM,RFC,MIDATL,PEP,PEPCO,2736.734,True
2/11/2026 11:00:00 AM,2/11/2026 6:00:00 AM,RFC,MIDATL,PEP,PEPCO,3024.231,True
2/11/2026 12:00:00 PM,2/11/2026 7:00:00 AM,RFC,MIDATL,PEP,PEPCO,3226.021,True
2/11/2026 1:00:00 PM,2/11/2026 8:00:00 AM,RFC,MIDATL,PEP,PEPCO,3108.860,True
2/11/2026 2:00:00 PM,2/11/2026 9:00:00 AM,RFC,MIDATL,PEP,PEPCO,3025.287,True
2/11/2026 3:00:00 PM,2/11/2026 10:00:00 AM,RFC,MIDATL,PEP,PEPCO,2845.853,True
2/11/2026 4:00:00 PM,2/11/2026 11:00:00 AM,RFC,MIDATL,PEP,PEPCO,2839.181,True
2/11/2026 5:00:00 PM,2/11/2026 12:00:00 PM,RFC,MIDATL,PEP,PEPCO,2742.812,True
2/11/2026 6:00:00 PM,2/11/2026 1:00:00 PM,RFC,MIDATL,PEP,PEPCO,2683.855,True
2/11/2026 7:00:00 PM,2/11/2026 2:00:00 PM,RFC,MIDATL,PEP,PEPCO,2730.914,True
2/11/2026 8:00:00 PM,2/11/2026 3:00:00 PM,RFC,MIDATL,PEP,PEPCO,2796.470,True
2/11/2026 9:00:00 PM,2/11/2026 4:00:00 PM,RFC,MIDATL,PEP,PEPCO,2959.835,True
2/11/2026 10:00:00 PM,2/11/2026 5:00:00 PM,RFC,MIDATL,PEP,PEPCO,3145.976,True
2/11/2026 11:00:00 PM,2/11/2026 6:00:00 PM,RFC,MIDATL,PEP,PEPCO,3250.134,True
2/12/2026 12:00:00 AM,2/11/2026 7:00:00 PM,RFC,MIDATL,PEP,PEPCO,3217.030,True
2/12/2026 1:00:00 AM,2/11/2026 8:00:00 PM,RFC,MIDATL,PEP,PEPCO,3171.193,True
2/12/2026 2:00:00 AM,2/11/2026 9:00:00 PM,RFC,MIDATL,PEP,PEPCO,3108.897,True
2/12/2026 3:00:00 AM,2/11/2026 10:00:00 PM,RFC,MIDATL,PEP,PEPCO,2995.900,True
2/12/2026 4:00:00 AM,2/11/2026 11:00:00 PM,RFC,MIDATL,PEP,PEPCO,2857.362,True
2/12/2026 5:00:00 AM,2/12/2026 12:00:00 AM,RFC,MIDATL,PEP,PEPCO,2735.005,True
2/12/2026 6:00:00 AM,2/12/2026 1:00:00 AM,RFC,MIDATL,PEP,PEPCO,2656.923,True
2/12/2026 7:00:00 AM,2/12/2026 2:00:00 AM,RFC,MIDATL,PEP,PEPCO,2630.078,True
2/12/2026 8:00:00 AM,2/12/2026 3:00:00 AM,RFC,MIDATL,PEP,PEPCO,2668.353,True
2/12/2026 9:00:00 AM,2/12/2026 4:00:00 AM,RFC,MIDATL,PEP,PEPCO,2796.841,True
2/12/2026 10:00:00 AM,2/12/2026 5:00:00 AM,RFC,MIDATL,PEP,PEPCO,3043.486,True
2/12/2026 11:00:00 AM,2/12/2026 6:00:00 AM,RFC,MIDATL,PEP,PEPCO,3340.819,True
2/12/2026 12:00:00 PM,2/12/2026 7:00:00 AM,RFC,MIDATL,PEP,PEPCO,3550.361,True
2/12/2026 1:00:00 PM,2/12/2026 8:00:00 AM,RFC,MIDATL,PEP,PEPCO,3557.483,True
2/12/2026 2:00:00 PM,2/12/2026 9:00:00 AM,RFC,MIDATL,PEP,PEPCO,3442.196,True
2/12/2026 3:00:00 PM,2/12/2026 10:00:00 AM,RFC,MIDATL,PEP,PEPCO,3332.945,True
2/12/2026 4:00:00 PM,2/12/2026 11:00:00 AM,RFC,MIDATL,PEP,PEPCO,3277.172,True
2/12/2026 5:00:00 PM,2/12/2026 12:00:00 PM,RFC,MIDATL,PEP,PEPCO,3248.981,True
2/12/2026 6:00:00 PM,2/12/2026 1:00:00 PM,RFC,MIDATL,PEP,PEPCO,3244.092,True
2/12/2026 7:00:00 PM,2/12/2026 2:00:00 PM,RFC,MIDATL,PEP,PEPCO,3215.001,True
2/12/2026 8:00:00 PM,2/12/2026 3:00:00 PM,RFC,MIDATL,PEP,PEPCO,3218.134,True
2/12/2026 9:00:00 PM,2/12/2026 4:00:00 PM,RFC,MIDATL,PEP,PEPCO,3354.143,True
2/12/2026 10:00:00 PM,2/12/2026 5:00:00 PM,RFC,MIDATL,PEP,PEPCO,3540.154,True
2/12/2026 11:00:00 PM,2/12/2026 6:00:00 PM,RFC,MIDATL,PEP,PEPCO,3588.347,True
2/13/2026 12:00:00 AM,2/12/2026 7:00:00 PM,RFC,MIDATL,PEP,PEPCO,3580.167,True
2/13/2026 1:00:00 AM,2/12/2026 8:00:00 PM,RFC,MIDATL,PEP,PEPCO,3524.027,True
2/13/2026 2:00:00 AM,2/12/2026 9:00:00 PM,RFC,MIDATL,PEP,PEPCO,3426.173,True
2/13/2026 3:00:00 AM,2/12/2026 10:00:00 PM,RFC,MIDATL,PEP,PEPCO,3268.307,True
2/13/2026 4:00:00 AM,2/12/2026 11:00:00 PM,RFC,MIDATL,PEP,PEPCO,3128.774,True
2/13/2026 5:00:00 AM,2/13/2026 12:00:00 AM,RFC,MIDATL,PEP,PEPCO,3012.938,True
2/13/2026 6:00:00 AM,2/13/2026 1:00:00 AM,RFC,MIDATL,PEP,PEPCO,2965.647,True
2/13/2026 7:00:00 AM,2/13/2026 2:00:00 AM,RFC,MIDATL,PEP,PEPCO,2962.301,True
2/13/2026 8:00:00 AM,2/13/2026 3:00:00 AM,RFC,MIDATL,PEP,PEPCO,2969.798,True
2/13/2026 9:00:00 AM,2/13/2026 4:00:00 AM,RFC,MIDATL,PEP,PEPCO,3078.315,True
2/13/2026 10:00:00 AM,2/13/2026 5:00:00 AM,RFC,MIDATL,PEP,PEPCO,3354.901,True
2/13/2026 11:00:00 AM,2/13/2026 6:00:00 AM,RFC,MIDATL,PEP,PEPCO,3663.716,True
2/13/2026 12:00:00 PM,2/13/2026 7:00:00 AM,RFC,MIDATL,PEP,PEPCO,3785.982,True
2/13/2026 1:00:00 PM,2/13/2026 8:00:00 AM,RFC,MIDATL,PEP,PEPCO,3632.762,True
2/13/2026 2:00:00 PM,2/13/2026 9:00:00 AM,RFC,MIDATL,PEP,PEPCO,3446.088,True
2/13/2026 3:00:00 PM,2/13/2026 10:00:00 AM,RFC,MIDATL,PEP,PEPCO,3289.292,True
2/13/2026 4:00:00 PM,2/13/2026 11:00:00 AM,RFC,MIDATL,PEP,PEPCO,3122.958,True
2/13/2026 5:00:00 PM,2/13/2026 12:00:00 PM,RFC,MIDATL,PEP,PEPCO,3045.338,True
2/13/2026 6:00:00 PM,2/13/2026 1:00:00 PM,RFC,MIDATL,PEP,PEPCO,2983.604,True
2/13/2026 7:00:00 PM,2/13/2026 2:00:00 PM,RFC,MIDATL,PEP,PEPCO,2938.751,True
2/13/2026 8:00:00 PM,2/13/2026 3:00:00 PM,RFC,MIDATL,PEP,PEPCO,2999.318,True
2/13/2026 9:00:00 PM,2/13/2026 4:00:00 PM,RFC,MIDATL,PEP,PEPCO,3198.891,True
2/13/2026 10:00:00 PM,2/13/2026 5:00:00 PM,RFC,MIDATL,PEP,PEPCO,3338.819,True
2/13/2026 11:00:00 PM,2/13/2026 6:00:00 PM,RFC,MIDATL,PEP,PEPCO,3431.931,True
2/14/2026 12:00:00 AM,2/13/2026 7:00:00 PM,RFC,MIDATL,PEP,PEPCO,3427.116,True
2/14/2026 1:00:00 AM,2/13/2026 8:00:00 PM,RFC,MIDATL,PEP,PEPCO,3377.034,True
2/14/2026 2:00:00 AM,2/13/2026 9:00:00 PM,RFC,MIDATL,PEP,PEPCO,3359.682,True
2/14/2026 3:00:00 AM,2/13/2026 10:00:00 PM,RFC,MIDATL,PEP,PEPCO,3218.575,True
2/14/2026 4:00:00 AM,2/13/2026 11:00:00 PM,RFC,MIDATL,PEP,PEPCO,3137.043,True
2/14/2026 5:00:00 AM,2/14/2026 12:00:00 AM,RFC,MIDATL,PEP,PEPCO,3073.490,True
2/14/2026 6:00:00 AM,2/14/2026 1:00:00 AM,RFC,MIDATL,PEP,PEPCO,3005.610,True
2/14/2026 7:00:00 AM,2/14/2026 2:00:00 AM,RFC,MIDATL,PEP,PEPCO,2986.863,True
2/14/2026 8:00:00 AM,2/14/2026 3:00:00 AM,RFC,MIDATL,PEP,PEPCO,2938.550,True
2/14/2026 9:00:00 AM,2/14/2026 4:00:00 AM,RFC,MIDATL,PEP,PEPCO,2999.571,True
2/14/2026 10:00:00 AM,2/14/2026 5:00:00 AM,RFC,MIDATL,PEP,PEPCO,3021.438,True
2/14/2026 11:00:00 AM,2/14/2026 6:00:00 AM,RFC,MIDATL,PEP,PEPCO,3196.656,True
2/14/2026 12:00:00 PM,2/14/2026 7:00:00 AM,RFC,MIDATL,PEP,PEPCO,3277.083,True
2/14/2026 1:00:00 PM,2/14/2026 8:00:00 AM,RFC,MIDATL,PEP,PEPCO,3157.795,True
2/14/2026 2:00:00 PM,2/14/2026 9:00:00 AM,RFC,MIDATL,PEP,PEPCO,2944.931,True
2/14/2026 3:00:00 PM,2/14/2026 10:00:00 AM,RFC,MIDATL,PEP,PEPCO,2745.056,True
2/14/2026 4:00:00 PM,2/14/2026 11:00:00 AM,RFC,MIDATL,PEP,PEPCO,2579.657,True
2/14/2026 5:00:00 PM,2/14/2026 12:00:00 PM,RFC,MIDATL,PEP,PEPCO,2449.678,True
2/14/2026 6:00:00 PM,2/14/2026 1:00:00 PM,RFC,MIDATL,PEP,PEPCO,2376.395,True
2/14/2026 7:00:00 PM,2/14/2026 2:00:00 PM,RFC,MIDATL,PEP,PEPCO,2363.655,True
2/14/2026 8:00:00 PM,2/14/2026 3:00:00 PM,RFC,MIDATL,PEP,PEPCO,2422.144,True
2/14/2026 9:00:00 PM,2/14/2026 4:00:00 PM,RFC,MIDATL,PEP,PEPCO,2575.916,True
2/14/2026 10:00:00 PM,2/14/2026 5:00:00 PM,RFC,MIDATL,PEP,PEPCO,2721.865,True
2/14/2026 11:00:00 PM,2/14/2026 6:00:00 PM,RFC,MIDATL,PEP,PEPCO,2844.633,True
2/15/2026 12:00:00 AM,2/14/2026 7:00:00 PM,RFC,MIDATL,PEP,PEPCO,2874.689,True
2/15/2026 1:00:00 AM,2/14/2026 8:00:00 PM,RFC,MIDATL,PEP,PEPCO,2859.833,True
2/15/2026 2:00:00 AM,2/14/2026 9:00:00 PM,RFC,MIDATL,PEP,PEPCO,2813.479,True
2/15/2026 3:00:00 AM,2/14/2026 10:00:00 PM,RFC,MIDATL,PEP,PEPCO,2761.763,True
2/15/2026 4:00:00 AM,2/14/2026 11:00:00 PM,RFC,MIDATL,PEP,PEPCO,2669.472,True
2/15/2026 5:00:00 AM,2/15/2026 12:00:00 AM,RFC,MIDATL,PEP,PEPCO,2589.583,True
2/15/2026 6:00:00 AM,2/15/2026 1:00:00 AM,RFC,MIDATL,PEP,PEPCO,2564.185,True
2/15/2026 7:00:00 AM,2/15/2026 2:00:00 AM,RFC,MIDATL,PEP,PEPCO,2476.150,True
2/15/2026 8:00:00 AM,2/15/2026 3:00:00 AM,RFC,MIDATL,PEP,PEPCO,2478.451,True
2/15/2026 9:00:00 AM,2/15/2026 4:00:00 AM,RFC,MIDATL,PEP,PEPCO,2500.932,True
2/15/2026 10:00:00 AM,2/15/2026 5:00:00 AM,RFC,MIDATL,PEP,PEPCO,2546.283,True
2/15/2026 11:00:00 AM,2/15/2026 6:00:00 AM,RFC,MIDATL,PEP,PEPCO,2670.344,True
2/15/2026 12:00:00 PM,2/15/2026 7:00:00 AM,RFC,MIDATL,PEP,PEPCO,2718.683,True
2/15/2026 1:00:00 PM,2/15/2026 8:00:00 AM,RFC,MIDATL,PEP,PEPCO,2749.814,True
2/15/2026 2:00:00 PM,2/15/2026 9:00:00 AM,RFC,MIDATL,PEP,PEPCO,2738.743,True
2/15/2026 3:00:00 PM,2/15/2026 10:00:00 AM,RFC,MIDATL,PEP,PEPCO,2708.872,True
2/15/2026 4:00:00 PM,2/15/2026 11:00:00 AM,RFC,MIDATL,PEP,PEPCO,2737.322,True
2/15/2026 5:00:00 PM,2/15/2026 12:00:00 PM,RFC,MIDATL,PEP,PEPCO,2752.378,True
2/15/2026 6:00:00 PM,2/15/2026 1:00:00 PM,RFC,MIDATL,PEP,PEPCO,2801.622,True
2/15/2026 7:00:00 PM,2/15/2026 2:00:00 PM,RFC,MIDATL,PEP,PEPCO,2848.944,True
2/15/2026 8:00:00 PM,2/15/2026 3:00:00 PM,RFC,MIDATL,PEP,PEPCO,2886.934,True
2/15/2026 9:00:00 PM,2/15/2026 4:00:00 PM,RFC,MIDATL,PEP,PEPCO,2935.101,True
2/15/2026 10:00:00 PM,2/15/2026 5:00:00 PM,RFC,MIDATL,PEP,PEPCO,2991.378,True
2/15/2026 11:00:00 PM,2/15/2026 6:00:00 PM,RFC,MIDATL,PEP,PEPCO,3068.896,True
2/16/2026 12:00:00 AM,2/15/2026 7:00:00 PM,RFC,MIDATL,PEP,PEPCO,3073.566,True
2/16/2026 1:00:00 AM,2/15/2026 8:00:00 PM,RFC,MIDATL,PEP,PEPCO,3001.230,True
2/16/2026 2:00:00 AM,2/15/2026 9:00:00 PM,RFC,MIDATL,PEP,PEPCO,2982.755,True
2/16/2026 3:00:00 AM,2/15/2026 10:00:00 PM,RFC,MIDATL,PEP,PEPCO,2905.528,True
2/16/2026 4:00:00 AM,2/15/2026 11:00:00 PM,RFC,MIDATL,PEP,PEPCO,2797.548,True
2/16/2026 5:00:00 AM,2/16/2026 12:00:00 AM,RFC,MIDATL,PEP,PEPCO,2662.762,True
2/16/2026 6:00:00 AM,2/16/2026 1:00:00 AM,RFC,MIDATL,PEP,PEPCO,2586.045,True
2/16/2026 7:00:00 AM,2/16/2026 2:00:00 AM,RFC,MIDATL,PEP,PEPCO,2563.829,True
2/16/2026 8:00:00 AM,2/16/2026 3:00:00 AM,RFC,MIDATL,PEP,PEPCO,2564.067,True
2/16/2026 9:00:00 AM,2/16/2026 4:00:00 AM,RFC,MIDATL,PEP,PEPCO,2613.861,True
2/16/2026 10:00:00 AM,2/16/2026 5:00:00 AM,RFC,MIDATL,PEP,PEPCO,2797.306,True
2/16/2026 11:00:00 AM,2/16/2026 6:00:00 AM,RFC,MIDATL,PEP,PEPCO,2971.764,True
2/16/2026 12:00:00 PM,2/16/2026 7:00:00 AM,RFC,MIDATL,PEP,PEPCO,3065.608,True
2/16/2026 1:00:00 PM,2/16/2026 8:00:00 AM,RFC,MIDATL,PEP,PEPCO,3097.383,True
2/16/2026 2:00:00 PM,2/16/2026 9:00:00 AM,RFC,MIDATL,PEP,PEPCO,3029.893,True
2/16/2026 3:00:00 PM,2/16/2026 10:00:00 AM,RFC,MIDATL,PEP,PEPCO,3006.199,True
2/16/2026 4:00:00 PM,2/16/2026 11:00:00 AM,RFC,MIDATL,PEP,PEPCO,3031.319,True
2/16/2026 5:00:00 PM,2/16/2026 12:00:00 PM,RFC,MIDATL,PEP,PEPCO,3031.336,True
2/16/2026 6:00:00 PM,2/16/2026 1:00:00 PM,RFC,MIDATL,PEP,PEPCO,2994.389,True
2/16/2026 7:00:00 PM,2/16/2026 2:00:00 PM,RFC,MIDATL,PEP,PEPCO,2984.253,True
2/16/2026 8:00:00 PM,2/16/2026 3:00:00 PM,RFC,MIDATL,PEP,PEPCO,2976.910,True
2/16/2026 9:00:00 PM,2/16/2026 4:00:00 PM,RFC,MIDATL,PEP,PEPCO,3029.880,True
2/16/2026 10:00:00 PM,2/16/2026 5:00:00 PM,RFC,MIDATL,PEP,PEPCO,3148.258,True
2/16/2026 11:00:00 PM,2/16/2026 6:00:00 PM,RFC,MIDATL,PEP,PEPCO,3264.071,True
2/17/2026 12:00:00 AM,2/16/2026 7:00:00 PM,RFC,MIDATL,PEP,PEPCO,3275.385,True
2/17/2026 1:00:00 AM,2/16/2026 8:00:00 PM,RFC,MIDATL,PEP,PEPCO,3222.317,True
2/17/2026 2:00:00 AM,2/16/2026 9:00:00 PM,RFC,MIDATL,PEP,PEPCO,3176.938,True
2/17/2026 3:00:00 AM,2/16/2026 10:00:00 PM,RFC,MIDATL,PEP,PEPCO,3081.587,True
2/17/2026 4:00:00 AM,2/16/2026 11:00:00 PM,RFC,MIDATL,PEP,PEPCO,2945.638,True
2/17/2026 5:00:00 AM,2/17/2026 12:00:00 AM,RFC,MIDATL,PEP,PEPCO,2805.298,True
2/17/2026 6:00:00 AM,2/17/2026 1:00:00 AM,RFC,MIDATL,PEP,PEPCO,2734.969,True
2/17/2026 7:00:00 AM,2/17/2026 2:00:00 AM,RFC,MIDATL,PEP,PEPCO,2691.973,True
2/17/2026 8:00:00 AM,2/17/2026 3:00:00 AM,RFC,MIDATL,PEP,PEPCO,2684.583,True
2/17/2026 9:00:00 AM,2/17/2026 4:00:00 AM,RFC,MIDATL,PEP,PEPCO,2808.120,True
2/17/2026 10:00:00 AM,2/17/2026 5:00:00 AM,RFC,MIDATL,PEP,PEPCO,2978.400,True
2/17/2026 11:00:00 AM,2/17/2026 6:00:00 AM,RFC,MIDATL,PEP,PEPCO,3273.601,True
2/17/2026 12:00:00 PM,2/17/2026 7:00:00 AM,RFC,MIDATL,PEP,PEPCO,3435.816,True
2/17/2026 1:00:00 PM,2/17/2026 8:00:00 AM,RFC,MIDATL,PEP,PEPCO,3471.995,True
2/17/2026 2:00:00 PM,2/17/2026 9:00:00 AM,RFC,MIDATL,PEP,PEPCO,3375.288,True
2/17/2026 3:00:00 PM,2/17/2026 10:00:00 AM,RFC,MIDATL,PEP,PEPCO,3357.961,True
2/17/2026 4:00:00 PM,2/17/2026 11:00:00 AM,RFC,MIDATL,PEP,PEPCO,3223.869,True
2/17/2026 5:00:00 PM,2/17/2026 12:00:00 PM,RFC,MIDATL,PEP,PEPCO,3071.212,True
2/17/2026 6:00:00 PM,2/17/2026 1:00:00 PM,RFC,MIDATL,PEP,PEPCO,2802.245,True
2/17/2026 7:00:00 PM,2/17/2026 2:00:00 PM,RFC,MIDATL,PEP,PEPCO,2729.569,True
2/17/2026 8:00:00 PM,2/17/2026 3:00:00 PM,RFC,MIDATL,PEP,PEPCO,2826.022,True
2/17/2026 9:00:00 PM,2/17/2026 4:00:00 PM,RFC,MIDATL,PEP,PEPCO,2941.256,True
2/17/2026 10:00:00 PM,2/17/2026 5:00:00 PM,RFC,MIDATL,PEP,PEPCO,3072.806,True
2/17/2026 11:00:00 PM,2/17/2026 6:00:00 PM,RFC,MIDATL,PEP,PEPCO,3109.069,True
2/18/2026 12:00:00 AM,2/17/2026 7:00:00 PM,RFC,MIDATL,PEP,PEPCO,3099.620,True
2/18/2026 1:00:00 AM,2/17/2026 8:00:00 PM,RFC,MIDATL,PEP,PEPCO,3083.468,True
2/18/2026 2:00:00 AM,2/17/2026 9:00:00 PM,RFC,MIDATL,PEP,PEPCO,3002.083,True
2/18/2026 3:00:00 AM,2/17/2026 10:00:00 PM,RFC,MIDATL,PEP,PEPCO,2872.226,True
2/18/2026 4:00:00 AM,2/17/2026 11:00:00 PM,RFC,MIDATL,PEP,PEPCO,2675.395,True
2/18/2026 5:00:00 AM,2/18/2026 12:00:00 AM,RFC,MIDATL,PEP,PEPCO,2538.042,True
2/18/2026 6:00:00 AM,2/18/2026 1:00:00 AM,RFC,MIDATL,PEP,PEPCO,2473.223,True
2/18/2026 7:00:00 AM,2/18/2026 2:00:00 AM,RFC,MIDATL,PEP,PEPCO,2457.009,True
2/18/2026 8:00:00 AM,2/18/2026 3:00:00 AM,RFC,MIDATL,PEP,PEPCO,2463.673,True
2/18/2026 9:00:00 AM,2/18/2026 4:00:00 AM,RFC,MIDATL,PEP,PEPCO,2570.266,True
2/18/2026 10:00:00 AM,2/18/2026 5:00:00 AM,RFC,MIDATL,PEP,PEPCO,2794.059,True
2/18/2026 11:00:00 AM,2/18/2026 6:00:00 AM,RFC,MIDATL,PEP,PEPCO,3101.543,True
2/18/2026 12:00:00 PM,2/18/2026 7:00:00 AM,RFC,MIDATL,PEP,PEPCO,3258.179,True
2/18/2026 1:00:00 PM,2/18/2026 8:00:00 AM,RFC,MIDATL,PEP,PEPCO,3261.944,True
2/18/2026 2:00:00 PM,2/18/2026 9:00:00 AM,RFC,MIDATL,PEP,PEPCO,3156.319,True
2/18/2026 3:00:00 PM,2/18/2026 10:00:00 AM,RFC,MIDATL,PEP,PEPCO,3113.314,True
2/18/2026 4:00:00 PM,2/18/2026 11:00:00 AM,RFC,MIDATL,PEP,PEPCO,3091.720,True
2/18/2026 5:00:00 PM,2/18/2026 12:00:00 PM,RFC,MIDATL,PEP,PEPCO,3014.324,True
2/18/2026 6:00:00 PM,2/18/2026 1:00:00 PM,RFC,MIDATL,PEP,PEPCO,3011.269,True
2/18/2026 7:00:00 PM,2/18/2026 2:00:00 PM,RFC,MIDATL,PEP,PEPCO,2996.887,True
2/18/2026 8:00:00 PM,2/18/2026 3:00:00 PM,RFC,MIDATL,PEP,PEPCO,2965.798,True
2/18/2026 9:00:00 PM,2/18/2026 4:00:00 PM,RFC,MIDATL,PEP,PEPCO,3017.067,True
2/18/2026 10:00:00 PM,2/18/2026 5:00:00 PM,RFC,MIDATL,PEP,PEPCO,3059.849,True
2/18/2026 11:00:00 PM,2/18/2026 6:00:00 PM,RFC,MIDATL,PEP,PEPCO,3048.198,True
2/19/2026 12:00:00 AM,2/18/2026 7:00:00 PM,RFC,MIDATL,PEP,PEPCO,2973.556,True
2/19/2026 1:00:00 AM,2/18/2026 8:00:00 PM,RFC,MIDATL,PEP,PEPCO,2896.324,True
2/19/2026 2:00:00 AM,2/18/2026 9:00:00 PM,RFC,MIDATL,PEP,PEPCO,2828.376,True
2/19/2026 3:00:00 AM,2/18/2026 10:00:00 PM,RFC,MIDATL,PEP,PEPCO,2672.146,True
2/19/2026 4:00:00 AM,2/18/2026 11:00:00 PM,RFC,MIDATL,PEP,PEPCO,2509.015,True
2/19/2026 5:00:00 AM,2/19/2026 12:00:00 AM,RFC,MIDATL,PEP,PEPCO,2415.603,True
2/19/2026 6:00:00 AM,2/19/2026 1:00:00 AM,RFC,MIDATL,PEP,PEPCO,2357.869,True
2/19/2026 7:00:00 AM,2/19/2026 2:00:00 AM,RFC,MIDATL,PEP,PEPCO,2350.313,True
2/19/2026 8:00:00 AM,2/19/2026 3:00:00 AM,RFC,MIDATL,PEP,PEPCO,2342.309,True
2/19/2026 9:00:00 AM,2/19/2026 4:00:00 AM,RFC,MIDATL,PEP,PEPCO,2469.685,True
2/19/2026 10:00:00 AM,2/19/2026 5:00:00 AM,RFC,MIDATL,PEP,PEPCO,2715.269,True
2/19/2026 11:00:00 AM,2/19/2026 6:00:00 AM,RFC,MIDATL,PEP,PEPCO,3014.693,True
2/19/2026 12:00:00 PM,2/19/2026 7:00:00 AM,RFC,MIDATL,PEP,PEPCO,3176.378,True
2/19/2026 1:00:00 PM,2/19/2026 8:00:00 AM,RFC,MIDATL,PEP,PEPCO,3243.067,True
2/19/2026 2:00:00 PM,2/19/2026 9:00:00 AM,RFC,MIDATL,PEP,PEPCO,3234.112,True
2/19/2026 3:00:00 PM,2/19/2026 10:00:00 AM,RFC,MIDATL,PEP,PEPCO,3212.128,True
2/19/2026 4:00:00 PM,2/19/2026 11:00:00 AM,RFC,MIDATL,PEP,PEPCO,3234.789,True
2/19/2026 5:00:00 PM,2/19/2026 12:00:00 PM,RFC,MIDATL,PEP,PEPCO,3256.790,True
2/19/2026 6:00:00 PM,2/19/2026 1:00:00 PM,RFC,MIDATL,PEP,PEPCO,3253.489,True
2/19/2026 7:00:00 PM,2/19/2026 2:00:00 PM,RFC,MIDATL,PEP,PEPCO,3192.975,True
2/19/2026 8:00:00 PM,2/19/2026 3:00:00 PM,RFC,MIDATL,PEP,PEPCO,3234.801,True
2/19/2026 9:00:00 PM,2/19/2026 4:00:00 PM,RFC,MIDATL,PEP,PEPCO,3285.661,True
2/19/2026 10:00:00 PM,2/19/2026 5:00:00 PM,RFC,MIDATL,PEP,PEPCO,3341.825,True
2/19/2026 11:00:00 PM,2/19/2026 6:00:00 PM,RFC,MIDATL,PEP,PEPCO,3303.990,True
2/20/2026 12:00:00 AM,2/19/2026 7:00:00 PM,RFC,MIDATL,PEP,PEPCO,3251.690,True
2/20/2026 1:00:00 AM,2/19/2026 8:00:00 PM,RFC,MIDATL,PEP,PEPCO,3126.088,True
2/20/2026 2:00:00 AM,2/19/2026 9:00:00 PM,RFC,MIDATL,PEP,PEPCO,3041.020,True
2/20/2026 3:00:00 AM,2/19/2026 10:00:00 PM,RFC,MIDATL,PEP,PEPCO,2872.496,True
2/20/2026 4:00:00 AM,2/19/2026 11:00:00 PM,RFC,MIDATL,PEP,PEPCO,2714.768,True
2/20/2026 5:00:00 AM,2/20/2026 12:00:00 AM,RFC,MIDATL,PEP,PEPCO,2559.057,True
2/20/2026 6:00:00 AM,2/20/2026 1:00:00 AM,RFC,MIDATL,PEP,PEPCO,2496.110,True
2/20/2026 7:00:00 AM,2/20/2026 2:00:00 AM,RFC,MIDATL,PEP,PEPCO,2458.273,True
2/20/2026 8:00:00 AM,2/20/2026 3:00:00 AM,RFC,MIDATL,PEP,PEPCO,2468.516,True
2/20/2026 9:00:00 AM,2/20/2026 4:00:00 AM,RFC,MIDATL,PEP,PEPCO,2584.465,True
2/20/2026 10:00:00 AM,2/20/2026 5:00:00 AM,RFC,MIDATL,PEP,PEPCO,2771.578,True
2/20/2026 11:00:00 AM,2/20/2026 6:00:00 AM,RFC,MIDATL,PEP,PEPCO,3045.811,True
2/20/2026 12:00:00 PM,2/20/2026 7:00:00 AM,RFC,MIDATL,PEP,PEPCO,3244.212,True
2/20/2026 1:00:00 PM,2/20/2026 8:00:00 AM,RFC,MIDATL,PEP,PEPCO,3314.656,True
2/20/2026 2:00:00 PM,2/20/2026 9:00:00 AM,RFC,MIDATL,PEP,PEPCO,3282.220,True
2/20/2026 3:00:00 PM,2/20/2026 10:00:00 AM,RFC,MIDATL,PEP,PEPCO,3175.040,True
2/20/2026 4:00:00 PM,2/20/2026 11:00:00 AM,RFC,MIDATL,PEP,PEPCO,3028.264,True
2/20/2026 5:00:00 PM,2/20/2026 12:00:00 PM,RFC,MIDATL,PEP,PEPCO,2898.885,True
2/20/2026 6:00:00 PM,2/20/2026 1:00:00 PM,RFC,MIDATL,PEP,PEPCO,2707.108,True
2/20/2026 7:00:00 PM,2/20/2026 2:00:00 PM,RFC,MIDATL,PEP,PEPCO,2584.159,True
2/20/2026 8:00:00 PM,2/20/2026 3:00:00 PM,RFC,MIDATL,PEP,PEPCO,2554.048,True
2/20/2026 9:00:00 PM,2/20/2026 4:00:00 PM,RFC,MIDATL,PEP,PEPCO,2646.374,True
2/20/2026 10:00:00 PM,2/20/2026 5:00:00 PM,RFC,MIDATL,PEP,PEPCO,2804.572,True
2/20/2026 11:00:00 PM,2/20/2026 6:00:00 PM,RFC,MIDATL,PEP,PEPCO,2845.204,True
2/21/2026 12:00:00 AM,2/20/2026 7:00:00 PM,RFC,MIDATL,PEP,PEPCO,2814.050,True
2/21/2026 1:00:00 AM,2/20/2026 8:00:00 PM,RFC,MIDATL,PEP,PEPCO,2783.259,True
2/21/2026 2:00:00 AM,2/20/2026 9:00:00 PM,RFC,MIDATL,PEP,PEPCO,2694.553,True
2/21/2026 3:00:00 AM,2/20/2026 10:00:00 PM,RFC,MIDATL,PEP,PEPCO,2628.873,True
2/21/2026 4:00:00 AM,2/20/2026 11:00:00 PM,RFC,MIDATL,PEP,PEPCO,2493.340,True
2/21/2026 5:00:00 AM,2/21/2026 12:00:00 AM,RFC,MIDATL,PEP,PEPCO,2399.200,True
2/21/2026 6:00:00 AM,2/21/2026 1:00:00 AM,RFC,MIDATL,PEP,PEPCO,2337.454,True
2/21/2026 7:00:00 AM,2/21/2026 2:00:00 AM,RFC,MIDATL,PEP,PEPCO,2292.288,True
2/21/2026 8:00:00 AM,2/21/2026 3:00:00 AM,RFC,MIDATL,PEP,PEPCO,2234.196,True
2/21/2026 9:00:00 AM,2/21/2026 4:00:00 AM,RFC,MIDATL,PEP,PEPCO,2278.075,True
2/21/2026 10:00:00 AM,2/21/2026 5:00:00 AM,RFC,MIDATL,PEP,PEPCO,2325.561,True
2/21/2026 11:00:00 AM,2/21/2026 6:00:00 AM,RFC,MIDATL,PEP,PEPCO,2495.176,True
2/21/2026 12:00:00 PM,2/21/2026 7:00:00 AM,RFC,MIDATL,PEP,PEPCO,2542.913,True
2/21/2026 1:00:00 PM,2/21/2026 8:00:00 AM,RFC,MIDATL,PEP,PEPCO,2580.536,True
2/21/2026 2:00:00 PM,2/21/2026 9:00:00 AM,RFC,MIDATL,PEP,PEPCO,2551.370,True
2/21/2026 3:00:00 PM,2/21/2026 10:00:00 AM,RFC,MIDATL,PEP,PEPCO,2546.521,True
2/21/2026 4:00:00 PM,2/21/2026 11:00:00 AM,RFC,MIDATL,PEP,PEPCO,2463.619,True
2/21/2026 5:00:00 PM,2/21/2026 12:00:00 PM,RFC,MIDATL,PEP,PEPCO,2407.442,True
2/21/2026 6:00:00 PM,2/21/2026 1:00:00 PM,RFC,MIDATL,PEP,PEPCO,2359.072,True
2/21/2026 7:00:00 PM,2/21/2026 2:00:00 PM,RFC,MIDATL,PEP,PEPCO,2344.489,True
2/21/2026 8:00:00 PM,2/21/2026 3:00:00 PM,RFC,MIDATL,PEP,PEPCO,2308.908,True
2/21/2026 9:00:00 PM,2/21/2026 4:00:00 PM,RFC,MIDATL,PEP,PEPCO,2416.441,True
2/21/2026 10:00:00 PM,2/21/2026 5:00:00 PM,RFC,MIDATL,PEP,PEPCO,2586.683,True
2/21/2026 11:00:00 PM,2/21/2026 6:00:00 PM,RFC,MIDATL,PEP,PEPCO,2741.588,True
2/22/2026 12:00:00 AM,2/21/2026 7:00:00 PM,RFC,MIDATL,PEP,PEPCO,2754.908,True
2/22/2026 1:00:00 AM,2/21/2026 8:00:00 PM,RFC,MIDATL,PEP,PEPCO,2749.374,True
2/22/2026 2:00:00 AM,2/21/2026 9:00:00 PM,RFC,MIDATL,PEP,PEPCO,2717.564,True
2/22/2026 3:00:00 AM,2/21/2026 10:00:00 PM,RFC,MIDATL,PEP,PEPCO,2686.279,True
2/22/2026 4:00:00 AM,2/21/2026 11:00:00 PM,RFC,MIDATL,PEP,PEPCO,2622.235,True
2/22/2026 5:00:00 AM,2/22/2026 12:00:00 AM,RFC,MIDATL,PEP,PEPCO,2494.925,True
2/22/2026 6:00:00 AM,2/22/2026 1:00:00 AM,RFC,MIDATL,PEP,PEPCO,2444.417,True
2/22/2026 7:00:00 AM,2/22/2026 2:00:00 AM,RFC,MIDATL,PEP,PEPCO,2385.796,True
2/22/2026 8:00:00 AM,2/22/2026 3:00:00 AM,RFC,MIDATL,PEP,PEPCO,2326.578,True
2/22/2026 9:00:00 AM,2/22/2026 4:00:00 AM,RFC,MIDATL,PEP,PEPCO,2363.376,True
2/22/2026 10:00:00 AM,2/22/2026 5:00:00 AM,RFC,MIDATL,PEP,PEPCO,2393.626,True
2/22/2026 11:00:00 AM,2/22/2026 6:00:00 AM,RFC,MIDATL,PEP,PEPCO,2484.629,True
2/22/2026 12:00:00 PM,2/22/2026 7:00:00 AM,RFC,MIDATL,PEP,PEPCO,2617.252,True
2/22/2026 1:00:00 PM,2/22/2026 8:00:00 AM,RFC,MIDATL,PEP,PEPCO,2724.627,True
2/22/2026 2:00:00 PM,2/22/2026 9:00:00 AM,RFC,MIDATL,PEP,PEPCO,2819.512,True
2/22/2026 3:00:00 PM,2/22/2026 10:00:00 AM,RFC,MIDATL,PEP,PEPCO,2912.947,True
2/22/2026 4:00:00 PM,2/22/2026 11:00:00 AM,RFC,MIDATL,PEP,PEPCO,2912.345,True
2/22/2026 5:00:00 PM,2/22/2026 12:00:00 PM,RFC,MIDATL,PEP,PEPCO,2926.931,True
2/22/2026 6:00:00 PM,2/22/2026 1:00:00 PM,RFC,MIDATL,PEP,PEPCO,2974.197,True
2/22/2026 7:00:00 PM,2/22/2026 2:00:00 PM,RFC,MIDATL,PEP,PEPCO,3046.223,True
2/22/2026 8:00:00 PM,2/22/2026 3:00:00 PM,RFC,MIDATL,PEP,PEPCO,3075.970,True
2/22/2026 9:00:00 PM,2/22/2026 4:00:00 PM,RFC,MIDATL,PEP,PEPCO,3161.280,True
2/22/2026 10:00:00 PM,2/22/2026 5:00:00 PM,RFC,MIDATL,PEP,PEPCO,3304.729,True
2/22/2026 11:00:00 PM,2/22/2026 6:00:00 PM,RFC,MIDATL,PEP,PEPCO,3389.435,True
2/23/2026 12:00:00 AM,2/22/2026 7:00:00 PM,RFC,MIDATL,PEP,PEPCO,3389.867,True
2/23/2026 1:00:00 AM,2/22/2026 8:00:00 PM,RFC,MIDATL,PEP,PEPCO,3339.964,True
2/23/2026 2:00:00 AM,2/22/2026 9:00:00 PM,RFC,MIDATL,PEP,PEPCO,3249.612,True
2/23/2026 3:00:00 AM,2/22/2026 10:00:00 PM,RFC,MIDATL,PEP,PEPCO,3129.335,True
2/23/2026 4:00:00 AM,2/22/2026 11:00:00 PM,RFC,MIDATL,PEP,PEPCO,2981.126,True
2/23/2026 5:00:00 AM,2/23/2026 12:00:00 AM,RFC,MIDATL,PEP,PEPCO,2893.944,True
2/23/2026 6:00:00 AM,2/23/2026 1:00:00 AM,RFC,MIDATL,PEP,PEPCO,2837.436,True
2/23/2026 7:00:00 AM,2/23/2026 2:00:00 AM,RFC,MIDATL,PEP,PEPCO,2853.830,True
2/23/2026 8:00:00 AM,2/23/2026 3:00:00 AM,RFC,MIDATL,PEP,PEPCO,2861.355,True
2/23/2026 9:00:00 AM,2/23/2026 4:00:00 AM,RFC,MIDATL,PEP,PEPCO,2975.215,True
2/23/2026 10:00:00 AM,2/23/2026 5:00:00 AM,RFC,MIDATL,PEP,PEPCO,3201.093,True
2/23/2026 11:00:00 AM,2/23/2026 6:00:00 AM,RFC,MIDATL,PEP,PEPCO,3430.144,True
2/23/2026 12:00:00 PM,2/23/2026 7:00:00 AM,RFC,MIDATL,PEP,PEPCO,3574.534,True
2/23/2026 1:00:00 PM,2/23/2026 8:00:00 AM,RFC,MIDATL,PEP,PEPCO,3674.420,True
2/23/2026 2:00:00 PM,2/23/2026 9:00:00 AM,RFC,MIDATL,PEP,PEPCO,3654.958,True
2/23/2026 3:00:00 PM,2/23/2026 10:00:00 AM,RFC,MIDATL,PEP,PEPCO,3577.764,True
2/23/2026 4:00:00 PM,2/23/2026 11:00:00 AM,RFC,MIDATL,PEP,PEPCO,3435.259,True
2/23/2026 5:00:00 PM,2/23/2026 12:00:00 PM,RFC,MIDATL,PEP,PEPCO,3348.575,True
2/23/2026 6:00:00 PM,2/23/2026 1:00:00 PM,RFC,MIDATL,PEP,PEPCO,3328.087,True
2/23/2026 7:00:00 PM,2/23/2026 2:00:00 PM,RFC,MIDATL,PEP,PEPCO,3218.591,True
2/23/2026 8:00:00 PM,2/23/2026 3:00:00 PM,RFC,MIDATL,PEP,PEPCO,3268.459,True
2/23/2026 9:00:00 PM,2/23/2026 4:00:00 PM,RFC,MIDATL,PEP,PEPCO,3320.126,True
2/23/2026 10:00:00 PM,2/23/2026 5:00:00 PM,RFC,MIDATL,PEP,PEPCO,3459.093,True
2/23/2026 11:00:00 PM,2/23/2026 6:00:00 PM,RFC,MIDATL,PEP,PEPCO,3517.558,True
2/24/2026 12:00:00 AM,2/23/2026 7:00:00 PM,RFC,MIDATL,PEP,PEPCO,3445.612,True
2/24/2026 1:00:00 AM,2/23/2026 8:00:00 PM,RFC,MIDATL,PEP,PEPCO,3399.324,True
2/24/2026 2:00:00 AM,2/23/2026 9:00:00 PM,RFC,MIDATL,PEP,PEPCO,3316.253,True
2/24/2026 3:00:00 AM,2/23/2026 10:00:00 PM,RFC,MIDATL,PEP,PEPCO,3171.231,True
2/24/2026 4:00:00 AM,2/23/2026 11:00:00 PM,RFC,MIDATL,PEP,PEPCO,3010.170,True
2/24/2026 5:00:00 AM,2/24/2026 12:00:00 AM,RFC,MIDATL,PEP,PEPCO,2937.290,True
2/24/2026 6:00:00 AM,2/24/2026 1:00:00 AM,RFC,MIDATL,PEP,PEPCO,2866.565,True
2/24/2026 7:00:00 AM,2/24/2026 2:00:00 AM,RFC,MIDATL,PEP,PEPCO,2905.683,True
2/24/2026 8:00:00 AM,2/24/2026 3:00:00 AM,RFC,MIDATL,PEP,PEPCO,2928.656,True
2/24/2026 9:00:00 AM,2/24/2026 4:00:00 AM,RFC,MIDATL,PEP,PEPCO,3063.454,True
2/24/2026 10:00:00 AM,2/24/2026 5:00:00 AM,RFC,MIDATL,PEP,PEPCO,3339.906,True
2/24/2026 11:00:00 AM,2/24/2026 6:00:00 AM,RFC,MIDATL,PEP,PEPCO,3692.222,True
2/24/2026 12:00:00 PM,2/24/2026 7:00:00 AM,RFC,MIDATL,PEP,PEPCO,3810.021,True
2/24/2026 1:00:00 PM,2/24/2026 8:00:00 AM,RFC,MIDATL,PEP,PEPCO,3665.857,True
2/24/2026 2:00:00 PM,2/24/2026 9:00:00 AM,RFC,MIDATL,PEP,PEPCO,3483.062,True
2/24/2026 3:00:00 PM,2/24/2026 10:00:00 AM,RFC,MIDATL,PEP,PEPCO,3292.749,True
2/24/2026 4:00:00 PM,2/24/2026 11:00:00 AM,RFC,MIDATL,PEP,PEPCO,3141.609,True
2/24/2026 5:00:00 PM,2/24/2026 12:00:00 PM,RFC,MIDATL,PEP,PEPCO,3068.093,True
2/24/2026 6:00:00 PM,2/24/2026 1:00:00 PM,RFC,MIDATL,PEP,PEPCO,2952.996,True
2/24/2026 7:00:00 PM,2/24/2026 2:00:00 PM,RFC,MIDATL,PEP,PEPCO,2991.316,True
2/24/2026 8:00:00 PM,2/24/2026 3:00:00 PM,RFC,MIDATL,PEP,PEPCO,3034.359,True
2/24/2026 9:00:00 PM,2/24/2026 4:00:00 PM,RFC,MIDATL,PEP,PEPCO,3180.503,True
2/24/2026 10:00:00 PM,2/24/2026 5:00:00 PM,RFC,MIDATL,PEP,PEPCO,3348.322,True
2/24/2026 11:00:00 PM,2/24/2026 6:00:00 PM,RFC,MIDATL,PEP,PEPCO,3436.951,True
2/25/2026 12:00:00 AM,2/24/2026 7:00:00 PM,RFC,MIDATL,PEP,PEPCO,3413.727,True
2/25/2026 1:00:00 AM,2/24/2026 8:00:00 PM,RFC,MIDATL,PEP,PEPCO,3368.948,True
2/25/2026 2:00:00 AM,2/24/2026 9:00:00 PM,RFC,MIDATL,PEP,PEPCO,3286.161,True
2/25/2026 3:00:00 AM,2/24/2026 10:00:00 PM,RFC,MIDATL,PEP,PEPCO,3136.630,True
2/25/2026 4:00:00 AM,2/24/2026 11:00:00 PM,RFC,MIDATL,PEP,PEPCO,2994.984,True
2/25/2026 5:00:00 AM,2/25/2026 12:00:00 AM,RFC,MIDATL,PEP,PEPCO,2830.995,True
2/25/2026 6:00:00 AM,2/25/2026 1:00:00 AM,RFC,MIDATL,PEP,PEPCO,2708.419,True
2/25/2026 7:00:00 AM,2/25/2026 2:00:00 AM,RFC,MIDATL,PEP,PEPCO,2695.403,True
2/25/2026 8:00:00 AM,2/25/2026 3:00:00 AM,RFC,MIDATL,PEP,PEPCO,2666.819,True
2/25/2026 9:00:00 AM,2/25/2026 4:00:00 AM,RFC,MIDATL,PEP,PEPCO,2750.754,True
2/25/2026 10:00:00 AM,2/25/2026 5:00:00 AM,RFC,MIDATL,PEP,PEPCO,2972.183,True
2/25/2026 11:00:00 AM,2/25/2026 6:00:00 AM,RFC,MIDATL,PEP,PEPCO,3250.505,True
2/25/2026 12:00:00 PM,2/25/2026 7:00:00 AM,RFC,MIDATL,PEP,PEPCO,3356.321,True
2/25/2026 1:00:00 PM,2/25/2026 8:00:00 AM,RFC,MIDATL,PEP,PEPCO,3385.496,True
2/25/2026 2:00:00 PM,2/25/2026 9:00:00 AM,RFC,MIDATL,PEP,PEPCO,3245.757,True
2/25/2026 3:00:00 PM,2/25/2026 10:00:00 AM,RFC,MIDATL,PEP,PEPCO,3071.642,True
2/25/2026 4:00:00 PM,2/25/2026 11:00:00 AM,RFC,MIDATL,PEP,PEPCO,3046.451,True
2/25/2026 5:00:00 PM,2/25/2026 12:00:00 PM,RFC,MIDATL,PEP,PEPCO,2859.713,True
2/25/2026 6:00:00 PM,2/25/2026 1:00:00 PM,RFC,MIDATL,PEP,PEPCO,2630.587,True
2/25/2026 7:00:00 PM,2/25/2026 2:00:00 PM,RFC,MIDATL,PEP,PEPCO,2629.867,True
2/25/2026 8:00:00 PM,2/25/2026 3:00:00 PM,RFC,MIDATL,PEP,PEPCO,2841.659,True
2/25/2026 9:00:00 PM,2/25/2026 4:00:00 PM,RFC,MIDATL,PEP,PEPCO,2912.451,True
2/25/2026 10:00:00 PM,2/25/2026 5:00:00 PM,RFC,MIDATL,PEP,PEPCO,2979.558,True
2/25/2026 11:00:00 PM,2/25/2026 6:00:00 PM,RFC,MIDATL,PEP,PEPCO,3001.277,True
2/26/2026 12:00:00 AM,2/25/2026 7:00:00 PM,RFC,MIDATL,PEP,PEPCO,3015.987,True
2/26/2026 1:00:00 AM,2/25/2026 8:00:00 PM,RFC,MIDATL,PEP,PEPCO,2945.745,True
2/26/2026 2:00:00 AM,2/25/2026 9:00:00 PM,RFC,MIDATL,PEP,PEPCO,2864.375,True
2/26/2026 3:00:00 AM,2/25/2026 10:00:00 PM,RFC,MIDATL,PEP,PEPCO,2738.850,True
2/26/2026 4:00:00 AM,2/25/2026 11:00:00 PM,RFC,MIDATL,PEP,PEPCO,2557.903,True
2/26/2026 5:00:00 AM,2/26/2026 12:00:00 AM,RFC,MIDATL,PEP,PEPCO,2458.195,True
2/26/2026 6:00:00 AM,2/26/2026 1:00:00 AM,RFC,MIDATL,PEP,PEPCO,2371.076,True
2/26/2026 7:00:00 AM,2/26/2026 2:00:00 AM,RFC,MIDATL,PEP,PEPCO,2343.028,True
2/26/2026 8:00:00 AM,2/26/2026 3:00:00 AM,RFC,MIDATL,PEP,PEPCO,2345.923,True
2/26/2026 9:00:00 AM,2/26/2026 4:00:00 AM,RFC,MIDATL,PEP,PEPCO,2444.415,True
2/26/2026 10:00:00 AM,2/26/2026 5:00:00 AM,RFC,MIDATL,PEP,PEPCO,2681.230,True
2/26/2026 11:00:00 AM,2/26/2026 6:00:00 AM,RFC,MIDATL,PEP,PEPCO,2998.979,True
2/26/2026 12:00:00 PM,2/26/2026 7:00:00 AM,RFC,MIDATL,PEP,PEPCO,3156.098,True
2/26/2026 1:00:00 PM,2/26/2026 8:00:00 AM,RFC,MIDATL,PEP,PEPCO,3115.309,True
2/26/2026 2:00:00 PM,2/26/2026 9:00:00 AM,RFC,MIDATL,PEP,PEPCO,3020.013,True
2/26/2026 3:00:00 PM,2/26/2026 10:00:00 AM,RFC,MIDATL,PEP,PEPCO,2883.623,True
2/26/2026 4:00:00 PM,2/26/2026 11:00:00 AM,RFC,MIDATL,PEP,PEPCO,2694.249,True
2/26/2026 5:00:00 PM,2/26/2026 12:00:00 PM,RFC,MIDATL,PEP,PEPCO,2687.343,True
2/26/2026 6:00:00 PM,2/26/2026 1:00:00 PM,RFC,MIDATL,PEP,PEPCO,2837.706,True
2/26/2026 7:00:00 PM,2/26/2026 2:00:00 PM,RFC,MIDATL,PEP,PEPCO,2816.829,True
2/26/2026 8:00:00 PM,2/26/2026 3:00:00 PM,RFC,MIDATL,PEP,PEPCO,2892.271,True
2/26/2026 9:00:00 PM,2/26/2026 4:00:00 PM,RFC,MIDATL,PEP,PEPCO,2972.828,True
2/26/2026 10:00:00 PM,2/26/2026 5:00:00 PM,RFC,MIDATL,PEP,PEPCO,3029.534,True
2/26/2026 11:00:00 PM,2/26/2026 6:00:00 PM,RFC,MIDATL,PEP,PEPCO,3062.062,True
2/27/2026 12:00:00 AM,2/26/2026 7:00:00 PM,RFC,MIDATL,PEP,PEPCO,3003.185,True
2/27/2026 1:00:00 AM,2/26/2026 8:00:00 PM,RFC,MIDATL,PEP,PEPCO,2959.295,True
2/27/2026 2:00:00 AM,2/26/2026 9:00:00 PM,RFC,MIDATL,PEP,PEPCO,2871.045,True
2/27/2026 3:00:00 AM,2/26/2026 10:00:00 PM,RFC,MIDATL,PEP,PEPCO,2744.003,True
2/27/2026 4:00:00 AM,2/26/2026 11:00:00 PM,RFC,MIDATL,PEP,PEPCO,2645.478,True
2/27/2026 5:00:00 AM,2/27/2026 12:00:00 AM,RFC,MIDATL,PEP,PEPCO,2521.282,True
2/27/2026 6:00:00 AM,2/27/2026 1:00:00 AM,RFC,MIDATL,PEP,PEPCO,2497.309,True
2/27/2026 7:00:00 AM,2/27/2026 2:00:00 AM,RFC,MIDATL,PEP,PEPCO,2498.081,True
2/27/2026 8:00:00 AM,2/27/2026 3:00:00 AM,RFC,MIDATL,PEP,PEPCO,2549.406,True
2/27/2026 9:00:00 AM,2/27/2026 4:00:00 AM,RFC,MIDATL,PEP,PEPCO,2665.479,True
2/27/2026 10:00:00 AM,2/27/2026 5:00:00 AM,RFC,MIDATL,PEP,PEPCO,2933.536,True
2/27/2026 11:00:00 AM,2/27/2026 6:00:00 AM,RFC,MIDATL,PEP,PEPCO,3223.525,True
2/27/2026 12:00:00 PM,2/27/2026 7:00:00 AM,RFC,MIDATL,PEP,PEPCO,3341.206,True
2/27/2026 1:00:00 PM,2/27/2026 8:00:00 AM,RFC,MIDATL,PEP,PEPCO,3203.208,True
2/27/2026 2:00:00 PM,2/27/2026 9:00:00 AM,RFC,MIDATL,PEP,PEPCO,2916.432,True
2/27/2026 3:00:00 PM,2/27/2026 10:00:00 AM,RFC,MIDATL,PEP,PEPCO,2644.615,True
2/27/2026 4:00:00 PM,2/27/2026 11:00:00 AM,RFC,MIDATL,PEP,PEPCO,2481.797,True
2/27/2026 5:00:00 PM,2/27/2026 12:00:00 PM,RFC,MIDATL,PEP,PEPCO,2430.513,True
2/27/2026 6:00:00 PM,2/27/2026 1:00:00 PM,RFC,MIDATL,PEP,PEPCO,2381.549,True
2/27/2026 7:00:00 PM,2/27/2026 2:00:00 PM,RFC,MIDATL,PEP,PEPCO,2395.842,True
2/27/2026 8:00:00 PM,2/27/2026 3:00:00 PM,RFC,MIDATL,PEP,PEPCO,2448.446,True
2/27/2026 9:00:00 PM,2/27/2026 4:00:00 PM,RFC,MIDATL,PEP,PEPCO,2598.682,True
2/27/2026 10:00:00 PM,2/27/2026 5:00:00 PM,RFC,MIDATL,PEP,PEPCO,2723.393,True
2/27/2026 11:00:00 PM,2/27/2026 6:00:00 PM,RFC,MIDATL,PEP,PEPCO,2802.334,True
2/28/2026 12:00:00 AM,2/27/2026 7:00:00 PM,RFC,MIDATL,PEP,PEPCO,2763.678,True
2/28/2026 1:00:00 AM,2/27/2026 8:00:00 PM,RFC,MIDATL,PEP,PEPCO,2733.212,True
2/28/2026 2:00:00 AM,2/27/2026 9:00:00 PM,RFC,MIDATL,PEP,PEPCO,2704.103,True
2/28/2026 3:00:00 AM,2/27/2026 10:00:00 PM,RFC,MIDATL,PEP,PEPCO,2626.733,True
2/28/2026 4:00:00 AM,2/27/2026 11:00:00 PM,RFC,MIDATL,PEP,PEPCO,2534.086,True
2/28/2026 5:00:00 AM,2/28/2026 12:00:00 AM,RFC,MIDATL,PEP,PEPCO,2444.228,True
2/28/2026 6:00:00 AM,2/28/2026 1:00:00 AM,RFC,MIDATL,PEP,PEPCO,2428.187,True
2/28/2026 7:00:00 AM,2/28/2026 2:00:00 AM,RFC,MIDATL,PEP,PEPCO,2368.651,True
2/28/2026 8:00:00 AM,2/28/2026 3:00:00 AM,RFC,MIDATL,PEP,PEPCO,2376.115,True
2/28/2026 9:00:00 AM,2/28/2026 4:00:00 AM,RFC,MIDATL,PEP,PEPCO,2428.417,True
2/28/2026 10:00:00 AM,2/28/2026 5:00:00 AM,RFC,MIDATL,PEP,PEPCO,2487.059,True
2/28/2026 11:00:00 AM,2/28/2026 6:00:00 AM,RFC,MIDATL,PEP,PEPCO,2624.999,True
2/28/2026 12:00:00 PM,2/28/2026 7:00:00 AM,RFC,MIDATL,PEP,PEPCO,2661.187,True
2/28/2026 1:00:00 PM,2/28/2026 8:00:00 AM,RFC,MIDATL,PEP,PEPCO,2509.029,True
2/28/2026 2:00:00 PM,2/28/2026 9:00:00 AM,RFC,MIDATL,PEP,PEPCO,2352.643,True
2/28/2026 3:00:00 PM,2/28/2026 10:00:00 AM,RFC,MIDATL,PEP,PEPCO,2240.288,True
2/28/2026 4:00:00 PM,2/28/2026 11:00:00 AM,RFC,MIDATL,PEP,PEPCO,2110.497,True
2/28/2026 5:00:00 PM,2/28/2026 12:00:00 PM,RFC,MIDATL,PEP,PEPCO,2060.419,True
2/28/2026 6:00:00 PM,2/28/2026 1:00:00 PM,RFC,MIDATL,PEP,PEPCO,2043.904,True
2/28/2026 7:00:00 PM,2/28/2026 2:00:00 PM,RFC,MIDATL,PEP,PEPCO,2060.520,True
2/28/2026 8:00:00 PM,2/28/2026 3:00:00 PM,RFC,MIDATL,PEP,PEPCO,2110.018,True
2/28/2026 9:00:00 PM,2/28/2026 4:00:00 PM,RFC,MIDATL,PEP,PEPCO,2229.270,True
2/28/2026 10:00:00 PM,2/28/2026 5:00:00 PM,RFC,MIDATL,PEP,PEPCO,2399.727,True
2/28/2026 11:00:00 PM,2/28/2026 6:00:00 PM,RFC,MIDATL,PEP,PEPCO,2471.510,True
3/1/2026 12:00:00 AM,2/28/2026 7:00:00 PM,RFC,MIDATL,PEP,PEPCO,2514.857,True
3/1/2026 1:00:00 AM,2/28/2026 8:00:00 PM,RFC,MIDATL,PEP,PEPCO,2505.162,True
3/1/2026 2:00:00 AM,2/28/2026 9:00:00 PM,RFC,MIDATL,PEP,PEPCO,2439.023,True
3/1/2026 3:00:00 AM,2/28/2026 10:00:00 PM,RFC,MIDATL,PEP,PEPCO,2382.715,True
3/1/2026 4:00:00 AM,2/28/2026 11:00:00 PM,RFC,MIDATL,PEP,PEPCO,2324.786,True
3/1/2026 5:00:00 AM,3/1/2026 12:00:00 AM,RFC,MIDATL,PEP,PEPCO,2260.634,True
3/1/2026 6:00:00 AM,3/1/2026 1:00:00 AM,RFC,MIDATL,PEP,PEPCO,2196.510,True
3/1/2026 7:00:00 AM,3/1/2026 2:00:00 AM,RFC,MIDATL,PEP,PEPCO,2158.567,True
3/1/2026 8:00:00 AM,3/1/2026 3:00:00 AM,RFC,MIDATL,PEP,PEPCO,2162.297,True
3/1/2026 9:00:00 AM,3/1/2026 4:00:00 AM,RFC,MIDATL,PEP,PEPCO,2159.184,True
3/1/2026 10:00:00 AM,3/1/2026 5:00:00 AM,RFC,MIDATL,PEP,PEPCO,2226.499,True
3/1/2026 11:00:00 AM,3/1/2026 6:00:00 AM,RFC,MIDATL,PEP,PEPCO,2312.241,True
3/1/2026 12:00:00 PM,3/1/2026 7:00:00 AM,RFC,MIDATL,PEP,PEPCO,2343.086,True
3/1/2026 1:00:00 PM,3/1/2026 8:00:00 AM,RFC,MIDATL,PEP,PEPCO,2275.651,True
3/1/2026 2:00:00 PM,3/1/2026 9:00:00 AM,RFC,MIDATL,PEP,PEPCO,2171.582,True
3/1/2026 3:00:00 PM,3/1/2026 10:00:00 AM,RFC,MIDATL,PEP,PEPCO,2092.082,True
3/1/2026 4:00:00 PM,3/1/2026 11:00:00 AM,RFC,MIDATL,PEP,PEPCO,2054.852,True
3/1/2026 5:00:00 PM,3/1/2026 12:00:00 PM,RFC,MIDATL,PEP,PEPCO,2027.914,True
3/1/2026 6:00:00 PM,3/1/2026 1:00:00 PM,RFC,MIDATL,PEP,PEPCO,2044.541,True
3/1/2026 7:00:00 PM,3/1/2026 2:00:00 PM,RFC,MIDATL,PEP,PEPCO,2079.102,True
3/1/2026 8:00:00 PM,3/1/2026 3:00:00 PM,RFC,MIDATL,PEP,PEPCO,2184.443,True
3/1/2026 9:00:00 PM,3/1/2026 4:00:00 PM,RFC,MIDATL,PEP,PEPCO,2357.774,True
3/1/2026 10:00:00 PM,3/1/2026 5:00:00 PM,RFC,MIDATL,PEP,PEPCO,2558.245,True
3/1/2026 11:00:00 PM,3/1/2026 6:00:00 PM,RFC,MIDATL,PEP,PEPCO,2734.345,True
3/2/2026 12:00:00 AM,3/1/2026 7:00:00 PM,RFC,MIDATL,PEP,PEPCO,2770.783,True
3/2/2026 1:00:00 AM,3/1/2026 8:00:00 PM,RFC,MIDATL,PEP,PEPCO,2789.312,True
3/2/2026 2:00:00 AM,3/1/2026 9:00:00 PM,RFC,MIDATL,PEP,PEPCO,2728.841,True
3/2/2026 3:00:00 AM,3/1/2026 10:00:00 PM,RFC,MIDATL,PEP,PEPCO,2678.537,True
3/2/2026 4:00:00 AM,3/1/2026 11:00:00 PM,RFC,MIDATL,PEP,PEPCO,2532.145,True
3/2/2026 5:00:00 AM,3/2/2026 12:00:00 AM,RFC,MIDATL,PEP,PEPCO,2467.159,True
3/2/2026 6:00:00 AM,3/2/2026 1:00:00 AM,RFC,MIDATL,PEP,PEPCO,2408.315,True
3/2/2026 7:00:00 AM,3/2/2026 2:00:00 AM,RFC,MIDATL,PEP,PEPCO,2412.466,True
3/2/2026 8:00:00 AM,3/2/2026 3:00:00 AM,RFC,MIDATL,PEP,PEPCO,2470.034,True
3/2/2026 9:00:00 AM,3/2/2026 4:00:00 AM,RFC,MIDATL,PEP,PEPCO,2594.929,True
3/2/2026 10:00:00 AM,3/2/2026 5:00:00 AM,RFC,MIDATL,PEP,PEPCO,2869.559,True
3/2/2026 11:00:00 AM,3/2/2026 6:00:00 AM,RFC,MIDATL,PEP,PEPCO,3198.921,True
3/2/2026 12:00:00 PM,3/2/2026 7:00:00 AM,RFC,MIDATL,PEP,PEPCO,3347.499,True
3/2/2026 1:00:00 PM,3/2/2026 8:00:00 AM,RFC,MIDATL,PEP,PEPCO,3362.750,True
3/2/2026 2:00:00 PM,3/2/2026 9:00:00 AM,RFC,MIDATL,PEP,PEPCO,3334.855,True
3/2/2026 3:00:00 PM,3/2/2026 10:00:00 AM,RFC,MIDATL,PEP,PEPCO,3221.193,True
3/2/2026 4:00:00 PM,3/2/2026 11:00:00 AM,RFC,MIDATL,PEP,PEPCO,3243.138,True
3/2/2026 5:00:00 PM,3/2/2026 12:00:00 PM,RFC,MIDATL,PEP,PEPCO,3328.857,True
3/2/2026 6:00:00 PM,3/2/2026 1:00:00 PM,RFC,MIDATL,PEP,PEPCO,3376.611,True
3/2/2026 7:00:00 PM,3/2/2026 2:00:00 PM,RFC,MIDATL,PEP,PEPCO,3356.530,True
3/2/2026 8:00:00 PM,3/2/2026 3:00:00 PM,RFC,MIDATL,PEP,PEPCO,3405.909,True
3/2/2026 9:00:00 PM,3/2/2026 4:00:00 PM,RFC,MIDATL,PEP,PEPCO,3511.123,True
3/2/2026 10:00:00 PM,3/2/2026 5:00:00 PM,RFC,MIDATL,PEP,PEPCO,3578.232,True
3/2/2026 11:00:00 PM,3/2/2026 6:00:00 PM,RFC,MIDATL,PEP,PEPCO,3605.122,True
3/3/2026 12:00:00 AM,3/2/2026 7:00:00 PM,RFC,MIDATL,PEP,PEPCO,3517.476,True
3/3/2026 1:00:00 AM,3/2/2026 8:00:00 PM,RFC,MIDATL,PEP,PEPCO,3436.312,True
3/3/2026 2:00:00 AM,3/2/2026 9:00:00 PM,RFC,MIDATL,PEP,PEPCO,3299.648,True
3/3/2026 3:00:00 AM,3/2/2026 10:00:00 PM,RFC,MIDATL,PEP,PEPCO,3153.385,True
3/3/2026 4:00:00 AM,3/2/2026 11:00:00 PM,RFC,MIDATL,PEP,PEPCO,2931.923,True
3/3/2026 5:00:00 AM,3/3/2026 12:00:00 AM,RFC,MIDATL,PEP,PEPCO,2816.609,True
3/3/2026 6:00:00 AM,3/3/2026 1:00:00 AM,RFC,MIDATL,PEP,PEPCO,2754.693,True
3/3/2026 7:00:00 AM,3/3/2026 2:00:00 AM,RFC,MIDATL,PEP,PEPCO,2694.568,True
3/3/2026 8:00:00 AM,3/3/2026 3:00:00 AM,RFC,MIDATL,PEP,PEPCO,2727.146,True
3/3/2026 9:00:00 AM,3/3/2026 4:00:00 AM,RFC,MIDATL,PEP,PEPCO,2819.643,True
3/3/2026 10:00:00 AM,3/3/2026 5:00:00 AM,RFC,MIDATL,PEP,PEPCO,3017.754,True
3/3/2026 11:00:00 AM,3/3/2026 6:00:00 AM,RFC,MIDATL,PEP,PEPCO,3332.989,True
3/3/2026 12:00:00 PM,3/3/2026 7:00:00 AM,RFC,MIDATL,PEP,PEPCO,3505.667,True
3/3/2026 1:00:00 PM,3/3/2026 8:00:00 AM,RFC,MIDATL,PEP,PEPCO,3551.006,True
3/3/2026 2:00:00 PM,3/3/2026 9:00:00 AM,RFC,MIDATL,PEP,PEPCO,3572.132,True
3/3/2026 3:00:00 PM,3/3/2026 10:00:00 AM,RFC,MIDATL,PEP,PEPCO,3533.531,True
3/3/2026 4:00:00 PM,3/3/2026 11:00:00 AM,RFC,MIDATL,PEP,PEPCO,3525.612,True
3/3/2026 5:00:00 PM,3/3/2026 12:00:00 PM,RFC,MIDATL,PEP,PEPCO,3496.231,True
3/3/2026 6:00:00 PM,3/3/2026 1:00:00 PM,RFC,MIDATL,PEP,PEPCO,3460.882,True
3/3/2026 7:00:00 PM,3/3/2026 2:00:00 PM,RFC,MIDATL,PEP,PEPCO,3400.653,True
3/3/2026 8:00:00 PM,3/3/2026 3:00:00 PM,RFC,MIDATL,PEP,PEPCO,3339.839,True
3/3/2026 9:00:00 PM,3/3/2026 4:00:00 PM,RFC,MIDATL,PEP,PEPCO,3400.307,True
3/3/2026 10:00:00 PM,3/3/2026 5:00:00 PM,RFC,MIDATL,PEP,PEPCO,3431.888,True
3/3/2026 11:00:00 PM,3/3/2026 6:00:00 PM,RFC,MIDATL,PEP,PEPCO,3413.509,True
3/4/2026 12:00:00 AM,3/3/2026 7:00:00 PM,RFC,MIDATL,PEP,PEPCO,3302.082,True
3/4/2026 1:00:00 AM,3/3/2026 8:00:00 PM,RFC,MIDATL,PEP,PEPCO,3217.642,True
3/4/2026 2:00:00 AM,3/3/2026 9:00:00 PM,RFC,MIDATL,PEP,PEPCO,3065.801,True
3/4/2026 3:00:00 AM,3/3/2026 10:00:00 PM,RFC,MIDATL,PEP,PEPCO,2876.965,True
3/4/2026 4:00:00 AM,3/3/2026 11:00:00 PM,RFC,MIDATL,PEP,PEPCO,2712.015,True
3/4/2026 5:00:00 AM,3/4/2026 12:00:00 AM,RFC,MIDATL,PEP,PEPCO,2505.526,True
3/4/2026 6:00:00 AM,3/4/2026 1:00:00 AM,RFC,MIDATL,PEP,PEPCO,2439.832,True
3/4/2026 7:00:00 AM,3/4/2026 2:00:00 AM,RFC,MIDATL,PEP,PEPCO,2355.138,True
3/4/2026 8:00:00 AM,3/4/2026 3:00:00 AM,RFC,MIDATL,PEP,PEPCO,2339.318,True
3/4/2026 9:00:00 AM,3/4/2026 4:00:00 AM,RFC,MIDATL,PEP,PEPCO,2387.305,True
3/4/2026 10:00:00 AM,3/4/2026 5:00:00 AM,RFC,MIDATL,PEP,PEPCO,2620.436,True
3/4/2026 11:00:00 AM,3/4/2026 6:00:00 AM,RFC,MIDATL,PEP,PEPCO,2925.844,True
3/4/2026 12:00:00 PM,3/4/2026 7:00:00 AM,RFC,MIDATL,PEP,PEPCO,3013.527,True
3/4/2026 1:00:00 PM,3/4/2026 8:00:00 AM,RFC,MIDATL,PEP,PEPCO,2977.785,True
3/4/2026 2:00:00 PM,3/4/2026 9:00:00 AM,RFC,MIDATL,PEP,PEPCO,2843.657,True
3/4/2026 3:00:00 PM,3/4/2026 10:00:00 AM,RFC,MIDATL,PEP,PEPCO,2752.072,True
3/4/2026 4:00:00 PM,3/4/2026 11:00:00 AM,RFC,MIDATL,PEP,PEPCO,2770.700,True
3/4/2026 5:00:00 PM,3/4/2026 12:00:00 PM,RFC,MIDATL,PEP,PEPCO,2870.607,True
3/4/2026 6:00:00 PM,3/4/2026 1:00:00 PM,RFC,MIDATL,PEP,PEPCO,2926.017,True
3/4/2026 7:00:00 PM,3/4/2026 2:00:00 PM,RFC,MIDATL,PEP,PEPCO,2880.099,True
3/4/2026 8:00:00 PM,3/4/2026 3:00:00 PM,RFC,MIDATL,PEP,PEPCO,2868.629,True
3/4/2026 9:00:00 PM,3/4/2026 4:00:00 PM,RFC,MIDATL,PEP,PEPCO,2890.114,True
3/4/2026 10:00:00 PM,3/4/2026 5:00:00 PM,RFC,MIDATL,PEP,PEPCO,2954.050,True
3/4/2026 11:00:00 PM,3/4/2026 6:00:00 PM,RFC,MIDATL,PEP,PEPCO,2954.669,True
3/5/2026 12:00:00 AM,3/4/2026 7:00:00 PM,RFC,MIDATL,PEP,PEPCO,2943.439,True
3/5/2026 1:00:00 AM,3/4/2026 8:00:00 PM,RFC,MIDATL,PEP,PEPCO,2858.515,True
3/5/2026 2:00:00 AM,3/4/2026 9:00:00 PM,RFC,MIDATL,PEP,PEPCO,2730.643,True
3/5/2026 3:00:00 AM,3/4/2026 10:00:00 PM,RFC,MIDATL,PEP,PEPCO,2613.487,True
3/5/2026 4:00:00 AM,3/4/2026 11:00:00 PM,RFC,MIDATL,PEP,PEPCO,2401.548,True
3/5/2026 5:00:00 AM,3/5/2026 12:00:00 AM,RFC,MIDATL,PEP,PEPCO,2307.932,True
3/5/2026 6:00:00 AM,3/5/2026 1:00:00 AM,RFC,MIDATL,PEP,PEPCO,2222.233,True
3/5/2026 7:00:00 AM,3/5/2026 2:00:00 AM,RFC,MIDATL,PEP,PEPCO,2172.516,True
3/5/2026 8:00:00 AM,3/5/2026 3:00:00 AM,RFC,MIDATL,PEP,PEPCO,2172.566,True
3/5/2026 9:00:00 AM,3/5/2026 4:00:00 AM,RFC,MIDATL,PEP,PEPCO,2240.272,True
3/5/2026 10:00:00 AM,3/5/2026 5:00:00 AM,RFC,MIDATL,PEP,PEPCO,2475.780,True
3/5/2026 11:00:00 AM,3/5/2026 6:00:00 AM,RFC,MIDATL,PEP,PEPCO,2760.444,True
3/5/2026 12:00:00 PM,3/5/2026 7:00:00 AM,RFC,MIDATL,PEP,PEPCO,2869.685,True
3/5/2026 1:00:00 PM,3/5/2026 8:00:00 AM,RFC,MIDATL,PEP,PEPCO,2940.828,True
3/5/2026 2:00:00 PM,3/5/2026 9:00:00 AM,RFC,MIDATL,PEP,PEPCO,2855.859,True
3/5/2026 3:00:00 PM,3/5/2026 10:00:00 AM,RFC,MIDATL,PEP,PEPCO,2847.110,True
3/5/2026 4:00:00 PM,3/5/2026 11:00:00 AM,RFC,MIDATL,PEP,PEPCO,2727.379,True
3/5/2026 5:00:00 PM,3/5/2026 12:00:00 PM,RFC,MIDATL,PEP,PEPCO,2651.788,True
3/5/2026 6:00:00 PM,3/5/2026 1:00:00 PM,RFC,MIDATL,PEP,PEPCO,2525.644,True
3/5/2026 7:00:00 PM,3/5/2026 2:00:00 PM,RFC,MIDATL,PEP,PEPCO,2488.560,True
3/5/2026 8:00:00 PM,3/5/2026 3:00:00 PM,RFC,MIDATL,PEP,PEPCO,2539.922,True
3/5/2026 9:00:00 PM,3/5/2026 4:00:00 PM,RFC,MIDATL,PEP,PEPCO,2621.214,True
3/5/2026 10:00:00 PM,3/5/2026 5:00:00 PM,RFC,MIDATL,PEP,PEPCO,2705.853,True
3/5/2026 11:00:00 PM,3/5/2026 6:00:00 PM,RFC,MIDATL,PEP,PEPCO,2793.292,True
3/6/2026 12:00:00 AM,3/5/2026 7:00:00 PM,RFC,MIDATL,PEP,PEPCO,2772.049,True
3/6/2026 1:00:00 AM,3/5/2026 8:00:00 PM,RFC,MIDATL,PEP,PEPCO,2706.045,True
3/6/2026 2:00:00 AM,3/5/2026 9:00:00 PM,RFC,MIDATL,PEP,PEPCO,2629.716,True
3/6/2026 3:00:00 AM,3/5/2026 10:00:00 PM,RFC,MIDATL,PEP,PEPCO,2501.060,True
3/6/2026 4:00:00 AM,3/5/2026 11:00:00 PM,RFC,MIDATL,PEP,PEPCO,2330.636,True
3/6/2026 5:00:00 AM,3/6/2026 12:00:00 AM,RFC,MIDATL,PEP,PEPCO,2174.384,True
3/6/2026 6:00:00 AM,3/6/2026 1:00:00 AM,RFC,MIDATL,PEP,PEPCO,2113.177,True
3/6/2026 7:00:00 AM,3/6/2026 2:00:00 AM,RFC,MIDATL,PEP,PEPCO,2048.957,True
3/6/2026 8:00:00 AM,3/6/2026 3:00:00 AM,RFC,MIDATL,PEP,PEPCO,2057.599,True
3/6/2026 9:00:00 AM,3/6/2026 4:00:00 AM,RFC,MIDATL,PEP,PEPCO,2110.843,True
3/6/2026 10:00:00 AM,3/6/2026 5:00:00 AM,RFC,MIDATL,PEP,PEPCO,2334.020,True
3/6/2026 11:00:00 AM,3/6/2026 6:00:00 AM,RFC,MIDATL,PEP,PEPCO,2608.324,True
3/6/2026 12:00:00 PM,3/6/2026 7:00:00 AM,RFC,MIDATL,PEP,PEPCO,2774.621,True
3/6/2026 1:00:00 PM,3/6/2026 8:00:00 AM,RFC,MIDATL,PEP,PEPCO,2812.116,True
3/6/2026 2:00:00 PM,3/6/2026 9:00:00 AM,RFC,MIDATL,PEP,PEPCO,2819.026,True
3/6/2026 3:00:00 PM,3/6/2026 10:00:00 AM,RFC,MIDATL,PEP,PEPCO,2794.095,True
3/6/2026 4:00:00 PM,3/6/2026 11:00:00 AM,RFC,MIDATL,PEP,PEPCO,2754.052,True
3/6/2026 5:00:00 PM,3/6/2026 12:00:00 PM,RFC,MIDATL,PEP,PEPCO,2752.831,True
3/6/2026 6:00:00 PM,3/6/2026 1:00:00 PM,RFC,MIDATL,PEP,PEPCO,2670.898,True
3/6/2026 7:00:00 PM,3/6/2026 2:00:00 PM,RFC,MIDATL,PEP,PEPCO,2666.201,True
3/6/2026 8:00:00 PM,3/6/2026 3:00:00 PM,RFC,MIDATL,PEP,PEPCO,2707.529,True
3/6/2026 9:00:00 PM,3/6/2026 4:00:00 PM,RFC,MIDATL,PEP,PEPCO,2815.189,True
3/6/2026 10:00:00 PM,3/6/2026 5:00:00 PM,RFC,MIDATL,PEP,PEPCO,2904.590,True
3/6/2026 11:00:00 PM,3/6/2026 6:00:00 PM,RFC,MIDATL,PEP,PEPCO,2885.773,True
3/7/2026 12:00:00 AM,3/6/2026 7:00:00 PM,RFC,MIDATL,PEP,PEPCO,2811.498,True
3/7/2026 1:00:00 AM,3/6/2026 8:00:00 PM,RFC,MIDATL,PEP,PEPCO,2742.114,True
3/7/2026 2:00:00 AM,3/6/2026 9:00:00 PM,RFC,MIDATL,PEP,PEPCO,2660.421,True
3/7/2026 3:00:00 AM,3/6/2026 10:00:00 PM,RFC,MIDATL,PEP,PEPCO,2590.177,True
3/7/2026 4:00:00 AM,3/6/2026 11:00:00 PM,RFC,MIDATL,PEP,PEPCO,2449.931,True
3/7/2026 5:00:00 AM,3/7/2026 12:00:00 AM,RFC,MIDATL,PEP,PEPCO,2341.776,True
3/7/2026 6:00:00 AM,3/7/2026 1:00:00 AM,RFC,MIDATL,PEP,PEPCO,2250.326,True
3/7/2026 7:00:00 AM,3/7/2026 2:00:00 AM,RFC,MIDATL,PEP,PEPCO,2203.283,True
3/7/2026 8:00:00 AM,3/7/2026 3:00:00 AM,RFC,MIDATL,PEP,PEPCO,2153.304,True
3/7/2026 9:00:00 AM,3/7/2026 4:00:00 AM,RFC,MIDATL,PEP,PEPCO,2199.067,True
3/7/2026 10:00:00 AM,3/7/2026 5:00:00 AM,RFC,MIDATL,PEP,PEPCO,2237.949,True
3/7/2026 11:00:00 AM,3/7/2026 6:00:00 AM,RFC,MIDATL,PEP,PEPCO,2352.842,True
3/7/2026 12:00:00 PM,3/7/2026 7:00:00 AM,RFC,MIDATL,PEP,PEPCO,2468.717,True
3/7/2026 1:00:00 PM,3/7/2026 8:00:00 AM,RFC,MIDATL,PEP,PEPCO,2517.224,True
3/7/2026 2:00:00 PM,3/7/2026 9:00:00 AM,RFC,MIDATL,PEP,PEPCO,2561.055,True
3/7/2026 3:00:00 PM,3/7/2026 10:00:00 AM,RFC,MIDATL,PEP,PEPCO,2557.230,True
3/7/2026 4:00:00 PM,3/7/2026 11:00:00 AM,RFC,MIDATL,PEP,PEPCO,2515.252,True
3/7/2026 5:00:00 PM,3/7/2026 12:00:00 PM,RFC,MIDATL,PEP,PEPCO,2455.886,True
3/7/2026 6:00:00 PM,3/7/2026 1:00:00 PM,RFC,MIDATL,PEP,PEPCO,2396.009,True
3/7/2026 7:00:00 PM,3/7/2026 2:00:00 PM,RFC,MIDATL,PEP,PEPCO,2312.814,True
3/7/2026 8:00:00 PM,3/7/2026 3:00:00 PM,RFC,MIDATL,PEP,PEPCO,2232.536,True
3/7/2026 9:00:00 PM,3/7/2026 4:00:00 PM,RFC,MIDATL,PEP,PEPCO,2267.110,True
3/7/2026 10:00:00 PM,3/7/2026 5:00:00 PM,RFC,MIDATL,PEP,PEPCO,2381.231,True
3/7/2026 11:00:00 PM,3/7/2026 6:00:00 PM,RFC,MIDATL,PEP,PEPCO,2493.256,True
3/8/2026 12:00:00 AM,3/7/2026 7:00:00 PM,RFC,MIDATL,PEP,PEPCO,2523.498,True
3/8/2026 1:00:00 AM,3/7/2026 8:00:00 PM,RFC,MIDATL,PEP,PEPCO,2457.529,True
3/8/2026 2:00:00 AM,3/7/2026 9:00:00 PM,RFC,MIDATL,PEP,PEPCO,2438.537,True
3/8/2026 3:00:00 AM,3/7/2026 10:00:00 PM,RFC,MIDATL,PEP,PEPCO,2332.375,True
3/8/2026 4:00:00 AM,3/7/2026 11:00:00 PM,RFC,MIDATL,PEP,PEPCO,2214.790,True
3/8/2026 5:00:00 AM,3/8/2026 12:00:00 AM,RFC,MIDATL,PEP,PEPCO,2102.699,True
3/8/2026 6:00:00 AM,3/8/2026 1:00:00 AM,RFC,MIDATL,PEP,PEPCO,0.000,True
3/8/2026 7:00:00 AM,3/8/2026 3:00:00 AM,RFC,MIDATL,PEP,PEPCO,1978.024,True
3/8/2026 8:00:00 AM,3/8/2026 4:00:00 AM,RFC,MIDATL,PEP,PEPCO,1954.691,True
3/8/2026 9:00:00 AM,3/8/2026 5:00:00 AM,RFC,MIDATL,PEP,PEPCO,1982.368,True
3/8/2026 10:00:00 AM,3/8/2026 6:00:00 AM,RFC,MIDATL,PEP,PEPCO,2010.059,True
3/8/2026 11:00:00 AM,3/8/2026 7:00:00 AM,RFC,MIDATL,PEP,PEPCO,2082.450,True
3/8/2026 12:00:00 PM,3/8/2026 8:00:00 AM,RFC,MIDATL,PEP,PEPCO,2136.169,True
3/8/2026 1:00:00 PM,3/8/2026 9:00:00 AM,RFC,MIDATL,PEP,PEPCO,2177.812,True
3/8/2026 2:00:00 PM,3/8/2026 10:00:00 AM,RFC,MIDATL,PEP,PEPCO,2127.051,True
3/8/2026 3:00:00 PM,3/8/2026 11:00:00 AM,RFC,MIDATL,PEP,PEPCO,2129.626,True
3/8/2026 4:00:00 PM,3/8/2026 12:00:00 PM,RFC,MIDATL,PEP,PEPCO,2128.263,True
3/8/2026 5:00:00 PM,3/8/2026 1:00:00 PM,RFC,MIDATL,PEP,PEPCO,2191.486,True
3/8/2026 6:00:00 PM,3/8/2026 2:00:00 PM,RFC,MIDATL,PEP,PEPCO,2224.798,True
3/8/2026 7:00:00 PM,3/8/2026 3:00:00 PM,RFC,MIDATL,PEP,PEPCO,2223.633,True
3/8/2026 8:00:00 PM,3/8/2026 4:00:00 PM,RFC,MIDATL,PEP,PEPCO,2247.047,True
3/8/2026 9:00:00 PM,3/8/2026 5:00:00 PM,RFC,MIDATL,PEP,PEPCO,2299.686,True
3/8/2026 10:00:00 PM,3/8/2026 6:00:00 PM,RFC,MIDATL,PEP,PEPCO,2384.676,True
3/8/2026 11:00:00 PM,3/8/2026 7:00:00 PM,RFC,MIDATL,PEP,PEPCO,2476.194,True
3/9/2026 12:00:00 AM,3/8/2026 8:00:00 PM,RFC,MIDATL,PEP,PEPCO,2487.144,True
3/9/2026 1:00:00 AM,3/8/2026 9:00:00 PM,RFC,MIDATL,PEP,PEPCO,2425.164,True
3/9/2026 2:00:00 AM,3/8/2026 10:00:00 PM,RFC,MIDATL,PEP,PEPCO,2297.916,True
3/9/2026 3:00:00 AM,3/8/2026 11:00:00 PM,RFC,MIDATL,PEP,PEPCO,2167.957,True
3/9/2026 4:00:00 AM,3/9/2026 12:00:00 AM,RFC,MIDATL,PEP,PEPCO,2023.867,True
3/9/2026 5:00:00 AM,3/9/2026 1:00:00 AM,RFC,MIDATL,PEP,PEPCO,1949.148,True
3/9/2026 6:00:00 AM,3/9/2026 2:00:00 AM,RFC,MIDATL,PEP,PEPCO,1910.823,True
3/9/2026 7:00:00 AM,3/9/2026 3:00:00 AM,RFC,MIDATL,PEP,PEPCO,1939.262,True
3/9/2026 8:00:00 AM,3/9/2026 4:00:00 AM,RFC,MIDATL,PEP,PEPCO,1982.139,True
3/9/2026 9:00:00 AM,3/9/2026 5:00:00 AM,RFC,MIDATL,PEP,PEPCO,2209.613,True
3/9/2026 10:00:00 AM,3/9/2026 6:00:00 AM,RFC,MIDATL,PEP,PEPCO,2486.443,True
3/9/2026 11:00:00 AM,3/9/2026 7:00:00 AM,RFC,MIDATL,PEP,PEPCO,2663.820,True
3/9/2026 12:00:00 PM,3/9/2026 8:00:00 AM,RFC,MIDATL,PEP,PEPCO,2653.367,True
3/9/2026 1:00:00 PM,3/9/2026 9:00:00 AM,RFC,MIDATL,PEP,PEPCO,2478.116,True
3/9/2026 2:00:00 PM,3/9/2026 10:00:00 AM,RFC,MIDATL,PEP,PEPCO,2353.618,True
3/9/2026 3:00:00 PM,3/9/2026 11:00:00 AM,RFC,MIDATL,PEP,PEPCO,2238.713,True
3/9/2026 4:00:00 PM,3/9/2026 12:00:00 PM,RFC,MIDATL,PEP,PEPCO,2217.802,True
3/9/2026 5:00:00 PM,3/9/2026 1:00:00 PM,RFC,MIDATL,PEP,PEPCO,2177.935,True
3/9/2026 6:00:00 PM,3/9/2026 2:00:00 PM,RFC,MIDATL,PEP,PEPCO,2199.297,True
3/9/2026 7:00:00 PM,3/9/2026 3:00:00 PM,RFC,MIDATL,PEP,PEPCO,2276.051,True
3/9/2026 8:00:00 PM,3/9/2026 4:00:00 PM,RFC,MIDATL,PEP,PEPCO,2361.466,True
3/9/2026 9:00:00 PM,3/9/2026 5:00:00 PM,RFC,MIDATL,PEP,PEPCO,2499.747,True
3/9/2026 10:00:00 PM,3/9/2026 6:00:00 PM,RFC,MIDATL,PEP,PEPCO,2557.592,True
3/9/2026 11:00:00 PM,3/9/2026 7:00:00 PM,RFC,MIDATL,PEP,PEPCO,2575.605,True
3/10/2026 12:00:00 AM,3/9/2026 8:00:00 PM,RFC,MIDATL,PEP,PEPCO,2574.405,True
3/10/2026 1:00:00 AM,3/9/2026 9:00:00 PM,RFC,MIDATL,PEP,PEPCO,2478.311,True
3/10/2026 2:00:00 AM,3/9/2026 10:00:00 PM,RFC,MIDATL,PEP,PEPCO,2316.921,True
3/10/2026 3:00:00 AM,3/9/2026 11:00:00 PM,RFC,MIDATL,PEP,PEPCO,2150.364,True
3/10/2026 4:00:00 AM,3/10/2026 12:00:00 AM,RFC,MIDATL,PEP,PEPCO,2002.485,True
3/10/2026 5:00:00 AM,3/10/2026 1:00:00 AM,RFC,MIDATL,PEP,PEPCO,1900.295,True
3/10/2026 6:00:00 AM,3/10/2026 2:00:00 AM,RFC,MIDATL,PEP,PEPCO,1853.656,True
3/10/2026 7:00:00 AM,3/10/2026 3:00:00 AM,RFC,MIDATL,PEP,PEPCO,1836.325,True
3/10/2026 8:00:00 AM,3/10/2026 4:00:00 AM,RFC,MIDATL,PEP,PEPCO,1899.577,True
3/10/2026 9:00:00 AM,3/10/2026 5:00:00 AM,RFC,MIDATL,PEP,PEPCO,2101.932,True
3/10/2026 10:00:00 AM,3/10/2026 6:00:00 AM,RFC,MIDATL,PEP,PEPCO,2363.530,True
3/10/2026 11:00:00 AM,3/10/2026 7:00:00 AM,RFC,MIDATL,PEP,PEPCO,2568.620,True
3/10/2026 12:00:00 PM,3/10/2026 8:00:00 AM,RFC,MIDATL,PEP,PEPCO,2561.596,True
3/10/2026 1:00:00 PM,3/10/2026 9:00:00 AM,RFC,MIDATL,PEP,PEPCO,2438.359,True
3/10/2026 2:00:00 PM,3/10/2026 10:00:00 AM,RFC,MIDATL,PEP,PEPCO,2339.200,True
3/10/2026 3:00:00 PM,3/10/2026 11:00:00 AM,RFC,MIDATL,PEP,PEPCO,2227.546,True
3/10/2026 4:00:00 PM,3/10/2026 12:00:00 PM,RFC,MIDATL,PEP,PEPCO,2262.424,True
3/10/2026 5:00:00 PM,3/10/2026 1:00:00 PM,RFC,MIDATL,PEP,PEPCO,2285.451,True
3/10/2026 6:00:00 PM,3/10/2026 2:00:00 PM,RFC,MIDATL,PEP,PEPCO,2320.849,True
3/10/2026 7:00:00 PM,3/10/2026 3:00:00 PM,RFC,MIDATL,PEP,PEPCO,2403.088,True
3/10/2026 8:00:00 PM,3/10/2026 4:00:00 PM,RFC,MIDATL,PEP,PEPCO,2554.631,True
3/10/2026 9:00:00 PM,3/10/2026 5:00:00 PM,RFC,MIDATL,PEP,PEPCO,2654.772,True
3/10/2026 10:00:00 PM,3/10/2026 6:00:00 PM,RFC,MIDATL,PEP,PEPCO,2684.224,True
3/10/2026 11:00:00 PM,3/10/2026 7:00:00 PM,RFC,MIDATL,PEP,PEPCO,2708.183,True
3/11/2026 12:00:00 AM,3/10/2026 8:00:00 PM,RFC,MIDATL,PEP,PEPCO,2671.958,True
3/11/2026 1:00:00 AM,3/10/2026 9:00:00 PM,RFC,MIDATL,PEP,PEPCO,2563.908,True
3/11/2026 2:00:00 AM,3/10/2026 10:00:00 PM,RFC,MIDATL,PEP,PEPCO,2419.879,True
3/11/2026 3:00:00 AM,3/10/2026 11:00:00 PM,RFC,MIDATL,PEP,PEPCO,2239.177,True
3/11/2026 4:00:00 AM,3/11/2026 12:00:00 AM,RFC,MIDATL,PEP,PEPCO,2056.864,True
3/11/2026 5:00:00 AM,3/11/2026 1:00:00 AM,RFC,MIDATL,PEP,PEPCO,1963.272,True
3/11/2026 6:00:00 AM,3/11/2026 2:00:00 AM,RFC,MIDATL,PEP,PEPCO,1881.618,True
3/11/2026 7:00:00 AM,3/11/2026 3:00:00 AM,RFC,MIDATL,PEP,PEPCO,1852.305,True
3/11/2026 8:00:00 AM,3/11/2026 4:00:00 AM,RFC,MIDATL,PEP,PEPCO,1915.067,True
3/11/2026 9:00:00 AM,3/11/2026 5:00:00 AM,RFC,MIDATL,PEP,PEPCO,2066.286,True
3/11/2026 10:00:00 AM,3/11/2026 6:00:00 AM,RFC,MIDATL,PEP,PEPCO,2312.490,True
3/11/2026 11:00:00 AM,3/11/2026 7:00:00 AM,RFC,MIDATL,PEP,PEPCO,2482.094,True
3/11/2026 12:00:00 PM,3/11/2026 8:00:00 AM,RFC,MIDATL,PEP,PEPCO,2495.321,True
3/11/2026 1:00:00 PM,3/11/2026 9:00:00 AM,RFC,MIDATL,PEP,PEPCO,2534.922,True
3/11/2026 2:00:00 PM,3/11/2026 10:00:00 AM,RFC,MIDATL,PEP,PEPCO,2595.427,True
3/11/2026 3:00:00 PM,3/11/2026 11:00:00 AM,RFC,MIDATL,PEP,PEPCO,2525.979,True
3/11/2026 4:00:00 PM,3/11/2026 12:00:00 PM,RFC,MIDATL,PEP,PEPCO,2530.363,True
3/11/2026 5:00:00 PM,3/11/2026 1:00:00 PM,RFC,MIDATL,PEP,PEPCO,2543.845,True
3/11/2026 6:00:00 PM,3/11/2026 2:00:00 PM,RFC,MIDATL,PEP,PEPCO,2447.029,True
3/11/2026 7:00:00 PM,3/11/2026 3:00:00 PM,RFC,MIDATL,PEP,PEPCO,2587.875,True
3/11/2026 8:00:00 PM,3/11/2026 4:00:00 PM,RFC,MIDATL,PEP,PEPCO,2760.423,True
3/11/2026 9:00:00 PM,3/11/2026 5:00:00 PM,RFC,MIDATL,PEP,PEPCO,2848.881,True
3/11/2026 10:00:00 PM,3/11/2026 6:00:00 PM,RFC,MIDATL,PEP,PEPCO,2863.095,True
3/11/2026 11:00:00 PM,3/11/2026 7:00:00 PM,RFC,MIDATL,PEP,PEPCO,2841.905,True
3/12/2026 12:00:00 AM,3/11/2026 8:00:00 PM,RFC,MIDATL,PEP,PEPCO,2772.373,True
3/12/2026 1:00:00 AM,3/11/2026 9:00:00 PM,RFC,MIDATL,PEP,PEPCO,2678.165,True
3/12/2026 2:00:00 AM,3/11/2026 10:00:00 PM,RFC,MIDATL,PEP,PEPCO,2529.061,True
3/12/2026 3:00:00 AM,3/11/2026 11:00:00 PM,RFC,MIDATL,PEP,PEPCO,2383.620,True
3/12/2026 4:00:00 AM,3/12/2026 12:00:00 AM,RFC,MIDATL,PEP,PEPCO,2198.674,True
3/12/2026 5:00:00 AM,3/12/2026 1:00:00 AM,RFC,MIDATL,PEP,PEPCO,2088.512,True
3/12/2026 6:00:00 AM,3/12/2026 2:00:00 AM,RFC,MIDATL,PEP,PEPCO,2001.217,True
3/12/2026 7:00:00 AM,3/12/2026 3:00:00 AM,RFC,MIDATL,PEP,PEPCO,1993.990,True
3/12/2026 8:00:00 AM,3/12/2026 4:00:00 AM,RFC,MIDATL,PEP,PEPCO,1998.727,True
3/12/2026 9:00:00 AM,3/12/2026 5:00:00 AM,RFC,MIDATL,PEP,PEPCO,2145.304,True
3/12/2026 10:00:00 AM,3/12/2026 6:00:00 AM,RFC,MIDATL,PEP,PEPCO,2325.447,True
3/12/2026 11:00:00 AM,3/12/2026 7:00:00 AM,RFC,MIDATL,PEP,PEPCO,2445.478,True
3/12/2026 12:00:00 PM,3/12/2026 8:00:00 AM,RFC,MIDATL,PEP,PEPCO,2531.840,True
3/12/2026 1:00:00 PM,3/12/2026 9:00:00 AM,RFC,MIDATL,PEP,PEPCO,2580.258,True
3/12/2026 2:00:00 PM,3/12/2026 10:00:00 AM,RFC,MIDATL,PEP,PEPCO,2657.795,True
3/12/2026 3:00:00 PM,3/12/2026 11:00:00 AM,RFC,MIDATL,PEP,PEPCO,2706.417,True
3/12/2026 4:00:00 PM,3/12/2026 12:00:00 PM,RFC,MIDATL,PEP,PEPCO,2771.352,True
3/12/2026 5:00:00 PM,3/12/2026 1:00:00 PM,RFC,MIDATL,PEP,PEPCO,2857.635,True
3/12/2026 6:00:00 PM,3/12/2026 2:00:00 PM,RFC,MIDATL,PEP,PEPCO,2887.111,True
3/12/2026 7:00:00 PM,3/12/2026 3:00:00 PM,RFC,MIDATL,PEP,PEPCO,2887.002,True
3/12/2026 8:00:00 PM,3/12/2026 4:00:00 PM,RFC,MIDATL,PEP,PEPCO,2758.982,True
3/12/2026 9:00:00 PM,3/12/2026 5:00:00 PM,RFC,MIDATL,PEP,PEPCO,2685.756,True
3/12/2026 10:00:00 PM,3/12/2026 6:00:00 PM,RFC,MIDATL,PEP,PEPCO,2723.016,True
3/12/2026 11:00:00 PM,3/12/2026 7:00:00 PM,RFC,MIDATL,PEP,PEPCO,2850.980,True
3/13/2026 12:00:00 AM,3/12/2026 8:00:00 PM,RFC,MIDATL,PEP,PEPCO,2844.689,True
3/13/2026 1:00:00 AM,3/12/2026 9:00:00 PM,RFC,MIDATL,PEP,PEPCO,2771.568,True
3/13/2026 2:00:00 AM,3/12/2026 10:00:00 PM,RFC,MIDATL,PEP,PEPCO,2658.039,True
3/13/2026 3:00:00 AM,3/12/2026 11:00:00 PM,RFC,MIDATL,PEP,PEPCO,2526.508,True
3/13/2026 4:00:00 AM,3/13/2026 12:00:00 AM,RFC,MIDATL,PEP,PEPCO,2406.097,True
3/13/2026 5:00:00 AM,3/13/2026 1:00:00 AM,RFC,MIDATL,PEP,PEPCO,2357.002,True
3/13/2026 6:00:00 AM,3/13/2026 2:00:00 AM,RFC,MIDATL,PEP,PEPCO,2343.579,True
3/13/2026 7:00:00 AM,3/13/2026 3:00:00 AM,RFC,MIDATL,PEP,PEPCO,2345.888,True
3/13/2026 8:00:00 AM,3/13/2026 4:00:00 AM,RFC,MIDATL,PEP,PEPCO,2452.018,True
3/13/2026 9:00:00 AM,3/13/2026 5:00:00 AM,RFC,MIDATL,PEP,PEPCO,2702.318,True
3/13/2026 10:00:00 AM,3/13/2026 6:00:00 AM,RFC,MIDATL,PEP,PEPCO,2977.767,True
3/13/2026 11:00:00 AM,3/13/2026 7:00:00 AM,RFC,MIDATL,PEP,PEPCO,3205.382,True
3/13/2026 12:00:00 PM,3/13/2026 8:00:00 AM,RFC,MIDATL,PEP,PEPCO,3151.824,True
3/13/2026 1:00:00 PM,3/13/2026 9:00:00 AM,RFC,MIDATL,PEP,PEPCO,2960.640,True
3/13/2026 2:00:00 PM,3/13/2026 10:00:00 AM,RFC,MIDATL,PEP,PEPCO,2726.141,True
3/13/2026 3:00:00 PM,3/13/2026 11:00:00 AM,RFC,MIDATL,PEP,PEPCO,2645.697,True
3/13/2026 4:00:00 PM,3/13/2026 12:00:00 PM,RFC,MIDATL,PEP,PEPCO,2611.696,True
3/13/2026 5:00:00 PM,3/13/2026 1:00:00 PM,RFC,MIDATL,PEP,PEPCO,2503.364,True
3/13/2026 6:00:00 PM,3/13/2026 2:00:00 PM,RFC,MIDATL,PEP,PEPCO,2641.165,True
3/13/2026 7:00:00 PM,3/13/2026 3:00:00 PM,RFC,MIDATL,PEP,PEPCO,2609.534,True
3/13/2026 8:00:00 PM,3/13/2026 4:00:00 PM,RFC,MIDATL,PEP,PEPCO,2531.233,True
3/13/2026 9:00:00 PM,3/13/2026 5:00:00 PM,RFC,MIDATL,PEP,PEPCO,2557.112,True
3/13/2026 10:00:00 PM,3/13/2026 6:00:00 PM,RFC,MIDATL,PEP,PEPCO,2660.404,True
3/13/2026 11:00:00 PM,3/13/2026 7:00:00 PM,RFC,MIDATL,PEP,PEPCO,2692.655,True
3/14/2026 12:00:00 AM,3/13/2026 8:00:00 PM,RFC,MIDATL,PEP,PEPCO,2691.602,True
3/14/2026 1:00:00 AM,3/13/2026 9:00:00 PM,RFC,MIDATL,PEP,PEPCO,2602.179,True
3/14/2026 2:00:00 AM,3/13/2026 10:00:00 PM,RFC,MIDATL,PEP,PEPCO,2488.452,True
3/14/2026 3:00:00 AM,3/13/2026 11:00:00 PM,RFC,MIDATL,PEP,PEPCO,2406.252,True
3/14/2026 4:00:00 AM,3/14/2026 12:00:00 AM,RFC,MIDATL,PEP,PEPCO,2258.691,True
3/14/2026 5:00:00 AM,3/14/2026 1:00:00 AM,RFC,MIDATL,PEP,PEPCO,2171.151,True
3/14/2026 6:00:00 AM,3/14/2026 2:00:00 AM,RFC,MIDATL,PEP,PEPCO,2110.333,True
3/14/2026 7:00:00 AM,3/14/2026 3:00:00 AM,RFC,MIDATL,PEP,PEPCO,2081.789,True
3/14/2026 8:00:00 AM,3/14/2026 4:00:00 AM,RFC,MIDATL,PEP,PEPCO,2121.099,True
3/14/2026 9:00:00 AM,3/14/2026 5:00:00 AM,RFC,MIDATL,PEP,PEPCO,2150.135,True
3/14/2026 10:00:00 AM,3/14/2026 6:00:00 AM,RFC,MIDATL,PEP,PEPCO,2289.848,True
3/14/2026 11:00:00 AM,3/14/2026 7:00:00 AM,RFC,MIDATL,PEP,PEPCO,2363.757,True
3/14/2026 12:00:00 PM,3/14/2026 8:00:00 AM,RFC,MIDATL,PEP,PEPCO,2368.269,True
3/14/2026 1:00:00 PM,3/14/2026 9:00:00 AM,RFC,MIDATL,PEP,PEPCO,2328.689,True
3/14/2026 2:00:00 PM,3/14/2026 10:00:00 AM,RFC,MIDATL,PEP,PEPCO,2315.144,True
3/14/2026 3:00:00 PM,3/14/2026 11:00:00 AM,RFC,MIDATL,PEP,PEPCO,2086.978,True
3/14/2026 4:00:00 PM,3/14/2026 12:00:00 PM,RFC,MIDATL,PEP,PEPCO,2041.693,True
3/14/2026 5:00:00 PM,3/14/2026 1:00:00 PM,RFC,MIDATL,PEP,PEPCO,1977.253,True
3/14/2026 6:00:00 PM,3/14/2026 2:00:00 PM,RFC,MIDATL,PEP,PEPCO,2005.153,True
3/14/2026 7:00:00 PM,3/14/2026 3:00:00 PM,RFC,MIDATL,PEP,PEPCO,2045.209,True
3/14/2026 8:00:00 PM,3/14/2026 4:00:00 PM,RFC,MIDATL,PEP,PEPCO,2082.646,True
3/14/2026 9:00:00 PM,3/14/2026 5:00:00 PM,RFC,MIDATL,PEP,PEPCO,2189.835,True
3/14/2026 10:00:00 PM,3/14/2026 6:00:00 PM,RFC,MIDATL,PEP,PEPCO,2324.296,True
3/14/2026 11:00:00 PM,3/14/2026 7:00:00 PM,RFC,MIDATL,PEP,PEPCO,2453.460,True
3/15/2026 12:00:00 AM,3/14/2026 8:00:00 PM,RFC,MIDATL,PEP,PEPCO,2469.615,True
3/15/2026 1:00:00 AM,3/14/2026 9:00:00 PM,RFC,MIDATL,PEP,PEPCO,2467.751,True
3/15/2026 2:00:00 AM,3/14/2026 10:00:00 PM,RFC,MIDATL,PEP,PEPCO,2368.561,True
3/15/2026 3:00:00 AM,3/14/2026 11:00:00 PM,RFC,MIDATL,PEP,PEPCO,2352.064,True
3/15/2026 4:00:00 AM,3/15/2026 12:00:00 AM,RFC,MIDATL,PEP,PEPCO,2246.256,True
3/15/2026 5:00:00 AM,3/15/2026 1:00:00 AM,RFC,MIDATL,PEP,PEPCO,2169.570,True
3/15/2026 6:00:00 AM,3/15/2026 2:00:00 AM,RFC,MIDATL,PEP,PEPCO,2143.388,True
3/15/2026 7:00:00 AM,3/15/2026 3:00:00 AM,RFC,MIDATL,PEP,PEPCO,2070.722,True
3/15/2026 8:00:00 AM,3/15/2026 4:00:00 AM,RFC,MIDATL,PEP,PEPCO,2071.981,True
3/15/2026 9:00:00 AM,3/15/2026 5:00:00 AM,RFC,MIDATL,PEP,PEPCO,2118.799,True
3/15/2026 10:00:00 AM,3/15/2026 6:00:00 AM,RFC,MIDATL,PEP,PEPCO,2245.675,True
3/15/2026 11:00:00 AM,3/15/2026 7:00:00 AM,RFC,MIDATL,PEP,PEPCO,2315.481,True
3/15/2026 12:00:00 PM,3/15/2026 8:00:00 AM,RFC,MIDATL,PEP,PEPCO,2344.297,True
3/15/2026 1:00:00 PM,3/15/2026 9:00:00 AM,RFC,MIDATL,PEP,PEPCO,2338.675,True
3/15/2026 2:00:00 PM,3/15/2026 10:00:00 AM,RFC,MIDATL,PEP,PEPCO,2422.285,True
3/15/2026 3:00:00 PM,3/15/2026 11:00:00 AM,RFC,MIDATL,PEP,PEPCO,2428.110,True
3/15/2026 4:00:00 PM,3/15/2026 12:00:00 PM,RFC,MIDATL,PEP,PEPCO,2371.002,True
3/15/2026 5:00:00 PM,3/15/2026 1:00:00 PM,RFC,MIDATL,PEP,PEPCO,2383.459,True
3/15/2026 6:00:00 PM,3/15/2026 2:00:00 PM,RFC,MIDATL,PEP,PEPCO,2427.353,True
3/15/2026 7:00:00 PM,3/15/2026 3:00:00 PM,RFC,MIDATL,PEP,PEPCO,2467.433,True
3/15/2026 8:00:00 PM,3/15/2026 4:00:00 PM,RFC,MIDATL,PEP,PEPCO,2471.927,True
3/15/2026 9:00:00 PM,3/15/2026 5:00:00 PM,RFC,MIDATL,PEP,PEPCO,2526.162,True
3/15/2026 10:00:00 PM,3/15/2026 6:00:00 PM,RFC,MIDATL,PEP,PEPCO,2608.314,True
3/15/2026 11:00:00 PM,3/15/2026 7:00:00 PM,RFC,MIDATL,PEP,PEPCO,2650.463,True
3/16/2026 12:00:00 AM,3/15/2026 8:00:00 PM,RFC,MIDATL,PEP,PEPCO,2604.437,True
3/16/2026 1:00:00 AM,3/15/2026 9:00:00 PM,RFC,MIDATL,PEP,PEPCO,2512.798,True
3/16/2026 2:00:00 AM,3/15/2026 10:00:00 PM,RFC,MIDATL,PEP,PEPCO,2382.877,True
3/16/2026 3:00:00 AM,3/15/2026 11:00:00 PM,RFC,MIDATL,PEP,PEPCO,2259.002,True
3/16/2026 4:00:00 AM,3/16/2026 12:00:00 AM,RFC,MIDATL,PEP,PEPCO,2100.966,True
3/16/2026 5:00:00 AM,3/16/2026 1:00:00 AM,RFC,MIDATL,PEP,PEPCO,2017.053,True
3/16/2026 6:00:00 AM,3/16/2026 2:00:00 AM,RFC,MIDATL,PEP,PEPCO,1956.949,True
3/16/2026 7:00:00 AM,3/16/2026 3:00:00 AM,RFC,MIDATL,PEP,PEPCO,1962.782,True
3/16/2026 8:00:00 AM,3/16/2026 4:00:00 AM,RFC,MIDATL,PEP,PEPCO,2000.233,True
3/16/2026 9:00:00 AM,3/16/2026 5:00:00 AM,RFC,MIDATL,PEP,PEPCO,2176.274,True
3/16/2026 10:00:00 AM,3/16/2026 6:00:00 AM,RFC,MIDATL,PEP,PEPCO,2442.999,True
3/16/2026 11:00:00 AM,3/16/2026 7:00:00 AM,RFC,MIDATL,PEP,PEPCO,2578.587,True
3/16/2026 12:00:00 PM,3/16/2026 8:00:00 AM,RFC,MIDATL,PEP,PEPCO,2663.940,True
3/16/2026 1:00:00 PM,3/16/2026 9:00:00 AM,RFC,MIDATL,PEP,PEPCO,2627.493,True
3/16/2026 2:00:00 PM,3/16/2026 10:00:00 AM,RFC,MIDATL,PEP,PEPCO,2621.742,True
3/16/2026 3:00:00 PM,3/16/2026 11:00:00 AM,RFC,MIDATL,PEP,PEPCO,2648.519,True
3/16/2026 4:00:00 PM,3/16/2026 12:00:00 PM,RFC,MIDATL,PEP,PEPCO,2613.257,True
3/16/2026 5:00:00 PM,3/16/2026 1:00:00 PM,RFC,MIDATL,PEP,PEPCO,2634.591,True
3/16/2026 6:00:00 PM,3/16/2026 2:00:00 PM,RFC,MIDATL,PEP,PEPCO,2593.890,True
3/16/2026 7:00:00 PM,3/16/2026 3:00:00 PM,RFC,MIDATL,PEP,PEPCO,2582.310,True
3/16/2026 8:00:00 PM,3/16/2026 4:00:00 PM,RFC,MIDATL,PEP,PEPCO,2604.519,True
3/16/2026 9:00:00 PM,3/16/2026 5:00:00 PM,RFC,MIDATL,PEP,PEPCO,2608.874,True
3/16/2026 10:00:00 PM,3/16/2026 6:00:00 PM,RFC,MIDATL,PEP,PEPCO,2583.896,True
3/16/2026 11:00:00 PM,3/16/2026 7:00:00 PM,RFC,MIDATL,PEP,PEPCO,2589.612,True
3/17/2026 12:00:00 AM,3/16/2026 8:00:00 PM,RFC,MIDATL,PEP,PEPCO,2554.602,True
3/17/2026 1:00:00 AM,3/16/2026 9:00:00 PM,RFC,MIDATL,PEP,PEPCO,2453.905,True
3/17/2026 2:00:00 AM,3/16/2026 10:00:00 PM,RFC,MIDATL,PEP,PEPCO,2363.586,True
3/17/2026 3:00:00 AM,3/16/2026 11:00:00 PM,RFC,MIDATL,PEP,PEPCO,2298.343,True
3/17/2026 4:00:00 AM,3/17/2026 12:00:00 AM,RFC,MIDATL,PEP,PEPCO,2206.474,True
3/17/2026 5:00:00 AM,3/17/2026 1:00:00 AM,RFC,MIDATL,PEP,PEPCO,2150.032,True
3/17/2026 6:00:00 AM,3/17/2026 2:00:00 AM,RFC,MIDATL,PEP,PEPCO,2195.855,True
3/17/2026 7:00:00 AM,3/17/2026 3:00:00 AM,RFC,MIDATL,PEP,PEPCO,2242.326,True
3/17/2026 8:00:00 AM,3/17/2026 4:00:00 AM,RFC,MIDATL,PEP,PEPCO,2363.838,True
3/17/2026 9:00:00 AM,3/17/2026 5:00:00 AM,RFC,MIDATL,PEP,PEPCO,2650.251,True
3/17/2026 10:00:00 AM,3/17/2026 6:00:00 AM,RFC,MIDATL,PEP,PEPCO,3006.049,True
3/17/2026 11:00:00 AM,3/17/2026 7:00:00 AM,RFC,MIDATL,PEP,PEPCO,3205.773,True
3/17/2026 12:00:00 PM,3/17/2026 8:00:00 AM,RFC,MIDATL,PEP,PEPCO,3159.362,True
3/17/2026 1:00:00 PM,3/17/2026 9:00:00 AM,RFC,MIDATL,PEP,PEPCO,2929.177,True
3/17/2026 2:00:00 PM,3/17/2026 10:00:00 AM,RFC,MIDATL,PEP,PEPCO,2783.934,True
3/17/2026 3:00:00 PM,3/17/2026 11:00:00 AM,RFC,MIDATL,PEP,PEPCO,2675.681,True
3/17/2026 4:00:00 PM,3/17/2026 12:00:00 PM,RFC,MIDATL,PEP,PEPCO,2570.907,True
3/17/2026 5:00:00 PM,3/17/2026 1:00:00 PM,RFC,MIDATL,PEP,PEPCO,2578.616,True
3/17/2026 6:00:00 PM,3/17/2026 2:00:00 PM,RFC,MIDATL,PEP,PEPCO,2654.162,True
3/17/2026 7:00:00 PM,3/17/2026 3:00:00 PM,RFC,MIDATL,PEP,PEPCO,2639.528,True
3/17/2026 8:00:00 PM,3/17/2026 4:00:00 PM,RFC,MIDATL,PEP,PEPCO,2682.290,True
3/17/2026 9:00:00 PM,3/17/2026 5:00:00 PM,RFC,MIDATL,PEP,PEPCO,2857.327,True
3/17/2026 10:00:00 PM,3/17/2026 6:00:00 PM,RFC,MIDATL,PEP,PEPCO,2948.264,True
3/17/2026 11:00:00 PM,3/17/2026 7:00:00 PM,RFC,MIDATL,PEP,PEPCO,3110.962,True
3/18/2026 12:00:00 AM,3/17/2026 8:00:00 PM,RFC,MIDATL,PEP,PEPCO,3139.252,True
3/18/2026 1:00:00 AM,3/17/2026 9:00:00 PM,RFC,MIDATL,PEP,PEPCO,3121.577,True
3/18/2026 2:00:00 AM,3/17/2026 10:00:00 PM,RFC,MIDATL,PEP,PEPCO,3021.972,True
3/18/2026 3:00:00 AM,3/17/2026 11:00:00 PM,RFC,MIDATL,PEP,PEPCO,2849.372,True
3/18/2026 4:00:00 AM,3/18/2026 12:00:00 AM,RFC,MIDATL,PEP,PEPCO,2729.861,True
3/18/2026 5:00:00 AM,3/18/2026 1:00:00 AM,RFC,MIDATL,PEP,PEPCO,2671.929,True
3/18/2026 6:00:00 AM,3/18/2026 2:00:00 AM,RFC,MIDATL,PEP,PEPCO,2677.710,True
3/18/2026 7:00:00 AM,3/18/2026 3:00:00 AM,RFC,MIDATL,PEP,PEPCO,2676.346,True
3/18/2026 8:00:00 AM,3/18/2026 4:00:00 AM,RFC,MIDATL,PEP,PEPCO,2815.417,True
3/18/2026 9:00:00 AM,3/18/2026 5:00:00 AM,RFC,MIDATL,PEP,PEPCO,3064.018,True
3/18/2026 10:00:00 AM,3/18/2026 6:00:00 AM,RFC,MIDATL,PEP,PEPCO,3403.221,True
3/18/2026 11:00:00 AM,3/18/2026 7:00:00 AM,RFC,MIDATL,PEP,PEPCO,3567.008,True
3/18/2026 12:00:00 PM,3/18/2026 8:00:00 AM,RFC,MIDATL,PEP,PEPCO,3595.851,True
3/18/2026 1:00:00 PM,3/18/2026 9:00:00 AM,RFC,MIDATL,PEP,PEPCO,3471.644,True
3/18/2026 2:00:00 PM,3/18/2026 10:00:00 AM,RFC,MIDATL,PEP,PEPCO,3190.996,True
3/18/2026 3:00:00 PM,3/18/2026 11:00:00 AM,RFC,MIDATL,PEP,PEPCO,2836.003,True
3/18/2026 4:00:00 PM,3/18/2026 12:00:00 PM,RFC,MIDATL,PEP,PEPCO,2694.935,True
3/18/2026 5:00:00 PM,3/18/2026 1:00:00 PM,RFC,MIDATL,PEP,PEPCO,2622.973,True
3/18/2026 6:00:00 PM,3/18/2026 2:00:00 PM,RFC,MIDATL,PEP,PEPCO,2544.332,True
3/18/2026 7:00:00 PM,3/18/2026 3:00:00 PM,RFC,MIDATL,PEP,PEPCO,2532.512,True
3/18/2026 8:00:00 PM,3/18/2026 4:00:00 PM,RFC,MIDATL,PEP,PEPCO,2647.247,True
3/18/2026 9:00:00 PM,3/18/2026 5:00:00 PM,RFC,MIDATL,PEP,PEPCO,2775.485,True
3/18/2026 10:00:00 PM,3/18/2026 6:00:00 PM,RFC,MIDATL,PEP,PEPCO,2899.635,True
3/18/2026 11:00:00 PM,3/18/2026 7:00:00 PM,RFC,MIDATL,PEP,PEPCO,3068.100,True
3/19/2026 12:00:00 AM,3/18/2026 8:00:00 PM,RFC,MIDATL,PEP,PEPCO,3098.093,True
3/19/2026 1:00:00 AM,3/18/2026 9:00:00 PM,RFC,MIDATL,PEP,PEPCO,3028.641,True
3/19/2026 2:00:00 AM,3/18/2026 10:00:00 PM,RFC,MIDATL,PEP,PEPCO,2888.335,True
3/19/2026 3:00:00 AM,3/18/2026 11:00:00 PM,RFC,MIDATL,PEP,PEPCO,2691.601,True
3/19/2026 4:00:00 AM,3/19/2026 12:00:00 AM,RFC,MIDATL,PEP,PEPCO,2547.099,True
3/19/2026 5:00:00 AM,3/19/2026 1:00:00 AM,RFC,MIDATL,PEP,PEPCO,2473.150,True
3/19/2026 6:00:00 AM,3/19/2026 2:00:00 AM,RFC,MIDATL,PEP,PEPCO,2432.852,True
3/19/2026 7:00:00 AM,3/19/2026 3:00:00 AM,RFC,MIDATL,PEP,PEPCO,2430.316,True
3/19/2026 8:00:00 AM,3/19/2026 4:00:00 AM,RFC,MIDATL,PEP,PEPCO,2512.741,True
3/19/2026 9:00:00 AM,3/19/2026 5:00:00 AM,RFC,MIDATL,PEP,PEPCO,2767.826,True
3/19/2026 10:00:00 AM,3/19/2026 6:00:00 AM,RFC,MIDATL,PEP,PEPCO,3025.311,True
3/19/2026 11:00:00 AM,3/19/2026 7:00:00 AM,RFC,MIDATL,PEP,PEPCO,3198.087,True
3/19/2026 12:00:00 PM,3/19/2026 8:00:00 AM,RFC,MIDATL,PEP,PEPCO,3218.292,True
3/19/2026 1:00:00 PM,3/19/2026 9:00:00 AM,RFC,MIDATL,PEP,PEPCO,3058.028,True
3/19/2026 2:00:00 PM,3/19/2026 10:00:00 AM,RFC,MIDATL,PEP,PEPCO,2862.467,True
3/19/2026 3:00:00 PM,3/19/2026 11:00:00 AM,RFC,MIDATL,PEP,PEPCO,2554.118,True
3/19/2026 4:00:00 PM,3/19/2026 12:00:00 PM,RFC,MIDATL,PEP,PEPCO,2417.236,True
3/19/2026 5:00:00 PM,3/19/2026 1:00:00 PM,RFC,MIDATL,PEP,PEPCO,2309.026,True
3/19/2026 6:00:00 PM,3/19/2026 2:00:00 PM,RFC,MIDATL,PEP,PEPCO,2330.153,True
3/19/2026 7:00:00 PM,3/19/2026 3:00:00 PM,RFC,MIDATL,PEP,PEPCO,2281.630,True
3/19/2026 8:00:00 PM,3/19/2026 4:00:00 PM,RFC,MIDATL,PEP,PEPCO,2398.615,True
3/19/2026 9:00:00 PM,3/19/2026 5:00:00 PM,RFC,MIDATL,PEP,PEPCO,2491.891,True
3/19/2026 10:00:00 PM,3/19/2026 6:00:00 PM,RFC,MIDATL,PEP,PEPCO,2545.482,True
3/19/2026 11:00:00 PM,3/19/2026 7:00:00 PM,RFC,MIDATL,PEP,PEPCO,2646.192,True
3/20/2026 12:00:00 AM,3/19/2026 8:00:00 PM,RFC,MIDATL,PEP,PEPCO,2641.022,True
3/20/2026 1:00:00 AM,3/19/2026 9:00:00 PM,RFC,MIDATL,PEP,PEPCO,2624.928,True
3/20/2026 2:00:00 AM,3/19/2026 10:00:00 PM,RFC,MIDATL,PEP,PEPCO,2501.358,True
3/20/2026 3:00:00 AM,3/19/2026 11:00:00 PM,RFC,MIDATL,PEP,PEPCO,2371.418,True
3/20/2026 4:00:00 AM,3/20/2026 12:00:00 AM,RFC,MIDATL,PEP,PEPCO,2242.270,True
3/20/2026 5:00:00 AM,3/20/2026 1:00:00 AM,RFC,MIDATL,PEP,PEPCO,2175.029,True
3/20/2026 6:00:00 AM,3/20/2026 2:00:00 AM,RFC,MIDATL,PEP,PEPCO,2144.509,True
3/20/2026 7:00:00 AM,3/20/2026 3:00:00 AM,RFC,MIDATL,PEP,PEPCO,2147.227,True
3/20/2026 8:00:00 AM,3/20/2026 4:00:00 AM,RFC,MIDATL,PEP,PEPCO,2223.845,True
3/20/2026 9:00:00 AM,3/20/2026 5:00:00 AM,RFC,MIDATL,PEP,PEPCO,2489.311,True
3/20/2026 10:00:00 AM,3/20/2026 6:00:00 AM,RFC,MIDATL,PEP,PEPCO,2739.789,True
3/20/2026 11:00:00 AM,3/20/2026 7:00:00 AM,RFC,MIDATL,PEP,PEPCO,2899.580,True
3/20/2026 12:00:00 PM,3/20/2026 8:00:00 AM,RFC,MIDATL,PEP,PEPCO,2822.193,True
3/20/2026 1:00:00 PM,3/20/2026 9:00:00 AM,RFC,MIDATL,PEP,PEPCO,2613.078,True
3/20/2026 2:00:00 PM,3/20/2026 10:00:00 AM,RFC,MIDATL,PEP,PEPCO,2407.149,True
3/20/2026 3:00:00 PM,3/20/2026 11:00:00 AM,RFC,MIDATL,PEP,PEPCO,2284.782,True
3/20/2026 4:00:00 PM,3/20/2026 12:00:00 PM,RFC,MIDATL,PEP,PEPCO,2211.152,True
3/20/2026 5:00:00 PM,3/20/2026 1:00:00 PM,RFC,MIDATL,PEP,PEPCO,2186.025,True
3/20/2026 6:00:00 PM,3/20/2026 2:00:00 PM,RFC,MIDATL,PEP,PEPCO,2231.646,True
3/20/2026 7:00:00 PM,3/20/2026 3:00:00 PM,RFC,MIDATL,PEP,PEPCO,2365.769,True
3/20/2026 8:00:00 PM,3/20/2026 4:00:00 PM,RFC,MIDATL,PEP,PEPCO,2492.459,True
3/20/2026 9:00:00 PM,3/20/2026 5:00:00 PM,RFC,MIDATL,PEP,PEPCO,2552.821,True
3/20/2026 10:00:00 PM,3/20/2026 6:00:00 PM,RFC,MIDATL,PEP,PEPCO,2531.977,True
3/20/2026 11:00:00 PM,3/20/2026 7:00:00 PM,RFC,MIDATL,PEP,PEPCO,2508.313,True
3/21/2026 12:00:00 AM,3/20/2026 8:00:00 PM,RFC,MIDATL,PEP,PEPCO,2467.812,True
3/21/2026 1:00:00 AM,3/20/2026 9:00:00 PM,RFC,MIDATL,PEP,PEPCO,2373.587,True
3/21/2026 2:00:00 AM,3/20/2026 10:00:00 PM,RFC,MIDATL,PEP,PEPCO,2297.354,True
3/21/2026 3:00:00 AM,3/20/2026 11:00:00 PM,RFC,MIDATL,PEP,PEPCO,2134.228,True
3/21/2026 4:00:00 AM,3/21/2026 12:00:00 AM,RFC,MIDATL,PEP,PEPCO,2072.460,True
3/21/2026 5:00:00 AM,3/21/2026 1:00:00 AM,RFC,MIDATL,PEP,PEPCO,1973.296,True
3/21/2026 6:00:00 AM,3/21/2026 2:00:00 AM,RFC,MIDATL,PEP,PEPCO,1924.906,True
3/21/2026 7:00:00 AM,3/21/2026 3:00:00 AM,RFC,MIDATL,PEP,PEPCO,1889.975,True
3/21/2026 8:00:00 AM,3/21/2026 4:00:00 AM,RFC,MIDATL,PEP,PEPCO,1866.714,True
3/21/2026 9:00:00 AM,3/21/2026 5:00:00 AM,RFC,MIDATL,PEP,PEPCO,1944.445,True
3/21/2026 10:00:00 AM,3/21/2026 6:00:00 AM,RFC,MIDATL,PEP,PEPCO,2045.226,True
3/21/2026 11:00:00 AM,3/21/2026 7:00:00 AM,RFC,MIDATL,PEP,PEPCO,2137.765,True
3/21/2026 12:00:00 PM,3/21/2026 8:00:00 AM,RFC,MIDATL,PEP,PEPCO,2164.990,True
3/21/2026 1:00:00 PM,3/21/2026 9:00:00 AM,RFC,MIDATL,PEP,PEPCO,2077.088,True
3/21/2026 2:00:00 PM,3/21/2026 10:00:00 AM,RFC,MIDATL,PEP,PEPCO,2029.723,True
3/21/2026 3:00:00 PM,3/21/2026 11:00:00 AM,RFC,MIDATL,PEP,PEPCO,1954.163,True
3/21/2026 4:00:00 PM,3/21/2026 12:00:00 PM,RFC,MIDATL,PEP,PEPCO,1918.694,True
3/21/2026 5:00:00 PM,3/21/2026 1:00:00 PM,RFC,MIDATL,PEP,PEPCO,1895.996,True
3/21/2026 6:00:00 PM,3/21/2026 2:00:00 PM,RFC,MIDATL,PEP,PEPCO,1886.034,True
3/21/2026 7:00:00 PM,3/21/2026 3:00:00 PM,RFC,MIDATL,PEP,PEPCO,1934.956,True
3/21/2026 8:00:00 PM,3/21/2026 4:00:00 PM,RFC,MIDATL,PEP,PEPCO,2056.658,True
3/21/2026 9:00:00 PM,3/21/2026 5:00:00 PM,RFC,MIDATL,PEP,PEPCO,2178.576,True
3/21/2026 10:00:00 PM,3/21/2026 6:00:00 PM,RFC,MIDATL,PEP,PEPCO,2294.528,True
3/21/2026 11:00:00 PM,3/21/2026 7:00:00 PM,RFC,MIDATL,PEP,PEPCO,2353.988,True
3/22/2026 12:00:00 AM,3/21/2026 8:00:00 PM,RFC,MIDATL,PEP,PEPCO,2350.956,True
3/22/2026 1:00:00 AM,3/21/2026 9:00:00 PM,RFC,MIDATL,PEP,PEPCO,2325.160,True
3/22/2026 2:00:00 AM,3/21/2026 10:00:00 PM,RFC,MIDATL,PEP,PEPCO,2241.276,True
3/22/2026 3:00:00 AM,3/21/2026 11:00:00 PM,RFC,MIDATL,PEP,PEPCO,2103.362,True
3/22/2026 4:00:00 AM,3/22/2026 12:00:00 AM,RFC,MIDATL,PEP,PEPCO,2025.420,True
3/22/2026 5:00:00 AM,3/22/2026 1:00:00 AM,RFC,MIDATL,PEP,PEPCO,1954.780,True
3/22/2026 6:00:00 AM,3/22/2026 2:00:00 AM,RFC,MIDATL,PEP,PEPCO,1854.025,True
3/22/2026 7:00:00 AM,3/22/2026 3:00:00 AM,RFC,MIDATL,PEP,PEPCO,1818.267,True
3/22/2026 8:00:00 AM,3/22/2026 4:00:00 AM,RFC,MIDATL,PEP,PEPCO,1823.769,True
3/22/2026 9:00:00 AM,3/22/2026 5:00:00 AM,RFC,MIDATL,PEP,PEPCO,1843.622,True
3/22/2026 10:00:00 AM,3/22/2026 6:00:00 AM,RFC,MIDATL,PEP,PEPCO,1987.135,True
3/22/2026 11:00:00 AM,3/22/2026 7:00:00 AM,RFC,MIDATL,PEP,PEPCO,2046.778,True
3/22/2026 12:00:00 PM,3/22/2026 8:00:00 AM,RFC,MIDATL,PEP,PEPCO,2046.546,True
3/22/2026 1:00:00 PM,3/22/2026 9:00:00 AM,RFC,MIDATL,PEP,PEPCO,2014.130,True
3/22/2026 2:00:00 PM,3/22/2026 10:00:00 AM,RFC,MIDATL,PEP,PEPCO,1951.721,True
3/22/2026 3:00:00 PM,3/22/2026 11:00:00 AM,RFC,MIDATL,PEP,PEPCO,1853.655,True
3/22/2026 4:00:00 PM,3/22/2026 12:00:00 PM,RFC,MIDATL,PEP,PEPCO,1895.782,True
3/22/2026 5:00:00 PM,3/22/2026 1:00:00 PM,RFC,MIDATL,PEP,PEPCO,1889.528,True
3/22/2026 6:00:00 PM,3/22/2026 2:00:00 PM,RFC,MIDATL,PEP,PEPCO,1969.331,True
3/22/2026 7:00:00 PM,3/22/2026 3:00:00 PM,RFC,MIDATL,PEP,PEPCO,2060.851,True
3/22/2026 8:00:00 PM,3/22/2026 4:00:00 PM,RFC,MIDATL,PEP,PEPCO,2212.555,True
3/22/2026 9:00:00 PM,3/22/2026 5:00:00 PM,RFC,MIDATL,PEP,PEPCO,2405.704,True
3/22/2026 10:00:00 PM,3/22/2026 6:00:00 PM,RFC,MIDATL,PEP,PEPCO,2533.181,True
3/22/2026 11:00:00 PM,3/22/2026 7:00:00 PM,RFC,MIDATL,PEP,PEPCO,2613.380,True
3/23/2026 12:00:00 AM,3/22/2026 8:00:00 PM,RFC,MIDATL,PEP,PEPCO,2641.488,True
3/23/2026 1:00:00 AM,3/22/2026 9:00:00 PM,RFC,MIDATL,PEP,PEPCO,2581.056,True
3/23/2026 2:00:00 AM,3/22/2026 10:00:00 PM,RFC,MIDATL,PEP,PEPCO,2440.088,True
3/23/2026 3:00:00 AM,3/22/2026 11:00:00 PM,RFC,MIDATL,PEP,PEPCO,2264.880,True
3/23/2026 4:00:00 AM,3/23/2026 12:00:00 AM,RFC,MIDATL,PEP,PEPCO,2073.215,True
3/23/2026 5:00:00 AM,3/23/2026 1:00:00 AM,RFC,MIDATL,PEP,PEPCO,1963.386,True
3/23/2026 6:00:00 AM,3/23/2026 2:00:00 AM,RFC,MIDATL,PEP,PEPCO,1893.455,True
3/23/2026 7:00:00 AM,3/23/2026 3:00:00 AM,RFC,MIDATL,PEP,PEPCO,1879.812,True
3/23/2026 8:00:00 AM,3/23/2026 4:00:00 AM,RFC,MIDATL,PEP,PEPCO,1906.282,True
3/23/2026 9:00:00 AM,3/23/2026 5:00:00 AM,RFC,MIDATL,PEP,PEPCO,2084.388,True
3/23/2026 10:00:00 AM,3/23/2026 6:00:00 AM,RFC,MIDATL,PEP,PEPCO,2297.669,True
3/23/2026 11:00:00 AM,3/23/2026 7:00:00 AM,RFC,MIDATL,PEP,PEPCO,2479.394,True
3/23/2026 12:00:00 PM,3/23/2026 8:00:00 AM,RFC,MIDATL,PEP,PEPCO,2533.919,True
3/23/2026 1:00:00 PM,3/23/2026 9:00:00 AM,RFC,MIDATL,PEP,PEPCO,2585.290,True
3/23/2026 2:00:00 PM,3/23/2026 10:00:00 AM,RFC,MIDATL,PEP,PEPCO,2562.293,True
3/23/2026 3:00:00 PM,3/23/2026 11:00:00 AM,RFC,MIDATL,PEP,PEPCO,2519.071,True
3/23/2026 4:00:00 PM,3/23/2026 12:00:00 PM,RFC,MIDATL,PEP,PEPCO,2466.445,True
3/23/2026 5:00:00 PM,3/23/2026 1:00:00 PM,RFC,MIDATL,PEP,PEPCO,2294.312,True
3/23/2026 6:00:00 PM,3/23/2026 2:00:00 PM,RFC,MIDATL,PEP,PEPCO,2148.297,True
3/23/2026 7:00:00 PM,3/23/2026 3:00:00 PM,RFC,MIDATL,PEP,PEPCO,2123.824,True
3/23/2026 8:00:00 PM,3/23/2026 4:00:00 PM,RFC,MIDATL,PEP,PEPCO,2238.579,True
3/23/2026 9:00:00 PM,3/23/2026 5:00:00 PM,RFC,MIDATL,PEP,PEPCO,2365.399,True
3/23/2026 10:00:00 PM,3/23/2026 6:00:00 PM,RFC,MIDATL,PEP,PEPCO,2494.339,True
3/23/2026 11:00:00 PM,3/23/2026 7:00:00 PM,RFC,MIDATL,PEP,PEPCO,2555.975,True
3/24/2026 12:00:00 AM,3/23/2026 8:00:00 PM,RFC,MIDATL,PEP,PEPCO,2596.692,True
3/24/2026 1:00:00 AM,3/23/2026 9:00:00 PM,RFC,MIDATL,PEP,PEPCO,2515.239,True
3/24/2026 2:00:00 AM,3/23/2026 10:00:00 PM,RFC,MIDATL,PEP,PEPCO,2396.116,True
3/24/2026 3:00:00 AM,3/23/2026 11:00:00 PM,RFC,MIDATL,PEP,PEPCO,2250.624,True
3/24/2026 4:00:00 AM,3/24/2026 12:00:00 AM,RFC,MIDATL,PEP,PEPCO,2142.065,True
3/24/2026 5:00:00 AM,3/24/2026 1:00:00 AM,RFC,MIDATL,PEP,PEPCO,2086.483,True
3/24/2026 6:00:00 AM,3/24/2026 2:00:00 AM,RFC,MIDATL,PEP,PEPCO,2087.705,True
3/24/2026 7:00:00 AM,3/24/2026 3:00:00 AM,RFC,MIDATL,PEP,PEPCO,2076.591,True
3/24/2026 8:00:00 AM,3/24/2026 4:00:00 AM,RFC,MIDATL,PEP,PEPCO,2208.236,True
3/24/2026 9:00:00 AM,3/24/2026 5:00:00 AM,RFC,MIDATL,PEP,PEPCO,2442.118,True
3/24/2026 10:00:00 AM,3/24/2026 6:00:00 AM,RFC,MIDATL,PEP,PEPCO,2795.410,True
3/24/2026 11:00:00 AM,3/24/2026 7:00:00 AM,RFC,MIDATL,PEP,PEPCO,2982.541,True
3/24/2026 12:00:00 PM,3/24/2026 8:00:00 AM,RFC,MIDATL,PEP,PEPCO,2902.729,True
3/24/2026 1:00:00 PM,3/24/2026 9:00:00 AM,RFC,MIDATL,PEP,PEPCO,2686.587,True
3/24/2026 2:00:00 PM,3/24/2026 10:00:00 AM,RFC,MIDATL,PEP,PEPCO,2492.309,True
3/24/2026 3:00:00 PM,3/24/2026 11:00:00 AM,RFC,MIDATL,PEP,PEPCO,2375.766,True
3/24/2026 4:00:00 PM,3/24/2026 12:00:00 PM,RFC,MIDATL,PEP,PEPCO,2259.276,True
3/24/2026 5:00:00 PM,3/24/2026 1:00:00 PM,RFC,MIDATL,PEP,PEPCO,2218.669,True
3/24/2026 6:00:00 PM,3/24/2026 2:00:00 PM,RFC,MIDATL,PEP,PEPCO,2175.715,True
3/24/2026 7:00:00 PM,3/24/2026 3:00:00 PM,RFC,MIDATL,PEP,PEPCO,2216.810,True
3/24/2026 8:00:00 PM,3/24/2026 4:00:00 PM,RFC,MIDATL,PEP,PEPCO,2301.510,True
3/24/2026 9:00:00 PM,3/24/2026 5:00:00 PM,RFC,MIDATL,PEP,PEPCO,2432.177,True
3/24/2026 10:00:00 PM,3/24/2026 6:00:00 PM,RFC,MIDATL,PEP,PEPCO,2542.770,True
3/24/2026 11:00:00 PM,3/24/2026 7:00:00 PM,RFC,MIDATL,PEP,PEPCO,2673.789,True
3/25/2026 12:00:00 AM,3/24/2026 8:00:00 PM,RFC,MIDATL,PEP,PEPCO,2696.604,True
3/25/2026 1:00:00 AM,3/24/2026 9:00:00 PM,RFC,MIDATL,PEP,PEPCO,2629.507,True
3/25/2026 2:00:00 AM,3/24/2026 10:00:00 PM,RFC,MIDATL,PEP,PEPCO,2505.839,True
3/25/2026 3:00:00 AM,3/24/2026 11:00:00 PM,RFC,MIDATL,PEP,PEPCO,2369.947,True
3/25/2026 4:00:00 AM,3/25/2026 12:00:00 AM,RFC,MIDATL,PEP,PEPCO,2231.259,True
3/25/2026 5:00:00 AM,3/25/2026 1:00:00 AM,RFC,MIDATL,PEP,PEPCO,2132.187,True
3/25/2026 6:00:00 AM,3/25/2026 2:00:00 AM,RFC,MIDATL,PEP,PEPCO,2117.785,True
3/25/2026 7:00:00 AM,3/25/2026 3:00:00 AM,RFC,MIDATL,PEP,PEPCO,2096.275,True
3/25/2026 8:00:00 AM,3/25/2026 4:00:00 AM,RFC,MIDATL,PEP,PEPCO,2170.690,True
3/25/2026 9:00:00 AM,3/25/2026 5:00:00 AM,RFC,MIDATL,PEP,PEPCO,2401.442,True
3/25/2026 10:00:00 AM,3/25/2026 6:00:00 AM,RFC,MIDATL,PEP,PEPCO,2713.563,True
3/25/2026 11:00:00 AM,3/25/2026 7:00:00 AM,RFC,MIDATL,PEP,PEPCO,2850.661,True
3/25/2026 12:00:00 PM,3/25/2026 8:00:00 AM,RFC,MIDATL,PEP,PEPCO,2870.286,True
3/25/2026 1:00:00 PM,3/25/2026 9:00:00 AM,RFC,MIDATL,PEP,PEPCO,2810.464,True
3/25/2026 2:00:00 PM,3/25/2026 10:00:00 AM,RFC,MIDATL,PEP,PEPCO,2752.988,True
3/25/2026 3:00:00 PM,3/25/2026 11:00:00 AM,RFC,MIDATL,PEP,PEPCO,2702.880,True
3/25/2026 4:00:00 PM,3/25/2026 12:00:00 PM,RFC,MIDATL,PEP,PEPCO,2699.896,True
3/25/2026 5:00:00 PM,3/25/2026 1:00:00 PM,RFC,MIDATL,PEP,PEPCO,2482.396,True
3/25/2026 6:00:00 PM,3/25/2026 2:00:00 PM,RFC,MIDATL,PEP,PEPCO,2351.950,True
3/25/2026 7:00:00 PM,3/25/2026 3:00:00 PM,RFC,MIDATL,PEP,PEPCO,2357.575,True
3/25/2026 8:00:00 PM,3/25/2026 4:00:00 PM,RFC,MIDATL,PEP,PEPCO,2483.174,True
3/25/2026 9:00:00 PM,3/25/2026 5:00:00 PM,RFC,MIDATL,PEP,PEPCO,2516.193,True
3/25/2026 10:00:00 PM,3/25/2026 6:00:00 PM,RFC,MIDATL,PEP,PEPCO,2517.031,True
3/25/2026 11:00:00 PM,3/25/2026 7:00:00 PM,RFC,MIDATL,PEP,PEPCO,2548.211,True
3/26/2026 12:00:00 AM,3/25/2026 8:00:00 PM,RFC,MIDATL,PEP,PEPCO,2560.822,True
3/26/2026 1:00:00 AM,3/25/2026 9:00:00 PM,RFC,MIDATL,PEP,PEPCO,2492.397,True
3/26/2026 2:00:00 AM,3/25/2026 10:00:00 PM,RFC,MIDATL,PEP,PEPCO,2324.268,True
3/26/2026 3:00:00 AM,3/25/2026 11:00:00 PM,RFC,MIDATL,PEP,PEPCO,2193.007,True
3/26/2026 4:00:00 AM,3/26/2026 12:00:00 AM,RFC,MIDATL,PEP,PEPCO,2038.020,True
3/26/2026 5:00:00 AM,3/26/2026 1:00:00 AM,RFC,MIDATL,PEP,PEPCO,1949.606,True
3/26/2026 6:00:00 AM,3/26/2026 2:00:00 AM,RFC,MIDATL,PEP,PEPCO,1941.843,True
3/26/2026 7:00:00 AM,3/26/2026 3:00:00 AM,RFC,MIDATL,PEP,PEPCO,1977.014,True
3/26/2026 8:00:00 AM,3/26/2026 4:00:00 AM,RFC,MIDATL,PEP,PEPCO,2023.046,True
3/26/2026 9:00:00 AM,3/26/2026 5:00:00 AM,RFC,MIDATL,PEP,PEPCO,2213.206,True
3/26/2026 10:00:00 AM,3/26/2026 6:00:00 AM,RFC,MIDATL,PEP,PEPCO,2507.867,True
3/26/2026 11:00:00 AM,3/26/2026 7:00:00 AM,RFC,MIDATL,PEP,PEPCO,2624.425,True
3/26/2026 12:00:00 PM,3/26/2026 8:00:00 AM,RFC,MIDATL,PEP,PEPCO,2564.161,True
3/26/2026 1:00:00 PM,3/26/2026 9:00:00 AM,RFC,MIDATL,PEP,PEPCO,2407.830,True
3/26/2026 2:00:00 PM,3/26/2026 10:00:00 AM,RFC,MIDATL,PEP,PEPCO,2273.126,True
3/26/2026 3:00:00 PM,3/26/2026 11:00:00 AM,RFC,MIDATL,PEP,PEPCO,2217.946,True
3/26/2026 4:00:00 PM,3/26/2026 12:00:00 PM,RFC,MIDATL,PEP,PEPCO,2178.733,True
3/26/2026 5:00:00 PM,3/26/2026 1:00:00 PM,RFC,MIDATL,PEP,PEPCO,2177.939,True
3/26/2026 6:00:00 PM,3/26/2026 2:00:00 PM,RFC,MIDATL,PEP,PEPCO,2207.119,True
3/26/2026 7:00:00 PM,3/26/2026 3:00:00 PM,RFC,MIDATL,PEP,PEPCO,2320.891,True
3/26/2026 8:00:00 PM,3/26/2026 4:00:00 PM,RFC,MIDATL,PEP,PEPCO,2522.609,True
3/26/2026 9:00:00 PM,3/26/2026 5:00:00 PM,RFC,MIDATL,PEP,PEPCO,2514.899,True
3/26/2026 10:00:00 PM,3/26/2026 6:00:00 PM,RFC,MIDATL,PEP,PEPCO,2542.534,True
3/26/2026 11:00:00 PM,3/26/2026 7:00:00 PM,RFC,MIDATL,PEP,PEPCO,2596.778,True
3/27/2026 12:00:00 AM,3/26/2026 8:00:00 PM,RFC,MIDATL,PEP,PEPCO,2594.548,True
3/27/2026 1:00:00 AM,3/26/2026 9:00:00 PM,RFC,MIDATL,PEP,PEPCO,2551.810,True
3/27/2026 2:00:00 AM,3/26/2026 10:00:00 PM,RFC,MIDATL,PEP,PEPCO,2391.786,True
3/27/2026 3:00:00 AM,3/26/2026 11:00:00 PM,RFC,MIDATL,PEP,PEPCO,2215.050,True
3/27/2026 4:00:00 AM,3/27/2026 12:00:00 AM,RFC,MIDATL,PEP,PEPCO,2123.093,True
3/27/2026 5:00:00 AM,3/27/2026 1:00:00 AM,RFC,MIDATL,PEP,PEPCO,1969.662,True
3/27/2026 6:00:00 AM,3/27/2026 2:00:00 AM,RFC,MIDATL,PEP,PEPCO,1921.794,True
3/27/2026 7:00:00 AM,3/27/2026 3:00:00 AM,RFC,MIDATL,PEP,PEPCO,1885.916,True
3/27/2026 8:00:00 AM,3/27/2026 4:00:00 AM,RFC,MIDATL,PEP,PEPCO,1932.200,True
3/27/2026 9:00:00 AM,3/27/2026 5:00:00 AM,RFC,MIDATL,PEP,PEPCO,2109.512,True
3/27/2026 10:00:00 AM,3/27/2026 6:00:00 AM,RFC,MIDATL,PEP,PEPCO,2318.348,True
3/27/2026 11:00:00 AM,3/27/2026 7:00:00 AM,RFC,MIDATL,PEP,PEPCO,2511.311,True
3/27/2026 12:00:00 PM,3/27/2026 8:00:00 AM,RFC,MIDATL,PEP,PEPCO,2583.159,True
3/27/2026 1:00:00 PM,3/27/2026 9:00:00 AM,RFC,MIDATL,PEP,PEPCO,2582.489,True
3/27/2026 2:00:00 PM,3/27/2026 10:00:00 AM,RFC,MIDATL,PEP,PEPCO,2578.525,True
3/27/2026 3:00:00 PM,3/27/2026 11:00:00 AM,RFC,MIDATL,PEP,PEPCO,2550.073,True
3/27/2026 4:00:00 PM,3/27/2026 12:00:00 PM,RFC,MIDATL,PEP,PEPCO,2583.130,True
3/27/2026 5:00:00 PM,3/27/2026 1:00:00 PM,RFC,MIDATL,PEP,PEPCO,2536.837,True
3/27/2026 6:00:00 PM,3/27/2026 2:00:00 PM,RFC,MIDATL,PEP,PEPCO,2534.641,True
3/27/2026 7:00:00 PM,3/27/2026 3:00:00 PM,RFC,MIDATL,PEP,PEPCO,2563.543,True
3/27/2026 8:00:00 PM,3/27/2026 4:00:00 PM,RFC,MIDATL,PEP,PEPCO,2593.441,True
3/27/2026 9:00:00 PM,3/27/2026 5:00:00 PM,RFC,MIDATL,PEP,PEPCO,2592.861,True
3/27/2026 10:00:00 PM,3/27/2026 6:00:00 PM,RFC,MIDATL,PEP,PEPCO,2585.207,True
3/27/2026 11:00:00 PM,3/27/2026 7:00:00 PM,RFC,MIDATL,PEP,PEPCO,2563.336,True
3/28/2026 12:00:00 AM,3/27/2026 8:00:00 PM,RFC,MIDATL,PEP,PEPCO,2548.887,True
3/28/2026 1:00:00 AM,3/27/2026 9:00:00 PM,RFC,MIDATL,PEP,PEPCO,2499.637,True
3/28/2026 2:00:00 AM,3/27/2026 10:00:00 PM,RFC,MIDATL,PEP,PEPCO,2424.928,True
3/28/2026 3:00:00 AM,3/27/2026 11:00:00 PM,RFC,MIDATL,PEP,PEPCO,2313.653,True
3/28/2026 4:00:00 AM,3/28/2026 12:00:00 AM,RFC,MIDATL,PEP,PEPCO,2217.948,True
3/28/2026 5:00:00 AM,3/28/2026 1:00:00 AM,RFC,MIDATL,PEP,PEPCO,2162.441,True
3/28/2026 6:00:00 AM,3/28/2026 2:00:00 AM,RFC,MIDATL,PEP,PEPCO,2126.302,True
3/28/2026 7:00:00 AM,3/28/2026 3:00:00 AM,RFC,MIDATL,PEP,PEPCO,2122.667,True
3/28/2026 8:00:00 AM,3/28/2026 4:00:00 AM,RFC,MIDATL,PEP,PEPCO,2107.571,True
3/28/2026 9:00:00 AM,3/28/2026 5:00:00 AM,RFC,MIDATL,PEP,PEPCO,2180.331,True
3/28/2026 10:00:00 AM,3/28/2026 6:00:00 AM,RFC,MIDATL,PEP,PEPCO,2385.027,True
3/28/2026 11:00:00 AM,3/28/2026 7:00:00 AM,RFC,MIDATL,PEP,PEPCO,2520.618,True
3/28/2026 12:00:00 PM,3/28/2026 8:00:00 AM,RFC,MIDATL,PEP,PEPCO,2497.025,True
3/28/2026 1:00:00 PM,3/28/2026 9:00:00 AM,RFC,MIDATL,PEP,PEPCO,2401.509,True
3/28/2026 2:00:00 PM,3/28/2026 10:00:00 AM,RFC,MIDATL,PEP,PEPCO,2264.840,True
3/28/2026 3:00:00 PM,3/28/2026 11:00:00 AM,RFC,MIDATL,PEP,PEPCO,2179.705,True
3/28/2026 4:00:00 PM,3/28/2026 12:00:00 PM,RFC,MIDATL,PEP,PEPCO,2098.806,True
3/28/2026 5:00:00 PM,3/28/2026 1:00:00 PM,RFC,MIDATL,PEP,PEPCO,1994.208,True
3/28/2026 6:00:00 PM,3/28/2026 2:00:00 PM,RFC,MIDATL,PEP,PEPCO,1968.392,True
3/28/2026 7:00:00 PM,3/28/2026 3:00:00 PM,RFC,MIDATL,PEP,PEPCO,1964.065,True
3/28/2026 8:00:00 PM,3/28/2026 4:00:00 PM,RFC,MIDATL,PEP,PEPCO,2069.498,True
3/28/2026 9:00:00 PM,3/28/2026 5:00:00 PM,RFC,MIDATL,PEP,PEPCO,2211.709,True
3/28/2026 10:00:00 PM,3/28/2026 6:00:00 PM,RFC,MIDATL,PEP,PEPCO,2355.502,True
3/28/2026 11:00:00 PM,3/28/2026 7:00:00 PM,RFC,MIDATL,PEP,PEPCO,2507.482,True
3/29/2026 12:00:00 AM,3/28/2026 8:00:00 PM,RFC,MIDATL,PEP,PEPCO,2593.680,True
3/29/2026 1:00:00 AM,3/28/2026 9:00:00 PM,RFC,MIDATL,PEP,PEPCO,2572.623,True
3/29/2026 2:00:00 AM,3/28/2026 10:00:00 PM,RFC,MIDATL,PEP,PEPCO,2521.500,True
3/29/2026 3:00:00 AM,3/28/2026 11:00:00 PM,RFC,MIDATL,PEP,PEPCO,2440.906,True
3/29/2026 4:00:00 AM,3/29/2026 12:00:00 AM,RFC,MIDATL,PEP,PEPCO,2364.363,True
3/29/2026 5:00:00 AM,3/29/2026 1:00:00 AM,RFC,MIDATL,PEP,PEPCO,2349.840,True
3/29/2026 6:00:00 AM,3/29/2026 2:00:00 AM,RFC,MIDATL,PEP,PEPCO,2289.944,True
3/29/2026 7:00:00 AM,3/29/2026 3:00:00 AM,RFC,MIDATL,PEP,PEPCO,2270.663,True
3/29/2026 8:00:00 AM,3/29/2026 4:00:00 AM,RFC,MIDATL,PEP,PEPCO,2296.268,True
3/29/2026 9:00:00 AM,3/29/2026 5:00:00 AM,RFC,MIDATL,PEP,PEPCO,2366.695,True
3/29/2026 10:00:00 AM,3/29/2026 6:00:00 AM,RFC,MIDATL,PEP,PEPCO,2454.958,True
3/29/2026 11:00:00 AM,3/29/2026 7:00:00 AM,RFC,MIDATL,PEP,PEPCO,2503.670,True
3/29/2026 12:00:00 PM,3/29/2026 8:00:00 AM,RFC,MIDATL,PEP,PEPCO,2431.990,True
3/29/2026 1:00:00 PM,3/29/2026 9:00:00 AM,RFC,MIDATL,PEP,PEPCO,2217.606,True
3/29/2026 2:00:00 PM,3/29/2026 10:00:00 AM,RFC,MIDATL,PEP,PEPCO,2146.868,True
3/29/2026 3:00:00 PM,3/29/2026 11:00:00 AM,RFC,MIDATL,PEP,PEPCO,2013.048,True
3/29/2026 4:00:00 PM,3/29/2026 12:00:00 PM,RFC,MIDATL,PEP,PEPCO,1917.379,True
3/29/2026 5:00:00 PM,3/29/2026 1:00:00 PM,RFC,MIDATL,PEP,PEPCO,1890.887,True
3/29/2026 6:00:00 PM,3/29/2026 2:00:00 PM,RFC,MIDATL,PEP,PEPCO,1870.074,True
3/29/2026 7:00:00 PM,3/29/2026 3:00:00 PM,RFC,MIDATL,PEP,PEPCO,1902.248,True
3/29/2026 8:00:00 PM,3/29/2026 4:00:00 PM,RFC,MIDATL,PEP,PEPCO,2014.387,True
3/29/2026 9:00:00 PM,3/29/2026 5:00:00 PM,RFC,MIDATL,PEP,PEPCO,2160.213,True
3/29/2026 10:00:00 PM,3/29/2026 6:00:00 PM,RFC,MIDATL,PEP,PEPCO,2346.628,True
3/29/2026 11:00:00 PM,3/29/2026 7:00:00 PM,RFC,MIDATL,PEP,PEPCO,2461.551,True
3/30/2026 12:00:00 AM,3/29/2026 8:00:00 PM,RFC,MIDATL,PEP,PEPCO,2512.577,True
3/30/2026 1:00:00 AM,3/29/2026 9:00:00 PM,RFC,MIDATL,PEP,PEPCO,2453.469,True
3/30/2026 2:00:00 AM,3/29/2026 10:00:00 PM,RFC,MIDATL,PEP,PEPCO,2342.236,True
3/30/2026 3:00:00 AM,3/29/2026 11:00:00 PM,RFC,MIDATL,PEP,PEPCO,2210.935,True
3/30/2026 4:00:00 AM,3/30/2026 12:00:00 AM,RFC,MIDATL,PEP,PEPCO,2064.378,True
3/30/2026 5:00:00 AM,3/30/2026 1:00:00 AM,RFC,MIDATL,PEP,PEPCO,1982.109,True
3/30/2026 6:00:00 AM,3/30/2026 2:00:00 AM,RFC,MIDATL,PEP,PEPCO,1952.442,True
3/30/2026 7:00:00 AM,3/30/2026 3:00:00 AM,RFC,MIDATL,PEP,PEPCO,1945.039,True
3/30/2026 8:00:00 AM,3/30/2026 4:00:00 AM,RFC,MIDATL,PEP,PEPCO,1990.102,True
3/30/2026 9:00:00 AM,3/30/2026 5:00:00 AM,RFC,MIDATL,PEP,PEPCO,2204.931,True
3/30/2026 10:00:00 AM,3/30/2026 6:00:00 AM,RFC,MIDATL,PEP,PEPCO,2438.969,True
3/30/2026 11:00:00 AM,3/30/2026 7:00:00 AM,RFC,MIDATL,PEP,PEPCO,2572.614,True
3/30/2026 12:00:00 PM,3/30/2026 8:00:00 AM,RFC,MIDATL,PEP,PEPCO,2675.118,True
3/30/2026 1:00:00 PM,3/30/2026 9:00:00 AM,RFC,MIDATL,PEP,PEPCO,2626.715,True
3/30/2026 2:00:00 PM,3/30/2026 10:00:00 AM,RFC,MIDATL,PEP,PEPCO,2606.554,True
3/30/2026 3:00:00 PM,3/30/2026 11:00:00 AM,RFC,MIDATL,PEP,PEPCO,2526.723,True
3/30/2026 4:00:00 PM,3/30/2026 12:00:00 PM,RFC,MIDATL,PEP,PEPCO,2384.469,True
3/30/2026 5:00:00 PM,3/30/2026 1:00:00 PM,RFC,MIDATL,PEP,PEPCO,2257.327,True
3/30/2026 6:00:00 PM,3/30/2026 2:00:00 PM,RFC,MIDATL,PEP,PEPCO,2215.268,True
3/30/2026 7:00:00 PM,3/30/2026 3:00:00 PM,RFC,MIDATL,PEP,PEPCO,2194.825,True
3/30/2026 8:00:00 PM,3/30/2026 4:00:00 PM,RFC,MIDATL,PEP,PEPCO,2345.018,True
3/30/2026 9:00:00 PM,3/30/2026 5:00:00 PM,RFC,MIDATL,PEP,PEPCO,2408.897,True
3/30/2026 10:00:00 PM,3/30/2026 6:00:00 PM,RFC,MIDATL,PEP,PEPCO,2475.140,True
3/30/2026 11:00:00 PM,3/30/2026 7:00:00 PM,RFC,MIDATL,PEP,PEPCO,2528.103,True
3/31/2026 12:00:00 AM,3/30/2026 8:00:00 PM,RFC,MIDATL,PEP,PEPCO,2510.148,True
3/31/2026 1:00:00 AM,3/30/2026 9:00:00 PM,RFC,MIDATL,PEP,PEPCO,2428.071,True
3/31/2026 2:00:00 AM,3/30/2026 10:00:00 PM,RFC,MIDATL,PEP,PEPCO,2277.521,True
3/31/2026 3:00:00 AM,3/30/2026 11:00:00 PM,RFC,MIDATL,PEP,PEPCO,2133.765,True
3/31/2026 4:00:00 AM,3/31/2026 12:00:00 AM,RFC,MIDATL,PEP,PEPCO,1990.116,True
3/31/2026 5:00:00 AM,3/31/2026 1:00:00 AM,RFC,MIDATL,PEP,PEPCO,1907.310,True
3/31/2026 6:00:00 AM,3/31/2026 2:00:00 AM,RFC,MIDATL,PEP,PEPCO,1834.142,True
3/31/2026 7:00:00 AM,3/31/2026 3:00:00 AM,RFC,MIDATL,PEP,PEPCO,1815.558,True
3/31/2026 8:00:00 AM,3/31/2026 4:00:00 AM,RFC,MIDATL,PEP,PEPCO,1859.541,True
3/31/2026 9:00:00 AM,3/31/2026 5:00:00 AM,RFC,MIDATL,PEP,PEPCO,2027.127,True
3/31/2026 10:00:00 AM,3/31/2026 6:00:00 AM,RFC,MIDATL,PEP,PEPCO,2297.693,True
3/31/2026 11:00:00 AM,3/31/2026 7:00:00 AM,RFC,MIDATL,PEP,PEPCO,2393.705,True
3/31/2026 12:00:00 PM,3/31/2026 8:00:00 AM,RFC,MIDATL,PEP,PEPCO,2411.337,True
3/31/2026 1:00:00 PM,3/31/2026 9:00:00 AM,RFC,MIDATL,PEP,PEPCO,2349.233,True
3/31/2026 2:00:00 PM,3/31/2026 10:00:00 AM,RFC,MIDATL,PEP,PEPCO,2306.478,True
3/31/2026 3:00:00 PM,3/31/2026 11:00:00 AM,RFC,MIDATL,PEP,PEPCO,2241.946,True
3/31/2026 4:00:00 PM,3/31/2026 12:00:00 PM,RFC,MIDATL,PEP,PEPCO,2259.377,True
3/31/2026 5:00:00 PM,3/31/2026 1:00:00 PM,RFC,MIDATL,PEP,PEPCO,2350.423,True
3/31/2026 6:00:00 PM,3/31/2026 2:00:00 PM,RFC,MIDATL,PEP,PEPCO,2406.928,True
3/31/2026 7:00:00 PM,3/31/2026 3:00:00 PM,RFC,MIDATL,PEP,PEPCO,2503.352,True
3/31/2026 8:00:00 PM,3/31/2026 4:00:00 PM,RFC,MIDATL,PEP,PEPCO,2679.322,True
3/31/2026 9:00:00 PM,3/31/2026 5:00:00 PM,RFC,MIDATL,PEP,PEPCO,2740.289,True
3/31/2026 10:00:00 PM,3/31/2026 6:00:00 PM,RFC,MIDATL,PEP,PEPCO,2768.420,True
3/31/2026 11:00:00 PM,3/31/2026 7:00:00 PM,RFC,MIDATL,PEP,PEPCO,2784.491,True
4/1/2026 12:00:00 AM,3/31/2026 8:00:00 PM,RFC,MIDATL,PEP,PEPCO,2775.131,True
4/1/2026 1:00:00 AM,3/31/2026 9:00:00 PM,RFC,MIDATL,PEP,PEPCO,2709.235,True
4/1/2026 2:00:00 AM,3/31/2026 10:00:00 PM,RFC,MIDATL,PEP,PEPCO,2544.030,True
4/1/2026 3:00:00 AM,3/31/2026 11:00:00 PM,RFC,MIDATL,PEP,PEPCO,2382.109,True
4/1/2026 4:00:00 AM,4/1/2026 12:00:00 AM,RFC,MIDATL,PEP,PEPCO,2174.596,True
4/1/2026 5:00:00 AM,4/1/2026 1:00:00 AM,RFC,MIDATL,PEP,PEPCO,2069.152,True
4/1/2026 6:00:00 AM,4/1/2026 2:00:00 AM,RFC,MIDATL,PEP,PEPCO,1973.060,True
4/1/2026 7:00:00 AM,4/1/2026 3:00:00 AM,RFC,MIDATL,PEP,PEPCO,1962.691,True
4/1/2026 8:00:00 AM,4/1/2026 4:00:00 AM,RFC,MIDATL,PEP,PEPCO,1967.818,True
4/1/2026 9:00:00 AM,4/1/2026 5:00:00 AM,RFC,MIDATL,PEP,PEPCO,2107.155,True
4/1/2026 10:00:00 AM,4/1/2026 6:00:00 AM,RFC,MIDATL,PEP,PEPCO,2356.549,True
4/1/2026 11:00:00 AM,4/1/2026 7:00:00 AM,RFC,MIDATL,PEP,PEPCO,2468.850,True
4/1/2026 12:00:00 PM,4/1/2026 8:00:00 AM,RFC,MIDATL,PEP,PEPCO,2552.801,True
4/1/2026 1:00:00 PM,4/1/2026 9:00:00 AM,RFC,MIDATL,PEP,PEPCO,2564.637,True
4/1/2026 2:00:00 PM,4/1/2026 10:00:00 AM,RFC,MIDATL,PEP,PEPCO,2540.127,True
4/1/2026 3:00:00 PM,4/1/2026 11:00:00 AM,RFC,MIDATL,PEP,PEPCO,2550.899,True
4/1/2026 4:00:00 PM,4/1/2026 12:00:00 PM,RFC,MIDATL,PEP,PEPCO,2585.310,True
4/1/2026 5:00:00 PM,4/1/2026 1:00:00 PM,RFC,MIDATL,PEP,PEPCO,2713.201,True
4/1/2026 6:00:00 PM,4/1/2026 2:00:00 PM,RFC,MIDATL,PEP,PEPCO,2806.325,True
4/1/2026 7:00:00 PM,4/1/2026 3:00:00 PM,RFC,MIDATL,PEP,PEPCO,2971.565,True
4/1/2026 8:00:00 PM,4/1/2026 4:00:00 PM,RFC,MIDATL,PEP,PEPCO,3130.537,True
4/1/2026 9:00:00 PM,4/1/2026 5:00:00 PM,RFC,MIDATL,PEP,PEPCO,3078.146,True
4/1/2026 10:00:00 PM,4/1/2026 6:00:00 PM,RFC,MIDATL,PEP,PEPCO,2986.326,True
4/1/2026 11:00:00 PM,4/1/2026 7:00:00 PM,RFC,MIDATL,PEP,PEPCO,2895.322,True
4/2/2026 12:00:00 AM,4/1/2026 8:00:00 PM,RFC,MIDATL,PEP,PEPCO,2830.401,True
4/2/2026 1:00:00 AM,4/1/2026 9:00:00 PM,RFC,MIDATL,PEP,PEPCO,2713.738,True
4/2/2026 2:00:00 AM,4/1/2026 10:00:00 PM,RFC,MIDATL,PEP,PEPCO,2555.604,True
4/2/2026 3:00:00 AM,4/1/2026 11:00:00 PM,RFC,MIDATL,PEP,PEPCO,2392.886,True
4/2/2026 4:00:00 AM,4/2/2026 12:00:00 AM,RFC,MIDATL,PEP,PEPCO,2194.370,True
4/2/2026 5:00:00 AM,4/2/2026 1:00:00 AM,RFC,MIDATL,PEP,PEPCO,2068.175,True
4/2/2026 6:00:00 AM,4/2/2026 2:00:00 AM,RFC,MIDATL,PEP,PEPCO,2019.880,True
4/2/2026 7:00:00 AM,4/2/2026 3:00:00 AM,RFC,MIDATL,PEP,PEPCO,1952.571,True
4/2/2026 8:00:00 AM,4/2/2026 4:00:00 AM,RFC,MIDATL,PEP,PEPCO,1981.540,True
4/2/2026 9:00:00 AM,4/2/2026 5:00:00 AM,RFC,MIDATL,PEP,PEPCO,2145.021,True
4/2/2026 10:00:00 AM,4/2/2026 6:00:00 AM,RFC,MIDATL,PEP,PEPCO,2346.673,True
4/2/2026 11:00:00 AM,4/2/2026 7:00:00 AM,RFC,MIDATL,PEP,PEPCO,2486.099,True
4/2/2026 12:00:00 PM,4/2/2026 8:00:00 AM,RFC,MIDATL,PEP,PEPCO,2550.378,True
4/2/2026 1:00:00 PM,4/2/2026 9:00:00 AM,RFC,MIDATL,PEP,PEPCO,2562.590,True
4/2/2026 2:00:00 PM,4/2/2026 10:00:00 AM,RFC,MIDATL,PEP,PEPCO,2543.198,True
4/2/2026 3:00:00 PM,4/2/2026 11:00:00 AM,RFC,MIDATL,PEP,PEPCO,2541.136,True
4/2/2026 4:00:00 PM,4/2/2026 12:00:00 PM,RFC,MIDATL,PEP,PEPCO,2511.902,True
4/2/2026 5:00:00 PM,4/2/2026 1:00:00 PM,RFC,MIDATL,PEP,PEPCO,2488.713,True
4/2/2026 6:00:00 PM,4/2/2026 2:00:00 PM,RFC,MIDATL,PEP,PEPCO,2489.233,True
4/2/2026 7:00:00 PM,4/2/2026 3:00:00 PM,RFC,MIDATL,PEP,PEPCO,2458.520,True
4/2/2026 8:00:00 PM,4/2/2026 4:00:00 PM,RFC,MIDATL,PEP,PEPCO,2524.057,True
4/2/2026 9:00:00 PM,4/2/2026 5:00:00 PM,RFC,MIDATL,PEP,PEPCO,2490.182,True
4/2/2026 10:00:00 PM,4/2/2026 6:00:00 PM,RFC,MIDATL,PEP,PEPCO,2502.090,True
4/2/2026 11:00:00 PM,4/2/2026 7:00:00 PM,RFC,MIDATL,PEP,PEPCO,2487.161,True
4/3/2026 12:00:00 AM,4/2/2026 8:00:00 PM,RFC,MIDATL,PEP,PEPCO,2457.992,True
4/3/2026 1:00:00 AM,4/2/2026 9:00:00 PM,RFC,MIDATL,PEP,PEPCO,2392.928,True
4/3/2026 2:00:00 AM,4/2/2026 10:00:00 PM,RFC,MIDATL,PEP,PEPCO,2294.003,True
4/3/2026 3:00:00 AM,4/2/2026 11:00:00 PM,RFC,MIDATL,PEP,PEPCO,2115.661,True
4/3/2026 4:00:00 AM,4/3/2026 12:00:00 AM,RFC,MIDATL,PEP,PEPCO,1997.743,True
4/3/2026 5:00:00 AM,4/3/2026 1:00:00 AM,RFC,MIDATL,PEP,PEPCO,1926.572,True
4/3/2026 6:00:00 AM,4/3/2026 2:00:00 AM,RFC,MIDATL,PEP,PEPCO,1856.156,True
4/3/2026 7:00:00 AM,4/3/2026 3:00:00 AM,RFC,MIDATL,PEP,PEPCO,1852.329,True
4/3/2026 8:00:00 AM,4/3/2026 4:00:00 AM,RFC,MIDATL,PEP,PEPCO,1885.999,True
4/3/2026 9:00:00 AM,4/3/2026 5:00:00 AM,RFC,MIDATL,PEP,PEPCO,2060.647,True
4/3/2026 10:00:00 AM,4/3/2026 6:00:00 AM,RFC,MIDATL,PEP,PEPCO,2301.946,True
4/3/2026 11:00:00 AM,4/3/2026 7:00:00 AM,RFC,MIDATL,PEP,PEPCO,2449.305,True
4/3/2026 12:00:00 PM,4/3/2026 8:00:00 AM,RFC,MIDATL,PEP,PEPCO,2488.969,True
4/3/2026 1:00:00 PM,4/3/2026 9:00:00 AM,RFC,MIDATL,PEP,PEPCO,2534.328,True
4/3/2026 2:00:00 PM,4/3/2026 10:00:00 AM,RFC,MIDATL,PEP,PEPCO,2478.792,True
4/3/2026 3:00:00 PM,4/3/2026 11:00:00 AM,RFC,MIDATL,PEP,PEPCO,2374.556,True
4/3/2026 4:00:00 PM,4/3/2026 12:00:00 PM,RFC,MIDATL,PEP,PEPCO,2194.526,True
4/3/2026 5:00:00 PM,4/3/2026 1:00:00 PM,RFC,MIDATL,PEP,PEPCO,2154.558,True
4/3/2026 6:00:00 PM,4/3/2026 2:00:00 PM,RFC,MIDATL,PEP,PEPCO,2193.093,True
4/3/2026 7:00:00 PM,4/3/2026 3:00:00 PM,RFC,MIDATL,PEP,PEPCO,2321.537,True
4/3/2026 8:00:00 PM,4/3/2026 4:00:00 PM,RFC,MIDATL,PEP,PEPCO,2476.898,True
4/3/2026 9:00:00 PM,4/3/2026 5:00:00 PM,RFC,MIDATL,PEP,PEPCO,2647.700,True
4/3/2026 10:00:00 PM,4/3/2026 6:00:00 PM,RFC,MIDATL,PEP,PEPCO,2642.524,True
4/3/2026 11:00:00 PM,4/3/2026 7:00:00 PM,RFC,MIDATL,PEP,PEPCO,2623.388,True
4/4/2026 12:00:00 AM,4/3/2026 8:00:00 PM,RFC,MIDATL,PEP,PEPCO,2606.891,True
4/4/2026 1:00:00 AM,4/3/2026 9:00:00 PM,RFC,MIDATL,PEP,PEPCO,2533.110,True
4/4/2026 2:00:00 AM,4/3/2026 10:00:00 PM,RFC,MIDATL,PEP,PEPCO,2441.646,True
4/4/2026 3:00:00 AM,4/3/2026 11:00:00 PM,RFC,MIDATL,PEP,PEPCO,2263.280,True
4/4/2026 4:00:00 AM,4/4/2026 12:00:00 AM,RFC,MIDATL,PEP,PEPCO,2179.940,True
4/4/2026 5:00:00 AM,4/4/2026 1:00:00 AM,RFC,MIDATL,PEP,PEPCO,2049.518,True
4/4/2026 6:00:00 AM,4/4/2026 2:00:00 AM,RFC,MIDATL,PEP,PEPCO,1962.501,True
4/4/2026 7:00:00 AM,4/4/2026 3:00:00 AM,RFC,MIDATL,PEP,PEPCO,1901.499,True
4/4/2026 8:00:00 AM,4/4/2026 4:00:00 AM,RFC,MIDATL,PEP,PEPCO,1883.175,True
4/4/2026 9:00:00 AM,4/4/2026 5:00:00 AM,RFC,MIDATL,PEP,PEPCO,1879.376,True
4/4/2026 10:00:00 AM,4/4/2026 6:00:00 AM,RFC,MIDATL,PEP,PEPCO,2004.038,True
4/4/2026 11:00:00 AM,4/4/2026 7:00:00 AM,RFC,MIDATL,PEP,PEPCO,2104.367,True
4/4/2026 12:00:00 PM,4/4/2026 8:00:00 AM,RFC,MIDATL,PEP,PEPCO,2156.128,True
4/4/2026 1:00:00 PM,4/4/2026 9:00:00 AM,RFC,MIDATL,PEP,PEPCO,2241.312,True
4/4/2026 2:00:00 PM,4/4/2026 10:00:00 AM,RFC,MIDATL,PEP,PEPCO,2256.081,True
4/4/2026 3:00:00 PM,4/4/2026 11:00:00 AM,RFC,MIDATL,PEP,PEPCO,2312.373,True
4/4/2026 4:00:00 PM,4/4/2026 12:00:00 PM,RFC,MIDATL,PEP,PEPCO,2394.531,True
4/4/2026 5:00:00 PM,4/4/2026 1:00:00 PM,RFC,MIDATL,PEP,PEPCO,2478.483,True
4/4/2026 6:00:00 PM,4/4/2026 2:00:00 PM,RFC,MIDATL,PEP,PEPCO,2572.829,True
4/4/2026 7:00:00 PM,4/4/2026 3:00:00 PM,RFC,MIDATL,PEP,PEPCO,2728.092,True
4/4/2026 8:00:00 PM,4/4/2026 4:00:00 PM,RFC,MIDATL,PEP,PEPCO,2850.439,True
4/4/2026 9:00:00 PM,4/4/2026 5:00:00 PM,RFC,MIDATL,PEP,PEPCO,2968.694,True
4/4/2026 10:00:00 PM,4/4/2026 6:00:00 PM,RFC,MIDATL,PEP,PEPCO,2960.235,True
4/4/2026 11:00:00 PM,4/4/2026 7:00:00 PM,RFC,MIDATL,PEP,PEPCO,2968.343,True
4/5/2026 12:00:00 AM,4/4/2026 8:00:00 PM,RFC,MIDATL,PEP,PEPCO,2924.726,True
4/5/2026 1:00:00 AM,4/4/2026 9:00:00 PM,RFC,MIDATL,PEP,PEPCO,2846.623,True
4/5/2026 2:00:00 AM,4/4/2026 10:00:00 PM,RFC,MIDATL,PEP,PEPCO,2728.275,True
4/5/2026 3:00:00 AM,4/4/2026 11:00:00 PM,RFC,MIDATL,PEP,PEPCO,2553.720,True
4/5/2026 4:00:00 AM,4/5/2026 12:00:00 AM,RFC,MIDATL,PEP,PEPCO,2412.597,True
4/5/2026 5:00:00 AM,4/5/2026 1:00:00 AM,RFC,MIDATL,PEP,PEPCO,2268.316,True
4/5/2026 6:00:00 AM,4/5/2026 2:00:00 AM,RFC,MIDATL,PEP,PEPCO,2119.882,True
4/5/2026 7:00:00 AM,4/5/2026 3:00:00 AM,RFC,MIDATL,PEP,PEPCO,2090.247,True
4/5/2026 8:00:00 AM,4/5/2026 4:00:00 AM,RFC,MIDATL,PEP,PEPCO,2024.031,True
4/5/2026 9:00:00 AM,4/5/2026 5:00:00 AM,RFC,MIDATL,PEP,PEPCO,2039.346,True
4/5/2026 10:00:00 AM,4/5/2026 6:00:00 AM,RFC,MIDATL,PEP,PEPCO,2111.866,True
4/5/2026 11:00:00 AM,4/5/2026 7:00:00 AM,RFC,MIDATL,PEP,PEPCO,2152.816,True
4/5/2026 12:00:00 PM,4/5/2026 8:00:00 AM,RFC,MIDATL,PEP,PEPCO,2234.397,True
4/5/2026 1:00:00 PM,4/5/2026 9:00:00 AM,RFC,MIDATL,PEP,PEPCO,2338.974,True
4/5/2026 2:00:00 PM,4/5/2026 10:00:00 AM,RFC,MIDATL,PEP,PEPCO,2494.174,True
4/5/2026 3:00:00 PM,4/5/2026 11:00:00 AM,RFC,MIDATL,PEP,PEPCO,2472.262,True
4/5/2026 4:00:00 PM,4/5/2026 12:00:00 PM,RFC,MIDATL,PEP,PEPCO,2475.570,True
4/5/2026 5:00:00 PM,4/5/2026 1:00:00 PM,RFC,MIDATL,PEP,PEPCO,2419.888,True
4/5/2026 6:00:00 PM,4/5/2026 2:00:00 PM,RFC,MIDATL,PEP,PEPCO,2367.251,True
4/5/2026 7:00:00 PM,4/5/2026 3:00:00 PM,RFC,MIDATL,PEP,PEPCO,2262.317,True
4/5/2026 8:00:00 PM,4/5/2026 4:00:00 PM,RFC,MIDATL,PEP,PEPCO,2139.141,True
4/5/2026 9:00:00 PM,4/5/2026 5:00:00 PM,RFC,MIDATL,PEP,PEPCO,2243.596,True
4/5/2026 10:00:00 PM,4/5/2026 6:00:00 PM,RFC,MIDATL,PEP,PEPCO,2301.184,True
4/5/2026 11:00:00 PM,4/5/2026 7:00:00 PM,RFC,MIDATL,PEP,PEPCO,2357.646,True
4/6/2026 12:00:00 AM,4/5/2026 8:00:00 PM,RFC,MIDATL,PEP,PEPCO,2383.115,True
4/6/2026 1:00:00 AM,4/5/2026 9:00:00 PM,RFC,MIDATL,PEP,PEPCO,2350.704,True
4/6/2026 2:00:00 AM,4/5/2026 10:00:00 PM,RFC,MIDATL,PEP,PEPCO,2240.464,True
4/6/2026 3:00:00 AM,4/5/2026 11:00:00 PM,RFC,MIDATL,PEP,PEPCO,2082.794,True
4/6/2026 4:00:00 AM,4/6/2026 12:00:00 AM,RFC,MIDATL,PEP,PEPCO,1985.373,True
4/6/2026 5:00:00 AM,4/6/2026 1:00:00 AM,RFC,MIDATL,PEP,PEPCO,1857.530,True
4/6/2026 6:00:00 AM,4/6/2026 2:00:00 AM,RFC,MIDATL,PEP,PEPCO,1846.589,True
4/6/2026 7:00:00 AM,4/6/2026 3:00:00 AM,RFC,MIDATL,PEP,PEPCO,1829.172,True
4/6/2026 8:00:00 AM,4/6/2026 4:00:00 AM,RFC,MIDATL,PEP,PEPCO,1874.216,True
4/6/2026 9:00:00 AM,4/6/2026 5:00:00 AM,RFC,MIDATL,PEP,PEPCO,2067.865,True
4/6/2026 10:00:00 AM,4/6/2026 6:00:00 AM,RFC,MIDATL,PEP,PEPCO,2286.186,True
4/6/2026 11:00:00 AM,4/6/2026 7:00:00 AM,RFC,MIDATL,PEP,PEPCO,2407.869,True
4/6/2026 12:00:00 PM,4/6/2026 8:00:00 AM,RFC,MIDATL,PEP,PEPCO,2360.701,True
4/6/2026 1:00:00 PM,4/6/2026 9:00:00 AM,RFC,MIDATL,PEP,PEPCO,2281.981,True
4/6/2026 2:00:00 PM,4/6/2026 10:00:00 AM,RFC,MIDATL,PEP,PEPCO,2198.009,True
4/6/2026 3:00:00 PM,4/6/2026 11:00:00 AM,RFC,MIDATL,PEP,PEPCO,2118.827,True
4/6/2026 4:00:00 PM,4/6/2026 12:00:00 PM,RFC,MIDATL,PEP,PEPCO,2086.312,True
4/6/2026 5:00:00 PM,4/6/2026 1:00:00 PM,RFC,MIDATL,PEP,PEPCO,2088.328,True
4/6/2026 6:00:00 PM,4/6/2026 2:00:00 PM,RFC,MIDATL,PEP,PEPCO,2122.940,True
4/6/2026 7:00:00 PM,4/6/2026 3:00:00 PM,RFC,MIDATL,PEP,PEPCO,2211.515,True
4/6/2026 8:00:00 PM,4/6/2026 4:00:00 PM,RFC,MIDATL,PEP,PEPCO,2367.751,True
4/6/2026 9:00:00 PM,4/6/2026 5:00:00 PM,RFC,MIDATL,PEP,PEPCO,2450.973,True
4/6/2026 10:00:00 PM,4/6/2026 6:00:00 PM,RFC,MIDATL,PEP,PEPCO,2439.649,True
4/6/2026 11:00:00 PM,4/6/2026 7:00:00 PM,RFC,MIDATL,PEP,PEPCO,2493.924,True
4/7/2026 12:00:00 AM,4/6/2026 8:00:00 PM,RFC,MIDATL,PEP,PEPCO,2490.732,True
4/7/2026 1:00:00 AM,4/6/2026 9:00:00 PM,RFC,MIDATL,PEP,PEPCO,2447.209,True
4/7/2026 2:00:00 AM,4/6/2026 10:00:00 PM,RFC,MIDATL,PEP,PEPCO,2284.313,True
4/7/2026 3:00:00 AM,4/6/2026 11:00:00 PM,RFC,MIDATL,PEP,PEPCO,2133.652,True
4/7/2026 4:00:00 AM,4/7/2026 12:00:00 AM,RFC,MIDATL,PEP,PEPCO,2008.660,True
4/7/2026 5:00:00 AM,4/7/2026 1:00:00 AM,RFC,MIDATL,PEP,PEPCO,1895.040,True
4/7/2026 6:00:00 AM,4/7/2026 2:00:00 AM,RFC,MIDATL,PEP,PEPCO,1853.120,True
4/7/2026 7:00:00 AM,4/7/2026 3:00:00 AM,RFC,MIDATL,PEP,PEPCO,1879.273,True
4/7/2026 8:00:00 AM,4/7/2026 4:00:00 AM,RFC,MIDATL,PEP,PEPCO,1935.956,True
4/7/2026 9:00:00 AM,4/7/2026 5:00:00 AM,RFC,MIDATL,PEP,PEPCO,2125.673,True
4/7/2026 10:00:00 AM,4/7/2026 6:00:00 AM,RFC,MIDATL,PEP,PEPCO,2390.835,True
4/7/2026 11:00:00 AM,4/7/2026 7:00:00 AM,RFC,MIDATL,PEP,PEPCO,2535.430,True
4/7/2026 12:00:00 PM,4/7/2026 8:00:00 AM,RFC,MIDATL,PEP,PEPCO,2480.061,True
4/7/2026 1:00:00 PM,4/7/2026 9:00:00 AM,RFC,MIDATL,PEP,PEPCO,2318.831,True
4/7/2026 2:00:00 PM,4/7/2026 10:00:00 AM,RFC,MIDATL,PEP,PEPCO,2223.284,True
4/7/2026 3:00:00 PM,4/7/2026 11:00:00 AM,RFC,MIDATL,PEP,PEPCO,2118.030,True
4/7/2026 4:00:00 PM,4/7/2026 12:00:00 PM,RFC,MIDATL,PEP,PEPCO,2095.382,True
4/7/2026 5:00:00 PM,4/7/2026 1:00:00 PM,RFC,MIDATL,PEP,PEPCO,2062.457,True
4/7/2026 6:00:00 PM,4/7/2026 2:00:00 PM,RFC,MIDATL,PEP,PEPCO,2042.163,True
4/7/2026 7:00:00 PM,4/7/2026 3:00:00 PM,RFC,MIDATL,PEP,PEPCO,2090.929,True
4/7/2026 8:00:00 PM,4/7/2026 4:00:00 PM,RFC,MIDATL,PEP,PEPCO,2195.084,True
4/7/2026 9:00:00 PM,4/7/2026 5:00:00 PM,RFC,MIDATL,PEP,PEPCO,2363.024,True
4/7/2026 10:00:00 PM,4/7/2026 6:00:00 PM,RFC,MIDATL,PEP,PEPCO,2443.075,True
4/7/2026 11:00:00 PM,4/7/2026 7:00:00 PM,RFC,MIDATL,PEP,PEPCO,2512.812,True
4/8/2026 12:00:00 AM,4/7/2026 8:00:00 PM,RFC,MIDATL,PEP,PEPCO,2563.305,True
4/8/2026 1:00:00 AM,4/7/2026 9:00:00 PM,RFC,MIDATL,PEP,PEPCO,2545.860,True
4/8/2026 2:00:00 AM,4/7/2026 10:00:00 PM,RFC,MIDATL,PEP,PEPCO,2406.203,True
4/8/2026 3:00:00 AM,4/7/2026 11:00:00 PM,RFC,MIDATL,PEP,PEPCO,2277.155,True
4/8/2026 4:00:00 AM,4/8/2026 12:00:00 AM,RFC,MIDATL,PEP,PEPCO,2147.886,True
4/8/2026 5:00:00 AM,4/8/2026 1:00:00 AM,RFC,MIDATL,PEP,PEPCO,2072.534,True
4/8/2026 6:00:00 AM,4/8/2026 2:00:00 AM,RFC,MIDATL,PEP,PEPCO,2071.099,True
4/8/2026 7:00:00 AM,4/8/2026 3:00:00 AM,RFC,MIDATL,PEP,PEPCO,2102.215,True
4/8/2026 8:00:00 AM,4/8/2026 4:00:00 AM,RFC,MIDATL,PEP,PEPCO,2153.497,True
4/8/2026 9:00:00 AM,4/8/2026 5:00:00 AM,RFC,MIDATL,PEP,PEPCO,2419.719,True
4/8/2026 10:00:00 AM,4/8/2026 6:00:00 AM,RFC,MIDATL,PEP,PEPCO,2726.915,True
4/8/2026 11:00:00 AM,4/8/2026 7:00:00 AM,RFC,MIDATL,PEP,PEPCO,2883.729,True
4/8/2026 12:00:00 PM,4/8/2026 8:00:00 AM,RFC,MIDATL,PEP,PEPCO,2746.052,True
4/8/2026 1:00:00 PM,4/8/2026 9:00:00 AM,RFC,MIDATL,PEP,PEPCO,2577.350,True
4/8/2026 2:00:00 PM,4/8/2026 10:00:00 AM,RFC,MIDATL,PEP,PEPCO,2384.285,True
4/8/2026 3:00:00 PM,4/8/2026 11:00:00 AM,RFC,MIDATL,PEP,PEPCO,2266.218,True
4/8/2026 4:00:00 PM,4/8/2026 12:00:00 PM,RFC,MIDATL,PEP,PEPCO,2200.152,True
4/8/2026 5:00:00 PM,4/8/2026 1:00:00 PM,RFC,MIDATL,PEP,PEPCO,2127.669,True
4/8/2026 6:00:00 PM,4/8/2026 2:00:00 PM,RFC,MIDATL,PEP,PEPCO,2143.088,True
4/8/2026 7:00:00 PM,4/8/2026 3:00:00 PM,RFC,MIDATL,PEP,PEPCO,2143.328,True
4/8/2026 8:00:00 PM,4/8/2026 4:00:00 PM,RFC,MIDATL,PEP,PEPCO,2273.429,True
4/8/2026 9:00:00 PM,4/8/2026 5:00:00 PM,RFC,MIDATL,PEP,PEPCO,2369.064,True
4/8/2026 10:00:00 PM,4/8/2026 6:00:00 PM,RFC,MIDATL,PEP,PEPCO,2474.111,True
4/8/2026 11:00:00 PM,4/8/2026 7:00:00 PM,RFC,MIDATL,PEP,PEPCO,2599.132,True
4/9/2026 12:00:00 AM,4/8/2026 8:00:00 PM,RFC,MIDATL,PEP,PEPCO,2613.416,True
4/9/2026 1:00:00 AM,4/8/2026 9:00:00 PM,RFC,MIDATL,PEP,PEPCO,2606.509,True
4/9/2026 2:00:00 AM,4/8/2026 10:00:00 PM,RFC,MIDATL,PEP,PEPCO,2455.182,True
4/9/2026 3:00:00 AM,4/8/2026 11:00:00 PM,RFC,MIDATL,PEP,PEPCO,2319.819,True
4/9/2026 4:00:00 AM,4/9/2026 12:00:00 AM,RFC,MIDATL,PEP,PEPCO,2226.078,True
4/9/2026 5:00:00 AM,4/9/2026 1:00:00 AM,RFC,MIDATL,PEP,PEPCO,2128.111,True
4/9/2026 6:00:00 AM,4/9/2026 2:00:00 AM,RFC,MIDATL,PEP,PEPCO,2116.055,True
4/9/2026 7:00:00 AM,4/9/2026 3:00:00 AM,RFC,MIDATL,PEP,PEPCO,2115.566,True
4/9/2026 8:00:00 AM,4/9/2026 4:00:00 AM,RFC,MIDATL,PEP,PEPCO,2203.655,True
4/9/2026 9:00:00 AM,4/9/2026 5:00:00 AM,RFC,MIDATL,PEP,PEPCO,2477.128,True
4/9/2026 10:00:00 AM,4/9/2026 6:00:00 AM,RFC,MIDATL,PEP,PEPCO,2761.897,True
4/9/2026 11:00:00 AM,4/9/2026 7:00:00 AM,RFC,MIDATL,PEP,PEPCO,2860.270,True
4/9/2026 12:00:00 PM,4/9/2026 8:00:00 AM,RFC,MIDATL,PEP,PEPCO,2752.606,True
4/9/2026 1:00:00 PM,4/9/2026 9:00:00 AM,RFC,MIDATL,PEP,PEPCO,2554.410,True
4/9/2026 2:00:00 PM,4/9/2026 10:00:00 AM,RFC,MIDATL,PEP,PEPCO,2328.381,True
4/9/2026 3:00:00 PM,4/9/2026 11:00:00 AM,RFC,MIDATL,PEP,PEPCO,2223.382,True
4/9/2026 4:00:00 PM,4/9/2026 12:00:00 PM,RFC,MIDATL,PEP,PEPCO,2155.622,True
4/9/2026 5:00:00 PM,4/9/2026 1:00:00 PM,RFC,MIDATL,PEP,PEPCO,2109.214,True
4/9/2026 6:00:00 PM,4/9/2026 2:00:00 PM,RFC,MIDATL,PEP,PEPCO,2110.023,True
4/9/2026 7:00:00 PM,4/9/2026 3:00:00 PM,RFC,MIDATL,PEP,PEPCO,2143.947,True
4/9/2026 8:00:00 PM,4/9/2026 4:00:00 PM,RFC,MIDATL,PEP,PEPCO,2234.491,True
4/9/2026 9:00:00 PM,4/9/2026 5:00:00 PM,RFC,MIDATL,PEP,PEPCO,2363.672,True
4/9/2026 10:00:00 PM,4/9/2026 6:00:00 PM,RFC,MIDATL,PEP,PEPCO,2408.897,True
4/9/2026 11:00:00 PM,4/9/2026 7:00:00 PM,RFC,MIDATL,PEP,PEPCO,2479.641,True
4/10/2026 12:00:00 AM,4/9/2026 8:00:00 PM,RFC,MIDATL,PEP,PEPCO,2520.481,True
4/10/2026 1:00:00 AM,4/9/2026 9:00:00 PM,RFC,MIDATL,PEP,PEPCO,2439.814,True
4/10/2026 2:00:00 AM,4/9/2026 10:00:00 PM,RFC,MIDATL,PEP,PEPCO,2358.322,True
4/10/2026 3:00:00 AM,4/9/2026 11:00:00 PM,RFC,MIDATL,PEP,PEPCO,2188.869,True
4/10/2026 4:00:00 AM,4/10/2026 12:00:00 AM,RFC,MIDATL,PEP,PEPCO,2055.964,True
4/10/2026 5:00:00 AM,4/10/2026 1:00:00 AM,RFC,MIDATL,PEP,PEPCO,2002.745,True
4/10/2026 6:00:00 AM,4/10/2026 2:00:00 AM,RFC,MIDATL,PEP,PEPCO,1952.137,True
4/10/2026 7:00:00 AM,4/10/2026 3:00:00 AM,RFC,MIDATL,PEP,PEPCO,1933.240,True
4/10/2026 8:00:00 AM,4/10/2026 4:00:00 AM,RFC,MIDATL,PEP,PEPCO,2022.539,True
4/10/2026 9:00:00 AM,4/10/2026 5:00:00 AM,RFC,MIDATL,PEP,PEPCO,2218.455,True
4/10/2026 10:00:00 AM,4/10/2026 6:00:00 AM,RFC,MIDATL,PEP,PEPCO,2474.194,True
4/10/2026 11:00:00 AM,4/10/2026 7:00:00 AM,RFC,MIDATL,PEP,PEPCO,2565.652,True
4/10/2026 12:00:00 PM,4/10/2026 8:00:00 AM,RFC,MIDATL,PEP,PEPCO,2492.057,True
4/10/2026 1:00:00 PM,4/10/2026 9:00:00 AM,RFC,MIDATL,PEP,PEPCO,2347.465,True
4/10/2026 2:00:00 PM,4/10/2026 10:00:00 AM,RFC,MIDATL,PEP,PEPCO,2223.565,True
4/10/2026 3:00:00 PM,4/10/2026 11:00:00 AM,RFC,MIDATL,PEP,PEPCO,2123.313,True
4/10/2026 4:00:00 PM,4/10/2026 12:00:00 PM,RFC,MIDATL,PEP,PEPCO,2115.857,True
4/10/2026 5:00:00 PM,4/10/2026 1:00:00 PM,RFC,MIDATL,PEP,PEPCO,2107.763,True
4/10/2026 6:00:00 PM,4/10/2026 2:00:00 PM,RFC,MIDATL,PEP,PEPCO,2119.135,True
4/10/2026 7:00:00 PM,4/10/2026 3:00:00 PM,RFC,MIDATL,PEP,PEPCO,2229.924,True
4/10/2026 8:00:00 PM,4/10/2026 4:00:00 PM,RFC,MIDATL,PEP,PEPCO,2337.727,True
4/10/2026 9:00:00 PM,4/10/2026 5:00:00 PM,RFC,MIDATL,PEP,PEPCO,2494.895,True
4/10/2026 10:00:00 PM,4/10/2026 6:00:00 PM,RFC,MIDATL,PEP,PEPCO,2495.380,True
4/10/2026 11:00:00 PM,4/10/2026 7:00:00 PM,RFC,MIDATL,PEP,PEPCO,2462.191,True
4/11/2026 12:00:00 AM,4/10/2026 8:00:00 PM,RFC,MIDATL,PEP,PEPCO,2499.858,True
4/11/2026 1:00:00 AM,4/10/2026 9:00:00 PM,RFC,MIDATL,PEP,PEPCO,2397.299,True
4/11/2026 2:00:00 AM,4/10/2026 10:00:00 PM,RFC,MIDATL,PEP,PEPCO,2281.455,True
4/11/2026 3:00:00 AM,4/10/2026 11:00:00 PM,RFC,MIDATL,PEP,PEPCO,2145.921,True
4/11/2026 4:00:00 AM,4/11/2026 12:00:00 AM,RFC,MIDATL,PEP,PEPCO,2040.377,True
4/11/2026 5:00:00 AM,4/11/2026 1:00:00 AM,RFC,MIDATL,PEP,PEPCO,1964.427,True
4/11/2026 6:00:00 AM,4/11/2026 2:00:00 AM,RFC,MIDATL,PEP,PEPCO,1879.685,True
4/11/2026 7:00:00 AM,4/11/2026 3:00:00 AM,RFC,MIDATL,PEP,PEPCO,1829.561,True
4/11/2026 8:00:00 AM,4/11/2026 4:00:00 AM,RFC,MIDATL,PEP,PEPCO,1788.811,True
4/11/2026 9:00:00 AM,4/11/2026 5:00:00 AM,RFC,MIDATL,PEP,PEPCO,1848.447,True
4/11/2026 10:00:00 AM,4/11/2026 6:00:00 AM,RFC,MIDATL,PEP,PEPCO,1917.863,True
4/11/2026 11:00:00 AM,4/11/2026 7:00:00 AM,RFC,MIDATL,PEP,PEPCO,1993.348,True
4/11/2026 12:00:00 PM,4/11/2026 8:00:00 AM,RFC,MIDATL,PEP,PEPCO,2045.083,True
4/11/2026 1:00:00 PM,4/11/2026 9:00:00 AM,RFC,MIDATL,PEP,PEPCO,1998.186,True
4/11/2026 2:00:00 PM,4/11/2026 10:00:00 AM,RFC,MIDATL,PEP,PEPCO,1961.683,True
4/11/2026 3:00:00 PM,4/11/2026 11:00:00 AM,RFC,MIDATL,PEP,PEPCO,1868.100,True
4/11/2026 4:00:00 PM,4/11/2026 12:00:00 PM,RFC,MIDATL,PEP,PEPCO,1867.886,True
4/11/2026 5:00:00 PM,4/11/2026 1:00:00 PM,RFC,MIDATL,PEP,PEPCO,1852.189,True
4/11/2026 6:00:00 PM,4/11/2026 2:00:00 PM,RFC,MIDATL,PEP,PEPCO,1879.699,True
4/11/2026 7:00:00 PM,4/11/2026 3:00:00 PM,RFC,MIDATL,PEP,PEPCO,1969.225,True
4/11/2026 8:00:00 PM,4/11/2026 4:00:00 PM,RFC,MIDATL,PEP,PEPCO,2067.933,True
4/11/2026 9:00:00 PM,4/11/2026 5:00:00 PM,RFC,MIDATL,PEP,PEPCO,2229.174,True
4/11/2026 10:00:00 PM,4/11/2026 6:00:00 PM,RFC,MIDATL,PEP,PEPCO,2327.243,True
4/11/2026 11:00:00 PM,4/11/2026 7:00:00 PM,RFC,MIDATL,PEP,PEPCO,2365.596,True
4/12/2026 12:00:00 AM,4/11/2026 8:00:00 PM,RFC,MIDATL,PEP,PEPCO,2395.348,True
4/12/2026 1:00:00 AM,4/11/2026 9:00:00 PM,RFC,MIDATL,PEP,PEPCO,2313.263,True
4/12/2026 2:00:00 AM,4/11/2026 10:00:00 PM,RFC,MIDATL,PEP,PEPCO,2226.710,True
4/12/2026 3:00:00 AM,4/11/2026 11:00:00 PM,RFC,MIDATL,PEP,PEPCO,2106.244,True
4/12/2026 4:00:00 AM,4/12/2026 12:00:00 AM,RFC,MIDATL,PEP,PEPCO,2021.409,True
4/12/2026 5:00:00 AM,4/12/2026 1:00:00 AM,RFC,MIDATL,PEP,PEPCO,1931.477,True
4/12/2026 6:00:00 AM,4/12/2026 2:00:00 AM,RFC,MIDATL,PEP,PEPCO,1842.841,True
4/12/2026 7:00:00 AM,4/12/2026 3:00:00 AM,RFC,MIDATL,PEP,PEPCO,1807.411,True
4/12/2026 8:00:00 AM,4/12/2026 4:00:00 AM,RFC,MIDATL,PEP,PEPCO,1830.219,True
4/12/2026 9:00:00 AM,4/12/2026 5:00:00 AM,RFC,MIDATL,PEP,PEPCO,1877.040,True
4/12/2026 10:00:00 AM,4/12/2026 6:00:00 AM,RFC,MIDATL,PEP,PEPCO,1960.587,True
4/12/2026 11:00:00 AM,4/12/2026 7:00:00 AM,RFC,MIDATL,PEP,PEPCO,1981.350,True
4/12/2026 12:00:00 PM,4/12/2026 8:00:00 AM,RFC,MIDATL,PEP,PEPCO,1970.180,True
4/12/2026 1:00:00 PM,4/12/2026 9:00:00 AM,RFC,MIDATL,PEP,PEPCO,1904.996,True
4/12/2026 2:00:00 PM,4/12/2026 10:00:00 AM,RFC,MIDATL,PEP,PEPCO,1854.965,True
4/12/2026 3:00:00 PM,4/12/2026 11:00:00 AM,RFC,MIDATL,PEP,PEPCO,1834.493,True
4/12/2026 4:00:00 PM,4/12/2026 12:00:00 PM,RFC,MIDATL,PEP,PEPCO,1833.886,True
4/12/2026 5:00:00 PM,4/12/2026 1:00:00 PM,RFC,MIDATL,PEP,PEPCO,1834.518,True
4/12/2026 6:00:00 PM,4/12/2026 2:00:00 PM,RFC,MIDATL,PEP,PEPCO,1910.883,True
4/12/2026 7:00:00 PM,4/12/2026 3:00:00 PM,RFC,MIDATL,PEP,PEPCO,2026.141,True
4/12/2026 8:00:00 PM,4/12/2026 4:00:00 PM,RFC,MIDATL,PEP,PEPCO,2085.561,True
4/12/2026 9:00:00 PM,4/12/2026 5:00:00 PM,RFC,MIDATL,PEP,PEPCO,2269.596,True
4/12/2026 10:00:00 PM,4/12/2026 6:00:00 PM,RFC,MIDATL,PEP,PEPCO,2307.383,True
4/12/2026 11:00:00 PM,4/12/2026 7:00:00 PM,RFC,MIDATL,PEP,PEPCO,2402.979,True
4/13/2026 12:00:00 AM,4/12/2026 8:00:00 PM,RFC,MIDATL,PEP,PEPCO,2441.252,True
4/13/2026 1:00:00 AM,4/12/2026 9:00:00 PM,RFC,MIDATL,PEP,PEPCO,2401.966,True
4/13/2026 2:00:00 AM,4/12/2026 10:00:00 PM,RFC,MIDATL,PEP,PEPCO,2266.712,True
4/13/2026 3:00:00 AM,4/12/2026 11:00:00 PM,RFC,MIDATL,PEP,PEPCO,2096.323,True
4/13/2026 4:00:00 AM,4/13/2026 12:00:00 AM,RFC,MIDATL,PEP,PEPCO,1971.954,True
4/13/2026 5:00:00 AM,4/13/2026 1:00:00 AM,RFC,MIDATL,PEP,PEPCO,1877.924,True
4/13/2026 6:00:00 AM,4/13/2026 2:00:00 AM,RFC,MIDATL,PEP,PEPCO,1810.606,True
4/13/2026 7:00:00 AM,4/13/2026 3:00:00 AM,RFC,MIDATL,PEP,PEPCO,1846.573,True
4/13/2026 8:00:00 AM,4/13/2026 4:00:00 AM,RFC,MIDATL,PEP,PEPCO,1878.639,True
4/13/2026 9:00:00 AM,4/13/2026 5:00:00 AM,RFC,MIDATL,PEP,PEPCO,2070.281,True
4/13/2026 10:00:00 AM,4/13/2026 6:00:00 AM,RFC,MIDATL,PEP,PEPCO,2299.671,True
4/13/2026 11:00:00 AM,4/13/2026 7:00:00 AM,RFC,MIDATL,PEP,PEPCO,2464.126,True
4/13/2026 12:00:00 PM,4/13/2026 8:00:00 AM,RFC,MIDATL,PEP,PEPCO,2540.351,True
4/13/2026 1:00:00 PM,4/13/2026 9:00:00 AM,RFC,MIDATL,PEP,PEPCO,2480.224,True
4/13/2026 2:00:00 PM,4/13/2026 10:00:00 AM,RFC,MIDATL,PEP,PEPCO,2439.527,True
4/13/2026 3:00:00 PM,4/13/2026 11:00:00 AM,RFC,MIDATL,PEP,PEPCO,2446.739,True
4/13/2026 4:00:00 PM,4/13/2026 12:00:00 PM,RFC,MIDATL,PEP,PEPCO,2653.114,True
4/13/2026 5:00:00 PM,4/13/2026 1:00:00 PM,RFC,MIDATL,PEP,PEPCO,2606.616,True
4/13/2026 6:00:00 PM,4/13/2026 2:00:00 PM,RFC,MIDATL,PEP,PEPCO,2535.030,True
4/13/2026 7:00:00 PM,4/13/2026 3:00:00 PM,RFC,MIDATL,PEP,PEPCO,2629.423,True
4/13/2026 8:00:00 PM,4/13/2026 4:00:00 PM,RFC,MIDATL,PEP,PEPCO,2684.136,True
4/13/2026 9:00:00 PM,4/13/2026 5:00:00 PM,RFC,MIDATL,PEP,PEPCO,2773.093,True
4/13/2026 10:00:00 PM,4/13/2026 6:00:00 PM,RFC,MIDATL,PEP,PEPCO,2735.529,True
4/13/2026 11:00:00 PM,4/13/2026 7:00:00 PM,RFC,MIDATL,PEP,PEPCO,2752.795,True
4/14/2026 12:00:00 AM,4/13/2026 8:00:00 PM,RFC,MIDATL,PEP,PEPCO,2756.010,True
4/14/2026 1:00:00 AM,4/13/2026 9:00:00 PM,RFC,MIDATL,PEP,PEPCO,2646.187,True
4/14/2026 2:00:00 AM,4/13/2026 10:00:00 PM,RFC,MIDATL,PEP,PEPCO,2481.662,True
4/14/2026 3:00:00 AM,4/13/2026 11:00:00 PM,RFC,MIDATL,PEP,PEPCO,2296.865,True
4/14/2026 4:00:00 AM,4/14/2026 12:00:00 AM,RFC,MIDATL,PEP,PEPCO,2117.609,True
4/14/2026 5:00:00 AM,4/14/2026 1:00:00 AM,RFC,MIDATL,PEP,PEPCO,2005.287,True
4/14/2026 6:00:00 AM,4/14/2026 2:00:00 AM,RFC,MIDATL,PEP,PEPCO,1895.704,True
4/14/2026 7:00:00 AM,4/14/2026 3:00:00 AM,RFC,MIDATL,PEP,PEPCO,1886.519,True
4/14/2026 8:00:00 AM,4/14/2026 4:00:00 AM,RFC,MIDATL,PEP,PEPCO,1925.610,True
4/14/2026 9:00:00 AM,4/14/2026 5:00:00 AM,RFC,MIDATL,PEP,PEPCO,2098.443,True
4/14/2026 10:00:00 AM,4/14/2026 6:00:00 AM,RFC,MIDATL,PEP,PEPCO,2313.587,True
4/14/2026 11:00:00 AM,4/14/2026 7:00:00 AM,RFC,MIDATL,PEP,PEPCO,2462.448,True
4/14/2026 12:00:00 PM,4/14/2026 8:00:00 AM,RFC,MIDATL,PEP,PEPCO,2487.157,True
4/14/2026 1:00:00 PM,4/14/2026 9:00:00 AM,RFC,MIDATL,PEP,PEPCO,2537.349,True
4/14/2026 2:00:00 PM,4/14/2026 10:00:00 AM,RFC,MIDATL,PEP,PEPCO,2553.805,True
4/14/2026 3:00:00 PM,4/14/2026 11:00:00 AM,RFC,MIDATL,PEP,PEPCO,2574.630,True
4/14/2026 4:00:00 PM,4/14/2026 12:00:00 PM,RFC,MIDATL,PEP,PEPCO,2612.976,True
4/14/2026 5:00:00 PM,4/14/2026 1:00:00 PM,RFC,MIDATL,PEP,PEPCO,2705.566,True
4/14/2026 6:00:00 PM,4/14/2026 2:00:00 PM,RFC,MIDATL,PEP,PEPCO,2784.394,True
4/14/2026 7:00:00 PM,4/14/2026 3:00:00 PM,RFC,MIDATL,PEP,PEPCO,2969.972,True
4/14/2026 8:00:00 PM,4/14/2026 4:00:00 PM,RFC,MIDATL,PEP,PEPCO,3131.336,True
4/14/2026 9:00:00 PM,4/14/2026 5:00:00 PM,RFC,MIDATL,PEP,PEPCO,3277.374,True
4/14/2026 10:00:00 PM,4/14/2026 6:00:00 PM,RFC,MIDATL,PEP,PEPCO,3279.954,True
4/14/2026 11:00:00 PM,4/14/2026 7:00:00 PM,RFC,MIDATL,PEP,PEPCO,3214.878,True
4/15/2026 12:00:00 AM,4/14/2026 8:00:00 PM,RFC,MIDATL,PEP,PEPCO,3178.387,True
4/15/2026 1:00:00 AM,4/14/2026 9:00:00 PM,RFC,MIDATL,PEP,PEPCO,3059.443,True
4/15/2026 2:00:00 AM,4/14/2026 10:00:00 PM,RFC,MIDATL,PEP,PEPCO,2860.234,True
4/15/2026 3:00:00 AM,4/14/2026 11:00:00 PM,RFC,MIDATL,PEP,PEPCO,2602.295,True
4/15/2026 4:00:00 AM,4/15/2026 12:00:00 AM,RFC,MIDATL,PEP,PEPCO,2406.279,True
4/15/2026 5:00:00 AM,4/15/2026 1:00:00 AM,RFC,MIDATL,PEP,PEPCO,2254.637,True
4/15/2026 6:00:00 AM,4/15/2026 2:00:00 AM,RFC,MIDATL,PEP,PEPCO,2155.942,True
4/15/2026 7:00:00 AM,4/15/2026 3:00:00 AM,RFC,MIDATL,PEP,PEPCO,2088.394,True
4/15/2026 8:00:00 AM,4/15/2026 4:00:00 AM,RFC,MIDATL,PEP,PEPCO,2091.586,True
4/15/2026 9:00:00 AM,4/15/2026 5:00:00 AM,RFC,MIDATL,PEP,PEPCO,2270.872,True
4/15/2026 10:00:00 AM,4/15/2026 6:00:00 AM,RFC,MIDATL,PEP,PEPCO,2504.789,True
4/15/2026 11:00:00 AM,4/15/2026 7:00:00 AM,RFC,MIDATL,PEP,PEPCO,2640.452,True
4/15/2026 12:00:00 PM,4/15/2026 8:00:00 AM,RFC,MIDATL,PEP,PEPCO,2680.186,True
4/15/2026 1:00:00 PM,4/15/2026 9:00:00 AM,RFC,MIDATL,PEP,PEPCO,2759.597,True
4/15/2026 2:00:00 PM,4/15/2026 10:00:00 AM,RFC,MIDATL,PEP,PEPCO,2825.976,True
4/15/2026 3:00:00 PM,4/15/2026 11:00:00 AM,RFC,MIDATL,PEP,PEPCO,2918.257,True
4/15/2026 4:00:00 PM,4/15/2026 12:00:00 PM,RFC,MIDATL,PEP,PEPCO,3019.304,True
4/15/2026 5:00:00 PM,4/15/2026 1:00:00 PM,RFC,MIDATL,PEP,PEPCO,3172.515,True
4/15/2026 6:00:00 PM,4/15/2026 2:00:00 PM,RFC,MIDATL,PEP,PEPCO,3342.498,True
4/15/2026 7:00:00 PM,4/15/2026 3:00:00 PM,RFC,MIDATL,PEP,PEPCO,3405.878,True
4/15/2026 8:00:00 PM,4/15/2026 4:00:00 PM,RFC,MIDATL,PEP,PEPCO,3594.693,True
4/15/2026 9:00:00 PM,4/15/2026 5:00:00 PM,RFC,MIDATL,PEP,PEPCO,3687.547,True
4/15/2026 10:00:00 PM,4/15/2026 6:00:00 PM,RFC,MIDATL,PEP,PEPCO,3626.578,True
4/15/2026 11:00:00 PM,4/15/2026 7:00:00 PM,RFC,MIDATL,PEP,PEPCO,3537.653,True
4/16/2026 12:00:00 AM,4/15/2026 8:00:00 PM,RFC,MIDATL,PEP,PEPCO,3464.832,True
4/16/2026 1:00:00 AM,4/15/2026 9:00:00 PM,RFC,MIDATL,PEP,PEPCO,3316.388,True
4/16/2026 2:00:00 AM,4/15/2026 10:00:00 PM,RFC,MIDATL,PEP,PEPCO,3075.728,True
4/16/2026 3:00:00 AM,4/15/2026 11:00:00 PM,RFC,MIDATL,PEP,PEPCO,2823.634,True
4/16/2026 4:00:00 AM,4/16/2026 12:00:00 AM,RFC,MIDATL,PEP,PEPCO,2611.447,True
4/16/2026 5:00:00 AM,4/16/2026 1:00:00 AM,RFC,MIDATL,PEP,PEPCO,2383.334,True
4/16/2026 6:00:00 AM,4/16/2026 2:00:00 AM,RFC,MIDATL,PEP,PEPCO,2297.499,True
4/16/2026 7:00:00 AM,4/16/2026 3:00:00 AM,RFC,MIDATL,PEP,PEPCO,2211.806,True
4/16/2026 8:00:00 AM,4/16/2026 4:00:00 AM,RFC,MIDATL,PEP,PEPCO,2209.609,True
4/16/2026 9:00:00 AM,4/16/2026 5:00:00 AM,RFC,MIDATL,PEP,PEPCO,2335.429,True
4/16/2026 10:00:00 AM,4/16/2026 6:00:00 AM,RFC,MIDATL,PEP,PEPCO,2568.166,True
4/16/2026 11:00:00 AM,4/16/2026 7:00:00 AM,RFC,MIDATL,PEP,PEPCO,2707.074,True
4/16/2026 12:00:00 PM,4/16/2026 8:00:00 AM,RFC,MIDATL,PEP,PEPCO,2779.047,True
4/16/2026 1:00:00 PM,4/16/2026 9:00:00 AM,RFC,MIDATL,PEP,PEPCO,2807.488,True
4/16/2026 2:00:00 PM,4/16/2026 10:00:00 AM,RFC,MIDATL,PEP,PEPCO,2912.797,True
4/16/2026 3:00:00 PM,4/16/2026 11:00:00 AM,RFC,MIDATL,PEP,PEPCO,3022.593,True
4/16/2026 4:00:00 PM,4/16/2026 12:00:00 PM,RFC,MIDATL,PEP,PEPCO,3130.705,True
4/16/2026 5:00:00 PM,4/16/2026 1:00:00 PM,RFC,MIDATL,PEP,PEPCO,3238.429,True
4/16/2026 6:00:00 PM,4/16/2026 2:00:00 PM,RFC,MIDATL,PEP,PEPCO,3389.585,True
4/16/2026 7:00:00 PM,4/16/2026 3:00:00 PM,RFC,MIDATL,PEP,PEPCO,3553.593,True
4/16/2026 8:00:00 PM,4/16/2026 4:00:00 PM,RFC,MIDATL,PEP,PEPCO,3713.219,True
4/16/2026 9:00:00 PM,4/16/2026 5:00:00 PM,RFC,MIDATL,PEP,PEPCO,3865.484,True
4/16/2026 10:00:00 PM,4/16/2026 6:00:00 PM,RFC,MIDATL,PEP,PEPCO,3765.784,True
4/16/2026 11:00:00 PM,4/16/2026 7:00:00 PM,RFC,MIDATL,PEP,PEPCO,3612.347,True
4/17/2026 12:00:00 AM,4/16/2026 8:00:00 PM,RFC,MIDATL,PEP,PEPCO,3536.844,True
4/17/2026 1:00:00 AM,4/16/2026 9:00:00 PM,RFC,MIDATL,PEP,PEPCO,3370.067,True
4/17/2026 2:00:00 AM,4/16/2026 10:00:00 PM,RFC,MIDATL,PEP,PEPCO,3127.252,True
4/17/2026 3:00:00 AM,4/16/2026 11:00:00 PM,RFC,MIDATL,PEP,PEPCO,2868.297,True
4/17/2026 4:00:00 AM,4/17/2026 12:00:00 AM,RFC,MIDATL,PEP,PEPCO,2660.247,True
4/17/2026 5:00:00 AM,4/17/2026 1:00:00 AM,RFC,MIDATL,PEP,PEPCO,2506.785,True
4/17/2026 6:00:00 AM,4/17/2026 2:00:00 AM,RFC,MIDATL,PEP,PEPCO,2385.371,True
4/17/2026 7:00:00 AM,4/17/2026 3:00:00 AM,RFC,MIDATL,PEP,PEPCO,2281.726,True
4/17/2026 8:00:00 AM,4/17/2026 4:00:00 AM,RFC,MIDATL,PEP,PEPCO,2310.415,True
4/17/2026 9:00:00 AM,4/17/2026 5:00:00 AM,RFC,MIDATL,PEP,PEPCO,2451.181,True
4/17/2026 10:00:00 AM,4/17/2026 6:00:00 AM,RFC,MIDATL,PEP,PEPCO,2680.391,True
4/17/2026 11:00:00 AM,4/17/2026 7:00:00 AM,RFC,MIDATL,PEP,PEPCO,2741.384,True
4/17/2026 12:00:00 PM,4/17/2026 8:00:00 AM,RFC,MIDATL,PEP,PEPCO,2823.407,True
4/17/2026 1:00:00 PM,4/17/2026 9:00:00 AM,RFC,MIDATL,PEP,PEPCO,2842.275,True
4/17/2026 2:00:00 PM,4/17/2026 10:00:00 AM,RFC,MIDATL,PEP,PEPCO,2855.167,True
4/17/2026 3:00:00 PM,4/17/2026 11:00:00 AM,RFC,MIDATL,PEP,PEPCO,2845.118,True
4/17/2026 4:00:00 PM,4/17/2026 12:00:00 PM,RFC,MIDATL,PEP,PEPCO,2940.727,True
4/17/2026 5:00:00 PM,4/17/2026 1:00:00 PM,RFC,MIDATL,PEP,PEPCO,3018.776,True
4/17/2026 6:00:00 PM,4/17/2026 2:00:00 PM,RFC,MIDATL,PEP,PEPCO,3009.196,True
4/17/2026 7:00:00 PM,4/17/2026 3:00:00 PM,RFC,MIDATL,PEP,PEPCO,3100.520,True
4/17/2026 8:00:00 PM,4/17/2026 4:00:00 PM,RFC,MIDATL,PEP,PEPCO,3201.796,True
4/17/2026 9:00:00 PM,4/17/2026 5:00:00 PM,RFC,MIDATL,PEP,PEPCO,3258.125,True
4/17/2026 10:00:00 PM,4/17/2026 6:00:00 PM,RFC,MIDATL,PEP,PEPCO,3228.872,True
4/17/2026 11:00:00 PM,4/17/2026 7:00:00 PM,RFC,MIDATL,PEP,PEPCO,3079.599,True
4/18/2026 12:00:00 AM,4/17/2026 8:00:00 PM,RFC,MIDATL,PEP,PEPCO,2993.906,True
4/18/2026 1:00:00 AM,4/17/2026 9:00:00 PM,RFC,MIDATL,PEP,PEPCO,2830.784,True
4/18/2026 2:00:00 AM,4/17/2026 10:00:00 PM,RFC,MIDATL,PEP,PEPCO,2690.386,True
4/18/2026 3:00:00 AM,4/17/2026 11:00:00 PM,RFC,MIDATL,PEP,PEPCO,2470.333,True
4/18/2026 4:00:00 AM,4/18/2026 12:00:00 AM,RFC,MIDATL,PEP,PEPCO,2319.398,True
4/18/2026 5:00:00 AM,4/18/2026 1:00:00 AM,RFC,MIDATL,PEP,PEPCO,2217.721,True
4/18/2026 6:00:00 AM,4/18/2026 2:00:00 AM,RFC,MIDATL,PEP,PEPCO,2073.688,True
4/18/2026 7:00:00 AM,4/18/2026 3:00:00 AM,RFC,MIDATL,PEP,PEPCO,2001.259,True
4/18/2026 8:00:00 AM,4/18/2026 4:00:00 AM,RFC,MIDATL,PEP,PEPCO,1985.325,True
4/18/2026 9:00:00 AM,4/18/2026 5:00:00 AM,RFC,MIDATL,PEP,PEPCO,1985.874,True
4/18/2026 10:00:00 AM,4/18/2026 6:00:00 AM,RFC,MIDATL,PEP,PEPCO,2026.298,True
4/18/2026 11:00:00 AM,4/18/2026 7:00:00 AM,RFC,MIDATL,PEP,PEPCO,2095.978,True
4/18/2026 12:00:00 PM,4/18/2026 8:00:00 AM,RFC,MIDATL,PEP,PEPCO,2196.711,True
4/18/2026 1:00:00 PM,4/18/2026 9:00:00 AM,RFC,MIDATL,PEP,PEPCO,2233.866,True
4/18/2026 2:00:00 PM,4/18/2026 10:00:00 AM,RFC,MIDATL,PEP,PEPCO,2285.404,True
4/18/2026 3:00:00 PM,4/18/2026 11:00:00 AM,RFC,MIDATL,PEP,PEPCO,2347.043,True
4/18/2026 4:00:00 PM,4/18/2026 12:00:00 PM,RFC,MIDATL,PEP,PEPCO,2457.781,True
4/18/2026 5:00:00 PM,4/18/2026 1:00:00 PM,RFC,MIDATL,PEP,PEPCO,2655.642,True
4/18/2026 6:00:00 PM,4/18/2026 2:00:00 PM,RFC,MIDATL,PEP,PEPCO,2707.790,True
4/18/2026 7:00:00 PM,4/18/2026 3:00:00 PM,RFC,MIDATL,PEP,PEPCO,2808.591,True
4/18/2026 8:00:00 PM,4/18/2026 4:00:00 PM,RFC,MIDATL,PEP,PEPCO,2776.886,True
4/18/2026 9:00:00 PM,4/18/2026 5:00:00 PM,RFC,MIDATL,PEP,PEPCO,2820.138,True
4/18/2026 10:00:00 PM,4/18/2026 6:00:00 PM,RFC,MIDATL,PEP,PEPCO,2887.377,True
4/18/2026 11:00:00 PM,4/18/2026 7:00:00 PM,RFC,MIDATL,PEP,PEPCO,2812.861,True
4/19/2026 12:00:00 AM,4/18/2026 8:00:00 PM,RFC,MIDATL,PEP,PEPCO,2779.237,True
4/19/2026 1:00:00 AM,4/18/2026 9:00:00 PM,RFC,MIDATL,PEP,PEPCO,2704.757,True
4/19/2026 2:00:00 AM,4/18/2026 10:00:00 PM,RFC,MIDATL,PEP,PEPCO,2539.326,True
4/19/2026 3:00:00 AM,4/18/2026 11:00:00 PM,RFC,MIDATL,PEP,PEPCO,2417.291,True
4/19/2026 4:00:00 AM,4/19/2026 12:00:00 AM,RFC,MIDATL,PEP,PEPCO,2286.790,True
4/19/2026 5:00:00 AM,4/19/2026 1:00:00 AM,RFC,MIDATL,PEP,PEPCO,2148.783,True
4/19/2026 6:00:00 AM,4/19/2026 2:00:00 AM,RFC,MIDATL,PEP,PEPCO,2031.148,True
4/19/2026 7:00:00 AM,4/19/2026 3:00:00 AM,RFC,MIDATL,PEP,PEPCO,1973.751,True
4/19/2026 8:00:00 AM,4/19/2026 4:00:00 AM,RFC,MIDATL,PEP,PEPCO,1935.079,True
4/19/2026 9:00:00 AM,4/19/2026 5:00:00 AM,RFC,MIDATL,PEP,PEPCO,1937.903,True
4/19/2026 10:00:00 AM,4/19/2026 6:00:00 AM,RFC,MIDATL,PEP,PEPCO,1983.195,True
4/19/2026 11:00:00 AM,4/19/2026 7:00:00 AM,RFC,MIDATL,PEP,PEPCO,2004.132,True
4/19/2026 12:00:00 PM,4/19/2026 8:00:00 AM,RFC,MIDATL,PEP,PEPCO,2071.329,True
4/19/2026 1:00:00 PM,4/19/2026 9:00:00 AM,RFC,MIDATL,PEP,PEPCO,2151.552,True
4/19/2026 2:00:00 PM,4/19/2026 10:00:00 AM,RFC,MIDATL,PEP,PEPCO,2218.462,True
4/19/2026 3:00:00 PM,4/19/2026 11:00:00 AM,RFC,MIDATL,PEP,PEPCO,2217.318,True
4/19/2026 4:00:00 PM,4/19/2026 12:00:00 PM,RFC,MIDATL,PEP,PEPCO,2243.708,True
4/19/2026 5:00:00 PM,4/19/2026 1:00:00 PM,RFC,MIDATL,PEP,PEPCO,2057.210,True
4/19/2026 6:00:00 PM,4/19/2026 2:00:00 PM,RFC,MIDATL,PEP,PEPCO,1911.912,True
4/19/2026 7:00:00 PM,4/19/2026 3:00:00 PM,RFC,MIDATL,PEP,PEPCO,1957.235,True
4/19/2026 8:00:00 PM,4/19/2026 4:00:00 PM,RFC,MIDATL,PEP,PEPCO,2017.012,True
4/19/2026 9:00:00 PM,4/19/2026 5:00:00 PM,RFC,MIDATL,PEP,PEPCO,2165.193,True
4/19/2026 10:00:00 PM,4/19/2026 6:00:00 PM,RFC,MIDATL,PEP,PEPCO,2293.875,True
4/19/2026 11:00:00 PM,4/19/2026 7:00:00 PM,RFC,MIDATL,PEP,PEPCO,2372.721,True
4/20/2026 12:00:00 AM,4/19/2026 8:00:00 PM,RFC,MIDATL,PEP,PEPCO,2439.062,True
4/20/2026 1:00:00 AM,4/19/2026 9:00:00 PM,RFC,MIDATL,PEP,PEPCO,2382.954,True
4/20/2026 2:00:00 AM,4/19/2026 10:00:00 PM,RFC,MIDATL,PEP,PEPCO,2273.137,True
4/20/2026 3:00:00 AM,4/19/2026 11:00:00 PM,RFC,MIDATL,PEP,PEPCO,2139.589,True
4/20/2026 4:00:00 AM,4/20/2026 12:00:00 AM,RFC,MIDATL,PEP,PEPCO,2010.650,True
4/20/2026 5:00:00 AM,4/20/2026 1:00:00 AM,RFC,MIDATL,PEP,PEPCO,1923.896,True
4/20/2026 6:00:00 AM,4/20/2026 2:00:00 AM,RFC,MIDATL,PEP,PEPCO,1885.130,True
4/20/2026 7:00:00 AM,4/20/2026 3:00:00 AM,RFC,MIDATL,PEP,PEPCO,1895.218,True
4/20/2026 8:00:00 AM,4/20/2026 4:00:00 AM,RFC,MIDATL,PEP,PEPCO,1943.126,True
4/20/2026 9:00:00 AM,4/20/2026 5:00:00 AM,RFC,MIDATL,PEP,PEPCO,2131.924,True
4/20/2026 10:00:00 AM,4/20/2026 6:00:00 AM,RFC,MIDATL,PEP,PEPCO,2383.681,True
4/20/2026 11:00:00 AM,4/20/2026 7:00:00 AM,RFC,MIDATL,PEP,PEPCO,2524.623,True
4/20/2026 12:00:00 PM,4/20/2026 8:00:00 AM,RFC,MIDATL,PEP,PEPCO,2511.813,True
4/20/2026 1:00:00 PM,4/20/2026 9:00:00 AM,RFC,MIDATL,PEP,PEPCO,2408.766,True
4/20/2026 2:00:00 PM,4/20/2026 10:00:00 AM,RFC,MIDATL,PEP,PEPCO,2404.925,True
4/20/2026 3:00:00 PM,4/20/2026 11:00:00 AM,RFC,MIDATL,PEP,PEPCO,2373.002,True
4/20/2026 4:00:00 PM,4/20/2026 12:00:00 PM,RFC,MIDATL,PEP,PEPCO,2252.916,True
4/20/2026 5:00:00 PM,4/20/2026 1:00:00 PM,RFC,MIDATL,PEP,PEPCO,2200.962,True
4/20/2026 6:00:00 PM,4/20/2026 2:00:00 PM,RFC,MIDATL,PEP,PEPCO,2188.632,True
4/20/2026 7:00:00 PM,4/20/2026 3:00:00 PM,RFC,MIDATL,PEP,PEPCO,2171.248,True
4/20/2026 8:00:00 PM,4/20/2026 4:00:00 PM,RFC,MIDATL,PEP,PEPCO,2286.832,True
4/20/2026 9:00:00 PM,4/20/2026 5:00:00 PM,RFC,MIDATL,PEP,PEPCO,2349.467,True
4/20/2026 10:00:00 PM,4/20/2026 6:00:00 PM,RFC,MIDATL,PEP,PEPCO,2435.180,True
4/20/2026 11:00:00 PM,4/20/2026 7:00:00 PM,RFC,MIDATL,PEP,PEPCO,2513.054,True
4/21/2026 12:00:00 AM,4/20/2026 8:00:00 PM,RFC,MIDATL,PEP,PEPCO,2601.596,True
4/21/2026 1:00:00 AM,4/20/2026 9:00:00 PM,RFC,MIDATL,PEP,PEPCO,2532.990,True
4/21/2026 2:00:00 AM,4/20/2026 10:00:00 PM,RFC,MIDATL,PEP,PEPCO,2415.437,True
4/21/2026 3:00:00 AM,4/20/2026 11:00:00 PM,RFC,MIDATL,PEP,PEPCO,2271.886,True
4/21/2026 4:00:00 AM,4/21/2026 12:00:00 AM,RFC,MIDATL,PEP,PEPCO,2151.508,True
4/21/2026 5:00:00 AM,4/21/2026 1:00:00 AM,RFC,MIDATL,PEP,PEPCO,2105.932,True
4/21/2026 6:00:00 AM,4/21/2026 2:00:00 AM,RFC,MIDATL,PEP,PEPCO,2077.101,True
4/21/2026 7:00:00 AM,4/21/2026 3:00:00 AM,RFC,MIDATL,PEP,PEPCO,2098.519,True
4/21/2026 8:00:00 AM,4/21/2026 4:00:00 AM,RFC,MIDATL,PEP,PEPCO,2170.723,True
4/21/2026 9:00:00 AM,4/21/2026 5:00:00 AM,RFC,MIDATL,PEP,PEPCO,2391.133,True
4/21/2026 10:00:00 AM,4/21/2026 6:00:00 AM,RFC,MIDATL,PEP,PEPCO,2707.872,True
4/21/2026 11:00:00 AM,4/21/2026 7:00:00 AM,RFC,MIDATL,PEP,PEPCO,2773.890,True
4/21/2026 12:00:00 PM,4/21/2026 8:00:00 AM,RFC,MIDATL,PEP,PEPCO,2660.549,True
4/21/2026 1:00:00 PM,4/21/2026 9:00:00 AM,RFC,MIDATL,PEP,PEPCO,2460.542,True
4/21/2026 2:00:00 PM,4/21/2026 10:00:00 AM,RFC,MIDATL,PEP,PEPCO,2282.171,True
4/21/2026 3:00:00 PM,4/21/2026 11:00:00 AM,RFC,MIDATL,PEP,PEPCO,2217.876,True
4/21/2026 4:00:00 PM,4/21/2026 12:00:00 PM,RFC,MIDATL,PEP,PEPCO,2154.605,True
4/21/2026 5:00:00 PM,4/21/2026 1:00:00 PM,RFC,MIDATL,PEP,PEPCO,2126.420,True
4/21/2026 6:00:00 PM,4/21/2026 2:00:00 PM,RFC,MIDATL,PEP,PEPCO,2106.520,True
4/21/2026 7:00:00 PM,4/21/2026 3:00:00 PM,RFC,MIDATL,PEP,PEPCO,2201.784,True
4/21/2026 8:00:00 PM,4/21/2026 4:00:00 PM,RFC,MIDATL,PEP,PEPCO,2270.760,True
4/21/2026 9:00:00 PM,4/21/2026 5:00:00 PM,RFC,MIDATL,PEP,PEPCO,2357.623,True
4/21/2026 10:00:00 PM,4/21/2026 6:00:00 PM,RFC,MIDATL,PEP,PEPCO,2448.928,True
4/21/2026 11:00:00 PM,4/21/2026 7:00:00 PM,RFC,MIDATL,PEP,PEPCO,2491.609,True
4/22/2026 12:00:00 AM,4/21/2026 8:00:00 PM,RFC,MIDATL,PEP,PEPCO,2544.091,True
4/22/2026 1:00:00 AM,4/21/2026 9:00:00 PM,RFC,MIDATL,PEP,PEPCO,2474.951,True
4/22/2026 2:00:00 AM,4/21/2026 10:00:00 PM,RFC,MIDATL,PEP,PEPCO,2331.802,True
4/22/2026 3:00:00 AM,4/21/2026 11:00:00 PM,RFC,MIDATL,PEP,PEPCO,2185.673,True
4/22/2026 4:00:00 AM,4/22/2026 12:00:00 AM,RFC,MIDATL,PEP,PEPCO,2038.791,True
4/22/2026 5:00:00 AM,4/22/2026 1:00:00 AM,RFC,MIDATL,PEP,PEPCO,1983.194,True
4/22/2026 6:00:00 AM,4/22/2026 2:00:00 AM,RFC,MIDATL,PEP,PEPCO,1902.838,True
4/22/2026 7:00:00 AM,4/22/2026 3:00:00 AM,RFC,MIDATL,PEP,PEPCO,1928.232,True
4/22/2026 8:00:00 AM,4/22/2026 4:00:00 AM,RFC,MIDATL,PEP,PEPCO,1952.522,True
4/22/2026 9:00:00 AM,4/22/2026 5:00:00 AM,RFC,MIDATL,PEP,PEPCO,2129.688,True
4/22/2026 10:00:00 AM,4/22/2026 6:00:00 AM,RFC,MIDATL,PEP,PEPCO,2390.080,True
4/22/2026 11:00:00 AM,4/22/2026 7:00:00 AM,RFC,MIDATL,PEP,PEPCO,2434.400,True
4/22/2026 12:00:00 PM,4/22/2026 8:00:00 AM,RFC,MIDATL,PEP,PEPCO,2430.428,True
4/22/2026 1:00:00 PM,4/22/2026 9:00:00 AM,RFC,MIDATL,PEP,PEPCO,2465.492,True
4/22/2026 2:00:00 PM,4/22/2026 10:00:00 AM,RFC,MIDATL,PEP,PEPCO,2488.808,True
4/22/2026 3:00:00 PM,4/22/2026 11:00:00 AM,RFC,MIDATL,PEP,PEPCO,2548.133,True
4/22/2026 4:00:00 PM,4/22/2026 12:00:00 PM,RFC,MIDATL,PEP,PEPCO,2271.465,True
4/22/2026 5:00:00 PM,4/22/2026 1:00:00 PM,RFC,MIDATL,PEP,PEPCO,2255.674,True
4/22/2026 6:00:00 PM,4/22/2026 2:00:00 PM,RFC,MIDATL,PEP,PEPCO,2230.601,True
4/22/2026 7:00:00 PM,4/22/2026 3:00:00 PM,RFC,MIDATL,PEP,PEPCO,2287.886,True
4/22/2026 8:00:00 PM,4/22/2026 4:00:00 PM,RFC,MIDATL,PEP,PEPCO,2417.020,True
4/22/2026 9:00:00 PM,4/22/2026 5:00:00 PM,RFC,MIDATL,PEP,PEPCO,2519.183,True
4/22/2026 10:00:00 PM,4/22/2026 6:00:00 PM,RFC,MIDATL,PEP,PEPCO,2567.021,True
4/22/2026 11:00:00 PM,4/22/2026 7:00:00 PM,RFC,MIDATL,PEP,PEPCO,2556.515,True
4/23/2026 12:00:00 AM,4/22/2026 8:00:00 PM,RFC,MIDATL,PEP,PEPCO,2599.253,True
4/23/2026 1:00:00 AM,4/22/2026 9:00:00 PM,RFC,MIDATL,PEP,PEPCO,2553.497,True
4/23/2026 2:00:00 AM,4/22/2026 10:00:00 PM,RFC,MIDATL,PEP,PEPCO,2376.167,True
4/23/2026 3:00:00 AM,4/22/2026 11:00:00 PM,RFC,MIDATL,PEP,PEPCO,2202.032,True
4/23/2026 4:00:00 AM,4/23/2026 12:00:00 AM,RFC,MIDATL,PEP,PEPCO,2063.254,True
4/23/2026 5:00:00 AM,4/23/2026 1:00:00 AM,RFC,MIDATL,PEP,PEPCO,1965.071,True
4/23/2026 6:00:00 AM,4/23/2026 2:00:00 AM,RFC,MIDATL,PEP,PEPCO,1899.963,True
4/23/2026 7:00:00 AM,4/23/2026 3:00:00 AM,RFC,MIDATL,PEP,PEPCO,1886.538,True
4/23/2026 8:00:00 AM,4/23/2026 4:00:00 AM,RFC,MIDATL,PEP,PEPCO,1924.708,True
4/23/2026 9:00:00 AM,4/23/2026 5:00:00 AM,RFC,MIDATL,PEP,PEPCO,2085.679,True
4/23/2026 10:00:00 AM,4/23/2026 6:00:00 AM,RFC,MIDATL,PEP,PEPCO,2329.536,True
4/23/2026 11:00:00 AM,4/23/2026 7:00:00 AM,RFC,MIDATL,PEP,PEPCO,2441.216,True
4/23/2026 12:00:00 PM,4/23/2026 8:00:00 AM,RFC,MIDATL,PEP,PEPCO,2445.623,True
4/23/2026 1:00:00 PM,4/23/2026 9:00:00 AM,RFC,MIDATL,PEP,PEPCO,2415.730,True
4/23/2026 2:00:00 PM,4/23/2026 10:00:00 AM,RFC,MIDATL,PEP,PEPCO,2391.644,True
4/23/2026 3:00:00 PM,4/23/2026 11:00:00 AM,RFC,MIDATL,PEP,PEPCO,2402.505,True
4/23/2026 4:00:00 PM,4/23/2026 12:00:00 PM,RFC,MIDATL,PEP,PEPCO,2506.511,True
4/23/2026 5:00:00 PM,4/23/2026 1:00:00 PM,RFC,MIDATL,PEP,PEPCO,2501.896,True
4/23/2026 6:00:00 PM,4/23/2026 2:00:00 PM,RFC,MIDATL,PEP,PEPCO,2580.561,True
4/23/2026 7:00:00 PM,4/23/2026 3:00:00 PM,RFC,MIDATL,PEP,PEPCO,2662.458,True
4/23/2026 8:00:00 PM,4/23/2026 4:00:00 PM,RFC,MIDATL,PEP,PEPCO,2821.993,True
4/23/2026 9:00:00 PM,4/23/2026 5:00:00 PM,RFC,MIDATL,PEP,PEPCO,2956.958,True
4/23/2026 10:00:00 PM,4/23/2026 6:00:00 PM,RFC,MIDATL,PEP,PEPCO,2982.300,True
4/23/2026 11:00:00 PM,4/23/2026 7:00:00 PM,RFC,MIDATL,PEP,PEPCO,2935.987,True
4/24/2026 12:00:00 AM,4/23/2026 8:00:00 PM,RFC,MIDATL,PEP,PEPCO,2862.392,True
4/24/2026 1:00:00 AM,4/23/2026 9:00:00 PM,RFC,MIDATL,PEP,PEPCO,2781.693,True
4/24/2026 2:00:00 AM,4/23/2026 10:00:00 PM,RFC,MIDATL,PEP,PEPCO,2578.436,True
4/24/2026 3:00:00 AM,4/23/2026 11:00:00 PM,RFC,MIDATL,PEP,PEPCO,2401.180,True
4/24/2026 4:00:00 AM,4/24/2026 12:00:00 AM,RFC,MIDATL,PEP,PEPCO,2221.911,True
4/24/2026 5:00:00 AM,4/24/2026 1:00:00 AM,RFC,MIDATL,PEP,PEPCO,2084.046,True
4/24/2026 6:00:00 AM,4/24/2026 2:00:00 AM,RFC,MIDATL,PEP,PEPCO,2002.532,True
4/24/2026 7:00:00 AM,4/24/2026 3:00:00 AM,RFC,MIDATL,PEP,PEPCO,1952.846,True
4/24/2026 8:00:00 AM,4/24/2026 4:00:00 AM,RFC,MIDATL,PEP,PEPCO,1968.814,True
4/24/2026 9:00:00 AM,4/24/2026 5:00:00 AM,RFC,MIDATL,PEP,PEPCO,2161.474,True
4/24/2026 10:00:00 AM,4/24/2026 6:00:00 AM,RFC,MIDATL,PEP,PEPCO,2344.160,True
4/24/2026 11:00:00 AM,4/24/2026 7:00:00 AM,RFC,MIDATL,PEP,PEPCO,2487.100,True
4/24/2026 12:00:00 PM,4/24/2026 8:00:00 AM,RFC,MIDATL,PEP,PEPCO,2548.251,True
4/24/2026 1:00:00 PM,4/24/2026 9:00:00 AM,RFC,MIDATL,PEP,PEPCO,2534.833,True
4/24/2026 2:00:00 PM,4/24/2026 10:00:00 AM,RFC,MIDATL,PEP,PEPCO,2534.014,True
4/24/2026 3:00:00 PM,4/24/2026 11:00:00 AM,RFC,MIDATL,PEP,PEPCO,2601.234,True
4/24/2026 4:00:00 PM,4/24/2026 12:00:00 PM,RFC,MIDATL,PEP,PEPCO,2640.525,True
4/24/2026 5:00:00 PM,4/24/2026 1:00:00 PM,RFC,MIDATL,PEP,PEPCO,2749.638,True
4/24/2026 6:00:00 PM,4/24/2026 2:00:00 PM,RFC,MIDATL,PEP,PEPCO,2870.837,True
4/24/2026 7:00:00 PM,4/24/2026 3:00:00 PM,RFC,MIDATL,PEP,PEPCO,3003.715,True
4/24/2026 8:00:00 PM,4/24/2026 4:00:00 PM,RFC,MIDATL,PEP,PEPCO,2903.360,True
4/24/2026 9:00:00 PM,4/24/2026 5:00:00 PM,RFC,MIDATL,PEP,PEPCO,2863.976,True
4/24/2026 10:00:00 PM,4/24/2026 6:00:00 PM,RFC,MIDATL,PEP,PEPCO,2805.966,True
4/24/2026 11:00:00 PM,4/24/2026 7:00:00 PM,RFC,MIDATL,PEP,PEPCO,2702.367,True
4/25/2026 12:00:00 AM,4/24/2026 8:00:00 PM,RFC,MIDATL,PEP,PEPCO,2662.438,True
4/25/2026 1:00:00 AM,4/24/2026 9:00:00 PM,RFC,MIDATL,PEP,PEPCO,2633.764,True
4/25/2026 2:00:00 AM,4/24/2026 10:00:00 PM,RFC,MIDATL,PEP,PEPCO,2451.413,True
4/25/2026 3:00:00 AM,4/24/2026 11:00:00 PM,RFC,MIDATL,PEP,PEPCO,2309.326,True
4/25/2026 4:00:00 AM,4/25/2026 12:00:00 AM,RFC,MIDATL,PEP,PEPCO,2181.368,True
4/25/2026 5:00:00 AM,4/25/2026 1:00:00 AM,RFC,MIDATL,PEP,PEPCO,2057.741,True
4/25/2026 6:00:00 AM,4/25/2026 2:00:00 AM,RFC,MIDATL,PEP,PEPCO,1943.410,True
4/25/2026 7:00:00 AM,4/25/2026 3:00:00 AM,RFC,MIDATL,PEP,PEPCO,1911.229,True
4/25/2026 8:00:00 AM,4/25/2026 4:00:00 AM,RFC,MIDATL,PEP,PEPCO,1853.374,True
4/25/2026 9:00:00 AM,4/25/2026 5:00:00 AM,RFC,MIDATL,PEP,PEPCO,1875.634,True
4/25/2026 10:00:00 AM,4/25/2026 6:00:00 AM,RFC,MIDATL,PEP,PEPCO,1917.162,True
4/25/2026 11:00:00 AM,4/25/2026 7:00:00 AM,RFC,MIDATL,PEP,PEPCO,2042.253,True
4/25/2026 12:00:00 PM,4/25/2026 8:00:00 AM,RFC,MIDATL,PEP,PEPCO,2122.045,True
4/25/2026 1:00:00 PM,4/25/2026 9:00:00 AM,RFC,MIDATL,PEP,PEPCO,2162.937,True
4/25/2026 2:00:00 PM,4/25/2026 10:00:00 AM,RFC,MIDATL,PEP,PEPCO,2170.120,True
4/25/2026 3:00:00 PM,4/25/2026 11:00:00 AM,RFC,MIDATL,PEP,PEPCO,2176.118,True
4/25/2026 4:00:00 PM,4/25/2026 12:00:00 PM,RFC,MIDATL,PEP,PEPCO,2137.201,True
4/25/2026 5:00:00 PM,4/25/2026 1:00:00 PM,RFC,MIDATL,PEP,PEPCO,2168.549,True
4/25/2026 6:00:00 PM,4/25/2026 2:00:00 PM,RFC,MIDATL,PEP,PEPCO,2179.865,True
4/25/2026 7:00:00 PM,4/25/2026 3:00:00 PM,RFC,MIDATL,PEP,PEPCO,2257.927,True
4/25/2026 8:00:00 PM,4/25/2026 4:00:00 PM,RFC,MIDATL,PEP,PEPCO,2299.482,True
4/25/2026 9:00:00 PM,4/25/2026 5:00:00 PM,RFC,MIDATL,PEP,PEPCO,2309.175,True
4/25/2026 10:00:00 PM,4/25/2026 6:00:00 PM,RFC,MIDATL,PEP,PEPCO,2337.319,True
4/25/2026 11:00:00 PM,4/25/2026 7:00:00 PM,RFC,MIDATL,PEP,PEPCO,2357.571,True
4/26/2026 12:00:00 AM,4/25/2026 8:00:00 PM,RFC,MIDATL,PEP,PEPCO,2360.737,True
4/26/2026 1:00:00 AM,4/25/2026 9:00:00 PM,RFC,MIDATL,PEP,PEPCO,2316.992,True
4/26/2026 2:00:00 AM,4/25/2026 10:00:00 PM,RFC,MIDATL,PEP,PEPCO,2234.827,True
4/26/2026 3:00:00 AM,4/25/2026 11:00:00 PM,RFC,MIDATL,PEP,PEPCO,2139.415,True
4/26/2026 4:00:00 AM,4/26/2026 12:00:00 AM,RFC,MIDATL,PEP,PEPCO,2016.027,True
4/26/2026 5:00:00 AM,4/26/2026 1:00:00 AM,RFC,MIDATL,PEP,PEPCO,1967.450,True
4/26/2026 6:00:00 AM,4/26/2026 2:00:00 AM,RFC,MIDATL,PEP,PEPCO,1887.903,True
4/26/2026 7:00:00 AM,4/26/2026 3:00:00 AM,RFC,MIDATL,PEP,PEPCO,1852.817,True
4/26/2026 8:00:00 AM,4/26/2026 4:00:00 AM,RFC,MIDATL,PEP,PEPCO,1875.858,True
4/26/2026 9:00:00 AM,4/26/2026 5:00:00 AM,RFC,MIDATL,PEP,PEPCO,1857.550,True
4/26/2026 10:00:00 AM,4/26/2026 6:00:00 AM,RFC,MIDATL,PEP,PEPCO,1943.834,True
4/26/2026 11:00:00 AM,4/26/2026 7:00:00 AM,RFC,MIDATL,PEP,PEPCO,2045.095,True
4/26/2026 12:00:00 PM,4/26/2026 8:00:00 AM,RFC,MIDATL,PEP,PEPCO,2090.379,True
4/26/2026 1:00:00 PM,4/26/2026 9:00:00 AM,RFC,MIDATL,PEP,PEPCO,2136.714,True
4/26/2026 2:00:00 PM,4/26/2026 10:00:00 AM,RFC,MIDATL,PEP,PEPCO,2170.822,True
4/26/2026 3:00:00 PM,4/26/2026 11:00:00 AM,RFC,MIDATL,PEP,PEPCO,2189.654,True
4/26/2026 4:00:00 PM,4/26/2026 12:00:00 PM,RFC,MIDATL,PEP,PEPCO,2165.133,True
4/26/2026 5:00:00 PM,4/26/2026 1:00:00 PM,RFC,MIDATL,PEP,PEPCO,2180.994,True
4/26/2026 6:00:00 PM,4/26/2026 2:00:00 PM,RFC,MIDATL,PEP,PEPCO,2175.672,True
4/26/2026 7:00:00 PM,4/26/2026 3:00:00 PM,RFC,MIDATL,PEP,PEPCO,2125.377,True
4/26/2026 8:00:00 PM,4/26/2026 4:00:00 PM,RFC,MIDATL,PEP,PEPCO,2141.386,True
4/26/2026 9:00:00 PM,4/26/2026 5:00:00 PM,RFC,MIDATL,PEP,PEPCO,2248.358,True
4/26/2026 10:00:00 PM,4/26/2026 6:00:00 PM,RFC,MIDATL,PEP,PEPCO,2326.264,True
4/26/2026 11:00:00 PM,4/26/2026 7:00:00 PM,RFC,MIDATL,PEP,PEPCO,2409.860,True
4/27/2026 12:00:00 AM,4/26/2026 8:00:00 PM,RFC,MIDATL,PEP,PEPCO,2476.889,True
4/27/2026 1:00:00 AM,4/26/2026 9:00:00 PM,RFC,MIDATL,PEP,PEPCO,2421.235,True
4/27/2026 2:00:00 AM,4/26/2026 10:00:00 PM,RFC,MIDATL,PEP,PEPCO,2307.646,True
4/27/2026 3:00:00 AM,4/26/2026 11:00:00 PM,RFC,MIDATL,PEP,PEPCO,2170.656,True
4/27/2026 4:00:00 AM,4/27/2026 12:00:00 AM,RFC,MIDATL,PEP,PEPCO,2041.120,True
4/27/2026 5:00:00 AM,4/27/2026 1:00:00 AM,RFC,MIDATL,PEP,PEPCO,1974.565,True
4/27/2026 6:00:00 AM,4/27/2026 2:00:00 AM,RFC,MIDATL,PEP,PEPCO,1926.023,True
4/27/2026 7:00:00 AM,4/27/2026 3:00:00 AM,RFC,MIDATL,PEP,PEPCO,1919.420,True
4/27/2026 8:00:00 AM,4/27/2026 4:00:00 AM,RFC,MIDATL,PEP,PEPCO,2026.014,True
4/27/2026 9:00:00 AM,4/27/2026 5:00:00 AM,RFC,MIDATL,PEP,PEPCO,2199.540,True
4/27/2026 10:00:00 AM,4/27/2026 6:00:00 AM,RFC,MIDATL,PEP,PEPCO,2466.367,True
4/27/2026 11:00:00 AM,4/27/2026 7:00:00 AM,RFC,MIDATL,PEP,PEPCO,2543.088,True
4/27/2026 12:00:00 PM,4/27/2026 8:00:00 AM,RFC,MIDATL,PEP,PEPCO,2426.416,True
4/27/2026 1:00:00 PM,4/27/2026 9:00:00 AM,RFC,MIDATL,PEP,PEPCO,2345.707,True
4/27/2026 2:00:00 PM,4/27/2026 10:00:00 AM,RFC,MIDATL,PEP,PEPCO,2241.266,True
4/27/2026 3:00:00 PM,4/27/2026 11:00:00 AM,RFC,MIDATL,PEP,PEPCO,2216.232,True
4/27/2026 4:00:00 PM,4/27/2026 12:00:00 PM,RFC,MIDATL,PEP,PEPCO,2207.044,True
4/27/2026 5:00:00 PM,4/27/2026 1:00:00 PM,RFC,MIDATL,PEP,PEPCO,2203.773,True
4/27/2026 6:00:00 PM,4/27/2026 2:00:00 PM,RFC,MIDATL,PEP,PEPCO,2179.829,True
4/27/2026 7:00:00 PM,4/27/2026 3:00:00 PM,RFC,MIDATL,PEP,PEPCO,2243.452,True
4/27/2026 8:00:00 PM,4/27/2026 4:00:00 PM,RFC,MIDATL,PEP,PEPCO,2364.160,True
4/27/2026 9:00:00 PM,4/27/2026 5:00:00 PM,RFC,MIDATL,PEP,PEPCO,2451.317,True
4/27/2026 10:00:00 PM,4/27/2026 6:00:00 PM,RFC,MIDATL,PEP,PEPCO,2488.558,True
4/27/2026 11:00:00 PM,4/27/2026 7:00:00 PM,RFC,MIDATL,PEP,PEPCO,2534.365,True
4/28/2026 12:00:00 AM,4/27/2026 8:00:00 PM,RFC,MIDATL,PEP,PEPCO,2549.500,True
4/28/2026 1:00:00 AM,4/27/2026 9:00:00 PM,RFC,MIDATL,PEP,PEPCO,2463.729,True
4/28/2026 2:00:00 AM,4/27/2026 10:00:00 PM,RFC,MIDATL,PEP,PEPCO,2279.576,True
4/28/2026 3:00:00 AM,4/27/2026 11:00:00 PM,RFC,MIDATL,PEP,PEPCO,2125.015,True
4/28/2026 4:00:00 AM,4/28/2026 12:00:00 AM,RFC,MIDATL,PEP,PEPCO,2010.039,True
4/28/2026 5:00:00 AM,4/28/2026 1:00:00 AM,RFC,MIDATL,PEP,PEPCO,1912.129,True
4/28/2026 6:00:00 AM,4/28/2026 2:00:00 AM,RFC,MIDATL,PEP,PEPCO,1863.303,True
4/28/2026 7:00:00 AM,4/28/2026 3:00:00 AM,RFC,MIDATL,PEP,PEPCO,1833.995,True
4/28/2026 8:00:00 AM,4/28/2026 4:00:00 AM,RFC,MIDATL,PEP,PEPCO,1911.290,True
4/28/2026 9:00:00 AM,4/28/2026 5:00:00 AM,RFC,MIDATL,PEP,PEPCO,2087.891,True
4/28/2026 10:00:00 AM,4/28/2026 6:00:00 AM,RFC,MIDATL,PEP,PEPCO,2312.993,True
4/28/2026 11:00:00 AM,4/28/2026 7:00:00 AM,RFC,MIDATL,PEP,PEPCO,2460.582,True
4/28/2026 12:00:00 PM,4/28/2026 8:00:00 AM,RFC,MIDATL,PEP,PEPCO,2432.919,True
4/28/2026 1:00:00 PM,4/28/2026 9:00:00 AM,RFC,MIDATL,PEP,PEPCO,2544.823,True
4/28/2026 2:00:00 PM,4/28/2026 10:00:00 AM,RFC,MIDATL,PEP,PEPCO,2606.830,True
4/28/2026 3:00:00 PM,4/28/2026 11:00:00 AM,RFC,MIDATL,PEP,PEPCO,2644.400,True
4/28/2026 4:00:00 PM,4/28/2026 12:00:00 PM,RFC,MIDATL,PEP,PEPCO,2604.146,True
4/28/2026 5:00:00 PM,4/28/2026 1:00:00 PM,RFC,MIDATL,PEP,PEPCO,2526.886,True
4/28/2026 6:00:00 PM,4/28/2026 2:00:00 PM,RFC,MIDATL,PEP,PEPCO,2408.430,True
4/28/2026 7:00:00 PM,4/28/2026 3:00:00 PM,RFC,MIDATL,PEP,PEPCO,2449.070,True
4/28/2026 8:00:00 PM,4/28/2026 4:00:00 PM,RFC,MIDATL,PEP,PEPCO,2544.415,True
4/28/2026 9:00:00 PM,4/28/2026 5:00:00 PM,RFC,MIDATL,PEP,PEPCO,2575.903,True
4/28/2026 10:00:00 PM,4/28/2026 6:00:00 PM,RFC,MIDATL,PEP,PEPCO,2522.570,True
4/28/2026 11:00:00 PM,4/28/2026 7:00:00 PM,RFC,MIDATL,PEP,PEPCO,2549.787,True
4/29/2026 12:00:00 AM,4/28/2026 8:00:00 PM,RFC,MIDATL,PEP,PEPCO,2540.071,True
4/29/2026 1:00:00 AM,4/28/2026 9:00:00 PM,RFC,MIDATL,PEP,PEPCO,2489.445,True
4/29/2026 2:00:00 AM,4/28/2026 10:00:00 PM,RFC,MIDATL,PEP,PEPCO,2325.746,True
4/29/2026 3:00:00 AM,4/28/2026 11:00:00 PM,RFC,MIDATL,PEP,PEPCO,2184.119,True
4/29/2026 4:00:00 AM,4/29/2026 12:00:00 AM,RFC,MIDATL,PEP,PEPCO,2040.705,True
4/29/2026 5:00:00 AM,4/29/2026 1:00:00 AM,RFC,MIDATL,PEP,PEPCO,1937.848,True
4/29/2026 6:00:00 AM,4/29/2026 2:00:00 AM,RFC,MIDATL,PEP,PEPCO,1921.532,True
4/29/2026 7:00:00 AM,4/29/2026 3:00:00 AM,RFC,MIDATL,PEP,PEPCO,1906.900,True
4/29/2026 8:00:00 AM,4/29/2026 4:00:00 AM,RFC,MIDATL,PEP,PEPCO,1945.874,True
4/29/2026 9:00:00 AM,4/29/2026 5:00:00 AM,RFC,MIDATL,PEP,PEPCO,2141.650,True
4/29/2026 10:00:00 AM,4/29/2026 6:00:00 AM,RFC,MIDATL,PEP,PEPCO,2366.659,True
4/29/2026 11:00:00 AM,4/29/2026 7:00:00 AM,RFC,MIDATL,PEP,PEPCO,2517.253,True
4/29/2026 12:00:00 PM,4/29/2026 8:00:00 AM,RFC,MIDATL,PEP,PEPCO,2565.194,True
4/29/2026 1:00:00 PM,4/29/2026 9:00:00 AM,RFC,MIDATL,PEP,PEPCO,2600.588,True
4/29/2026 2:00:00 PM,4/29/2026 10:00:00 AM,RFC,MIDATL,PEP,PEPCO,2594.713,True
4/29/2026 3:00:00 PM,4/29/2026 11:00:00 AM,RFC,MIDATL,PEP,PEPCO,2583.305,True
4/29/2026 4:00:00 PM,4/29/2026 12:00:00 PM,RFC,MIDATL,PEP,PEPCO,2589.017,True
4/29/2026 5:00:00 PM,4/29/2026 1:00:00 PM,RFC,MIDATL,PEP,PEPCO,2603.371,True
4/29/2026 6:00:00 PM,4/29/2026 2:00:00 PM,RFC,MIDATL,PEP,PEPCO,2576.569,True
4/29/2026 7:00:00 PM,4/29/2026 3:00:00 PM,RFC,MIDATL,PEP,PEPCO,2575.840,True
4/29/2026 8:00:00 PM,4/29/2026 4:00:00 PM,RFC,MIDATL,PEP,PEPCO,2619.924,True
4/29/2026 9:00:00 PM,4/29/2026 5:00:00 PM,RFC,MIDATL,PEP,PEPCO,2672.748,True
4/29/2026 10:00:00 PM,4/29/2026 6:00:00 PM,RFC,MIDATL,PEP,PEPCO,2618.145,True
4/29/2026 11:00:00 PM,4/29/2026 7:00:00 PM,RFC,MIDATL,PEP,PEPCO,2602.797,True
4/30/2026 12:00:00 AM,4/29/2026 8:00:00 PM,RFC,MIDATL,PEP,PEPCO,2555.569,True
4/30/2026 1:00:00 AM,4/29/2026 9:00:00 PM,RFC,MIDATL,PEP,PEPCO,2520.431,True
4/30/2026 2:00:00 AM,4/29/2026 10:00:00 PM,RFC,MIDATL,PEP,PEPCO,2339.658,True
4/30/2026 3:00:00 AM,4/29/2026 11:00:00 PM,RFC,MIDATL,PEP,PEPCO,2165.498,True
4/30/2026 4:00:00 AM,4/30/2026 12:00:00 AM,RFC,MIDATL,PEP,PEPCO,2077.412,True
4/30/2026 5:00:00 AM,4/30/2026 1:00:00 AM,RFC,MIDATL,PEP,PEPCO,1988.062,True
4/30/2026 6:00:00 AM,4/30/2026 2:00:00 AM,RFC,MIDATL,PEP,PEPCO,1935.975,True
4/30/2026 7:00:00 AM,4/30/2026 3:00:00 AM,RFC,MIDATL,PEP,PEPCO,1919.356,True
4/30/2026 8:00:00 AM,4/30/2026 4:00:00 AM,RFC,MIDATL,PEP,PEPCO,1954.869,True
4/30/2026 9:00:00 AM,4/30/2026 5:00:00 AM,RFC,MIDATL,PEP,PEPCO,2160.247,True
4/30/2026 10:00:00 AM,4/30/2026 6:00:00 AM,RFC,MIDATL,PEP,PEPCO,2360.572,True
4/30/2026 11:00:00 AM,4/30/2026 7:00:00 AM,RFC,MIDATL,PEP,PEPCO,2492.745,True
4/30/2026 12:00:00 PM,4/30/2026 8:00:00 AM,RFC,MIDATL,PEP,PEPCO,2430.847,True
4/30/2026 1:00:00 PM,4/30/2026 9:00:00 AM,RFC,MIDATL,PEP,PEPCO,2301.023,True
4/30/2026 2:00:00 PM,4/30/2026 10:00:00 AM,RFC,MIDATL,PEP,PEPCO,2228.879,True
4/30/2026 3:00:00 PM,4/30/2026 11:00:00 AM,RFC,MIDATL,PEP,PEPCO,2183.367,True
4/30/2026 4:00:00 PM,4/30/2026 12:00:00 PM,RFC,MIDATL,PEP,PEPCO,2218.181,True
4/30/2026 5:00:00 PM,4/30/2026 1:00:00 PM,RFC,MIDATL,PEP,PEPCO,2167.925,True
4/30/2026 6:00:00 PM,4/30/2026 2:00:00 PM,RFC,MIDATL,PEP,PEPCO,2173.150,True
4/30/2026 7:00:00 PM,4/30/2026 3:00:00 PM,RFC,MIDATL,PEP,PEPCO,2237.618,True
4/30/2026 8:00:00 PM,4/30/2026 4:00:00 PM,RFC,MIDATL,PEP,PEPCO,2287.849,True
4/30/2026 9:00:00 PM,4/30/2026 5:00:00 PM,RFC,MIDATL,PEP,PEPCO,2365.587,True
4/30/2026 10:00:00 PM,4/30/2026 6:00:00 PM,RFC,MIDATL,PEP,PEPCO,2413.725,True
4/30/2026 11:00:00 PM,4/30/2026 7:00:00 PM,RFC,MIDATL,PEP,PEPCO,2421.854,True
5/1/2026 12:00:00 AM,4/30/2026 8:00:00 PM,RFC,MIDATL,PEP,PEPCO,2456.735,True
5/1/2026 1:00:00 AM,4/30/2026 9:00:00 PM,RFC,MIDATL,PEP,PEPCO,2408.836,True
5/1/2026 2:00:00 AM,4/30/2026 10:00:00 PM,RFC,MIDATL,PEP,PEPCO,2266.718,True
5/1/2026 3:00:00 AM,4/30/2026 11:00:00 PM,RFC,MIDATL,PEP,PEPCO,2123.069,True
5/1/2026 4:00:00 AM,5/1/2026 12:00:00 AM,RFC,MIDATL,PEP,PEPCO,1992.296,True
5/1/2026 5:00:00 AM,5/1/2026 1:00:00 AM,RFC,MIDATL,PEP,PEPCO,1946.321,True
5/1/2026 6:00:00 AM,5/1/2026 2:00:00 AM,RFC,MIDATL,PEP,PEPCO,1876.680,True
5/1/2026 7:00:00 AM,5/1/2026 3:00:00 AM,RFC,MIDATL,PEP,PEPCO,1893.046,True
5/1/2026 8:00:00 AM,5/1/2026 4:00:00 AM,RFC,MIDATL,PEP,PEPCO,1942.293,True
5/1/2026 9:00:00 AM,5/1/2026 5:00:00 AM,RFC,MIDATL,PEP,PEPCO,2148.319,True
5/1/2026 10:00:00 AM,5/1/2026 6:00:00 AM,RFC,MIDATL,PEP,PEPCO,2387.503,True
5/1/2026 11:00:00 AM,5/1/2026 7:00:00 AM,RFC,MIDATL,PEP,PEPCO,2463.391,True
5/1/2026 12:00:00 PM,5/1/2026 8:00:00 AM,RFC,MIDATL,PEP,PEPCO,2377.197,True
5/1/2026 1:00:00 PM,5/1/2026 9:00:00 AM,RFC,MIDATL,PEP,PEPCO,2261.397,True
5/1/2026 2:00:00 PM,5/1/2026 10:00:00 AM,RFC,MIDATL,PEP,PEPCO,2140.038,True
5/1/2026 3:00:00 PM,5/1/2026 11:00:00 AM,RFC,MIDATL,PEP,PEPCO,2100.707,True
5/1/2026 4:00:00 PM,5/1/2026 12:00:00 PM,RFC,MIDATL,PEP,PEPCO,2065.599,True
5/1/2026 5:00:00 PM,5/1/2026 1:00:00 PM,RFC,MIDATL,PEP,PEPCO,2045.466,True
5/1/2026 6:00:00 PM,5/1/2026 2:00:00 PM,RFC,MIDATL,PEP,PEPCO,2083.257,True
5/1/2026 7:00:00 PM,5/1/2026 3:00:00 PM,RFC,MIDATL,PEP,PEPCO,2107.747,True
5/1/2026 8:00:00 PM,5/1/2026 4:00:00 PM,RFC,MIDATL,PEP,PEPCO,2229.386,True
5/1/2026 9:00:00 PM,5/1/2026 5:00:00 PM,RFC,MIDATL,PEP,PEPCO,2332.792,True
5/1/2026 10:00:00 PM,5/1/2026 6:00:00 PM,RFC,MIDATL,PEP,PEPCO,2377.536,True
5/1/2026 11:00:00 PM,5/1/2026 7:00:00 PM,RFC,MIDATL,PEP,PEPCO,2408.248,True
5/2/2026 12:00:00 AM,5/1/2026 8:00:00 PM,RFC,MIDATL,PEP,PEPCO,2397.528,True
5/2/2026 1:00:00 AM,5/1/2026 9:00:00 PM,RFC,MIDATL,PEP,PEPCO,2336.604,True
5/2/2026 2:00:00 AM,5/1/2026 10:00:00 PM,RFC,MIDATL,PEP,PEPCO,2241.498,True
5/2/2026 3:00:00 AM,5/1/2026 11:00:00 PM,RFC,MIDATL,PEP,PEPCO,2121.191,True
5/2/2026 4:00:00 AM,5/2/2026 12:00:00 AM,RFC,MIDATL,PEP,PEPCO,2035.207,True
5/2/2026 5:00:00 AM,5/2/2026 1:00:00 AM,RFC,MIDATL,PEP,PEPCO,1938.499,True
5/2/2026 6:00:00 AM,5/2/2026 2:00:00 AM,RFC,MIDATL,PEP,PEPCO,1882.687,True
5/2/2026 7:00:00 AM,5/2/2026 3:00:00 AM,RFC,MIDATL,PEP,PEPCO,1822.070,True
5/2/2026 8:00:00 AM,5/2/2026 4:00:00 AM,RFC,MIDATL,PEP,PEPCO,1808.395,True
5/2/2026 9:00:00 AM,5/2/2026 5:00:00 AM,RFC,MIDATL,PEP,PEPCO,1854.321,True
5/2/2026 10:00:00 AM,5/2/2026 6:00:00 AM,RFC,MIDATL,PEP,PEPCO,1951.255,True
5/2/2026 11:00:00 AM,5/2/2026 7:00:00 AM,RFC,MIDATL,PEP,PEPCO,1996.147,True
5/2/2026 12:00:00 PM,5/2/2026 8:00:00 AM,RFC,MIDATL,PEP,PEPCO,2048.262,True
5/2/2026 1:00:00 PM,5/2/2026 9:00:00 AM,RFC,MIDATL,PEP,PEPCO,2013.139,True
5/2/2026 2:00:00 PM,5/2/2026 10:00:00 AM,RFC,MIDATL,PEP,PEPCO,1963.430,True
5/2/2026 3:00:00 PM,5/2/2026 11:00:00 AM,RFC,MIDATL,PEP,PEPCO,1933.017,True
5/2/2026 4:00:00 PM,5/2/2026 12:00:00 PM,RFC,MIDATL,PEP,PEPCO,1946.318,True
5/2/2026 5:00:00 PM,5/2/2026 1:00:00 PM,RFC,MIDATL,PEP,PEPCO,1873.098,True
5/2/2026 6:00:00 PM,5/2/2026 2:00:00 PM,RFC,MIDATL,PEP,PEPCO,1869.756,True
5/2/2026 7:00:00 PM,5/2/2026 3:00:00 PM,RFC,MIDATL,PEP,PEPCO,1914.083,True
5/2/2026 8:00:00 PM,5/2/2026 4:00:00 PM,RFC,MIDATL,PEP,PEPCO,1976.861,True
5/2/2026 9:00:00 PM,5/2/2026 5:00:00 PM,RFC,MIDATL,PEP,PEPCO,2078.456,True
5/2/2026 10:00:00 PM,5/2/2026 6:00:00 PM,RFC,MIDATL,PEP,PEPCO,2157.978,True
5/2/2026 11:00:00 PM,5/2/2026 7:00:00 PM,RFC,MIDATL,PEP,PEPCO,2237.110,True
5/3/2026 12:00:00 AM,5/2/2026 8:00:00 PM,RFC,MIDATL,PEP,PEPCO,2319.145,True
5/3/2026 1:00:00 AM,5/2/2026 9:00:00 PM,RFC,MIDATL,PEP,PEPCO,2283.243,True
5/3/2026 2:00:00 AM,5/2/2026 10:00:00 PM,RFC,MIDATL,PEP,PEPCO,2232.145,True
5/3/2026 3:00:00 AM,5/2/2026 11:00:00 PM,RFC,MIDATL,PEP,PEPCO,2126.441,True
5/3/2026 4:00:00 AM,5/3/2026 12:00:00 AM,RFC,MIDATL,PEP,PEPCO,2061.671,True
5/3/2026 5:00:00 AM,5/3/2026 1:00:00 AM,RFC,MIDATL,PEP,PEPCO,1978.544,True
5/3/2026 6:00:00 AM,5/3/2026 2:00:00 AM,RFC,MIDATL,PEP,PEPCO,1921.775,True
5/3/2026 7:00:00 AM,5/3/2026 3:00:00 AM,RFC,MIDATL,PEP,PEPCO,1876.685,True
5/3/2026 8:00:00 AM,5/3/2026 4:00:00 AM,RFC,MIDATL,PEP,PEPCO,1902.962,True
5/3/2026 9:00:00 AM,5/3/2026 5:00:00 AM,RFC,MIDATL,PEP,PEPCO,1930.974,True
5/3/2026 10:00:00 AM,5/3/2026 6:00:00 AM,RFC,MIDATL,PEP,PEPCO,1999.444,True
5/3/2026 11:00:00 AM,5/3/2026 7:00:00 AM,RFC,MIDATL,PEP,PEPCO,1992.720,True
5/3/2026 12:00:00 PM,5/3/2026 8:00:00 AM,RFC,MIDATL,PEP,PEPCO,1973.581,True
5/3/2026 1:00:00 PM,5/3/2026 9:00:00 AM,RFC,MIDATL,PEP,PEPCO,1887.103,True
5/3/2026 2:00:00 PM,5/3/2026 10:00:00 AM,RFC,MIDATL,PEP,PEPCO,1809.823,True
5/3/2026 3:00:00 PM,5/3/2026 11:00:00 AM,RFC,MIDATL,PEP,PEPCO,1777.121,True
5/3/2026 4:00:00 PM,5/3/2026 12:00:00 PM,RFC,MIDATL,PEP,PEPCO,1775.826,True
5/3/2026 5:00:00 PM,5/3/2026 1:00:00 PM,RFC,MIDATL,PEP,PEPCO,1786.714,True
5/3/2026 6:00:00 PM,5/3/2026 2:00:00 PM,RFC,MIDATL,PEP,PEPCO,1782.758,True
5/3/2026 7:00:00 PM,5/3/2026 3:00:00 PM,RFC,MIDATL,PEP,PEPCO,1805.171,True
5/3/2026 8:00:00 PM,5/3/2026 4:00:00 PM,RFC,MIDATL,PEP,PEPCO,1947.978,True
5/3/2026 9:00:00 PM,5/3/2026 5:00:00 PM,RFC,MIDATL,PEP,PEPCO,2064.763,True
5/3/2026 10:00:00 PM,5/3/2026 6:00:00 PM,RFC,MIDATL,PEP,PEPCO,2213.252,True
5/3/2026 11:00:00 PM,5/3/2026 7:00:00 PM,RFC,MIDATL,PEP,PEPCO,2342.208,True
5/4/2026 12:00:00 AM,5/3/2026 8:00:00 PM,RFC,MIDATL,PEP,PEPCO,2404.909,True
5/4/2026 1:00:00 AM,5/3/2026 9:00:00 PM,RFC,MIDATL,PEP,PEPCO,2385.133,True
5/4/2026 2:00:00 AM,5/3/2026 10:00:00 PM,RFC,MIDATL,PEP,PEPCO,2258.737,True
5/4/2026 3:00:00 AM,5/3/2026 11:00:00 PM,RFC,MIDATL,PEP,PEPCO,2131.343,True
5/4/2026 4:00:00 AM,5/4/2026 12:00:00 AM,RFC,MIDATL,PEP,PEPCO,2025.606,True
5/4/2026 5:00:00 AM,5/4/2026 1:00:00 AM,RFC,MIDATL,PEP,PEPCO,1909.901,True
5/4/2026 6:00:00 AM,5/4/2026 2:00:00 AM,RFC,MIDATL,PEP,PEPCO,1861.728,True
5/4/2026 7:00:00 AM,5/4/2026 3:00:00 AM,RFC,MIDATL,PEP,PEPCO,1869.617,True
5/4/2026 8:00:00 AM,5/4/2026 4:00:00 AM,RFC,MIDATL,PEP,PEPCO,1924.883,True
5/4/2026 9:00:00 AM,5/4/2026 5:00:00 AM,RFC,MIDATL,PEP,PEPCO,2111.726,True
5/4/2026 10:00:00 AM,5/4/2026 6:00:00 AM,RFC,MIDATL,PEP,PEPCO,2367.173,True
5/4/2026 11:00:00 AM,5/4/2026 7:00:00 AM,RFC,MIDATL,PEP,PEPCO,2426.090,True
5/4/2026 12:00:00 PM,5/4/2026 8:00:00 AM,RFC,MIDATL,PEP,PEPCO,2371.116,True
5/4/2026 1:00:00 PM,5/4/2026 9:00:00 AM,RFC,MIDATL,PEP,PEPCO,2271.140,True
5/4/2026 2:00:00 PM,5/4/2026 10:00:00 AM,RFC,MIDATL,PEP,PEPCO,2199.831,True
5/4/2026 3:00:00 PM,5/4/2026 11:00:00 AM,RFC,MIDATL,PEP,PEPCO,2155.255,True
5/4/2026 4:00:00 PM,5/4/2026 12:00:00 PM,RFC,MIDATL,PEP,PEPCO,2133.398,True
5/4/2026 5:00:00 PM,5/4/2026 1:00:00 PM,RFC,MIDATL,PEP,PEPCO,2171.469,True
5/4/2026 6:00:00 PM,5/4/2026 2:00:00 PM,RFC,MIDATL,PEP,PEPCO,2187.521,True
5/4/2026 7:00:00 PM,5/4/2026 3:00:00 PM,RFC,MIDATL,PEP,PEPCO,2266.505,True
5/4/2026 8:00:00 PM,5/4/2026 4:00:00 PM,RFC,MIDATL,PEP,PEPCO,2437.961,True
5/4/2026 9:00:00 PM,5/4/2026 5:00:00 PM,RFC,MIDATL,PEP,PEPCO,2555.795,True
5/4/2026 10:00:00 PM,5/4/2026 6:00:00 PM,RFC,MIDATL,PEP,PEPCO,2580.679,True
5/4/2026 11:00:00 PM,5/4/2026 7:00:00 PM,RFC,MIDATL,PEP,PEPCO,2596.908,True
5/5/2026 12:00:00 AM,5/4/2026 8:00:00 PM,RFC,MIDATL,PEP,PEPCO,2628.367,True
5/5/2026 1:00:00 AM,5/4/2026 9:00:00 PM,RFC,MIDATL,PEP,PEPCO,2545.662,True
5/5/2026 2:00:00 AM,5/4/2026 10:00:00 PM,RFC,MIDATL,PEP,PEPCO,2364.395,True
5/5/2026 3:00:00 AM,5/4/2026 11:00:00 PM,RFC,MIDATL,PEP,PEPCO,2169.653,True
5/5/2026 4:00:00 AM,5/5/2026 12:00:00 AM,RFC,MIDATL,PEP,PEPCO,2021.315,True
5/5/2026 5:00:00 AM,5/5/2026 1:00:00 AM,RFC,MIDATL,PEP,PEPCO,1921.760,True
5/5/2026 6:00:00 AM,5/5/2026 2:00:00 AM,RFC,MIDATL,PEP,PEPCO,1847.492,True
5/5/2026 7:00:00 AM,5/5/2026 3:00:00 AM,RFC,MIDATL,PEP,PEPCO,1813.635,True
5/5/2026 8:00:00 AM,5/5/2026 4:00:00 AM,RFC,MIDATL,PEP,PEPCO,1864.661,True
5/5/2026 9:00:00 AM,5/5/2026 5:00:00 AM,RFC,MIDATL,PEP,PEPCO,2051.977,True
5/5/2026 10:00:00 AM,5/5/2026 6:00:00 AM,RFC,MIDATL,PEP,PEPCO,2250.301,True
5/5/2026 11:00:00 AM,5/5/2026 7:00:00 AM,RFC,MIDATL,PEP,PEPCO,2382.382,True
5/5/2026 12:00:00 PM,5/5/2026 8:00:00 AM,RFC,MIDATL,PEP,PEPCO,2350.331,True
5/5/2026 1:00:00 PM,5/5/2026 9:00:00 AM,RFC,MIDATL,PEP,PEPCO,2328.292,True
5/5/2026 2:00:00 PM,5/5/2026 10:00:00 AM,RFC,MIDATL,PEP,PEPCO,2327.344,True
5/5/2026 3:00:00 PM,5/5/2026 11:00:00 AM,RFC,MIDATL,PEP,PEPCO,2332.153,True
5/5/2026 4:00:00 PM,5/5/2026 12:00:00 PM,RFC,MIDATL,PEP,PEPCO,2394.269,True
5/5/2026 5:00:00 PM,5/5/2026 1:00:00 PM,RFC,MIDATL,PEP,PEPCO,2445.168,True
5/5/2026 6:00:00 PM,5/5/2026 2:00:00 PM,RFC,MIDATL,PEP,PEPCO,2512.741,True
5/5/2026 7:00:00 PM,5/5/2026 3:00:00 PM,RFC,MIDATL,PEP,PEPCO,2649.747,True
5/5/2026 8:00:00 PM,5/5/2026 4:00:00 PM,RFC,MIDATL,PEP,PEPCO,2844.914,True
5/5/2026 9:00:00 PM,5/5/2026 5:00:00 PM,RFC,MIDATL,PEP,PEPCO,2960.181,True
5/5/2026 10:00:00 PM,5/5/2026 6:00:00 PM,RFC,MIDATL,PEP,PEPCO,2836.273,True
5/5/2026 11:00:00 PM,5/5/2026 7:00:00 PM,RFC,MIDATL,PEP,PEPCO,2857.762,True
5/6/2026 12:00:00 AM,5/5/2026 8:00:00 PM,RFC,MIDATL,PEP,PEPCO,2827.508,True
5/6/2026 1:00:00 AM,5/5/2026 9:00:00 PM,RFC,MIDATL,PEP,PEPCO,2775.649,True
5/6/2026 2:00:00 AM,5/5/2026 10:00:00 PM,RFC,MIDATL,PEP,PEPCO,2604.001,True
5/6/2026 3:00:00 AM,5/5/2026 11:00:00 PM,RFC,MIDATL,PEP,PEPCO,2372.822,True
5/6/2026 4:00:00 AM,5/6/2026 12:00:00 AM,RFC,MIDATL,PEP,PEPCO,2221.520,True
5/6/2026 5:00:00 AM,5/6/2026 1:00:00 AM,RFC,MIDATL,PEP,PEPCO,2102.478,True
5/6/2026 6:00:00 AM,5/6/2026 2:00:00 AM,RFC,MIDATL,PEP,PEPCO,2034.218,True
5/6/2026 7:00:00 AM,5/6/2026 3:00:00 AM,RFC,MIDATL,PEP,PEPCO,1982.886,True
5/6/2026 8:00:00 AM,5/6/2026 4:00:00 AM,RFC,MIDATL,PEP,PEPCO,2022.655,True
5/6/2026 9:00:00 AM,5/6/2026 5:00:00 AM,RFC,MIDATL,PEP,PEPCO,2150.219,True
5/6/2026 10:00:00 AM,5/6/2026 6:00:00 AM,RFC,MIDATL,PEP,PEPCO,2393.436,True
5/6/2026 11:00:00 AM,5/6/2026 7:00:00 AM,RFC,MIDATL,PEP,PEPCO,2552.591,True
5/6/2026 12:00:00 PM,5/6/2026 8:00:00 AM,RFC,MIDATL,PEP,PEPCO,2621.388,True
5/6/2026 1:00:00 PM,5/6/2026 9:00:00 AM,RFC,MIDATL,PEP,PEPCO,2677.731,True
5/6/2026 2:00:00 PM,5/6/2026 10:00:00 AM,RFC,MIDATL,PEP,PEPCO,2670.951,True
5/6/2026 3:00:00 PM,5/6/2026 11:00:00 AM,RFC,MIDATL,PEP,PEPCO,2613.918,True
5/6/2026 4:00:00 PM,5/6/2026 12:00:00 PM,RFC,MIDATL,PEP,PEPCO,2576.251,True
5/6/2026 5:00:00 PM,5/6/2026 1:00:00 PM,RFC,MIDATL,PEP,PEPCO,2547.350,True
5/6/2026 6:00:00 PM,5/6/2026 2:00:00 PM,RFC,MIDATL,PEP,PEPCO,2553.124,True
5/6/2026 7:00:00 PM,5/6/2026 3:00:00 PM,RFC,MIDATL,PEP,PEPCO,2570.401,True
5/6/2026 8:00:00 PM,5/6/2026 4:00:00 PM,RFC,MIDATL,PEP,PEPCO,2639.621,True
5/6/2026 9:00:00 PM,5/6/2026 5:00:00 PM,RFC,MIDATL,PEP,PEPCO,2721.404,True
5/6/2026 10:00:00 PM,5/6/2026 6:00:00 PM,RFC,MIDATL,PEP,PEPCO,2703.868,True
5/6/2026 11:00:00 PM,5/6/2026 7:00:00 PM,RFC,MIDATL,PEP,PEPCO,2715.640,True
5/7/2026 12:00:00 AM,5/6/2026 8:00:00 PM,RFC,MIDATL,PEP,PEPCO,2749.784,True
5/7/2026 1:00:00 AM,5/6/2026 9:00:00 PM,RFC,MIDATL,PEP,PEPCO,2644.892,True
5/7/2026 2:00:00 AM,5/6/2026 10:00:00 PM,RFC,MIDATL,PEP,PEPCO,2482.449,True
5/7/2026 3:00:00 AM,5/6/2026 11:00:00 PM,RFC,MIDATL,PEP,PEPCO,2282.426,True
5/7/2026 4:00:00 AM,5/7/2026 12:00:00 AM,RFC,MIDATL,PEP,PEPCO,2087.778,True
5/7/2026 5:00:00 AM,5/7/2026 1:00:00 AM,RFC,MIDATL,PEP,PEPCO,1975.735,True
5/7/2026 6:00:00 AM,5/7/2026 2:00:00 AM,RFC,MIDATL,PEP,PEPCO,1915.541,True
5/7/2026 7:00:00 AM,5/7/2026 3:00:00 AM,RFC,MIDATL,PEP,PEPCO,1866.098,True
5/7/2026 8:00:00 AM,5/7/2026 4:00:00 AM,RFC,MIDATL,PEP,PEPCO,1884.575,True
5/7/2026 9:00:00 AM,5/7/2026 5:00:00 AM,RFC,MIDATL,PEP,PEPCO,2074.595,True
5/7/2026 10:00:00 AM,5/7/2026 6:00:00 AM,RFC,MIDATL,PEP,PEPCO,2253.989,True
5/7/2026 11:00:00 AM,5/7/2026 7:00:00 AM,RFC,MIDATL,PEP,PEPCO,2433.015,True
5/7/2026 12:00:00 PM,5/7/2026 8:00:00 AM,RFC,MIDATL,PEP,PEPCO,2471.389,True
5/7/2026 1:00:00 PM,5/7/2026 9:00:00 AM,RFC,MIDATL,PEP,PEPCO,2514.563,True
5/7/2026 2:00:00 PM,5/7/2026 10:00:00 AM,RFC,MIDATL,PEP,PEPCO,2483.940,True
5/7/2026 3:00:00 PM,5/7/2026 11:00:00 AM,RFC,MIDATL,PEP,PEPCO,2402.106,True
5/7/2026 4:00:00 PM,5/7/2026 12:00:00 PM,RFC,MIDATL,PEP,PEPCO,2311.034,True
5/7/2026 5:00:00 PM,5/7/2026 1:00:00 PM,RFC,MIDATL,PEP,PEPCO,2270.883,True
5/7/2026 6:00:00 PM,5/7/2026 2:00:00 PM,RFC,MIDATL,PEP,PEPCO,2175.730,True
5/7/2026 7:00:00 PM,5/7/2026 3:00:00 PM,RFC,MIDATL,PEP,PEPCO,2194.097,True
5/7/2026 8:00:00 PM,5/7/2026 4:00:00 PM,RFC,MIDATL,PEP,PEPCO,2263.013,True
5/7/2026 9:00:00 PM,5/7/2026 5:00:00 PM,RFC,MIDATL,PEP,PEPCO,2391.219,True
5/7/2026 10:00:00 PM,5/7/2026 6:00:00 PM,RFC,MIDATL,PEP,PEPCO,2412.668,True
5/7/2026 11:00:00 PM,5/7/2026 7:00:00 PM,RFC,MIDATL,PEP,PEPCO,2454.207,True
5/8/2026 12:00:00 AM,5/7/2026 8:00:00 PM,RFC,MIDATL,PEP,PEPCO,2449.469,True
5/8/2026 1:00:00 AM,5/7/2026 9:00:00 PM,RFC,MIDATL,PEP,PEPCO,2439.242,True
5/8/2026 2:00:00 AM,5/7/2026 10:00:00 PM,RFC,MIDATL,PEP,PEPCO,2255.617,True
5/8/2026 3:00:00 AM,5/7/2026 11:00:00 PM,RFC,MIDATL,PEP,PEPCO,2119.082,True
5/8/2026 4:00:00 AM,5/8/2026 12:00:00 AM,RFC,MIDATL,PEP,PEPCO,1983.602,True
5/8/2026 5:00:00 AM,5/8/2026 1:00:00 AM,RFC,MIDATL,PEP,PEPCO,1884.587,True
5/8/2026 6:00:00 AM,5/8/2026 2:00:00 AM,RFC,MIDATL,PEP,PEPCO,1837.259,True
5/8/2026 7:00:00 AM,5/8/2026 3:00:00 AM,RFC,MIDATL,PEP,PEPCO,1815.714,True
5/8/2026 8:00:00 AM,5/8/2026 4:00:00 AM,RFC,MIDATL,PEP,PEPCO,1885.414,True
5/8/2026 9:00:00 AM,5/8/2026 5:00:00 AM,RFC,MIDATL,PEP,PEPCO,2049.661,True
5/8/2026 10:00:00 AM,5/8/2026 6:00:00 AM,RFC,MIDATL,PEP,PEPCO,2289.161,True
5/8/2026 11:00:00 AM,5/8/2026 7:00:00 AM,RFC,MIDATL,PEP,PEPCO,2335.017,True
5/8/2026 12:00:00 PM,5/8/2026 8:00:00 AM,RFC,MIDATL,PEP,PEPCO,2295.865,True
5/8/2026 1:00:00 PM,5/8/2026 9:00:00 AM,RFC,MIDATL,PEP,PEPCO,2211.447,True
5/8/2026 2:00:00 PM,5/8/2026 10:00:00 AM,RFC,MIDATL,PEP,PEPCO,2150.186,True
5/8/2026 3:00:00 PM,5/8/2026 11:00:00 AM,RFC,MIDATL,PEP,PEPCO,2100.071,True
5/8/2026 4:00:00 PM,5/8/2026 12:00:00 PM,RFC,MIDATL,PEP,PEPCO,2109.072,True
5/8/2026 5:00:00 PM,5/8/2026 1:00:00 PM,RFC,MIDATL,PEP,PEPCO,2116.331,True
5/8/2026 6:00:00 PM,5/8/2026 2:00:00 PM,RFC,MIDATL,PEP,PEPCO,2184.973,True
5/8/2026 7:00:00 PM,5/8/2026 3:00:00 PM,RFC,MIDATL,PEP,PEPCO,2239.916,True
5/8/2026 8:00:00 PM,5/8/2026 4:00:00 PM,RFC,MIDATL,PEP,PEPCO,2355.636,True
5/8/2026 9:00:00 PM,5/8/2026 5:00:00 PM,RFC,MIDATL,PEP,PEPCO,2489.663,True
5/8/2026 10:00:00 PM,5/8/2026 6:00:00 PM,RFC,MIDATL,PEP,PEPCO,2463.646,True
5/8/2026 11:00:00 PM,5/8/2026 7:00:00 PM,RFC,MIDATL,PEP,PEPCO,2455.560,True
5/9/2026 12:00:00 AM,5/8/2026 8:00:00 PM,RFC,MIDATL,PEP,PEPCO,2451.806,True
5/9/2026 1:00:00 AM,5/8/2026 9:00:00 PM,RFC,MIDATL,PEP,PEPCO,2371.796,True
5/9/2026 2:00:00 AM,5/8/2026 10:00:00 PM,RFC,MIDATL,PEP,PEPCO,2277.630,True
5/9/2026 3:00:00 AM,5/8/2026 11:00:00 PM,RFC,MIDATL,PEP,PEPCO,2126.365,True
5/9/2026 4:00:00 AM,5/9/2026 12:00:00 AM,RFC,MIDATL,PEP,PEPCO,2027.260,True
5/9/2026 5:00:00 AM,5/9/2026 1:00:00 AM,RFC,MIDATL,PEP,PEPCO,1957.207,True
5/9/2026 6:00:00 AM,5/9/2026 2:00:00 AM,RFC,MIDATL,PEP,PEPCO,1843.802,True
5/9/2026 7:00:00 AM,5/9/2026 3:00:00 AM,RFC,MIDATL,PEP,PEPCO,1797.254,True
5/9/2026 8:00:00 AM,5/9/2026 4:00:00 AM,RFC,MIDATL,PEP,PEPCO,1817.424,True
5/9/2026 9:00:00 AM,5/9/2026 5:00:00 AM,RFC,MIDATL,PEP,PEPCO,1807.665,True
5/9/2026 10:00:00 AM,5/9/2026 6:00:00 AM,RFC,MIDATL,PEP,PEPCO,1900.635,True
5/9/2026 11:00:00 AM,5/9/2026 7:00:00 AM,RFC,MIDATL,PEP,PEPCO,1935.084,True
5/9/2026 12:00:00 PM,5/9/2026 8:00:00 AM,RFC,MIDATL,PEP,PEPCO,1989.667,True
5/9/2026 1:00:00 PM,5/9/2026 9:00:00 AM,RFC,MIDATL,PEP,PEPCO,2044.786,True
5/9/2026 2:00:00 PM,5/9/2026 10:00:00 AM,RFC,MIDATL,PEP,PEPCO,2002.807,True
5/9/2026 3:00:00 PM,5/9/2026 11:00:00 AM,RFC,MIDATL,PEP,PEPCO,1985.332,True
5/9/2026 4:00:00 PM,5/9/2026 12:00:00 PM,RFC,MIDATL,PEP,PEPCO,2158.147,True
5/9/2026 5:00:00 PM,5/9/2026 1:00:00 PM,RFC,MIDATL,PEP,PEPCO,2175.202,True
5/9/2026 6:00:00 PM,5/9/2026 2:00:00 PM,RFC,MIDATL,PEP,PEPCO,2157.335,True
5/9/2026 7:00:00 PM,5/9/2026 3:00:00 PM,RFC,MIDATL,PEP,PEPCO,2070.661,True
5/9/2026 8:00:00 PM,5/9/2026 4:00:00 PM,RFC,MIDATL,PEP,PEPCO,2106.723,True
5/9/2026 9:00:00 PM,5/9/2026 5:00:00 PM,RFC,MIDATL,PEP,PEPCO,2289.218,True
5/9/2026 10:00:00 PM,5/9/2026 6:00:00 PM,RFC,MIDATL,PEP,PEPCO,2378.647,True
5/9/2026 11:00:00 PM,5/9/2026 7:00:00 PM,RFC,MIDATL,PEP,PEPCO,2415.314,True
5/10/2026 12:00:00 AM,5/9/2026 8:00:00 PM,RFC,MIDATL,PEP,PEPCO,2453.247,True
5/10/2026 1:00:00 AM,5/9/2026 9:00:00 PM,RFC,MIDATL,PEP,PEPCO,2411.049,True
5/10/2026 2:00:00 AM,5/9/2026 10:00:00 PM,RFC,MIDATL,PEP,PEPCO,2306.687,True
5/10/2026 3:00:00 AM,5/9/2026 11:00:00 PM,RFC,MIDATL,PEP,PEPCO,2195.500,True
5/10/2026 4:00:00 AM,5/10/2026 12:00:00 AM,RFC,MIDATL,PEP,PEPCO,2081.017,True
5/10/2026 5:00:00 AM,5/10/2026 1:00:00 AM,RFC,MIDATL,PEP,PEPCO,1956.643,True
5/10/2026 6:00:00 AM,5/10/2026 2:00:00 AM,RFC,MIDATL,PEP,PEPCO,1878.678,True
5/10/2026 7:00:00 AM,5/10/2026 3:00:00 AM,RFC,MIDATL,PEP,PEPCO,1809.745,True
5/10/2026 8:00:00 AM,5/10/2026 4:00:00 AM,RFC,MIDATL,PEP,PEPCO,1825.073,True
5/10/2026 9:00:00 AM,5/10/2026 5:00:00 AM,RFC,MIDATL,PEP,PEPCO,1798.814,True
5/10/2026 10:00:00 AM,5/10/2026 6:00:00 AM,RFC,MIDATL,PEP,PEPCO,1870.589,True
5/10/2026 11:00:00 AM,5/10/2026 7:00:00 AM,RFC,MIDATL,PEP,PEPCO,1888.696,True
5/10/2026 12:00:00 PM,5/10/2026 8:00:00 AM,RFC,MIDATL,PEP,PEPCO,1897.724,True
5/10/2026 1:00:00 PM,5/10/2026 9:00:00 AM,RFC,MIDATL,PEP,PEPCO,1941.964,True
5/10/2026 2:00:00 PM,5/10/2026 10:00:00 AM,RFC,MIDATL,PEP,PEPCO,1972.897,True
5/10/2026 3:00:00 PM,5/10/2026 11:00:00 AM,RFC,MIDATL,PEP,PEPCO,2001.235,True
5/10/2026 4:00:00 PM,5/10/2026 12:00:00 PM,RFC,MIDATL,PEP,PEPCO,2028.411,True
5/10/2026 5:00:00 PM,5/10/2026 1:00:00 PM,RFC,MIDATL,PEP,PEPCO,2118.503,True
5/10/2026 6:00:00 PM,5/10/2026 2:00:00 PM,RFC,MIDATL,PEP,PEPCO,2282.777,True
5/10/2026 7:00:00 PM,5/10/2026 3:00:00 PM,RFC,MIDATL,PEP,PEPCO,2511.295,True
5/10/2026 8:00:00 PM,5/10/2026 4:00:00 PM,RFC,MIDATL,PEP,PEPCO,2572.184,True
5/10/2026 9:00:00 PM,5/10/2026 5:00:00 PM,RFC,MIDATL,PEP,PEPCO,2558.934,True
5/10/2026 10:00:00 PM,5/10/2026 6:00:00 PM,RFC,MIDATL,PEP,PEPCO,2553.445,True
5/10/2026 11:00:00 PM,5/10/2026 7:00:00 PM,RFC,MIDATL,PEP,PEPCO,2584.105,True
5/11/2026 12:00:00 AM,5/10/2026 8:00:00 PM,RFC,MIDATL,PEP,PEPCO,2603.871,True
5/11/2026 1:00:00 AM,5/10/2026 9:00:00 PM,RFC,MIDATL,PEP,PEPCO,2546.897,True
5/11/2026 2:00:00 AM,5/10/2026 10:00:00 PM,RFC,MIDATL,PEP,PEPCO,2432.009,True
5/11/2026 3:00:00 AM,5/10/2026 11:00:00 PM,RFC,MIDATL,PEP,PEPCO,2262.007,True
5/11/2026 4:00:00 AM,5/11/2026 12:00:00 AM,RFC,MIDATL,PEP,PEPCO,2098.841,True
5/11/2026 5:00:00 AM,5/11/2026 1:00:00 AM,RFC,MIDATL,PEP,PEPCO,2005.437,True
5/11/2026 6:00:00 AM,5/11/2026 2:00:00 AM,RFC,MIDATL,PEP,PEPCO,1918.368,True
5/11/2026 7:00:00 AM,5/11/2026 3:00:00 AM,RFC,MIDATL,PEP,PEPCO,1850.819,True
5/11/2026 8:00:00 AM,5/11/2026 4:00:00 AM,RFC,MIDATL,PEP,PEPCO,1874.012,True
5/11/2026 9:00:00 AM,5/11/2026 5:00:00 AM,RFC,MIDATL,PEP,PEPCO,2044.795,True
5/11/2026 10:00:00 AM,5/11/2026 6:00:00 AM,RFC,MIDATL,PEP,PEPCO,2239.519,True
5/11/2026 11:00:00 AM,5/11/2026 7:00:00 AM,RFC,MIDATL,PEP,PEPCO,2416.660,True
5/11/2026 12:00:00 PM,5/11/2026 8:00:00 AM,RFC,MIDATL,PEP,PEPCO,2469.964,True
5/11/2026 1:00:00 PM,5/11/2026 9:00:00 AM,RFC,MIDATL,PEP,PEPCO,2538.256,True
5/11/2026 2:00:00 PM,5/11/2026 10:00:00 AM,RFC,MIDATL,PEP,PEPCO,2583.869,True
5/11/2026 3:00:00 PM,5/11/2026 11:00:00 AM,RFC,MIDATL,PEP,PEPCO,2601.405,True
5/11/2026 4:00:00 PM,5/11/2026 12:00:00 PM,RFC,MIDATL,PEP,PEPCO,2495.106,True
5/11/2026 5:00:00 PM,5/11/2026 1:00:00 PM,RFC,MIDATL,PEP,PEPCO,2490.689,True
5/11/2026 6:00:00 PM,5/11/2026 2:00:00 PM,RFC,MIDATL,PEP,PEPCO,2419.851,True
5/11/2026 7:00:00 PM,5/11/2026 3:00:00 PM,RFC,MIDATL,PEP,PEPCO,2348.628,True
5/11/2026 8:00:00 PM,5/11/2026 4:00:00 PM,RFC,MIDATL,PEP,PEPCO,2280.204,True
5/11/2026 9:00:00 PM,5/11/2026 5:00:00 PM,RFC,MIDATL,PEP,PEPCO,2413.552,True
5/11/2026 10:00:00 PM,5/11/2026 6:00:00 PM,RFC,MIDATL,PEP,PEPCO,2449.781,True
5/11/2026 11:00:00 PM,5/11/2026 7:00:00 PM,RFC,MIDATL,PEP,PEPCO,2513.537,True
5/12/2026 12:00:00 AM,5/11/2026 8:00:00 PM,RFC,MIDATL,PEP,PEPCO,2517.546,True
5/12/2026 1:00:00 AM,5/11/2026 9:00:00 PM,RFC,MIDATL,PEP,PEPCO,2429.514,True
5/12/2026 2:00:00 AM,5/11/2026 10:00:00 PM,RFC,MIDATL,PEP,PEPCO,2290.476,True
5/12/2026 3:00:00 AM,5/11/2026 11:00:00 PM,RFC,MIDATL,PEP,PEPCO,2121.086,True
5/12/2026 4:00:00 AM,5/12/2026 12:00:00 AM,RFC,MIDATL,PEP,PEPCO,1995.127,True
5/12/2026 5:00:00 AM,5/12/2026 1:00:00 AM,RFC,MIDATL,PEP,PEPCO,1919.807,True
5/12/2026 6:00:00 AM,5/12/2026 2:00:00 AM,RFC,MIDATL,PEP,PEPCO,1844.977,True
5/12/2026 7:00:00 AM,5/12/2026 3:00:00 AM,RFC,MIDATL,PEP,PEPCO,1867.035,True
5/12/2026 8:00:00 AM,5/12/2026 4:00:00 AM,RFC,MIDATL,PEP,PEPCO,1899.356,True
5/12/2026 9:00:00 AM,5/12/2026 5:00:00 AM,RFC,MIDATL,PEP,PEPCO,2093.357,True
5/12/2026 10:00:00 AM,5/12/2026 6:00:00 AM,RFC,MIDATL,PEP,PEPCO,2326.905,True
5/12/2026 11:00:00 AM,5/12/2026 7:00:00 AM,RFC,MIDATL,PEP,PEPCO,2403.337,True
5/12/2026 12:00:00 PM,5/12/2026 8:00:00 AM,RFC,MIDATL,PEP,PEPCO,2357.972,True
5/12/2026 1:00:00 PM,5/12/2026 9:00:00 AM,RFC,MIDATL,PEP,PEPCO,2219.349,True
5/12/2026 2:00:00 PM,5/12/2026 10:00:00 AM,RFC,MIDATL,PEP,PEPCO,2170.475,True
5/12/2026 3:00:00 PM,5/12/2026 11:00:00 AM,RFC,MIDATL,PEP,PEPCO,2109.684,True
5/12/2026 4:00:00 PM,5/12/2026 12:00:00 PM,RFC,MIDATL,PEP,PEPCO,2085.929,True
5/12/2026 5:00:00 PM,5/12/2026 1:00:00 PM,RFC,MIDATL,PEP,PEPCO,2109.077,True
5/12/2026 6:00:00 PM,5/12/2026 2:00:00 PM,RFC,MIDATL,PEP,PEPCO,2121.846,True
5/12/2026 7:00:00 PM,5/12/2026 3:00:00 PM,RFC,MIDATL,PEP,PEPCO,2189.850,True
5/12/2026 8:00:00 PM,5/12/2026 4:00:00 PM,RFC,MIDATL,PEP,PEPCO,2332.786,True
5/12/2026 9:00:00 PM,5/12/2026 5:00:00 PM,RFC,MIDATL,PEP,PEPCO,2465.545,True
5/12/2026 10:00:00 PM,5/12/2026 6:00:00 PM,RFC,MIDATL,PEP,PEPCO,2499.878,True
5/12/2026 11:00:00 PM,5/12/2026 7:00:00 PM,RFC,MIDATL,PEP,PEPCO,2527.820,True
5/13/2026 12:00:00 AM,5/12/2026 8:00:00 PM,RFC,MIDATL,PEP,PEPCO,2536.665,True
5/13/2026 1:00:00 AM,5/12/2026 9:00:00 PM,RFC,MIDATL,PEP,PEPCO,2479.542,True
5/13/2026 2:00:00 AM,5/12/2026 10:00:00 PM,RFC,MIDATL,PEP,PEPCO,2300.923,True
5/13/2026 3:00:00 AM,5/12/2026 11:00:00 PM,RFC,MIDATL,PEP,PEPCO,2160.745,True
5/13/2026 4:00:00 AM,5/13/2026 12:00:00 AM,RFC,MIDATL,PEP,PEPCO,1967.641,True
5/13/2026 5:00:00 AM,5/13/2026 1:00:00 AM,RFC,MIDATL,PEP,PEPCO,1901.085,True
5/13/2026 6:00:00 AM,5/13/2026 2:00:00 AM,RFC,MIDATL,PEP,PEPCO,1849.564,True
5/13/2026 7:00:00 AM,5/13/2026 3:00:00 AM,RFC,MIDATL,PEP,PEPCO,1801.010,True
5/13/2026 8:00:00 AM,5/13/2026 4:00:00 AM,RFC,MIDATL,PEP,PEPCO,1866.543,True
5/13/2026 9:00:00 AM,5/13/2026 5:00:00 AM,RFC,MIDATL,PEP,PEPCO,2015.565,True
5/13/2026 10:00:00 AM,5/13/2026 6:00:00 AM,RFC,MIDATL,PEP,PEPCO,2253.856,True
5/13/2026 11:00:00 AM,5/13/2026 7:00:00 AM,RFC,MIDATL,PEP,PEPCO,2335.582,True
5/13/2026 12:00:00 PM,5/13/2026 8:00:00 AM,RFC,MIDATL,PEP,PEPCO,2320.473,True
5/13/2026 1:00:00 PM,5/13/2026 9:00:00 AM,RFC,MIDATL,PEP,PEPCO,2283.878,True
5/13/2026 2:00:00 PM,5/13/2026 10:00:00 AM,RFC,MIDATL,PEP,PEPCO,2261.947,True
5/13/2026 3:00:00 PM,5/13/2026 11:00:00 AM,RFC,MIDATL,PEP,PEPCO,2239.589,True
5/13/2026 4:00:00 PM,5/13/2026 12:00:00 PM,RFC,MIDATL,PEP,PEPCO,2301.086,True
5/13/2026 5:00:00 PM,5/13/2026 1:00:00 PM,RFC,MIDATL,PEP,PEPCO,2377.904,True
5/13/2026 6:00:00 PM,5/13/2026 2:00:00 PM,RFC,MIDATL,PEP,PEPCO,2432.319,True
5/13/2026 7:00:00 PM,5/13/2026 3:00:00 PM,RFC,MIDATL,PEP,PEPCO,2575.849,True
5/13/2026 8:00:00 PM,5/13/2026 4:00:00 PM,RFC,MIDATL,PEP,PEPCO,2685.262,True
5/13/2026 9:00:00 PM,5/13/2026 5:00:00 PM,RFC,MIDATL,PEP,PEPCO,2691.194,True
5/13/2026 10:00:00 PM,5/13/2026 6:00:00 PM,RFC,MIDATL,PEP,PEPCO,2586.977,True
5/13/2026 11:00:00 PM,5/13/2026 7:00:00 PM,RFC,MIDATL,PEP,PEPCO,2543.979,True
5/14/2026 12:00:00 AM,5/13/2026 8:00:00 PM,RFC,MIDATL,PEP,PEPCO,2537.599,True
5/14/2026 1:00:00 AM,5/13/2026 9:00:00 PM,RFC,MIDATL,PEP,PEPCO,2480.058,True
5/14/2026 2:00:00 AM,5/13/2026 10:00:00 PM,RFC,MIDATL,PEP,PEPCO,2325.954,True
5/14/2026 3:00:00 AM,5/13/2026 11:00:00 PM,RFC,MIDATL,PEP,PEPCO,2153.771,True
5/14/2026 4:00:00 AM,5/14/2026 12:00:00 AM,RFC,MIDATL,PEP,PEPCO,2028.298,True
5/14/2026 5:00:00 AM,5/14/2026 1:00:00 AM,RFC,MIDATL,PEP,PEPCO,1892.633,True
5/14/2026 6:00:00 AM,5/14/2026 2:00:00 AM,RFC,MIDATL,PEP,PEPCO,1868.520,True
5/14/2026 7:00:00 AM,5/14/2026 3:00:00 AM,RFC,MIDATL,PEP,PEPCO,1821.497,True
5/14/2026 8:00:00 AM,5/14/2026 4:00:00 AM,RFC,MIDATL,PEP,PEPCO,1873.031,True
5/14/2026 9:00:00 AM,5/14/2026 5:00:00 AM,RFC,MIDATL,PEP,PEPCO,2006.149,True
5/14/2026 10:00:00 AM,5/14/2026 6:00:00 AM,RFC,MIDATL,PEP,PEPCO,2233.690,True
5/14/2026 11:00:00 AM,5/14/2026 7:00:00 AM,RFC,MIDATL,PEP,PEPCO,2377.524,True
5/14/2026 12:00:00 PM,5/14/2026 8:00:00 AM,RFC,MIDATL,PEP,PEPCO,2360.918,True
5/14/2026 1:00:00 PM,5/14/2026 9:00:00 AM,RFC,MIDATL,PEP,PEPCO,2312.988,True
5/14/2026 2:00:00 PM,5/14/2026 10:00:00 AM,RFC,MIDATL,PEP,PEPCO,2214.081,True
5/14/2026 3:00:00 PM,5/14/2026 11:00:00 AM,RFC,MIDATL,PEP,PEPCO,2214.039,True
5/14/2026 4:00:00 PM,5/14/2026 12:00:00 PM,RFC,MIDATL,PEP,PEPCO,2275.129,True
5/14/2026 5:00:00 PM,5/14/2026 1:00:00 PM,RFC,MIDATL,PEP,PEPCO,2380.276,True
5/14/2026 6:00:00 PM,5/14/2026 2:00:00 PM,RFC,MIDATL,PEP,PEPCO,2365.728,True
5/14/2026 7:00:00 PM,5/14/2026 3:00:00 PM,RFC,MIDATL,PEP,PEPCO,2406.731,True
5/14/2026 8:00:00 PM,5/14/2026 4:00:00 PM,RFC,MIDATL,PEP,PEPCO,2462.713,True
5/14/2026 9:00:00 PM,5/14/2026 5:00:00 PM,RFC,MIDATL,PEP,PEPCO,2518.708,True
5/14/2026 10:00:00 PM,5/14/2026 6:00:00 PM,RFC,MIDATL,PEP,PEPCO,2435.633,True
5/14/2026 11:00:00 PM,5/14/2026 7:00:00 PM,RFC,MIDATL,PEP,PEPCO,2475.153,True
5/15/2026 12:00:00 AM,5/14/2026 8:00:00 PM,RFC,MIDATL,PEP,PEPCO,2412.804,True
5/15/2026 1:00:00 AM,5/14/2026 9:00:00 PM,RFC,MIDATL,PEP,PEPCO,2404.238,True
5/15/2026 2:00:00 AM,5/14/2026 10:00:00 PM,RFC,MIDATL,PEP,PEPCO,2253.802,True
5/15/2026 3:00:00 AM,5/14/2026 11:00:00 PM,RFC,MIDATL,PEP,PEPCO,2088.709,True
5/15/2026 4:00:00 AM,5/15/2026 12:00:00 AM,RFC,MIDATL,PEP,PEPCO,1984.577,True
5/15/2026 5:00:00 AM,5/15/2026 1:00:00 AM,RFC,MIDATL,PEP,PEPCO,1872.822,True
5/15/2026 6:00:00 AM,5/15/2026 2:00:00 AM,RFC,MIDATL,PEP,PEPCO,1856.151,True
5/15/2026 7:00:00 AM,5/15/2026 3:00:00 AM,RFC,MIDATL,PEP,PEPCO,1852.889,True
5/15/2026 8:00:00 AM,5/15/2026 4:00:00 AM,RFC,MIDATL,PEP,PEPCO,1883.153,True
5/15/2026 9:00:00 AM,5/15/2026 5:00:00 AM,RFC,MIDATL,PEP,PEPCO,2035.035,True
5/15/2026 10:00:00 AM,5/15/2026 6:00:00 AM,RFC,MIDATL,PEP,PEPCO,2249.745,True
5/15/2026 11:00:00 AM,5/15/2026 7:00:00 AM,RFC,MIDATL,PEP,PEPCO,2370.966,True
5/15/2026 12:00:00 PM,5/15/2026 8:00:00 AM,RFC,MIDATL,PEP,PEPCO,2304.710,True
5/15/2026 1:00:00 PM,5/15/2026 9:00:00 AM,RFC,MIDATL,PEP,PEPCO,2205.563,True
5/15/2026 2:00:00 PM,5/15/2026 10:00:00 AM,RFC,MIDATL,PEP,PEPCO,2158.550,True
5/15/2026 3:00:00 PM,5/15/2026 11:00:00 AM,RFC,MIDATL,PEP,PEPCO,2137.594,True
5/15/2026 4:00:00 PM,5/15/2026 12:00:00 PM,RFC,MIDATL,PEP,PEPCO,2101.483,True
5/15/2026 5:00:00 PM,5/15/2026 1:00:00 PM,RFC,MIDATL,PEP,PEPCO,2110.785,True
5/15/2026 6:00:00 PM,5/15/2026 2:00:00 PM,RFC,MIDATL,PEP,PEPCO,2138.693,True
5/15/2026 7:00:00 PM,5/15/2026 3:00:00 PM,RFC,MIDATL,PEP,PEPCO,2187.877,True
5/15/2026 8:00:00 PM,5/15/2026 4:00:00 PM,RFC,MIDATL,PEP,PEPCO,2344.719,True
5/15/2026 9:00:00 PM,5/15/2026 5:00:00 PM,RFC,MIDATL,PEP,PEPCO,2457.902,True
5/15/2026 10:00:00 PM,5/15/2026 6:00:00 PM,RFC,MIDATL,PEP,PEPCO,2472.204,True
5/15/2026 11:00:00 PM,5/15/2026 7:00:00 PM,RFC,MIDATL,PEP,PEPCO,2426.521,True
5/16/2026 12:00:00 AM,5/15/2026 8:00:00 PM,RFC,MIDATL,PEP,PEPCO,2460.334,True
5/16/2026 1:00:00 AM,5/15/2026 9:00:00 PM,RFC,MIDATL,PEP,PEPCO,2421.870,True
5/16/2026 2:00:00 AM,5/15/2026 10:00:00 PM,RFC,MIDATL,PEP,PEPCO,2282.416,True
5/16/2026 3:00:00 AM,5/15/2026 11:00:00 PM,RFC,MIDATL,PEP,PEPCO,2168.876,True
5/16/2026 4:00:00 AM,5/16/2026 12:00:00 AM,RFC,MIDATL,PEP,PEPCO,2057.553,True
5/16/2026 5:00:00 AM,5/16/2026 1:00:00 AM,RFC,MIDATL,PEP,PEPCO,1960.808,True
5/16/2026 6:00:00 AM,5/16/2026 2:00:00 AM,RFC,MIDATL,PEP,PEPCO,1875.998,True
5/16/2026 7:00:00 AM,5/16/2026 3:00:00 AM,RFC,MIDATL,PEP,PEPCO,1806.102,True
5/16/2026 8:00:00 AM,5/16/2026 4:00:00 AM,RFC,MIDATL,PEP,PEPCO,1806.165,True
5/16/2026 9:00:00 AM,5/16/2026 5:00:00 AM,RFC,MIDATL,PEP,PEPCO,1832.958,True
5/16/2026 10:00:00 AM,5/16/2026 6:00:00 AM,RFC,MIDATL,PEP,PEPCO,1902.935,True
5/16/2026 11:00:00 AM,5/16/2026 7:00:00 AM,RFC,MIDATL,PEP,PEPCO,1929.725,True
5/16/2026 12:00:00 PM,5/16/2026 8:00:00 AM,RFC,MIDATL,PEP,PEPCO,1980.629,True
5/16/2026 1:00:00 PM,5/16/2026 9:00:00 AM,RFC,MIDATL,PEP,PEPCO,1952.234,True
5/16/2026 2:00:00 PM,5/16/2026 10:00:00 AM,RFC,MIDATL,PEP,PEPCO,1944.241,True
5/16/2026 3:00:00 PM,5/16/2026 11:00:00 AM,RFC,MIDATL,PEP,PEPCO,2001.935,True
5/16/2026 4:00:00 PM,5/16/2026 12:00:00 PM,RFC,MIDATL,PEP,PEPCO,2012.329,True
5/16/2026 5:00:00 PM,5/16/2026 1:00:00 PM,RFC,MIDATL,PEP,PEPCO,2087.181,True
5/16/2026 6:00:00 PM,5/16/2026 2:00:00 PM,RFC,MIDATL,PEP,PEPCO,2152.565,True
5/16/2026 7:00:00 PM,5/16/2026 3:00:00 PM,RFC,MIDATL,PEP,PEPCO,2337.302,True
5/16/2026 8:00:00 PM,5/16/2026 4:00:00 PM,RFC,MIDATL,PEP,PEPCO,2505.015,True
5/16/2026 9:00:00 PM,5/16/2026 5:00:00 PM,RFC,MIDATL,PEP,PEPCO,2737.851,True
5/16/2026 10:00:00 PM,5/16/2026 6:00:00 PM,RFC,MIDATL,PEP,PEPCO,2726.281,True
5/16/2026 11:00:00 PM,5/16/2026 7:00:00 PM,RFC,MIDATL,PEP,PEPCO,2715.691,True
5/17/2026 12:00:00 AM,5/16/2026 8:00:00 PM,RFC,MIDATL,PEP,PEPCO,2750.578,True
5/17/2026 1:00:00 AM,5/16/2026 9:00:00 PM,RFC,MIDATL,PEP,PEPCO,2719.499,True
5/17/2026 2:00:00 AM,5/16/2026 10:00:00 PM,RFC,MIDATL,PEP,PEPCO,2604.374,True
5/17/2026 3:00:00 AM,5/16/2026 11:00:00 PM,RFC,MIDATL,PEP,PEPCO,2443.237,True
5/17/2026 4:00:00 AM,5/17/2026 12:00:00 AM,RFC,MIDATL,PEP,PEPCO,2308.541,True
5/17/2026 5:00:00 AM,5/17/2026 1:00:00 AM,RFC,MIDATL,PEP,PEPCO,2193.703,True
5/17/2026 6:00:00 AM,5/17/2026 2:00:00 AM,RFC,MIDATL,PEP,PEPCO,2080.305,True
5/17/2026 7:00:00 AM,5/17/2026 3:00:00 AM,RFC,MIDATL,PEP,PEPCO,2001.190,True
5/17/2026 8:00:00 AM,5/17/2026 4:00:00 AM,RFC,MIDATL,PEP,PEPCO,1964.949,True
5/17/2026 9:00:00 AM,5/17/2026 5:00:00 AM,RFC,MIDATL,PEP,PEPCO,1950.196,True
5/17/2026 10:00:00 AM,5/17/2026 6:00:00 AM,RFC,MIDATL,PEP,PEPCO,1994.508,True
5/17/2026 11:00:00 AM,5/17/2026 7:00:00 AM,RFC,MIDATL,PEP,PEPCO,2055.186,True
5/17/2026 12:00:00 PM,5/17/2026 8:00:00 AM,RFC,MIDATL,PEP,PEPCO,2120.611,True
5/17/2026 1:00:00 PM,5/17/2026 9:00:00 AM,RFC,MIDATL,PEP,PEPCO,2336.582,True
5/17/2026 2:00:00 PM,5/17/2026 10:00:00 AM,RFC,MIDATL,PEP,PEPCO,2402.656,True
5/17/2026 3:00:00 PM,5/17/2026 11:00:00 AM,RFC,MIDATL,PEP,PEPCO,2426.045,True
5/17/2026 4:00:00 PM,5/17/2026 12:00:00 PM,RFC,MIDATL,PEP,PEPCO,2518.054,True
5/17/2026 5:00:00 PM,5/17/2026 1:00:00 PM,RFC,MIDATL,PEP,PEPCO,2597.135,True
5/17/2026 6:00:00 PM,5/17/2026 2:00:00 PM,RFC,MIDATL,PEP,PEPCO,2680.021,True
5/17/2026 7:00:00 PM,5/17/2026 3:00:00 PM,RFC,MIDATL,PEP,PEPCO,2770.918,True
5/17/2026 8:00:00 PM,5/17/2026 4:00:00 PM,RFC,MIDATL,PEP,PEPCO,2991.603,True
5/17/2026 9:00:00 PM,5/17/2026 5:00:00 PM,RFC,MIDATL,PEP,PEPCO,3194.003,True
5/17/2026 10:00:00 PM,5/17/2026 6:00:00 PM,RFC,MIDATL,PEP,PEPCO,3334.161,True
5/17/2026 11:00:00 PM,5/17/2026 7:00:00 PM,RFC,MIDATL,PEP,PEPCO,3362.271,True
5/18/2026 12:00:00 AM,5/17/2026 8:00:00 PM,RFC,MIDATL,PEP,PEPCO,3292.763,True
5/18/2026 1:00:00 AM,5/17/2026 9:00:00 PM,RFC,MIDATL,PEP,PEPCO,3229.334,True
5/18/2026 2:00:00 AM,5/17/2026 10:00:00 PM,RFC,MIDATL,PEP,PEPCO,3021.351,True
5/18/2026 3:00:00 AM,5/17/2026 11:00:00 PM,RFC,MIDATL,PEP,PEPCO,2768.618,True
5/18/2026 4:00:00 AM,5/18/2026 12:00:00 AM,RFC,MIDATL,PEP,PEPCO,2544.977,True
5/18/2026 5:00:00 AM,5/18/2026 1:00:00 AM,RFC,MIDATL,PEP,PEPCO,2399.373,True
5/18/2026 6:00:00 AM,5/18/2026 2:00:00 AM,RFC,MIDATL,PEP,PEPCO,2266.272,True
5/18/2026 7:00:00 AM,5/18/2026 3:00:00 AM,RFC,MIDATL,PEP,PEPCO,2213.899,True
5/18/2026 8:00:00 AM,5/18/2026 4:00:00 AM,RFC,MIDATL,PEP,PEPCO,2222.151,True
5/18/2026 9:00:00 AM,5/18/2026 5:00:00 AM,RFC,MIDATL,PEP,PEPCO,2396.901,True
5/18/2026 10:00:00 AM,5/18/2026 6:00:00 AM,RFC,MIDATL,PEP,PEPCO,2630.652,True
5/18/2026 11:00:00 AM,5/18/2026 7:00:00 AM,RFC,MIDATL,PEP,PEPCO,2809.917,True
5/18/2026 12:00:00 PM,5/18/2026 8:00:00 AM,RFC,MIDATL,PEP,PEPCO,2907.872,True
5/18/2026 1:00:00 PM,5/18/2026 9:00:00 AM,RFC,MIDATL,PEP,PEPCO,2985.559,True
5/18/2026 2:00:00 PM,5/18/2026 10:00:00 AM,RFC,MIDATL,PEP,PEPCO,3189.093,True
5/18/2026 3:00:00 PM,5/18/2026 11:00:00 AM,RFC,MIDATL,PEP,PEPCO,3322.655,True
5/18/2026 4:00:00 PM,5/18/2026 12:00:00 PM,RFC,MIDATL,PEP,PEPCO,3487.579,True
5/18/2026 5:00:00 PM,5/18/2026 1:00:00 PM,RFC,MIDATL,PEP,PEPCO,3648.892,True
5/18/2026 6:00:00 PM,5/18/2026 2:00:00 PM,RFC,MIDATL,PEP,PEPCO,3782.123,True
5/18/2026 7:00:00 PM,5/18/2026 3:00:00 PM,RFC,MIDATL,PEP,PEPCO,3954.319,True
5/18/2026 8:00:00 PM,5/18/2026 4:00:00 PM,RFC,MIDATL,PEP,PEPCO,4130.284,True
5/18/2026 9:00:00 PM,5/18/2026 5:00:00 PM,RFC,MIDATL,PEP,PEPCO,4229.383,True
5/18/2026 10:00:00 PM,5/18/2026 6:00:00 PM,RFC,MIDATL,PEP,PEPCO,4213.989,True
5/18/2026 11:00:00 PM,5/18/2026 7:00:00 PM,RFC,MIDATL,PEP,PEPCO,4093.746,True
5/19/2026 12:00:00 AM,5/18/2026 8:00:00 PM,RFC,MIDATL,PEP,PEPCO,3979.274,True
5/19/2026 1:00:00 AM,5/18/2026 9:00:00 PM,RFC,MIDATL,PEP,PEPCO,3862.832,True
5/19/2026 2:00:00 AM,5/18/2026 10:00:00 PM,RFC,MIDATL,PEP,PEPCO,3569.679,True
5/19/2026 3:00:00 AM,5/18/2026 11:00:00 PM,RFC,MIDATL,PEP,PEPCO,3292.992,True
5/19/2026 4:00:00 AM,5/19/2026 12:00:00 AM,RFC,MIDATL,PEP,PEPCO,3038.911,True
5/19/2026 5:00:00 AM,5/19/2026 1:00:00 AM,RFC,MIDATL,PEP,PEPCO,2820.848,True
5/19/2026 6:00:00 AM,5/19/2026 2:00:00 AM,RFC,MIDATL,PEP,PEPCO,2681.683,True
5/19/2026 7:00:00 AM,5/19/2026 3:00:00 AM,RFC,MIDATL,PEP,PEPCO,2583.634,True
5/19/2026 8:00:00 AM,5/19/2026 4:00:00 AM,RFC,MIDATL,PEP,PEPCO,2581.762,True
5/19/2026 9:00:00 AM,5/19/2026 5:00:00 AM,RFC,MIDATL,PEP,PEPCO,2683.205,True
5/19/2026 10:00:00 AM,5/19/2026 6:00:00 AM,RFC,MIDATL,PEP,PEPCO,2943.690,True
5/19/2026 11:00:00 AM,5/19/2026 7:00:00 AM,RFC,MIDATL,PEP,PEPCO,3078.583,True
5/19/2026 12:00:00 PM,5/19/2026 8:00:00 AM,RFC,MIDATL,PEP,PEPCO,3177.487,True
5/19/2026 1:00:00 PM,5/19/2026 9:00:00 AM,RFC,MIDATL,PEP,PEPCO,3262.831,True
5/19/2026 2:00:00 PM,5/19/2026 10:00:00 AM,RFC,MIDATL,PEP,PEPCO,3427.466,True
5/19/2026 3:00:00 PM,5/19/2026 11:00:00 AM,RFC,MIDATL,PEP,PEPCO,3615.114,True
5/19/2026 4:00:00 PM,5/19/2026 12:00:00 PM,RFC,MIDATL,PEP,PEPCO,3757.186,True
5/19/2026 5:00:00 PM,5/19/2026 1:00:00 PM,RFC,MIDATL,PEP,PEPCO,3923.277,True
5/19/2026 6:00:00 PM,5/19/2026 2:00:00 PM,RFC,MIDATL,PEP,PEPCO,4044.020,True
5/19/2026 7:00:00 PM,5/19/2026 3:00:00 PM,RFC,MIDATL,PEP,PEPCO,4198.961,True
5/19/2026 8:00:00 PM,5/19/2026 4:00:00 PM,RFC,MIDATL,PEP,PEPCO,4273.700,True
5/19/2026 9:00:00 PM,5/19/2026 5:00:00 PM,RFC,MIDATL,PEP,PEPCO,4391.982,True
5/19/2026 10:00:00 PM,5/19/2026 6:00:00 PM,RFC,MIDATL,PEP,PEPCO,4293.217,True
5/19/2026 11:00:00 PM,5/19/2026 7:00:00 PM,RFC,MIDATL,PEP,PEPCO,4054.838,True
5/20/2026 12:00:00 AM,5/19/2026 8:00:00 PM,RFC,MIDATL,PEP,PEPCO,3952.132,True
5/20/2026 1:00:00 AM,5/19/2026 9:00:00 PM,RFC,MIDATL,PEP,PEPCO,3803.765,True
5/20/2026 2:00:00 AM,5/19/2026 10:00:00 PM,RFC,MIDATL,PEP,PEPCO,3551.618,True
5/20/2026 3:00:00 AM,5/19/2026 11:00:00 PM,RFC,MIDATL,PEP,PEPCO,3264.697,True
5/20/2026 4:00:00 AM,5/20/2026 12:00:00 AM,RFC,MIDATL,PEP,PEPCO,2992.132,True
5/20/2026 5:00:00 AM,5/20/2026 1:00:00 AM,RFC,MIDATL,PEP,PEPCO,2829.133,True
5/20/2026 6:00:00 AM,5/20/2026 2:00:00 AM,RFC,MIDATL,PEP,PEPCO,2713.118,True
5/20/2026 7:00:00 AM,5/20/2026 3:00:00 AM,RFC,MIDATL,PEP,PEPCO,2617.223,True
5/20/2026 8:00:00 AM,5/20/2026 4:00:00 AM,RFC,MIDATL,PEP,PEPCO,2624.507,True
5/20/2026 9:00:00 AM,5/20/2026 5:00:00 AM,RFC,MIDATL,PEP,PEPCO,2774.535,True
5/20/2026 10:00:00 AM,5/20/2026 6:00:00 AM,RFC,MIDATL,PEP,PEPCO,2976.969,True
5/20/2026 11:00:00 AM,5/20/2026 7:00:00 AM,RFC,MIDATL,PEP,PEPCO,3163.808,True
5/20/2026 12:00:00 PM,5/20/2026 8:00:00 AM,RFC,MIDATL,PEP,PEPCO,3276.642,True
5/20/2026 1:00:00 PM,5/20/2026 9:00:00 AM,RFC,MIDATL,PEP,PEPCO,3382.860,True
5/20/2026 2:00:00 PM,5/20/2026 10:00:00 AM,RFC,MIDATL,PEP,PEPCO,3546.830,True
5/20/2026 3:00:00 PM,5/20/2026 11:00:00 AM,RFC,MIDATL,PEP,PEPCO,3657.107,True
5/20/2026 4:00:00 PM,5/20/2026 12:00:00 PM,RFC,MIDATL,PEP,PEPCO,3838.895,True
5/20/2026 5:00:00 PM,5/20/2026 1:00:00 PM,RFC,MIDATL,PEP,PEPCO,3991.011,True
5/20/2026 6:00:00 PM,5/20/2026 2:00:00 PM,RFC,MIDATL,PEP,PEPCO,4169.093,True
5/20/2026 7:00:00 PM,5/20/2026 3:00:00 PM,RFC,MIDATL,PEP,PEPCO,4287.725,True
5/20/2026 8:00:00 PM,5/20/2026 4:00:00 PM,RFC,MIDATL,PEP,PEPCO,4322.437,True
5/20/2026 9:00:00 PM,5/20/2026 5:00:00 PM,RFC,MIDATL,PEP,PEPCO,3978.330,True
5/20/2026 10:00:00 PM,5/20/2026 6:00:00 PM,RFC,MIDATL,PEP,PEPCO,3698.775,True
5/20/2026 11:00:00 PM,5/20/2026 7:00:00 PM,RFC,MIDATL,PEP,PEPCO,3555.730,True
5/21/2026 12:00:00 AM,5/20/2026 8:00:00 PM,RFC,MIDATL,PEP,PEPCO,3500.909,True
5/21/2026 1:00:00 AM,5/20/2026 9:00:00 PM,RFC,MIDATL,PEP,PEPCO,3389.576,True
5/21/2026 2:00:00 AM,5/20/2026 10:00:00 PM,RFC,MIDATL,PEP,PEPCO,3162.648,True
5/21/2026 3:00:00 AM,5/20/2026 11:00:00 PM,RFC,MIDATL,PEP,PEPCO,2914.514,True
5/21/2026 4:00:00 AM,5/21/2026 12:00:00 AM,RFC,MIDATL,PEP,PEPCO,2696.376,True
5/21/2026 5:00:00 AM,5/21/2026 1:00:00 AM,RFC,MIDATL,PEP,PEPCO,2569.518,True
5/21/2026 6:00:00 AM,5/21/2026 2:00:00 AM,RFC,MIDATL,PEP,PEPCO,2465.399,True
5/21/2026 7:00:00 AM,5/21/2026 3:00:00 AM,RFC,MIDATL,PEP,PEPCO,2415.910,True
5/21/2026 8:00:00 AM,5/21/2026 4:00:00 AM,RFC,MIDATL,PEP,PEPCO,2459.779,True
5/21/2026 9:00:00 AM,5/21/2026 5:00:00 AM,RFC,MIDATL,PEP,PEPCO,2601.619,True
5/21/2026 10:00:00 AM,5/21/2026 6:00:00 AM,RFC,MIDATL,PEP,PEPCO,2801.451,True
5/21/2026 11:00:00 AM,5/21/2026 7:00:00 AM,RFC,MIDATL,PEP,PEPCO,2903.171,True
5/21/2026 12:00:00 PM,5/21/2026 8:00:00 AM,RFC,MIDATL,PEP,PEPCO,2892.167,True
5/21/2026 1:00:00 PM,5/21/2026 9:00:00 AM,RFC,MIDATL,PEP,PEPCO,2862.670,True
5/21/2026 2:00:00 PM,5/21/2026 10:00:00 AM,RFC,MIDATL,PEP,PEPCO,2814.903,True
5/21/2026 3:00:00 PM,5/21/2026 11:00:00 AM,RFC,MIDATL,PEP,PEPCO,2777.665,True
5/21/2026 4:00:00 PM,5/21/2026 12:00:00 PM,RFC,MIDATL,PEP,PEPCO,2751.055,True
5/21/2026 5:00:00 PM,5/21/2026 1:00:00 PM,RFC,MIDATL,PEP,PEPCO,2685.566,True
5/21/2026 6:00:00 PM,5/21/2026 2:00:00 PM,RFC,MIDATL,PEP,PEPCO,2717.961,True
5/21/2026 7:00:00 PM,5/21/2026 3:00:00 PM,RFC,MIDATL,PEP,PEPCO,2704.531,True
5/21/2026 8:00:00 PM,5/21/2026 4:00:00 PM,RFC,MIDATL,PEP,PEPCO,2644.275,True
5/21/2026 9:00:00 PM,5/21/2026 5:00:00 PM,RFC,MIDATL,PEP,PEPCO,2697.356,True
5/21/2026 10:00:00 PM,5/21/2026 6:00:00 PM,RFC,MIDATL,PEP,PEPCO,2629.347,True
5/21/2026 11:00:00 PM,5/21/2026 7:00:00 PM,RFC,MIDATL,PEP,PEPCO,2623.760,True
5/22/2026 12:00:00 AM,5/21/2026 8:00:00 PM,RFC,MIDATL,PEP,PEPCO,2558.631,True
5/22/2026 1:00:00 AM,5/21/2026 9:00:00 PM,RFC,MIDATL,PEP,PEPCO,2505.513,True
5/22/2026 2:00:00 AM,5/21/2026 10:00:00 PM,RFC,MIDATL,PEP,PEPCO,2376.004,True
5/22/2026 3:00:00 AM,5/21/2026 11:00:00 PM,RFC,MIDATL,PEP,PEPCO,2198.079,True
5/22/2026 4:00:00 AM,5/22/2026 12:00:00 AM,RFC,MIDATL,PEP,PEPCO,2110.168,True
5/22/2026 5:00:00 AM,5/22/2026 1:00:00 AM,RFC,MIDATL,PEP,PEPCO,1953.422,True
5/22/2026 6:00:00 AM,5/22/2026 2:00:00 AM,RFC,MIDATL,PEP,PEPCO,1918.481,True
5/22/2026 7:00:00 AM,5/22/2026 3:00:00 AM,RFC,MIDATL,PEP,PEPCO,1887.504,True
5/22/2026 8:00:00 AM,5/22/2026 4:00:00 AM,RFC,MIDATL,PEP,PEPCO,1944.461,True
5/22/2026 9:00:00 AM,5/22/2026 5:00:00 AM,RFC,MIDATL,PEP,PEPCO,2071.364,True
5/22/2026 10:00:00 AM,5/22/2026 6:00:00 AM,RFC,MIDATL,PEP,PEPCO,2292.594,True
5/22/2026 11:00:00 AM,5/22/2026 7:00:00 AM,RFC,MIDATL,PEP,PEPCO,2406.524,True
5/22/2026 12:00:00 PM,5/22/2026 8:00:00 AM,RFC,MIDATL,PEP,PEPCO,2526.477,True
5/22/2026 1:00:00 PM,5/22/2026 9:00:00 AM,RFC,MIDATL,PEP,PEPCO,2575.761,True
5/22/2026 2:00:00 PM,5/22/2026 10:00:00 AM,RFC,MIDATL,PEP,PEPCO,2605.629,True
5/22/2026 3:00:00 PM,5/22/2026 11:00:00 AM,RFC,MIDATL,PEP,PEPCO,2597.298,True
5/22/2026 4:00:00 PM,5/22/2026 12:00:00 PM,RFC,MIDATL,PEP,PEPCO,2565.462,True
5/22/2026 5:00:00 PM,5/22/2026 1:00:00 PM,RFC,MIDATL,PEP,PEPCO,2569.426,True
5/22/2026 6:00:00 PM,5/22/2026 2:00:00 PM,RFC,MIDATL,PEP,PEPCO,2557.975,True
5/22/2026 7:00:00 PM,5/22/2026 3:00:00 PM,RFC,MIDATL,PEP,PEPCO,2538.449,True
5/22/2026 8:00:00 PM,5/22/2026 4:00:00 PM,RFC,MIDATL,PEP,PEPCO,2525.389,True
5/22/2026 9:00:00 PM,5/22/2026 5:00:00 PM,RFC,MIDATL,PEP,PEPCO,2548.326,True
5/22/2026 10:00:00 PM,5/22/2026 6:00:00 PM,RFC,MIDATL,PEP,PEPCO,2460.573,True
5/22/2026 11:00:00 PM,5/22/2026 7:00:00 PM,RFC,MIDATL,PEP,PEPCO,2415.042,True
5/23/2026 12:00:00 AM,5/22/2026 8:00:00 PM,RFC,MIDATL,PEP,PEPCO,2381.864,True
5/23/2026 1:00:00 AM,5/22/2026 9:00:00 PM,RFC,MIDATL,PEP,PEPCO,2307.968,True
5/23/2026 2:00:00 AM,5/22/2026 10:00:00 PM,RFC,MIDATL,PEP,PEPCO,2203.505,True
5/23/2026 3:00:00 AM,5/22/2026 11:00:00 PM,RFC,MIDATL,PEP,PEPCO,2124.226,True
5/23/2026 4:00:00 AM,5/23/2026 12:00:00 AM,RFC,MIDATL,PEP,PEPCO,2013.121,True
5/23/2026 5:00:00 AM,5/23/2026 1:00:00 AM,RFC,MIDATL,PEP,PEPCO,1949.617,True
5/23/2026 6:00:00 AM,5/23/2026 2:00:00 AM,RFC,MIDATL,PEP,PEPCO,1861.869,True
5/23/2026 7:00:00 AM,5/23/2026 3:00:00 AM,RFC,MIDATL,PEP,PEPCO,1838.065,True
5/23/2026 8:00:00 AM,5/23/2026 4:00:00 AM,RFC,MIDATL,PEP,PEPCO,1836.067,True
5/23/2026 9:00:00 AM,5/23/2026 5:00:00 AM,RFC,MIDATL,PEP,PEPCO,1844.829,True
5/23/2026 10:00:00 AM,5/23/2026 6:00:00 AM,RFC,MIDATL,PEP,PEPCO,1932.914,True
5/23/2026 11:00:00 AM,5/23/2026 7:00:00 AM,RFC,MIDATL,PEP,PEPCO,2054.441,True
5/23/2026 12:00:00 PM,5/23/2026 8:00:00 AM,RFC,MIDATL,PEP,PEPCO,2135.200,True
5/23/2026 1:00:00 PM,5/23/2026 9:00:00 AM,RFC,MIDATL,PEP,PEPCO,2222.606,True
5/23/2026 2:00:00 PM,5/23/2026 10:00:00 AM,RFC,MIDATL,PEP,PEPCO,2288.510,True
5/23/2026 3:00:00 PM,5/23/2026 11:00:00 AM,RFC,MIDATL,PEP,PEPCO,2300.817,True
5/23/2026 4:00:00 PM,5/23/2026 12:00:00 PM,RFC,MIDATL,PEP,PEPCO,2300.880,True
5/23/2026 5:00:00 PM,5/23/2026 1:00:00 PM,RFC,MIDATL,PEP,PEPCO,2239.880,True
5/23/2026 6:00:00 PM,5/23/2026 2:00:00 PM,RFC,MIDATL,PEP,PEPCO,2238.762,True
5/23/2026 7:00:00 PM,5/23/2026 3:00:00 PM,RFC,MIDATL,PEP,PEPCO,2252.290,True
5/23/2026 8:00:00 PM,5/23/2026 4:00:00 PM,RFC,MIDATL,PEP,PEPCO,2279.578,True
5/23/2026 9:00:00 PM,5/23/2026 5:00:00 PM,RFC,MIDATL,PEP,PEPCO,2286.702,True
5/23/2026 10:00:00 PM,5/23/2026 6:00:00 PM,RFC,MIDATL,PEP,PEPCO,2329.086,True
5/23/2026 11:00:00 PM,5/23/2026 7:00:00 PM,RFC,MIDATL,PEP,PEPCO,2305.559,True
5/24/2026 12:00:00 AM,5/23/2026 8:00:00 PM,RFC,MIDATL,PEP,PEPCO,2335.054,True
5/24/2026 1:00:00 AM,5/23/2026 9:00:00 PM,RFC,MIDATL,PEP,PEPCO,2299.920,True
5/24/2026 2:00:00 AM,5/23/2026 10:00:00 PM,RFC,MIDATL,PEP,PEPCO,2236.261,True
5/24/2026 3:00:00 AM,5/23/2026 11:00:00 PM,RFC,MIDATL,PEP,PEPCO,2103.172,True
5/24/2026 4:00:00 AM,5/24/2026 12:00:00 AM,RFC,MIDATL,PEP,PEPCO,2028.765,True
5/24/2026 5:00:00 AM,5/24/2026 1:00:00 AM,RFC,MIDATL,PEP,PEPCO,1948.466,True
5/24/2026 6:00:00 AM,5/24/2026 2:00:00 AM,RFC,MIDATL,PEP,PEPCO,1903.974,True
5/24/2026 7:00:00 AM,5/24/2026 3:00:00 AM,RFC,MIDATL,PEP,PEPCO,1823.091,True
5/24/2026 8:00:00 AM,5/24/2026 4:00:00 AM,RFC,MIDATL,PEP,PEPCO,1833.613,True
5/24/2026 9:00:00 AM,5/24/2026 5:00:00 AM,RFC,MIDATL,PEP,PEPCO,1855.886,True
5/24/2026 10:00:00 AM,5/24/2026 6:00:00 AM,RFC,MIDATL,PEP,PEPCO,1904.048,True
5/24/2026 11:00:00 AM,5/24/2026 7:00:00 AM,RFC,MIDATL,PEP,PEPCO,1978.711,True
5/24/2026 12:00:00 PM,5/24/2026 8:00:00 AM,RFC,MIDATL,PEP,PEPCO,2024.430,True
5/24/2026 1:00:00 PM,5/24/2026 9:00:00 AM,RFC,MIDATL,PEP,PEPCO,2079.252,True
5/24/2026 2:00:00 PM,5/24/2026 10:00:00 AM,RFC,MIDATL,PEP,PEPCO,2105.373,True
5/24/2026 3:00:00 PM,5/24/2026 11:00:00 AM,RFC,MIDATL,PEP,PEPCO,2162.682,True
5/24/2026 4:00:00 PM,5/24/2026 12:00:00 PM,RFC,MIDATL,PEP,PEPCO,2168.715,True
5/24/2026 5:00:00 PM,5/24/2026 1:00:00 PM,RFC,MIDATL,PEP,PEPCO,2154.017,True
5/24/2026 6:00:00 PM,5/24/2026 2:00:00 PM,RFC,MIDATL,PEP,PEPCO,2096.502,True
5/24/2026 7:00:00 PM,5/24/2026 3:00:00 PM,RFC,MIDATL,PEP,PEPCO,2096.644,True
5/24/2026 8:00:00 PM,5/24/2026 4:00:00 PM,RFC,MIDATL,PEP,PEPCO,2195.618,True
5/24/2026 9:00:00 PM,5/24/2026 5:00:00 PM,RFC,MIDATL,PEP,PEPCO,2242.160,True
5/24/2026 10:00:00 PM,5/24/2026 6:00:00 PM,RFC,MIDATL,PEP,PEPCO,2293.597,True
5/24/2026 11:00:00 PM,5/24/2026 7:00:00 PM,RFC,MIDATL,PEP,PEPCO,2308.424,True
5/25/2026 12:00:00 AM,5/24/2026 8:00:00 PM,RFC,MIDATL,PEP,PEPCO,2339.078,True
5/25/2026 1:00:00 AM,5/24/2026 9:00:00 PM,RFC,MIDATL,PEP,PEPCO,2312.499,True
5/25/2026 2:00:00 AM,5/24/2026 10:00:00 PM,RFC,MIDATL,PEP,PEPCO,2240.657,True
5/25/2026 3:00:00 AM,5/24/2026 11:00:00 PM,RFC,MIDATL,PEP,PEPCO,2131.221,True
5/25/2026 4:00:00 AM,5/25/2026 12:00:00 AM,RFC,MIDATL,PEP,PEPCO,2019.708,True
5/25/2026 5:00:00 AM,5/25/2026 1:00:00 AM,RFC,MIDATL,PEP,PEPCO,1926.402,True
5/25/2026 6:00:00 AM,5/25/2026 2:00:00 AM,RFC,MIDATL,PEP,PEPCO,1882.954,True
5/25/2026 7:00:00 AM,5/25/2026 3:00:00 AM,RFC,MIDATL,PEP,PEPCO,1884.442,True
5/25/2026 8:00:00 AM,5/25/2026 4:00:00 AM,RFC,MIDATL,PEP,PEPCO,1868.574,True
5/25/2026 9:00:00 AM,5/25/2026 5:00:00 AM,RFC,MIDATL,PEP,PEPCO,1946.761,True
5/25/2026 10:00:00 AM,5/25/2026 6:00:00 AM,RFC,MIDATL,PEP,PEPCO,2038.228,True
5/25/2026 11:00:00 AM,5/25/2026 7:00:00 AM,RFC,MIDATL,PEP,PEPCO,2114.906,True
5/25/2026 12:00:00 PM,5/25/2026 8:00:00 AM,RFC,MIDATL,PEP,PEPCO,2180.429,True
5/25/2026 1:00:00 PM,5/25/2026 9:00:00 AM,RFC,MIDATL,PEP,PEPCO,2305.892,True
5/25/2026 2:00:00 PM,5/25/2026 10:00:00 AM,RFC,MIDATL,PEP,PEPCO,2370.641,True
5/25/2026 3:00:00 PM,5/25/2026 11:00:00 AM,RFC,MIDATL,PEP,PEPCO,2443.172,True
5/25/2026 4:00:00 PM,5/25/2026 12:00:00 PM,RFC,MIDATL,PEP,PEPCO,2485.282,True
5/25/2026 5:00:00 PM,5/25/2026 1:00:00 PM,RFC,MIDATL,PEP,PEPCO,2487.514,True
5/25/2026 6:00:00 PM,5/25/2026 2:00:00 PM,RFC,MIDATL,PEP,PEPCO,2556.483,True
5/25/2026 7:00:00 PM,5/25/2026 3:00:00 PM,RFC,MIDATL,PEP,PEPCO,2577.053,True
5/25/2026 8:00:00 PM,5/25/2026 4:00:00 PM,RFC,MIDATL,PEP,PEPCO,2587.644,True
5/25/2026 9:00:00 PM,5/25/2026 5:00:00 PM,RFC,MIDATL,PEP,PEPCO,2703.547,True
5/25/2026 10:00:00 PM,5/25/2026 6:00:00 PM,RFC,MIDATL,PEP,PEPCO,2703.528,True
5/25/2026 11:00:00 PM,5/25/2026 7:00:00 PM,RFC,MIDATL,PEP,PEPCO,2729.910,True
5/26/2026 12:00:00 AM,5/25/2026 8:00:00 PM,RFC,MIDATL,PEP,PEPCO,2769.041,True
5/26/2026 1:00:00 AM,5/25/2026 9:00:00 PM,RFC,MIDATL,PEP,PEPCO,2713.820,True
5/26/2026 2:00:00 AM,5/25/2026 10:00:00 PM,RFC,MIDATL,PEP,PEPCO,2567.953,True
5/26/2026 3:00:00 AM,5/25/2026 11:00:00 PM,RFC,MIDATL,PEP,PEPCO,2407.131,True
5/26/2026 4:00:00 AM,5/26/2026 12:00:00 AM,RFC,MIDATL,PEP,PEPCO,2218.784,True
5/26/2026 5:00:00 AM,5/26/2026 1:00:00 AM,RFC,MIDATL,PEP,PEPCO,2073.475,True
5/26/2026 6:00:00 AM,5/26/2026 2:00:00 AM,RFC,MIDATL,PEP,PEPCO,2040.725,True
5/26/2026 7:00:00 AM,5/26/2026 3:00:00 AM,RFC,MIDATL,PEP,PEPCO,2003.107,True
5/26/2026 8:00:00 AM,5/26/2026 4:00:00 AM,RFC,MIDATL,PEP,PEPCO,2050.767,True
5/26/2026 9:00:00 AM,5/26/2026 5:00:00 AM,RFC,MIDATL,PEP,PEPCO,2200.825,True
5/26/2026 10:00:00 AM,5/26/2026 6:00:00 AM,RFC,MIDATL,PEP,PEPCO,2467.670,True
5/26/2026 11:00:00 AM,5/26/2026 7:00:00 AM,RFC,MIDATL,PEP,PEPCO,2626.855,True
5/26/2026 12:00:00 PM,5/26/2026 8:00:00 AM,RFC,MIDATL,PEP,PEPCO,2738.428,True
5/26/2026 1:00:00 PM,5/26/2026 9:00:00 AM,RFC,MIDATL,PEP,PEPCO,2770.586,True
5/26/2026 2:00:00 PM,5/26/2026 10:00:00 AM,RFC,MIDATL,PEP,PEPCO,2770.348,True
5/26/2026 3:00:00 PM,5/26/2026 11:00:00 AM,RFC,MIDATL,PEP,PEPCO,2799.145,True
5/26/2026 4:00:00 PM,5/26/2026 12:00:00 PM,RFC,MIDATL,PEP,PEPCO,2739.352,True
5/26/2026 5:00:00 PM,5/26/2026 1:00:00 PM,RFC,MIDATL,PEP,PEPCO,2772.670,True
5/26/2026 6:00:00 PM,5/26/2026 2:00:00 PM,RFC,MIDATL,PEP,PEPCO,2742.811,True
5/26/2026 7:00:00 PM,5/26/2026 3:00:00 PM,RFC,MIDATL,PEP,PEPCO,2726.713,True
5/26/2026 8:00:00 PM,5/26/2026 4:00:00 PM,RFC,MIDATL,PEP,PEPCO,2913.714,True
5/26/2026 9:00:00 PM,5/26/2026 5:00:00 PM,RFC,MIDATL,PEP,PEPCO,2937.688,True
5/26/2026 10:00:00 PM,5/26/2026 6:00:00 PM,RFC,MIDATL,PEP,PEPCO,2898.699,True
5/26/2026 11:00:00 PM,5/26/2026 7:00:00 PM,RFC,MIDATL,PEP,PEPCO,2904.534,True
5/27/2026 12:00:00 AM,5/26/2026 8:00:00 PM,RFC,MIDATL,PEP,PEPCO,2897.569,True
5/27/2026 1:00:00 AM,5/26/2026 9:00:00 PM,RFC,MIDATL,PEP,PEPCO,2824.494,True
5/27/2026 2:00:00 AM,5/26/2026 10:00:00 PM,RFC,MIDATL,PEP,PEPCO,2679.511,True
5/27/2026 3:00:00 AM,5/26/2026 11:00:00 PM,RFC,MIDATL,PEP,PEPCO,2480.369,True
5/27/2026 4:00:00 AM,5/27/2026 12:00:00 AM,RFC,MIDATL,PEP,PEPCO,2349.332,True
5/27/2026 5:00:00 AM,5/27/2026 1:00:00 AM,RFC,MIDATL,PEP,PEPCO,2216.849,True
5/27/2026 6:00:00 AM,5/27/2026 2:00:00 AM,RFC,MIDATL,PEP,PEPCO,2129.385,True
5/27/2026 7:00:00 AM,5/27/2026 3:00:00 AM,RFC,MIDATL,PEP,PEPCO,2114.414,True
5/27/2026 8:00:00 AM,5/27/2026 4:00:00 AM,RFC,MIDATL,PEP,PEPCO,2180.531,True
5/27/2026 9:00:00 AM,5/27/2026 5:00:00 AM,RFC,MIDATL,PEP,PEPCO,2346.476,True
5/27/2026 10:00:00 AM,5/27/2026 6:00:00 AM,RFC,MIDATL,PEP,PEPCO,2598.745,True
5/27/2026 11:00:00 AM,5/27/2026 7:00:00 AM,RFC,MIDATL,PEP,PEPCO,2818.757,True
5/27/2026 12:00:00 PM,5/27/2026 8:00:00 AM,RFC,MIDATL,PEP,PEPCO,2903.035,True
5/27/2026 1:00:00 PM,5/27/2026 9:00:00 AM,RFC,MIDATL,PEP,PEPCO,2982.819,True
5/27/2026 2:00:00 PM,5/27/2026 10:00:00 AM,RFC,MIDATL,PEP,PEPCO,2925.446,True
5/27/2026 3:00:00 PM,5/27/2026 11:00:00 AM,RFC,MIDATL,PEP,PEPCO,2971.388,True
5/27/2026 4:00:00 PM,5/27/2026 12:00:00 PM,RFC,MIDATL,PEP,PEPCO,3104.786,True
5/27/2026 5:00:00 PM,5/27/2026 1:00:00 PM,RFC,MIDATL,PEP,PEPCO,3052.664,True
5/27/2026 6:00:00 PM,5/27/2026 2:00:00 PM,RFC,MIDATL,PEP,PEPCO,3051.485,True
5/27/2026 7:00:00 PM,5/27/2026 3:00:00 PM,RFC,MIDATL,PEP,PEPCO,3125.262,True
5/27/2026 8:00:00 PM,5/27/2026 4:00:00 PM,RFC,MIDATL,PEP,PEPCO,3205.023,True
5/27/2026 9:00:00 PM,5/27/2026 5:00:00 PM,RFC,MIDATL,PEP,PEPCO,3284.993,True
5/27/2026 10:00:00 PM,5/27/2026 6:00:00 PM,RFC,MIDATL,PEP,PEPCO,3288.808,True
5/27/2026 11:00:00 PM,5/27/2026 7:00:00 PM,RFC,MIDATL,PEP,PEPCO,3225.495,True
5/28/2026 12:00:00 AM,5/27/2026 8:00:00 PM,RFC,MIDATL,PEP,PEPCO,3235.609,True
5/28/2026 1:00:00 AM,5/27/2026 9:00:00 PM,RFC,MIDATL,PEP,PEPCO,3105.946,True
5/28/2026 2:00:00 AM,5/27/2026 10:00:00 PM,RFC,MIDATL,PEP,PEPCO,2894.208,True
5/28/2026 3:00:00 AM,5/27/2026 11:00:00 PM,RFC,MIDATL,PEP,PEPCO,2717.191,True
5/28/2026 4:00:00 AM,5/28/2026 12:00:00 AM,RFC,MIDATL,PEP,PEPCO,2498.867,True
5/28/2026 5:00:00 AM,5/28/2026 1:00:00 AM,RFC,MIDATL,PEP,PEPCO,2323.509,True
5/28/2026 6:00:00 AM,5/28/2026 2:00:00 AM,RFC,MIDATL,PEP,PEPCO,2236.426,True
5/28/2026 7:00:00 AM,5/28/2026 3:00:00 AM,RFC,MIDATL,PEP,PEPCO,2192.860,True
5/28/2026 8:00:00 AM,5/28/2026 4:00:00 AM,RFC,MIDATL,PEP,PEPCO,2202.312,True
5/28/2026 9:00:00 AM,5/28/2026 5:00:00 AM,RFC,MIDATL,PEP,PEPCO,2407.846,True
5/28/2026 10:00:00 AM,5/28/2026 6:00:00 AM,RFC,MIDATL,PEP,PEPCO,2581.246,True
5/28/2026 11:00:00 AM,5/28/2026 7:00:00 AM,RFC,MIDATL,PEP,PEPCO,2736.362,True
5/28/2026 12:00:00 PM,5/28/2026 8:00:00 AM,RFC,MIDATL,PEP,PEPCO,2759.601,True
5/28/2026 1:00:00 PM,5/28/2026 9:00:00 AM,RFC,MIDATL,PEP,PEPCO,2695.038,True
5/28/2026 2:00:00 PM,5/28/2026 10:00:00 AM,RFC,MIDATL,PEP,PEPCO,2665.989,True
5/28/2026 3:00:00 PM,5/28/2026 11:00:00 AM,RFC,MIDATL,PEP,PEPCO,2650.358,True
5/28/2026 4:00:00 PM,5/28/2026 12:00:00 PM,RFC,MIDATL,PEP,PEPCO,2638.947,True
5/28/2026 5:00:00 PM,5/28/2026 1:00:00 PM,RFC,MIDATL,PEP,PEPCO,2755.585,True
5/28/2026 6:00:00 PM,5/28/2026 2:00:00 PM,RFC,MIDATL,PEP,PEPCO,2773.598,True
5/28/2026 7:00:00 PM,5/28/2026 3:00:00 PM,RFC,MIDATL,PEP,PEPCO,2893.315,True
5/28/2026 8:00:00 PM,5/28/2026 4:00:00 PM,RFC,MIDATL,PEP,PEPCO,3042.477,True
5/28/2026 9:00:00 PM,5/28/2026 5:00:00 PM,RFC,MIDATL,PEP,PEPCO,3093.258,True
5/28/2026 10:00:00 PM,5/28/2026 6:00:00 PM,RFC,MIDATL,PEP,PEPCO,3019.282,True
5/28/2026 11:00:00 PM,5/28/2026 7:00:00 PM,RFC,MIDATL,PEP,PEPCO,3055.769,True
5/29/2026 12:00:00 AM,5/28/2026 8:00:00 PM,RFC,MIDATL,PEP,PEPCO,2860.204,True
5/29/2026 1:00:00 AM,5/28/2026 9:00:00 PM,RFC,MIDATL,PEP,PEPCO,2807.875,True
5/29/2026 2:00:00 AM,5/28/2026 10:00:00 PM,RFC,MIDATL,PEP,PEPCO,2588.825,True
5/29/2026 3:00:00 AM,5/28/2026 11:00:00 PM,RFC,MIDATL,PEP,PEPCO,2340.699,True
5/29/2026 4:00:00 AM,5/29/2026 12:00:00 AM,RFC,MIDATL,PEP,PEPCO,2180.698,True
5/29/2026 5:00:00 AM,5/29/2026 1:00:00 AM,RFC,MIDATL,PEP,PEPCO,1979.186,True
5/29/2026 6:00:00 AM,5/29/2026 2:00:00 AM,RFC,MIDATL,PEP,PEPCO,1916.243,True
5/29/2026 7:00:00 AM,5/29/2026 3:00:00 AM,RFC,MIDATL,PEP,PEPCO,1858.169,True
5/29/2026 8:00:00 AM,5/29/2026 4:00:00 AM,RFC,MIDATL,PEP,PEPCO,1869.247,True
5/29/2026 9:00:00 AM,5/29/2026 5:00:00 AM,RFC,MIDATL,PEP,PEPCO,2024.858,True
5/29/2026 10:00:00 AM,5/29/2026 6:00:00 AM,RFC,MIDATL,PEP,PEPCO,2230.859,True
5/29/2026 11:00:00 AM,5/29/2026 7:00:00 AM,RFC,MIDATL,PEP,PEPCO,2323.879,True
5/29/2026 12:00:00 PM,5/29/2026 8:00:00 AM,RFC,MIDATL,PEP,PEPCO,2353.445,True
5/29/2026 1:00:00 PM,5/29/2026 9:00:00 AM,RFC,MIDATL,PEP,PEPCO,2335.557,True
5/29/2026 2:00:00 PM,5/29/2026 10:00:00 AM,RFC,MIDATL,PEP,PEPCO,2332.022,True
5/29/2026 3:00:00 PM,5/29/2026 11:00:00 AM,RFC,MIDATL,PEP,PEPCO,2312.244,True
5/29/2026 4:00:00 PM,5/29/2026 12:00:00 PM,RFC,MIDATL,PEP,PEPCO,2335.644,True
5/29/2026 5:00:00 PM,5/29/2026 1:00:00 PM,RFC,MIDATL,PEP,PEPCO,2416.776,True
5/29/2026 6:00:00 PM,5/29/2026 2:00:00 PM,RFC,MIDATL,PEP,PEPCO,2487.904,True
5/29/2026 7:00:00 PM,5/29/2026 3:00:00 PM,RFC,MIDATL,PEP,PEPCO,2599.445,True
5/29/2026 8:00:00 PM,5/29/2026 4:00:00 PM,RFC,MIDATL,PEP,PEPCO,2798.496,True
5/29/2026 9:00:00 PM,5/29/2026 5:00:00 PM,RFC,MIDATL,PEP,PEPCO,2930.718,True
5/29/2026 10:00:00 PM,5/29/2026 6:00:00 PM,RFC,MIDATL,PEP,PEPCO,2965.262,True
5/29/2026 11:00:00 PM,5/29/2026 7:00:00 PM,RFC,MIDATL,PEP,PEPCO,2887.393,True
5/30/2026 12:00:00 AM,5/29/2026 8:00:00 PM,RFC,MIDATL,PEP,PEPCO,2787.905,True
5/30/2026 1:00:00 AM,5/29/2026 9:00:00 PM,RFC,MIDATL,PEP,PEPCO,2723.187,True
5/30/2026 2:00:00 AM,5/29/2026 10:00:00 PM,RFC,MIDATL,PEP,PEPCO,2576.892,True
5/30/2026 3:00:00 AM,5/29/2026 11:00:00 PM,RFC,MIDATL,PEP,PEPCO,2408.389,True
5/30/2026 4:00:00 AM,5/30/2026 12:00:00 AM,RFC,MIDATL,PEP,PEPCO,2268.230,True
5/30/2026 5:00:00 AM,5/30/2026 1:00:00 AM,RFC,MIDATL,PEP,PEPCO,2150.546,True
5/30/2026 6:00:00 AM,5/30/2026 2:00:00 AM,RFC,MIDATL,PEP,PEPCO,1993.875,True
5/30/2026 7:00:00 AM,5/30/2026 3:00:00 AM,RFC,MIDATL,PEP,PEPCO,1948.450,True
5/30/2026 8:00:00 AM,5/30/2026 4:00:00 AM,RFC,MIDATL,PEP,PEPCO,1908.904,True
5/30/2026 9:00:00 AM,5/30/2026 5:00:00 AM,RFC,MIDATL,PEP,PEPCO,1892.884,True
5/30/2026 10:00:00 AM,5/30/2026 6:00:00 AM,RFC,MIDATL,PEP,PEPCO,1976.896,True
5/30/2026 11:00:00 AM,5/30/2026 7:00:00 AM,RFC,MIDATL,PEP,PEPCO,2036.375,True
5/30/2026 12:00:00 PM,5/30/2026 8:00:00 AM,RFC,MIDATL,PEP,PEPCO,2049.458,True
5/30/2026 1:00:00 PM,5/30/2026 9:00:00 AM,RFC,MIDATL,PEP,PEPCO,2031.725,True
5/30/2026 2:00:00 PM,5/30/2026 10:00:00 AM,RFC,MIDATL,PEP,PEPCO,1991.347,True
5/30/2026 3:00:00 PM,5/30/2026 11:00:00 AM,RFC,MIDATL,PEP,PEPCO,1993.171,True
5/30/2026 4:00:00 PM,5/30/2026 12:00:00 PM,RFC,MIDATL,PEP,PEPCO,1983.703,True
5/30/2026 5:00:00 PM,5/30/2026 1:00:00 PM,RFC,MIDATL,PEP,PEPCO,1978.975,True
5/30/2026 6:00:00 PM,5/30/2026 2:00:00 PM,RFC,MIDATL,PEP,PEPCO,2026.545,True
5/30/2026 7:00:00 PM,5/30/2026 3:00:00 PM,RFC,MIDATL,PEP,PEPCO,2096.558,True
5/30/2026 8:00:00 PM,5/30/2026 4:00:00 PM,RFC,MIDATL,PEP,PEPCO,2242.029,True
5/30/2026 9:00:00 PM,5/30/2026 5:00:00 PM,RFC,MIDATL,PEP,PEPCO,2369.503,True
5/30/2026 10:00:00 PM,5/30/2026 6:00:00 PM,RFC,MIDATL,PEP,PEPCO,2467.868,True
5/30/2026 11:00:00 PM,5/30/2026 7:00:00 PM,RFC,MIDATL,PEP,PEPCO,2472.697,True
5/31/2026 12:00:00 AM,5/30/2026 8:00:00 PM,RFC,MIDATL,PEP,PEPCO,2450.591,True
5/31/2026 1:00:00 AM,5/30/2026 9:00:00 PM,RFC,MIDATL,PEP,PEPCO,2403.236,True
5/31/2026 2:00:00 AM,5/30/2026 10:00:00 PM,RFC,MIDATL,PEP,PEPCO,2311.696,True
5/31/2026 3:00:00 AM,5/30/2026 11:00:00 PM,RFC,MIDATL,PEP,PEPCO,2183.980,True
5/31/2026 4:00:00 AM,5/31/2026 12:00:00 AM,RFC,MIDATL,PEP,PEPCO,2068.662,True
5/31/2026 5:00:00 AM,5/31/2026 1:00:00 AM,RFC,MIDATL,PEP,PEPCO,1976.140,True
5/31/2026 6:00:00 AM,5/31/2026 2:00:00 AM,RFC,MIDATL,PEP,PEPCO,1846.704,True
5/31/2026 7:00:00 AM,5/31/2026 3:00:00 AM,RFC,MIDATL,PEP,PEPCO,1808.313,True
5/31/2026 8:00:00 AM,5/31/2026 4:00:00 AM,RFC,MIDATL,PEP,PEPCO,1764.283,True
5/31/2026 9:00:00 AM,5/31/2026 5:00:00 AM,RFC,MIDATL,PEP,PEPCO,1807.545,True
5/31/2026 10:00:00 AM,5/31/2026 6:00:00 AM,RFC,MIDATL,PEP,PEPCO,1790.897,True
5/31/2026 11:00:00 AM,5/31/2026 7:00:00 AM,RFC,MIDATL,PEP,PEPCO,1814.134,True
5/31/2026 12:00:00 PM,5/31/2026 8:00:00 AM,RFC,MIDATL,PEP,PEPCO,1869.023,True
5/31/2026 1:00:00 PM,5/31/2026 9:00:00 AM,RFC,MIDATL,PEP,PEPCO,1838.096,True
5/31/2026 2:00:00 PM,5/31/2026 10:00:00 AM,RFC,MIDATL,PEP,PEPCO,1842.385,True
5/31/2026 3:00:00 PM,5/31/2026 11:00:00 AM,RFC,MIDATL,PEP,PEPCO,1845.051,True
5/31/2026 4:00:00 PM,5/31/2026 12:00:00 PM,RFC,MIDATL,PEP,PEPCO,1882.137,True
5/31/2026 5:00:00 PM,5/31/2026 1:00:00 PM,RFC,MIDATL,PEP,PEPCO,1937.076,True
5/31/2026 6:00:00 PM,5/31/2026 2:00:00 PM,RFC,MIDATL,PEP,PEPCO,2021.207,True
5/31/2026 7:00:00 PM,5/31/2026 3:00:00 PM,RFC,MIDATL,PEP,PEPCO,2088.449,True
5/31/2026 8:00:00 PM,5/31/2026 4:00:00 PM,RFC,MIDATL,PEP,PEPCO,2158.847,True
5/31/2026 9:00:00 PM,5/31/2026 5:00:00 PM,RFC,MIDATL,PEP,PEPCO,2375.437,True
5/31/2026 10:00:00 PM,5/31/2026 6:00:00 PM,RFC,MIDATL,PEP,PEPCO,2663.423,True
5/31/2026 11:00:00 PM,5/31/2026 7:00:00 PM,RFC,MIDATL,PEP,PEPCO,2688.888,True
6/1/2026 12:00:00 AM,5/31/2026 8:00:00 PM,RFC,MIDATL,PEP,PEPCO,2671.288,True
6/1/2026 1:00:00 AM,5/31/2026 9:00:00 PM,RFC,MIDATL,PEP,PEPCO,2633.333,True
6/1/2026 2:00:00 AM,5/31/2026 10:00:00 PM,RFC,MIDATL,PEP,PEPCO,2428.382,True
6/1/2026 3:00:00 AM,5/31/2026 11:00:00 PM,RFC,MIDATL,PEP,PEPCO,2234.688,True
6/1/2026 4:00:00 AM,6/1/2026 12:00:00 AM,RFC,MIDATL,PEP,PEPCO,2060.062,False
6/1/2026 5:00:00 AM,6/1/2026 1:00:00 AM,RFC,MIDATL,PEP,PEPCO,1965.478,False
6/1/2026 6:00:00 AM,6/1/2026 2:00:00 AM,RFC,MIDATL,PEP,PEPCO,1883.760,False
6/1/2026 7:00:00 AM,6/1/2026 3:00:00 AM,RFC,MIDATL,PEP,PEPCO,1874.061,False
6/1/2026 8:00:00 AM,6/1/2026 4:00:00 AM,RFC,MIDATL,PEP,PEPCO,1901.759,False
6/1/2026 9:00:00 AM,6/1/2026 5:00:00 AM,RFC,MIDATL,PEP,PEPCO,2068.963,False
6/1/2026 10:00:00 AM,6/1/2026 6:00:00 AM,RFC,MIDATL,PEP,PEPCO,2267.629,False
6/1/2026 11:00:00 AM,6/1/2026 7:00:00 AM,RFC,MIDATL,PEP,PEPCO,2363.151,False
6/1/2026 12:00:00 PM,6/1/2026 8:00:00 AM,RFC,MIDATL,PEP,PEPCO,2412.955,False
6/1/2026 1:00:00 PM,6/1/2026 9:00:00 AM,RFC,MIDATL,PEP,PEPCO,2374.473,False
6/1/2026 2:00:00 PM,6/1/2026 10:00:00 AM,RFC,MIDATL,PEP,PEPCO,2438.356,False
6/1/2026 3:00:00 PM,6/1/2026 11:00:00 AM,RFC,MIDATL,PEP,PEPCO,2455.601,False
6/1/2026 4:00:00 PM,6/1/2026 12:00:00 PM,RFC,MIDATL,PEP,PEPCO,2496.890,False
6/1/2026 5:00:00 PM,6/1/2026 1:00:00 PM,RFC,MIDATL,PEP,PEPCO,2576.049,False
6/1/2026 6:00:00 PM,6/1/2026 2:00:00 PM,RFC,MIDATL,PEP,PEPCO,2677.138,False
6/1/2026 7:00:00 PM,6/1/2026 3:00:00 PM,RFC,MIDATL,PEP,PEPCO,2796.168,False
6/1/2026 8:00:00 PM,6/1/2026 4:00:00 PM,RFC,MIDATL,PEP,PEPCO,2887.719,False
6/1/2026 9:00:00 PM,6/1/2026 5:00:00 PM,RFC,MIDATL,PEP,PEPCO,2986.082,False
6/1/2026 10:00:00 PM,6/1/2026 6:00:00 PM,RFC,MIDATL,PEP,PEPCO,2953.837,False
6/1/2026 11:00:00 PM,6/1/2026 7:00:00 PM,RFC,MIDATL,PEP,PEPCO,2884.503,False
6/2/2026 12:00:00 AM,6/1/2026 8:00:00 PM,RFC,MIDATL,PEP,PEPCO,2784.153,False
6/2/2026 1:00:00 AM,6/1/2026 9:00:00 PM,RFC,MIDATL,PEP,PEPCO,2704.973,False
6/2/2026 2:00:00 AM,6/1/2026 10:00:00 PM,RFC,MIDATL,PEP,PEPCO,2500.307,False
6/2/2026 3:00:00 AM,6/1/2026 11:00:00 PM,RFC,MIDATL,PEP,PEPCO,2281.801,False
6/2/2026 4:00:00 AM,6/2/2026 12:00:00 AM,RFC,MIDATL,PEP,PEPCO,2082.593,False
6/2/2026 5:00:00 AM,6/2/2026 1:00:00 AM,RFC,MIDATL,PEP,PEPCO,1962.176,False
6/2/2026 6:00:00 AM,6/2/2026 2:00:00 AM,RFC,MIDATL,PEP,PEPCO,1879.922,False
6/2/2026 7:00:00 AM,6/2/2026 3:00:00 AM,RFC,MIDATL,PEP,PEPCO,1830.677,False
6/2/2026 8:00:00 AM,6/2/2026 4:00:00 AM,RFC,MIDATL,PEP,PEPCO,1859.673,False
6/2/2026 9:00:00 AM,6/2/2026 5:00:00 AM,RFC,MIDATL,PEP,PEPCO,2031.612,False
6/2/2026 10:00:00 AM,6/2/2026 6:00:00 AM,RFC,MIDATL,PEP,PEPCO,2207.224,False
6/2/2026 11:00:00 AM,6/2/2026 7:00:00 AM,RFC,MIDATL,PEP,PEPCO,2326.838,False
6/2/2026 12:00:00 PM,6/2/2026 8:00:00 AM,RFC,MIDATL,PEP,PEPCO,2325.104,False
6/2/2026 1:00:00 PM,6/2/2026 9:00:00 AM,RFC,MIDATL,PEP,PEPCO,2294.695,False
6/2/2026 2:00:00 PM,6/2/2026 10:00:00 AM,RFC,MIDATL,PEP,PEPCO,2259.278,False
6/2/2026 3:00:00 PM,6/2/2026 11:00:00 AM,RFC,MIDATL,PEP,PEPCO,2236.374,False
6/2/2026 4:00:00 PM,6/2/2026 12:00:00 PM,RFC,MIDATL,PEP,PEPCO,2269.756,False
6/2/2026 5:00:00 PM,6/2/2026 1:00:00 PM,RFC,MIDATL,PEP,PEPCO,2313.519,False
6/2/2026 6:00:00 PM,6/2/2026 2:00:00 PM,RFC,MIDATL,PEP,PEPCO,2377.110,False
6/2/2026 7:00:00 PM,6/2/2026 3:00:00 PM,RFC,MIDATL,PEP,PEPCO,2479.925,False
6/2/2026 8:00:00 PM,6/2/2026 4:00:00 PM,RFC,MIDATL,PEP,PEPCO,2652.298,False
6/2/2026 9:00:00 PM,6/2/2026 5:00:00 PM,RFC,MIDATL,PEP,PEPCO,2792.739,False
6/2/2026 10:00:00 PM,6/2/2026 6:00:00 PM,RFC,MIDATL,PEP,PEPCO,2824.499,False
6/2/2026 11:00:00 PM,6/2/2026 7:00:00 PM,RFC,MIDATL,PEP,PEPCO,2755.030,False
6/3/2026 12:00:00 AM,6/2/2026 8:00:00 PM,RFC,MIDATL,PEP,PEPCO,2714.342,False
6/3/2026 1:00:00 AM,6/2/2026 9:00:00 PM,RFC,MIDATL,PEP,PEPCO,2613.094,False
6/3/2026 2:00:00 AM,6/2/2026 10:00:00 PM,RFC,MIDATL,PEP,PEPCO,2456.110,False
6/3/2026 3:00:00 AM,6/2/2026 11:00:00 PM,RFC,MIDATL,PEP,PEPCO,2257.702,False
6/3/2026 4:00:00 AM,6/3/2026 12:00:00 AM,RFC,MIDATL,PEP,PEPCO,2067.871,False
6/3/2026 5:00:00 AM,6/3/2026 1:00:00 AM,RFC,MIDATL,PEP,PEPCO,1909.888,False
6/3/2026 6:00:00 AM,6/3/2026 2:00:00 AM,RFC,MIDATL,PEP,PEPCO,1845.457,False
6/3/2026 7:00:00 AM,6/3/2026 3:00:00 AM,RFC,MIDATL,PEP,PEPCO,1793.090,False
6/3/2026 8:00:00 AM,6/3/2026 4:00:00 AM,RFC,MIDATL,PEP,PEPCO,1838.717,False
6/3/2026 9:00:00 AM,6/3/2026 5:00:00 AM,RFC,MIDATL,PEP,PEPCO,2002.007,False
6/3/2026 10:00:00 AM,6/3/2026 6:00:00 AM,RFC,MIDATL,PEP,PEPCO,2180.748,False
6/3/2026 11:00:00 AM,6/3/2026 7:00:00 AM,RFC,MIDATL,PEP,PEPCO,2318.341,False
6/3/2026 12:00:00 PM,6/3/2026 8:00:00 AM,RFC,MIDATL,PEP,PEPCO,2358.009,False
6/3/2026 1:00:00 PM,6/3/2026 9:00:00 AM,RFC,MIDATL,PEP,PEPCO,2337.780,False
6/3/2026 2:00:00 PM,6/3/2026 10:00:00 AM,RFC,MIDATL,PEP,PEPCO,2321.903,False
6/3/2026 3:00:00 PM,6/3/2026 11:00:00 AM,RFC,MIDATL,PEP,PEPCO,2326.222,False
6/3/2026 4:00:00 PM,6/3/2026 12:00:00 PM,RFC,MIDATL,PEP,PEPCO,2441.473,False
6/3/2026 5:00:00 PM,6/3/2026 1:00:00 PM,RFC,MIDATL,PEP,PEPCO,2497.037,False
6/3/2026 6:00:00 PM,6/3/2026 2:00:00 PM,RFC,MIDATL,PEP,PEPCO,2603.928,False
6/3/2026 7:00:00 PM,6/3/2026 3:00:00 PM,RFC,MIDATL,PEP,PEPCO,2772.534,False
6/3/2026 8:00:00 PM,6/3/2026 4:00:00 PM,RFC,MIDATL,PEP,PEPCO,2990.378,False
6/3/2026 9:00:00 PM,6/3/2026 5:00:00 PM,RFC,MIDATL,PEP,PEPCO,3122.179,False
6/3/2026 10:00:00 PM,6/3/2026 6:00:00 PM,RFC,MIDATL,PEP,PEPCO,3144.269,False
6/3/2026 11:00:00 PM,6/3/2026 7:00:00 PM,RFC,MIDATL,PEP,PEPCO,3088.299,False
6/4/2026 12:00:00 AM,6/3/2026 8:00:00 PM,RFC,MIDATL,PEP,PEPCO,2982.776,False
6/4/2026 1:00:00 AM,6/3/2026 9:00:00 PM,RFC,MIDATL,PEP,PEPCO,2855.175,False
6/4/2026 2:00:00 AM,6/3/2026 10:00:00 PM,RFC,MIDATL,PEP,PEPCO,2658.429,False
6/4/2026 3:00:00 AM,6/3/2026 11:00:00 PM,RFC,MIDATL,PEP,PEPCO,2421.883,False
6/4/2026 4:00:00 AM,6/4/2026 12:00:00 AM,RFC,MIDATL,PEP,PEPCO,2248.828,False
6/4/2026 5:00:00 AM,6/4/2026 1:00:00 AM,RFC,MIDATL,PEP,PEPCO,2089.144,False
6/4/2026 6:00:00 AM,6/4/2026 2:00:00 AM,RFC,MIDATL,PEP,PEPCO,2009.619,False
6/4/2026 7:00:00 AM,6/4/2026 3:00:00 AM,RFC,MIDATL,PEP,PEPCO,1954.608,False
6/4/2026 8:00:00 AM,6/4/2026 4:00:00 AM,RFC,MIDATL,PEP,PEPCO,1988.764,False
6/4/2026 9:00:00 AM,6/4/2026 5:00:00 AM,RFC,MIDATL,PEP,PEPCO,2146.796,False
6/4/2026 10:00:00 AM,6/4/2026 6:00:00 AM,RFC,MIDATL,PEP,PEPCO,2337.184,False
6/4/2026 11:00:00 AM,6/4/2026 7:00:00 AM,RFC,MIDATL,PEP,PEPCO,2485.189,False
6/4/2026 12:00:00 PM,6/4/2026 8:00:00 AM,RFC,MIDATL,PEP,PEPCO,2572.035,False
6/4/2026 1:00:00 PM,6/4/2026 9:00:00 AM,RFC,MIDATL,PEP,PEPCO,2600.873,False
6/4/2026 2:00:00 PM,6/4/2026 10:00:00 AM,RFC,MIDATL,PEP,PEPCO,2599.850,False
6/4/2026 3:00:00 PM,6/4/2026 11:00:00 AM,RFC,MIDATL,PEP,PEPCO,2699.178,False
6/4/2026 4:00:00 PM,6/4/2026 12:00:00 PM,RFC,MIDATL,PEP,PEPCO,2804.261,False
6/4/2026 5:00:00 PM,6/4/2026 1:00:00 PM,RFC,MIDATL,PEP,PEPCO,2906.628,False
6/4/2026 6:00:00 PM,6/4/2026 2:00:00 PM,RFC,MIDATL,PEP,PEPCO,3058.116,False
6/4/2026 7:00:00 PM,6/4/2026 3:00:00 PM,RFC,MIDATL,PEP,PEPCO,3254.149,False
6/4/2026 8:00:00 PM,6/4/2026 4:00:00 PM,RFC,MIDATL,PEP,PEPCO,3438.923,False
6/4/2026 9:00:00 PM,6/4/2026 5:00:00 PM,RFC,MIDATL,PEP,PEPCO,3575.042,False
6/4/2026 10:00:00 PM,6/4/2026 6:00:00 PM,RFC,MIDATL,PEP,PEPCO,3539.738,False
6/4/2026 11:00:00 PM,6/4/2026 7:00:00 PM,RFC,MIDATL,PEP,PEPCO,3477.293,False
6/5/2026 12:00:00 AM,6/4/2026 8:00:00 PM,RFC,MIDATL,PEP,PEPCO,3275.873,False
6/5/2026 1:00:00 AM,6/4/2026 9:00:00 PM,RFC,MIDATL,PEP,PEPCO,3169.520,False
6/5/2026 2:00:00 AM,6/4/2026 10:00:00 PM,RFC,MIDATL,PEP,PEPCO,2894.700,False
6/5/2026 3:00:00 AM,6/4/2026 11:00:00 PM,RFC,MIDATL,PEP,PEPCO,2642.807,False
6/5/2026 4:00:00 AM,6/5/2026 12:00:00 AM,RFC,MIDATL,PEP,PEPCO,2412.925,False
6/5/2026 5:00:00 AM,6/5/2026 1:00:00 AM,RFC,MIDATL,PEP,PEPCO,2254.660,False
6/5/2026 6:00:00 AM,6/5/2026 2:00:00 AM,RFC,MIDATL,PEP,PEPCO,2138.850,False
6/5/2026 7:00:00 AM,6/5/2026 3:00:00 AM,RFC,MIDATL,PEP,PEPCO,2094.912,False
6/5/2026 8:00:00 AM,6/5/2026 4:00:00 AM,RFC,MIDATL,PEP,PEPCO,2095.452,False
6/5/2026 9:00:00 AM,6/5/2026 5:00:00 AM,RFC,MIDATL,PEP,PEPCO,2234.372,False
6/5/2026 10:00:00 AM,6/5/2026 6:00:00 AM,RFC,MIDATL,PEP,PEPCO,2436.839,False
6/5/2026 11:00:00 AM,6/5/2026 7:00:00 AM,RFC,MIDATL,PEP,PEPCO,2580.158,False
6/5/2026 12:00:00 PM,6/5/2026 8:00:00 AM,RFC,MIDATL,PEP,PEPCO,2675.614,False
6/5/2026 1:00:00 PM,6/5/2026 9:00:00 AM,RFC,MIDATL,PEP,PEPCO,2806.141,False
6/5/2026 2:00:00 PM,6/5/2026 10:00:00 AM,RFC,MIDATL,PEP,PEPCO,2901.634,False
6/5/2026 3:00:00 PM,6/5/2026 11:00:00 AM,RFC,MIDATL,PEP,PEPCO,2988.888,False
6/5/2026 4:00:00 PM,6/5/2026 12:00:00 PM,RFC,MIDATL,PEP,PEPCO,3069.963,False
6/5/2026 5:00:00 PM,6/5/2026 1:00:00 PM,RFC,MIDATL,PEP,PEPCO,3233.114,False
6/5/2026 6:00:00 PM,6/5/2026 2:00:00 PM,RFC,MIDATL,PEP,PEPCO,3354.658,False
6/5/2026 7:00:00 PM,6/5/2026 3:00:00 PM,RFC,MIDATL,PEP,PEPCO,3537.735,False
6/5/2026 8:00:00 PM,6/5/2026 4:00:00 PM,RFC,MIDATL,PEP,PEPCO,3731.760,False
6/5/2026 9:00:00 PM,6/5/2026 5:00:00 PM,RFC,MIDATL,PEP,PEPCO,3870.199,False
6/5/2026 10:00:00 PM,6/5/2026 6:00:00 PM,RFC,MIDATL,PEP,PEPCO,3829.218,False
6/5/2026 11:00:00 PM,6/5/2026 7:00:00 PM,RFC,MIDATL,PEP,PEPCO,3694.573,False
6/6/2026 12:00:00 AM,6/5/2026 8:00:00 PM,RFC,MIDATL,PEP,PEPCO,3560.997,False
6/6/2026 1:00:00 AM,6/5/2026 9:00:00 PM,RFC,MIDATL,PEP,PEPCO,3362.684,False
6/6/2026 2:00:00 AM,6/5/2026 10:00:00 PM,RFC,MIDATL,PEP,PEPCO,3143.864,False
6/6/2026 3:00:00 AM,6/5/2026 11:00:00 PM,RFC,MIDATL,PEP,PEPCO,2929.909,False
6/6/2026 4:00:00 AM,6/6/2026 12:00:00 AM,RFC,MIDATL,PEP,PEPCO,2717.080,False
6/6/2026 5:00:00 AM,6/6/2026 1:00:00 AM,RFC,MIDATL,PEP,PEPCO,2555.954,False
6/6/2026 6:00:00 AM,6/6/2026 2:00:00 AM,RFC,MIDATL,PEP,PEPCO,2405.046,False
6/6/2026 7:00:00 AM,6/6/2026 3:00:00 AM,RFC,MIDATL,PEP,PEPCO,2303.960,False
6/6/2026 8:00:00 AM,6/6/2026 4:00:00 AM,RFC,MIDATL,PEP,PEPCO,2253.110,False
6/6/2026 9:00:00 AM,6/6/2026 5:00:00 AM,RFC,MIDATL,PEP,PEPCO,2211.055,False
6/6/2026 10:00:00 AM,6/6/2026 6:00:00 AM,RFC,MIDATL,PEP,PEPCO,2308.332,False
6/6/2026 11:00:00 AM,6/6/2026 7:00:00 AM,RFC,MIDATL,PEP,PEPCO,2406.866,False
6/6/2026 12:00:00 PM,6/6/2026 8:00:00 AM,RFC,MIDATL,PEP,PEPCO,2560.226,False
6/6/2026 1:00:00 PM,6/6/2026 9:00:00 AM,RFC,MIDATL,PEP,PEPCO,2796.135,False
6/6/2026 2:00:00 PM,6/6/2026 10:00:00 AM,RFC,MIDATL,PEP,PEPCO,2929.981,False
6/6/2026 3:00:00 PM,6/6/2026 11:00:00 AM,RFC,MIDATL,PEP,PEPCO,3026.225,False
6/6/2026 4:00:00 PM,6/6/2026 12:00:00 PM,RFC,MIDATL,PEP,PEPCO,3093.403,False
6/6/2026 5:00:00 PM,6/6/2026 1:00:00 PM,RFC,MIDATL,PEP,PEPCO,3162.607,False
6/6/2026 6:00:00 PM,6/6/2026 2:00:00 PM,RFC,MIDATL,PEP,PEPCO,3258.196,False
6/6/2026 7:00:00 PM,6/6/2026 3:00:00 PM,RFC,MIDATL,PEP,PEPCO,3368.956,False
6/6/2026 8:00:00 PM,6/6/2026 4:00:00 PM,RFC,MIDATL,PEP,PEPCO,3480.726,False
6/6/2026 9:00:00 PM,6/6/2026 5:00:00 PM,RFC,MIDATL,PEP,PEPCO,3587.677,False
6/6/2026 10:00:00 PM,6/6/2026 6:00:00 PM,RFC,MIDATL,PEP,PEPCO,3566.078,False
6/6/2026 11:00:00 PM,6/6/2026 7:00:00 PM,RFC,MIDATL,PEP,PEPCO,3339.673,False
6/7/2026 12:00:00 AM,6/6/2026 8:00:00 PM,RFC,MIDATL,PEP,PEPCO,3272.173,False
6/7/2026 1:00:00 AM,6/6/2026 9:00:00 PM,RFC,MIDATL,PEP,PEPCO,3214.753,False
6/7/2026 2:00:00 AM,6/6/2026 10:00:00 PM,RFC,MIDATL,PEP,PEPCO,3092.236,False
6/7/2026 3:00:00 AM,6/6/2026 11:00:00 PM,RFC,MIDATL,PEP,PEPCO,2902.867,False
6/7/2026 4:00:00 AM,6/7/2026 12:00:00 AM,RFC,MIDATL,PEP,PEPCO,2721.887,False
6/7/2026 5:00:00 AM,6/7/2026 1:00:00 AM,RFC,MIDATL,PEP,PEPCO,2557.834,False
6/7/2026 6:00:00 AM,6/7/2026 2:00:00 AM,RFC,MIDATL,PEP,PEPCO,2454.943,False
6/7/2026 7:00:00 AM,6/7/2026 3:00:00 AM,RFC,MIDATL,PEP,PEPCO,2378.247,False
6/7/2026 8:00:00 AM,6/7/2026 4:00:00 AM,RFC,MIDATL,PEP,PEPCO,2332.677,False
6/7/2026 9:00:00 AM,6/7/2026 5:00:00 AM,RFC,MIDATL,PEP,PEPCO,2333.425,False
6/7/2026 10:00:00 AM,6/7/2026 6:00:00 AM,RFC,MIDATL,PEP,PEPCO,2341.570,False
6/7/2026 11:00:00 AM,6/7/2026 7:00:00 AM,RFC,MIDATL,PEP,PEPCO,2482.033,False
6/7/2026 12:00:00 PM,6/7/2026 8:00:00 AM,RFC,MIDATL,PEP,PEPCO,2631.555,False
6/7/2026 1:00:00 PM,6/7/2026 9:00:00 AM,RFC,MIDATL,PEP,PEPCO,2800.629,False
6/7/2026 2:00:00 PM,6/7/2026 10:00:00 AM,RFC,MIDATL,PEP,PEPCO,2935.785,False
6/7/2026 3:00:00 PM,6/7/2026 11:00:00 AM,RFC,MIDATL,PEP,PEPCO,3069.520,False
6/7/2026 4:00:00 PM,6/7/2026 12:00:00 PM,RFC,MIDATL,PEP,PEPCO,3165.205,False
6/7/2026 5:00:00 PM,6/7/2026 1:00:00 PM,RFC,MIDATL,PEP,PEPCO,3270.861,False
6/7/2026 6:00:00 PM,6/7/2026 2:00:00 PM,RFC,MIDATL,PEP,PEPCO,3345.253,False
6/7/2026 7:00:00 PM,6/7/2026 3:00:00 PM,RFC,MIDATL,PEP,PEPCO,3496.085,False
6/7/2026 8:00:00 PM,6/7/2026 4:00:00 PM,RFC,MIDATL,PEP,PEPCO,3662.477,False
6/7/2026 9:00:00 PM,6/7/2026 5:00:00 PM,RFC,MIDATL,PEP,PEPCO,3798.401,False
6/7/2026 10:00:00 PM,6/7/2026 6:00:00 PM,RFC,MIDATL,PEP,PEPCO,3875.617,False
6/7/2026 11:00:00 PM,6/7/2026 7:00:00 PM,RFC,MIDATL,PEP,PEPCO,3850.593,False
6/8/2026 12:00:00 AM,6/7/2026 8:00:00 PM,RFC,MIDATL,PEP,PEPCO,3697.216,False
6/8/2026 1:00:00 AM,6/7/2026 9:00:00 PM,RFC,MIDATL,PEP,PEPCO,3573.640,False
6/8/2026 2:00:00 AM,6/7/2026 10:00:00 PM,RFC,MIDATL,PEP,PEPCO,3327.586,False
6/8/2026 3:00:00 AM,6/7/2026 11:00:00 PM,RFC,MIDATL,PEP,PEPCO,3026.469,False
6/8/2026 4:00:00 AM,6/8/2026 12:00:00 AM,RFC,MIDATL,PEP,PEPCO,2779.394,False
6/8/2026 5:00:00 AM,6/8/2026 1:00:00 AM,RFC,MIDATL,PEP,PEPCO,2582.903,False
6/8/2026 6:00:00 AM,6/8/2026 2:00:00 AM,RFC,MIDATL,PEP,PEPCO,2471.634,False
6/8/2026 7:00:00 AM,6/8/2026 3:00:00 AM,RFC,MIDATL,PEP,PEPCO,2366.152,False
6/8/2026 8:00:00 AM,6/8/2026 4:00:00 AM,RFC,MIDATL,PEP,PEPCO,2378.842,False
6/8/2026 9:00:00 AM,6/8/2026 5:00:00 AM,RFC,MIDATL,PEP,PEPCO,2577.340,False
6/8/2026 10:00:00 AM,6/8/2026 6:00:00 AM,RFC,MIDATL,PEP,PEPCO,2759.311,False
6/8/2026 11:00:00 AM,6/8/2026 7:00:00 AM,RFC,MIDATL,PEP,PEPCO,2911.332,False
6/8/2026 12:00:00 PM,6/8/2026 8:00:00 AM,RFC,MIDATL,PEP,PEPCO,3017.361,False
6/8/2026 1:00:00 PM,6/8/2026 9:00:00 AM,RFC,MIDATL,PEP,PEPCO,3058.886,False
6/8/2026 2:00:00 PM,6/8/2026 10:00:00 AM,RFC,MIDATL,PEP,PEPCO,3092.700,False
6/8/2026 3:00:00 PM,6/8/2026 11:00:00 AM,RFC,MIDATL,PEP,PEPCO,3042.756,False
6/8/2026 4:00:00 PM,6/8/2026 12:00:00 PM,RFC,MIDATL,PEP,PEPCO,3070.939,False
6/8/2026 5:00:00 PM,6/8/2026 1:00:00 PM,RFC,MIDATL,PEP,PEPCO,3095.258,False
6/8/2026 6:00:00 PM,6/8/2026 2:00:00 PM,RFC,MIDATL,PEP,PEPCO,3191.459,False
6/8/2026 7:00:00 PM,6/8/2026 3:00:00 PM,RFC,MIDATL,PEP,PEPCO,3230.408,False
6/8/2026 8:00:00 PM,6/8/2026 4:00:00 PM,RFC,MIDATL,PEP,PEPCO,3305.155,False
6/8/2026 9:00:00 PM,6/8/2026 5:00:00 PM,RFC,MIDATL,PEP,PEPCO,3324.016,False
6/8/2026 10:00:00 PM,6/8/2026 6:00:00 PM,RFC,MIDATL,PEP,PEPCO,3263.690,False
6/8/2026 11:00:00 PM,6/8/2026 7:00:00 PM,RFC,MIDATL,PEP,PEPCO,3227.358,False
6/9/2026 12:00:00 AM,6/8/2026 8:00:00 PM,RFC,MIDATL,PEP,PEPCO,3130.012,False
6/9/2026 1:00:00 AM,6/8/2026 9:00:00 PM,RFC,MIDATL,PEP,PEPCO,3029.596,False
6/9/2026 2:00:00 AM,6/8/2026 10:00:00 PM,RFC,MIDATL,PEP,PEPCO,2804.789,False
6/9/2026 3:00:00 AM,6/8/2026 11:00:00 PM,RFC,MIDATL,PEP,PEPCO,2530.843,False
6/9/2026 4:00:00 AM,6/9/2026 12:00:00 AM,RFC,MIDATL,PEP,PEPCO,2325.897,False
6/9/2026 5:00:00 AM,6/9/2026 1:00:00 AM,RFC,MIDATL,PEP,PEPCO,2186.927,False
6/9/2026 6:00:00 AM,6/9/2026 2:00:00 AM,RFC,MIDATL,PEP,PEPCO,2088.031,False
6/9/2026 7:00:00 AM,6/9/2026 3:00:00 AM,RFC,MIDATL,PEP,PEPCO,2043.774,False
6/9/2026 8:00:00 AM,6/9/2026 4:00:00 AM,RFC,MIDATL,PEP,PEPCO,2071.208,False
6/9/2026 9:00:00 AM,6/9/2026 5:00:00 AM,RFC,MIDATL,PEP,PEPCO,2251.322,False
6/9/2026 10:00:00 AM,6/9/2026 6:00:00 AM,RFC,MIDATL,PEP,PEPCO,2460.103,False
6/9/2026 11:00:00 AM,6/9/2026 7:00:00 AM,RFC,MIDATL,PEP,PEPCO,2605.517,False
6/9/2026 12:00:00 PM,6/9/2026 8:00:00 AM,RFC,MIDATL,PEP,PEPCO,2617.055,False
6/9/2026 1:00:00 PM,6/9/2026 9:00:00 AM,RFC,MIDATL,PEP,PEPCO,2666.890,False
6/9/2026 2:00:00 PM,6/9/2026 10:00:00 AM,RFC,MIDATL,PEP,PEPCO,2650.944,False
6/9/2026 3:00:00 PM,6/9/2026 11:00:00 AM,RFC,MIDATL,PEP,PEPCO,2723.009,False
6/9/2026 4:00:00 PM,6/9/2026 12:00:00 PM,RFC,MIDATL,PEP,PEPCO,2872.766,False
6/9/2026 5:00:00 PM,6/9/2026 1:00:00 PM,RFC,MIDATL,PEP,PEPCO,2956.665,False
6/9/2026 6:00:00 PM,6/9/2026 2:00:00 PM,RFC,MIDATL,PEP,PEPCO,3107.874,False
6/9/2026 7:00:00 PM,6/9/2026 3:00:00 PM,RFC,MIDATL,PEP,PEPCO,3262.998,False
6/9/2026 8:00:00 PM,6/9/2026 4:00:00 PM,RFC,MIDATL,PEP,PEPCO,3452.461,False
6/9/2026 9:00:00 PM,6/9/2026 5:00:00 PM,RFC,MIDATL,PEP,PEPCO,3566.945,False
6/9/2026 10:00:00 PM,6/9/2026 6:00:00 PM,RFC,MIDATL,PEP,PEPCO,3464.708,False
6/9/2026 11:00:00 PM,6/9/2026 7:00:00 PM,RFC,MIDATL,PEP,PEPCO,3366.330,False
6/10/2026 12:00:00 AM,6/9/2026 8:00:00 PM,RFC,MIDATL,PEP,PEPCO,3325.826,False
6/10/2026 1:00:00 AM,6/9/2026 9:00:00 PM,RFC,MIDATL,PEP,PEPCO,3246.375,False
6/10/2026 2:00:00 AM,6/9/2026 10:00:00 PM,RFC,MIDATL,PEP,PEPCO,3046.758,False
6/10/2026 3:00:00 AM,6/9/2026 11:00:00 PM,RFC,MIDATL,PEP,PEPCO,2838.649,False
6/10/2026 4:00:00 AM,6/10/2026 12:00:00 AM,RFC,MIDATL,PEP,PEPCO,2638.931,False
6/10/2026 5:00:00 AM,6/10/2026 1:00:00 AM,RFC,MIDATL,PEP,PEPCO,2476.875,False
6/10/2026 6:00:00 AM,6/10/2026 2:00:00 AM,RFC,MIDATL,PEP,PEPCO,2377.036,False
6/10/2026 7:00:00 AM,6/10/2026 3:00:00 AM,RFC,MIDATL,PEP,PEPCO,2354.064,False
6/10/2026 8:00:00 AM,6/10/2026 4:00:00 AM,RFC,MIDATL,PEP,PEPCO,2364.613,False
6/10/2026 9:00:00 AM,6/10/2026 5:00:00 AM,RFC,MIDATL,PEP,PEPCO,2558.919,False
6/10/2026 10:00:00 AM,6/10/2026 6:00:00 AM,RFC,MIDATL,PEP,PEPCO,2813.320,False
6/10/2026 11:00:00 AM,6/10/2026 7:00:00 AM,RFC,MIDATL,PEP,PEPCO,3024.734,False
6/10/2026 12:00:00 PM,6/10/2026 8:00:00 AM,RFC,MIDATL,PEP,PEPCO,3075.704,False
6/10/2026 1:00:00 PM,6/10/2026 9:00:00 AM,RFC,MIDATL,PEP,PEPCO,3145.640,False
6/10/2026 2:00:00 PM,6/10/2026 10:00:00 AM,RFC,MIDATL,PEP,PEPCO,3155.050,False
6/10/2026 3:00:00 PM,6/10/2026 11:00:00 AM,RFC,MIDATL,PEP,PEPCO,3260.869,False
6/10/2026 4:00:00 PM,6/10/2026 12:00:00 PM,RFC,MIDATL,PEP,PEPCO,3472.264,False
6/10/2026 5:00:00 PM,6/10/2026 1:00:00 PM,RFC,MIDATL,PEP,PEPCO,3680.056,False
6/10/2026 6:00:00 PM,6/10/2026 2:00:00 PM,RFC,MIDATL,PEP,PEPCO,3948.445,False
6/10/2026 7:00:00 PM,6/10/2026 3:00:00 PM,RFC,MIDATL,PEP,PEPCO,4157.797,False
6/10/2026 8:00:00 PM,6/10/2026 4:00:00 PM,RFC,MIDATL,PEP,PEPCO,3951.016,False
6/10/2026 9:00:00 PM,6/10/2026 5:00:00 PM,RFC,MIDATL,PEP,PEPCO,3645.072,False
6/10/2026 10:00:00 PM,6/10/2026 6:00:00 PM,RFC,MIDATL,PEP,PEPCO,3716.540,False
6/10/2026 11:00:00 PM,6/10/2026 7:00:00 PM,RFC,MIDATL,PEP,PEPCO,3741.435,False
6/11/2026 12:00:00 AM,6/10/2026 8:00:00 PM,RFC,MIDATL,PEP,PEPCO,3689.906,False
6/11/2026 1:00:00 AM,6/10/2026 9:00:00 PM,RFC,MIDATL,PEP,PEPCO,3570.475,False
6/11/2026 2:00:00 AM,6/10/2026 10:00:00 PM,RFC,MIDATL,PEP,PEPCO,3408.518,False
6/11/2026 3:00:00 AM,6/10/2026 11:00:00 PM,RFC,MIDATL,PEP,PEPCO,3185.456,False
6/11/2026 4:00:00 AM,6/11/2026 12:00:00 AM,RFC,MIDATL,PEP,PEPCO,2955.803,False
6/11/2026 5:00:00 AM,6/11/2026 1:00:00 AM,RFC,MIDATL,PEP,PEPCO,2747.080,False
6/11/2026 6:00:00 AM,6/11/2026 2:00:00 AM,RFC,MIDATL,PEP,PEPCO,2636.260,False
6/11/2026 7:00:00 AM,6/11/2026 3:00:00 AM,RFC,MIDATL,PEP,PEPCO,2564.457,False
6/11/2026 8:00:00 AM,6/11/2026 4:00:00 AM,RFC,MIDATL,PEP,PEPCO,2588.638,False
6/11/2026 9:00:00 AM,6/11/2026 5:00:00 AM,RFC,MIDATL,PEP,PEPCO,2785.999,False
6/11/2026 10:00:00 AM,6/11/2026 6:00:00 AM,RFC,MIDATL,PEP,PEPCO,3071.935,False
6/11/2026 11:00:00 AM,6/11/2026 7:00:00 AM,RFC,MIDATL,PEP,PEPCO,3259.442,False
6/11/2026 12:00:00 PM,6/11/2026 8:00:00 AM,RFC,MIDATL,PEP,PEPCO,3465.547,False
6/11/2026 1:00:00 PM,6/11/2026 9:00:00 AM,RFC,MIDATL,PEP,PEPCO,3608.662,False
6/11/2026 2:00:00 PM,6/11/2026 10:00:00 AM,RFC,MIDATL,PEP,PEPCO,3798.863,False
6/11/2026 3:00:00 PM,6/11/2026 11:00:00 AM,RFC,MIDATL,PEP,PEPCO,3978.455,False
6/11/2026 4:00:00 PM,6/11/2026 12:00:00 PM,RFC,MIDATL,PEP,PEPCO,4177.214,False
6/11/2026 5:00:00 PM,6/11/2026 1:00:00 PM,RFC,MIDATL,PEP,PEPCO,4329.124,False
6/11/2026 6:00:00 PM,6/11/2026 2:00:00 PM,RFC,MIDATL,PEP,PEPCO,4480.887,False
6/11/2026 7:00:00 PM,6/11/2026 3:00:00 PM,RFC,MIDATL,PEP,PEPCO,4605.565,False
6/11/2026 8:00:00 PM,6/11/2026 4:00:00 PM,RFC,MIDATL,PEP,PEPCO,4733.583,False
6/11/2026 9:00:00 PM,6/11/2026 5:00:00 PM,RFC,MIDATL,PEP,PEPCO,4824.826,False
6/11/2026 10:00:00 PM,6/11/2026 6:00:00 PM,RFC,MIDATL,PEP,PEPCO,4726.656,False
6/11/2026 11:00:00 PM,6/11/2026 7:00:00 PM,RFC,MIDATL,PEP,PEPCO,4627.676,False
6/12/2026 12:00:00 AM,6/11/2026 8:00:00 PM,RFC,MIDATL,PEP,PEPCO,4257.713,False
6/12/2026 1:00:00 AM,6/11/2026 9:00:00 PM,RFC,MIDATL,PEP,PEPCO,3856.362,False
6/12/2026 2:00:00 AM,6/11/2026 10:00:00 PM,RFC,MIDATL,PEP,PEPCO,3604.820,False
6/12/2026 3:00:00 AM,6/11/2026 11:00:00 PM,RFC,MIDATL,PEP,PEPCO,3352.974,False
6/12/2026 4:00:00 AM,6/12/2026 12:00:00 AM,RFC,MIDATL,PEP,PEPCO,3088.845,False
6/12/2026 5:00:00 AM,6/12/2026 1:00:00 AM,RFC,MIDATL,PEP,PEPCO,2917.831,False
6/12/2026 6:00:00 AM,6/12/2026 2:00:00 AM,RFC,MIDATL,PEP,PEPCO,2795.117,False
6/12/2026 7:00:00 AM,6/12/2026 3:00:00 AM,RFC,MIDATL,PEP,PEPCO,2690.267,False
6/12/2026 8:00:00 AM,6/12/2026 4:00:00 AM,RFC,MIDATL,PEP,PEPCO,2714.390,False
6/12/2026 9:00:00 AM,6/12/2026 5:00:00 AM,RFC,MIDATL,PEP,PEPCO,2822.877,False
6/12/2026 10:00:00 AM,6/12/2026 6:00:00 AM,RFC,MIDATL,PEP,PEPCO,3032.223,False
6/12/2026 11:00:00 AM,6/12/2026 7:00:00 AM,RFC,MIDATL,PEP,PEPCO,3276.027,False
6/12/2026 12:00:00 PM,6/12/2026 8:00:00 AM,RFC,MIDATL,PEP,PEPCO,3445.254,False
6/12/2026 1:00:00 PM,6/12/2026 9:00:00 AM,RFC,MIDATL,PEP,PEPCO,3636.766,False
6/12/2026 2:00:00 PM,6/12/2026 10:00:00 AM,RFC,MIDATL,PEP,PEPCO,3790.142,False
6/12/2026 3:00:00 PM,6/12/2026 11:00:00 AM,RFC,MIDATL,PEP,PEPCO,3976.981,False
6/12/2026 4:00:00 PM,6/12/2026 12:00:00 PM,RFC,MIDATL,PEP,PEPCO,4124.832,False
6/12/2026 5:00:00 PM,6/12/2026 1:00:00 PM,RFC,MIDATL,PEP,PEPCO,4251.964,False
6/12/2026 6:00:00 PM,6/12/2026 2:00:00 PM,RFC,MIDATL,PEP,PEPCO,4452.884,False
6/12/2026 7:00:00 PM,6/12/2026 3:00:00 PM,RFC,MIDATL,PEP,PEPCO,4601.768,False
6/12/2026 8:00:00 PM,6/12/2026 4:00:00 PM,RFC,MIDATL,PEP,PEPCO,4645.873,False
6/12/2026 9:00:00 PM,6/12/2026 5:00:00 PM,RFC,MIDATL,PEP,PEPCO,4522.878,False
6/12/2026 10:00:00 PM,6/12/2026 6:00:00 PM,RFC,MIDATL,PEP,PEPCO,4397.005,False
6/12/2026 11:00:00 PM,6/12/2026 7:00:00 PM,RFC,MIDATL,PEP,PEPCO,4277.678,False
6/13/2026 12:00:00 AM,6/12/2026 8:00:00 PM,RFC,MIDATL,PEP,PEPCO,3960.677,False
6/13/2026 1:00:00 AM,6/12/2026 9:00:00 PM,RFC,MIDATL,PEP,PEPCO,3655.391,False
6/13/2026 2:00:00 AM,6/12/2026 10:00:00 PM,RFC,MIDATL,PEP,PEPCO,3473.452,False
6/13/2026 3:00:00 AM,6/12/2026 11:00:00 PM,RFC,MIDATL,PEP,PEPCO,3282.587,False
6/13/2026 4:00:00 AM,6/13/2026 12:00:00 AM,RFC,MIDATL,PEP,PEPCO,3051.301,False
6/13/2026 5:00:00 AM,6/13/2026 1:00:00 AM,RFC,MIDATL,PEP,PEPCO,2919.176,False
6/13/2026 6:00:00 AM,6/13/2026 2:00:00 AM,RFC,MIDATL,PEP,PEPCO,2715.254,False
6/13/2026 7:00:00 AM,6/13/2026 3:00:00 AM,RFC,MIDATL,PEP,PEPCO,2560.011,False
6/13/2026 8:00:00 AM,6/13/2026 4:00:00 AM,RFC,MIDATL,PEP,PEPCO,2468.755,False
6/13/2026 9:00:00 AM,6/13/2026 5:00:00 AM,RFC,MIDATL,PEP,PEPCO,2440.288,False
6/13/2026 10:00:00 AM,6/13/2026 6:00:00 AM,RFC,MIDATL,PEP,PEPCO,2464.102,False
6/13/2026 11:00:00 AM,6/13/2026 7:00:00 AM,RFC,MIDATL,PEP,PEPCO,2586.369,False
6/13/2026 12:00:00 PM,6/13/2026 8:00:00 AM,RFC,MIDATL,PEP,PEPCO,2739.280,False
6/13/2026 1:00:00 PM,6/13/2026 9:00:00 AM,RFC,MIDATL,PEP,PEPCO,2789.313,False
6/13/2026 2:00:00 PM,6/13/2026 10:00:00 AM,RFC,MIDATL,PEP,PEPCO,2840.457,False
6/13/2026 3:00:00 PM,6/13/2026 11:00:00 AM,RFC,MIDATL,PEP,PEPCO,2916.016,False
6/13/2026 4:00:00 PM,6/13/2026 12:00:00 PM,RFC,MIDATL,PEP,PEPCO,3003.241,False
6/13/2026 5:00:00 PM,6/13/2026 1:00:00 PM,RFC,MIDATL,PEP,PEPCO,3108.437,False
6/13/2026 6:00:00 PM,6/13/2026 2:00:00 PM,RFC,MIDATL,PEP,PEPCO,3243.478,False
6/13/2026 7:00:00 PM,6/13/2026 3:00:00 PM,RFC,MIDATL,PEP,PEPCO,3386.018,False
6/13/2026 8:00:00 PM,6/13/2026 4:00:00 PM,RFC,MIDATL,PEP,PEPCO,3549.548,False
6/13/2026 9:00:00 PM,6/13/2026 5:00:00 PM,RFC,MIDATL,PEP,PEPCO,3606.370,False
6/13/2026 10:00:00 PM,6/13/2026 6:00:00 PM,RFC,MIDATL,PEP,PEPCO,3695.981,False
6/13/2026 11:00:00 PM,6/13/2026 7:00:00 PM,RFC,MIDATL,PEP,PEPCO,3612.993,False
6/14/2026 12:00:00 AM,6/13/2026 8:00:00 PM,RFC,MIDATL,PEP,PEPCO,3509.966,False
6/14/2026 1:00:00 AM,6/13/2026 9:00:00 PM,RFC,MIDATL,PEP,PEPCO,3425.013,False
6/14/2026 2:00:00 AM,6/13/2026 10:00:00 PM,RFC,MIDATL,PEP,PEPCO,3246.838,False
6/14/2026 3:00:00 AM,6/13/2026 11:00:00 PM,RFC,MIDATL,PEP,PEPCO,3061.587,False
6/14/2026 4:00:00 AM,6/14/2026 12:00:00 AM,RFC,MIDATL,PEP,PEPCO,2903.102,False
6/14/2026 5:00:00 AM,6/14/2026 1:00:00 AM,RFC,MIDATL,PEP,PEPCO,2691.761,False
6/14/2026 6:00:00 AM,6/14/2026 2:00:00 AM,RFC,MIDATL,PEP,PEPCO,2522.818,False
6/14/2026 7:00:00 AM,6/14/2026 3:00:00 AM,RFC,MIDATL,PEP,PEPCO,2448.813,False
6/14/2026 8:00:00 AM,6/14/2026 4:00:00 AM,RFC,MIDATL,PEP,PEPCO,2359.117,False
6/14/2026 9:00:00 AM,6/14/2026 5:00:00 AM,RFC,MIDATL,PEP,PEPCO,2328.591,False
6/14/2026 10:00:00 AM,6/14/2026 6:00:00 AM,RFC,MIDATL,PEP,PEPCO,2339.686,False
6/14/2026 11:00:00 AM,6/14/2026 7:00:00 AM,RFC,MIDATL,PEP,PEPCO,2429.475,False
6/14/2026 12:00:00 PM,6/14/2026 8:00:00 AM,RFC,MIDATL,PEP,PEPCO,2542.487,False
6/14/2026 1:00:00 PM,6/14/2026 9:00:00 AM,RFC,MIDATL,PEP,PEPCO,2744.013,False
6/14/2026 2:00:00 PM,6/14/2026 10:00:00 AM,RFC,MIDATL,PEP,PEPCO,2959.151,False
6/14/2026 3:00:00 PM,6/14/2026 11:00:00 AM,RFC,MIDATL,PEP,PEPCO,3187.503,False
6/14/2026 4:00:00 PM,6/14/2026 12:00:00 PM,RFC,MIDATL,PEP,PEPCO,3299.577,False
6/14/2026 5:00:00 PM,6/14/2026 1:00:00 PM,RFC,MIDATL,PEP,PEPCO,3457.392,False
6/14/2026 6:00:00 PM,6/14/2026 2:00:00 PM,RFC,MIDATL,PEP,PEPCO,3646.942,False
6/14/2026 7:00:00 PM,6/14/2026 3:00:00 PM,RFC,MIDATL,PEP,PEPCO,3723.943,False
6/14/2026 8:00:00 PM,6/14/2026 4:00:00 PM,RFC,MIDATL,PEP,PEPCO,3841.984,False
6/14/2026 9:00:00 PM,6/14/2026 5:00:00 PM,RFC,MIDATL,PEP,PEPCO,4012.082,False
6/14/2026 10:00:00 PM,6/14/2026 6:00:00 PM,RFC,MIDATL,PEP,PEPCO,4071.552,False
6/14/2026 11:00:00 PM,6/14/2026 7:00:00 PM,RFC,MIDATL,PEP,PEPCO,4037.082,False
6/15/2026 12:00:00 AM,6/14/2026 8:00:00 PM,RFC,MIDATL,PEP,PEPCO,3950.057,False
6/15/2026 1:00:00 AM,6/14/2026 9:00:00 PM,RFC,MIDATL,PEP,PEPCO,3751.745,False
6/15/2026 2:00:00 AM,6/14/2026 10:00:00 PM,RFC,MIDATL,PEP,PEPCO,3514.980,False
6/15/2026 3:00:00 AM,6/14/2026 11:00:00 PM,RFC,MIDATL,PEP,PEPCO,3267.592,False
6/15/2026 4:00:00 AM,6/15/2026 12:00:00 AM,RFC,MIDATL,PEP,PEPCO,3054.126,False
6/15/2026 5:00:00 AM,6/15/2026 1:00:00 AM,RFC,MIDATL,PEP,PEPCO,2843.455,False
6/15/2026 6:00:00 AM,6/15/2026 2:00:00 AM,RFC,MIDATL,PEP,PEPCO,2646.955,False
6/15/2026 7:00:00 AM,6/15/2026 3:00:00 AM,RFC,MIDATL,PEP,PEPCO,2547.141,False
6/15/2026 8:00:00 AM,6/15/2026 4:00:00 AM,RFC,MIDATL,PEP,PEPCO,2493.082,False
6/15/2026 9:00:00 AM,6/15/2026 5:00:00 AM,RFC,MIDATL,PEP,PEPCO,2556.162,False
6/15/2026 10:00:00 AM,6/15/2026 6:00:00 AM,RFC,MIDATL,PEP,PEPCO,2715.467,False
6/15/2026 11:00:00 AM,6/15/2026 7:00:00 AM,RFC,MIDATL,PEP,PEPCO,2830.283,False
6/15/2026 12:00:00 PM,6/15/2026 8:00:00 AM,RFC,MIDATL,PEP,PEPCO,2834.360,False
6/15/2026 1:00:00 PM,6/15/2026 9:00:00 AM,RFC,MIDATL,PEP,PEPCO,2791.904,False
6/15/2026 2:00:00 PM,6/15/2026 10:00:00 AM,RFC,MIDATL,PEP,PEPCO,2806.424,False
6/15/2026 3:00:00 PM,6/15/2026 11:00:00 AM,RFC,MIDATL,PEP,PEPCO,2899.627,False
6/15/2026 4:00:00 PM,6/15/2026 12:00:00 PM,RFC,MIDATL,PEP,PEPCO,2959.068,False
6/15/2026 5:00:00 PM,6/15/2026 1:00:00 PM,RFC,MIDATL,PEP,PEPCO,3013.291,False
6/15/2026 6:00:00 PM,6/15/2026 2:00:00 PM,RFC,MIDATL,PEP,PEPCO,2996.117,False
6/15/2026 7:00:00 PM,6/15/2026 3:00:00 PM,RFC,MIDATL,PEP,PEPCO,3127.013,False
6/15/2026 8:00:00 PM,6/15/2026 4:00:00 PM,RFC,MIDATL,PEP,PEPCO,3249.197,False
6/15/2026 9:00:00 PM,6/15/2026 5:00:00 PM,RFC,MIDATL,PEP,PEPCO,3211.965,False
6/15/2026 10:00:00 PM,6/15/2026 6:00:00 PM,RFC,MIDATL,PEP,PEPCO,3145.548,False
6/15/2026 11:00:00 PM,6/15/2026 7:00:00 PM,RFC,MIDATL,PEP,PEPCO,3128.182,False
6/16/2026 12:00:00 AM,6/15/2026 8:00:00 PM,RFC,MIDATL,PEP,PEPCO,2996.268,False
6/16/2026 1:00:00 AM,6/15/2026 9:00:00 PM,RFC,MIDATL,PEP,PEPCO,2915.444,False
6/16/2026 2:00:00 AM,6/15/2026 10:00:00 PM,RFC,MIDATL,PEP,PEPCO,2702.958,False
6/16/2026 3:00:00 AM,6/15/2026 11:00:00 PM,RFC,MIDATL,PEP,PEPCO,2470.948,False
6/16/2026 4:00:00 AM,6/16/2026 12:00:00 AM,RFC,MIDATL,PEP,PEPCO,2268.092,False
6/16/2026 5:00:00 AM,6/16/2026 1:00:00 AM,RFC,MIDATL,PEP,PEPCO,2128.506,False
6/16/2026 6:00:00 AM,6/16/2026 2:00:00 AM,RFC,MIDATL,PEP,PEPCO,2025.885,False
6/16/2026 7:00:00 AM,6/16/2026 3:00:00 AM,RFC,MIDATL,PEP,PEPCO,1952.699,False
6/16/2026 8:00:00 AM,6/16/2026 4:00:00 AM,RFC,MIDATL,PEP,PEPCO,1985.660,False
6/16/2026 9:00:00 AM,6/16/2026 5:00:00 AM,RFC,MIDATL,PEP,PEPCO,2112.301,False
6/16/2026 10:00:00 AM,6/16/2026 6:00:00 AM,RFC,MIDATL,PEP,PEPCO,2324.447,False
6/16/2026 11:00:00 AM,6/16/2026 7:00:00 AM,RFC,MIDATL,PEP,PEPCO,2430.638,False
6/16/2026 12:00:00 PM,6/16/2026 8:00:00 AM,RFC,MIDATL,PEP,PEPCO,2459.102,False
6/16/2026 1:00:00 PM,6/16/2026 9:00:00 AM,RFC,MIDATL,PEP,PEPCO,2412.095,False
6/16/2026 2:00:00 PM,6/16/2026 10:00:00 AM,RFC,MIDATL,PEP,PEPCO,2412.557,False
6/16/2026 3:00:00 PM,6/16/2026 11:00:00 AM,RFC,MIDATL,PEP,PEPCO,2419.027,False
6/16/2026 4:00:00 PM,6/16/2026 12:00:00 PM,RFC,MIDATL,PEP,PEPCO,2451.473,False
6/16/2026 5:00:00 PM,6/16/2026 1:00:00 PM,RFC,MIDATL,PEP,PEPCO,2537.778,False
6/16/2026 6:00:00 PM,6/16/2026 2:00:00 PM,RFC,MIDATL,PEP,PEPCO,2615.943,False
6/16/2026 7:00:00 PM,6/16/2026 3:00:00 PM,RFC,MIDATL,PEP,PEPCO,2780.375,False
6/16/2026 8:00:00 PM,6/16/2026 4:00:00 PM,RFC,MIDATL,PEP,PEPCO,2977.164,False
6/16/2026 9:00:00 PM,6/16/2026 5:00:00 PM,RFC,MIDATL,PEP,PEPCO,3135.710,False
6/16/2026 10:00:00 PM,6/16/2026 6:00:00 PM,RFC,MIDATL,PEP,PEPCO,3141.182,False
6/16/2026 11:00:00 PM,6/16/2026 7:00:00 PM,RFC,MIDATL,PEP,PEPCO,3072.849,False
6/17/2026 12:00:00 AM,6/16/2026 8:00:00 PM,RFC,MIDATL,PEP,PEPCO,3005.185,False
6/17/2026 1:00:00 AM,6/16/2026 9:00:00 PM,RFC,MIDATL,PEP,PEPCO,2909.027,False
6/17/2026 2:00:00 AM,6/16/2026 10:00:00 PM,RFC,MIDATL,PEP,PEPCO,2734.768,False
6/17/2026 3:00:00 AM,6/16/2026 11:00:00 PM,RFC,MIDATL,PEP,PEPCO,2499.245,False
6/17/2026 4:00:00 AM,6/17/2026 12:00:00 AM,RFC,MIDATL,PEP,PEPCO,2315.996,False
6/17/2026 5:00:00 AM,6/17/2026 1:00:00 AM,RFC,MIDATL,PEP,PEPCO,2198.788,False
6/17/2026 6:00:00 AM,6/17/2026 2:00:00 AM,RFC,MIDATL,PEP,PEPCO,2135.376,False
6/17/2026 7:00:00 AM,6/17/2026 3:00:00 AM,RFC,MIDATL,PEP,PEPCO,2092.446,False
6/17/2026 8:00:00 AM,6/17/2026 4:00:00 AM,RFC,MIDATL,PEP,PEPCO,2112.791,False
6/17/2026 9:00:00 AM,6/17/2026 5:00:00 AM,RFC,MIDATL,PEP,PEPCO,2273.865,False
6/17/2026 10:00:00 AM,6/17/2026 6:00:00 AM,RFC,MIDATL,PEP,PEPCO,2483.545,False
6/17/2026 11:00:00 AM,6/17/2026 7:00:00 AM,RFC,MIDATL,PEP,PEPCO,2665.884,False
6/17/2026 12:00:00 PM,6/17/2026 8:00:00 AM,RFC,MIDATL,PEP,PEPCO,2740.379,False
6/17/2026 1:00:00 PM,6/17/2026 9:00:00 AM,RFC,MIDATL,PEP,PEPCO,2834.795,False
6/17/2026 2:00:00 PM,6/17/2026 10:00:00 AM,RFC,MIDATL,PEP,PEPCO,2902.349,False
6/17/2026 3:00:00 PM,6/17/2026 11:00:00 AM,RFC,MIDATL,PEP,PEPCO,3016.153,False
6/17/2026 4:00:00 PM,6/17/2026 12:00:00 PM,RFC,MIDATL,PEP,PEPCO,3098.095,False
6/17/2026 5:00:00 PM,6/17/2026 1:00:00 PM,RFC,MIDATL,PEP,PEPCO,3214.035,False
6/17/2026 6:00:00 PM,6/17/2026 2:00:00 PM,RFC,MIDATL,PEP,PEPCO,3323.762,False
6/17/2026 7:00:00 PM,6/17/2026 3:00:00 PM,RFC,MIDATL,PEP,PEPCO,3441.952,False
6/17/2026 8:00:00 PM,6/17/2026 4:00:00 PM,RFC,MIDATL,PEP,PEPCO,3674.990,False
6/17/2026 9:00:00 PM,6/17/2026 5:00:00 PM,RFC,MIDATL,PEP,PEPCO,3707.020,False
6/17/2026 10:00:00 PM,6/17/2026 6:00:00 PM,RFC,MIDATL,PEP,PEPCO,3667.623,False
6/17/2026 11:00:00 PM,6/17/2026 7:00:00 PM,RFC,MIDATL,PEP,PEPCO,3591.583,False
6/18/2026 12:00:00 AM,6/17/2026 8:00:00 PM,RFC,MIDATL,PEP,PEPCO,3472.441,False
6/18/2026 1:00:00 AM,6/17/2026 9:00:00 PM,RFC,MIDATL,PEP,PEPCO,3392.595,False
6/18/2026 2:00:00 AM,6/17/2026 10:00:00 PM,RFC,MIDATL,PEP,PEPCO,3215.892,False
6/18/2026 3:00:00 AM,6/17/2026 11:00:00 PM,RFC,MIDATL,PEP,PEPCO,2992.624,False
6/18/2026 4:00:00 AM,6/18/2026 12:00:00 AM,RFC,MIDATL,PEP,PEPCO,2769.659,False
6/18/2026 5:00:00 AM,6/18/2026 1:00:00 AM,RFC,MIDATL,PEP,PEPCO,2595.735,False
6/18/2026 6:00:00 AM,6/18/2026 2:00:00 AM,RFC,MIDATL,PEP,PEPCO,2518.622,False
6/18/2026 7:00:00 AM,6/18/2026 3:00:00 AM,RFC,MIDATL,PEP,PEPCO,2447.764,False
6/18/2026 8:00:00 AM,6/18/2026 4:00:00 AM,RFC,MIDATL,PEP,PEPCO,2494.716,False
6/18/2026 9:00:00 AM,6/18/2026 5:00:00 AM,RFC,MIDATL,PEP,PEPCO,2652.435,False
6/18/2026 10:00:00 AM,6/18/2026 6:00:00 AM,RFC,MIDATL,PEP,PEPCO,2851.123,False
6/18/2026 11:00:00 AM,6/18/2026 7:00:00 AM,RFC,MIDATL,PEP,PEPCO,3005.696,False
6/18/2026 12:00:00 PM,6/18/2026 8:00:00 AM,RFC,MIDATL,PEP,PEPCO,3075.134,False
6/18/2026 1:00:00 PM,6/18/2026 9:00:00 AM,RFC,MIDATL,PEP,PEPCO,3092.385,False
6/18/2026 2:00:00 PM,6/18/2026 10:00:00 AM,RFC,MIDATL,PEP,PEPCO,3118.553,False
6/18/2026 3:00:00 PM,6/18/2026 11:00:00 AM,RFC,MIDATL,PEP,PEPCO,3264.298,False
6/18/2026 4:00:00 PM,6/18/2026 12:00:00 PM,RFC,MIDATL,PEP,PEPCO,3321.656,False
6/18/2026 5:00:00 PM,6/18/2026 1:00:00 PM,RFC,MIDATL,PEP,PEPCO,3505.731,False
6/18/2026 6:00:00 PM,6/18/2026 2:00:00 PM,RFC,MIDATL,PEP,PEPCO,3613.916,False
6/18/2026 7:00:00 PM,6/18/2026 3:00:00 PM,RFC,MIDATL,PEP,PEPCO,3661.018,False
6/18/2026 8:00:00 PM,6/18/2026 4:00:00 PM,RFC,MIDATL,PEP,PEPCO,3707.515,False
6/18/2026 9:00:00 PM,6/18/2026 5:00:00 PM,RFC,MIDATL,PEP,PEPCO,3720.413,False
6/18/2026 10:00:00 PM,6/18/2026 6:00:00 PM,RFC,MIDATL,PEP,PEPCO,3631.560,False
6/18/2026 11:00:00 PM,6/18/2026 7:00:00 PM,RFC,MIDATL,PEP,PEPCO,3528.184,False
6/19/2026 12:00:00 AM,6/18/2026 8:00:00 PM,RFC,MIDATL,PEP,PEPCO,3407.293,False
6/19/2026 1:00:00 AM,6/18/2026 9:00:00 PM,RFC,MIDATL,PEP,PEPCO,3281.596,False
6/19/2026 2:00:00 AM,6/18/2026 10:00:00 PM,RFC,MIDATL,PEP,PEPCO,3097.841,False
6/19/2026 3:00:00 AM,6/18/2026 11:00:00 PM,RFC,MIDATL,PEP,PEPCO,2896.572,False
6/19/2026 4:00:00 AM,6/19/2026 12:00:00 AM,RFC,MIDATL,PEP,PEPCO,2683.652,False
6/19/2026 5:00:00 AM,6/19/2026 1:00:00 AM,RFC,MIDATL,PEP,PEPCO,2521.820,False
6/19/2026 6:00:00 AM,6/19/2026 2:00:00 AM,RFC,MIDATL,PEP,PEPCO,2404.636,False
6/19/2026 7:00:00 AM,6/19/2026 3:00:00 AM,RFC,MIDATL,PEP,PEPCO,2329.077,False
6/19/2026 8:00:00 AM,6/19/2026 4:00:00 AM,RFC,MIDATL,PEP,PEPCO,2313.092,False
6/19/2026 9:00:00 AM,6/19/2026 5:00:00 AM,RFC,MIDATL,PEP,PEPCO,2459.852,False
6/19/2026 10:00:00 AM,6/19/2026 6:00:00 AM,RFC,MIDATL,PEP,PEPCO,2532.936,False
6/19/2026 11:00:00 AM,6/19/2026 7:00:00 AM,RFC,MIDATL,PEP,PEPCO,2593.630,False
6/19/2026 12:00:00 PM,6/19/2026 8:00:00 AM,RFC,MIDATL,PEP,PEPCO,2616.876,False
6/19/2026 1:00:00 PM,6/19/2026 9:00:00 AM,RFC,MIDATL,PEP,PEPCO,2643.553,False
6/19/2026 2:00:00 PM,6/19/2026 10:00:00 AM,RFC,MIDATL,PEP,PEPCO,2699.031,False
6/19/2026 3:00:00 PM,6/19/2026 11:00:00 AM,RFC,MIDATL,PEP,PEPCO,2739.325,False
6/19/2026 4:00:00 PM,6/19/2026 12:00:00 PM,RFC,MIDATL,PEP,PEPCO,2774.578,False
6/19/2026 5:00:00 PM,6/19/2026 1:00:00 PM,RFC,MIDATL,PEP,PEPCO,2822.008,False
6/19/2026 6:00:00 PM,6/19/2026 2:00:00 PM,RFC,MIDATL,PEP,PEPCO,2900.020,False
6/19/2026 7:00:00 PM,6/19/2026 3:00:00 PM,RFC,MIDATL,PEP,PEPCO,3010.137,False
6/19/2026 8:00:00 PM,6/19/2026 4:00:00 PM,RFC,MIDATL,PEP,PEPCO,3126.257,False
6/19/2026 9:00:00 PM,6/19/2026 5:00:00 PM,RFC,MIDATL,PEP,PEPCO,3195.815,False
6/19/2026 10:00:00 PM,6/19/2026 6:00:00 PM,RFC,MIDATL,PEP,PEPCO,3204.936,False
6/19/2026 11:00:00 PM,6/19/2026 7:00:00 PM,RFC,MIDATL,PEP,PEPCO,3153.209,False
6/20/2026 12:00:00 AM,6/19/2026 8:00:00 PM,RFC,MIDATL,PEP,PEPCO,2990.821,False
6/20/2026 1:00:00 AM,6/19/2026 9:00:00 PM,RFC,MIDATL,PEP,PEPCO,2930.816,False
6/20/2026 2:00:00 AM,6/19/2026 10:00:00 PM,RFC,MIDATL,PEP,PEPCO,2785.304,False
6/20/2026 3:00:00 AM,6/19/2026 11:00:00 PM,RFC,MIDATL,PEP,PEPCO,2609.598,False
6/20/2026 4:00:00 AM,6/20/2026 12:00:00 AM,RFC,MIDATL,PEP,PEPCO,2424.659,False
6/20/2026 5:00:00 AM,6/20/2026 1:00:00 AM,RFC,MIDATL,PEP,PEPCO,2308.831,False
6/20/2026 6:00:00 AM,6/20/2026 2:00:00 AM,RFC,MIDATL,PEP,PEPCO,2173.351,False
6/20/2026 7:00:00 AM,6/20/2026 3:00:00 AM,RFC,MIDATL,PEP,PEPCO,2102.091,False
6/20/2026 8:00:00 AM,6/20/2026 4:00:00 AM,RFC,MIDATL,PEP,PEPCO,2046.573,False
6/20/2026 9:00:00 AM,6/20/2026 5:00:00 AM,RFC,MIDATL,PEP,PEPCO,2016.346,False
6/20/2026 10:00:00 AM,6/20/2026 6:00:00 AM,RFC,MIDATL,PEP,PEPCO,2103.797,False
6/20/2026 11:00:00 AM,6/20/2026 7:00:00 AM,RFC,MIDATL,PEP,PEPCO,2165.495,False
6/20/2026 12:00:00 PM,6/20/2026 8:00:00 AM,RFC,MIDATL,PEP,PEPCO,2261.976,False
6/20/2026 1:00:00 PM,6/20/2026 9:00:00 AM,RFC,MIDATL,PEP,PEPCO,2343.407,False
6/20/2026 2:00:00 PM,6/20/2026 10:00:00 AM,RFC,MIDATL,PEP,PEPCO,2426.970,False
6/20/2026 3:00:00 PM,6/20/2026 11:00:00 AM,RFC,MIDATL,PEP,PEPCO,2455.280,False
6/20/2026 4:00:00 PM,6/20/2026 12:00:00 PM,RFC,MIDATL,PEP,PEPCO,2516.058,False
6/20/2026 5:00:00 PM,6/20/2026 1:00:00 PM,RFC,MIDATL,PEP,PEPCO,2590.855,False
6/20/2026 6:00:00 PM,6/20/2026 2:00:00 PM,RFC,MIDATL,PEP,PEPCO,2720.643,False
6/20/2026 7:00:00 PM,6/20/2026 3:00:00 PM,RFC,MIDATL,PEP,PEPCO,2836.292,False
6/20/2026 8:00:00 PM,6/20/2026 4:00:00 PM,RFC,MIDATL,PEP,PEPCO,3010.441,False
6/20/2026 9:00:00 PM,6/20/2026 5:00:00 PM,RFC,MIDATL,PEP,PEPCO,3132.474,False
6/20/2026 10:00:00 PM,6/20/2026 6:00:00 PM,RFC,MIDATL,PEP,PEPCO,3251.445,False
6/20/2026 11:00:00 PM,6/20/2026 7:00:00 PM,RFC,MIDATL,PEP,PEPCO,3206.997,False
6/21/2026 12:00:00 AM,6/20/2026 8:00:00 PM,RFC,MIDATL,PEP,PEPCO,3066.620,False
6/21/2026 1:00:00 AM,6/20/2026 9:00:00 PM,RFC,MIDATL,PEP,PEPCO,2983.356,False
6/21/2026 2:00:00 AM,6/20/2026 10:00:00 PM,RFC,MIDATL,PEP,PEPCO,2811.034,False
6/21/2026 3:00:00 AM,6/20/2026 11:00:00 PM,RFC,MIDATL,PEP,PEPCO,2639.945,False
6/21/2026 4:00:00 AM,6/21/2026 12:00:00 AM,RFC,MIDATL,PEP,PEPCO,2486.056,False
6/21/2026 5:00:00 AM,6/21/2026 1:00:00 AM,RFC,MIDATL,PEP,PEPCO,2362.896,False
6/21/2026 6:00:00 AM,6/21/2026 2:00:00 AM,RFC,MIDATL,PEP,PEPCO,2244.951,False
6/21/2026 7:00:00 AM,6/21/2026 3:00:00 AM,RFC,MIDATL,PEP,PEPCO,2140.884,False
6/21/2026 8:00:00 AM,6/21/2026 4:00:00 AM,RFC,MIDATL,PEP,PEPCO,2115.754,False
6/21/2026 9:00:00 AM,6/21/2026 5:00:00 AM,RFC,MIDATL,PEP,PEPCO,2077.111,False
6/21/2026 10:00:00 AM,6/21/2026 6:00:00 AM,RFC,MIDATL,PEP,PEPCO,2153.341,False
6/21/2026 11:00:00 AM,6/21/2026 7:00:00 AM,RFC,MIDATL,PEP,PEPCO,2195.447,False
6/21/2026 12:00:00 PM,6/21/2026 8:00:00 AM,RFC,MIDATL,PEP,PEPCO,2323.397,False
6/21/2026 1:00:00 PM,6/21/2026 9:00:00 AM,RFC,MIDATL,PEP,PEPCO,2398.430,False
6/21/2026 2:00:00 PM,6/21/2026 10:00:00 AM,RFC,MIDATL,PEP,PEPCO,2539.728,False
6/21/2026 3:00:00 PM,6/21/2026 11:00:00 AM,RFC,MIDATL,PEP,PEPCO,2636.825,False
6/21/2026 4:00:00 PM,6/21/2026 12:00:00 PM,RFC,MIDATL,PEP,PEPCO,2699.814,False
6/21/2026 5:00:00 PM,6/21/2026 1:00:00 PM,RFC,MIDATL,PEP,PEPCO,2884.648,False
6/21/2026 6:00:00 PM,6/21/2026 2:00:00 PM,RFC,MIDATL,PEP,PEPCO,2947.123,False
6/21/2026 7:00:00 PM,6/21/2026 3:00:00 PM,RFC,MIDATL,PEP,PEPCO,3001.396,False
6/21/2026 8:00:00 PM,6/21/2026 4:00:00 PM,RFC,MIDATL,PEP,PEPCO,3135.041,False
6/21/2026 9:00:00 PM,6/21/2026 5:00:00 PM,RFC,MIDATL,PEP,PEPCO,3280.429,False
6/21/2026 10:00:00 PM,6/21/2026 6:00:00 PM,RFC,MIDATL,PEP,PEPCO,3376.799,False
6/21/2026 11:00:00 PM,6/21/2026 7:00:00 PM,RFC,MIDATL,PEP,PEPCO,3353.912,False
6/22/2026 12:00:00 AM,6/21/2026 8:00:00 PM,RFC,MIDATL,PEP,PEPCO,3252.678,False
6/22/2026 1:00:00 AM,6/21/2026 9:00:00 PM,RFC,MIDATL,PEP,PEPCO,3128.062,False
6/22/2026 2:00:00 AM,6/21/2026 10:00:00 PM,RFC,MIDATL,PEP,PEPCO,2987.212,False
6/22/2026 3:00:00 AM,6/21/2026 11:00:00 PM,RFC,MIDATL,PEP,PEPCO,2690.486,False
6/22/2026 4:00:00 AM,6/22/2026 12:00:00 AM,RFC,MIDATL,PEP,PEPCO,2525.933,False
6/22/2026 5:00:00 AM,6/22/2026 1:00:00 AM,RFC,MIDATL,PEP,PEPCO,2380.523,False
6/22/2026 6:00:00 AM,6/22/2026 2:00:00 AM,RFC,MIDATL,PEP,PEPCO,2297.185,False
6/22/2026 7:00:00 AM,6/22/2026 3:00:00 AM,RFC,MIDATL,PEP,PEPCO,2250.580,False
6/22/2026 8:00:00 AM,6/22/2026 4:00:00 AM,RFC,MIDATL,PEP,PEPCO,2287.338,False
6/22/2026 9:00:00 AM,6/22/2026 5:00:00 AM,RFC,MIDATL,PEP,PEPCO,2495.808,False
6/22/2026 10:00:00 AM,6/22/2026 6:00:00 AM,RFC,MIDATL,PEP,PEPCO,2685.144,False
6/22/2026 11:00:00 AM,6/22/2026 7:00:00 AM,RFC,MIDATL,PEP,PEPCO,2850.742,False
6/22/2026 12:00:00 PM,6/22/2026 8:00:00 AM,RFC,MIDATL,PEP,PEPCO,3025.259,False
6/22/2026 1:00:00 PM,6/22/2026 9:00:00 AM,RFC,MIDATL,PEP,PEPCO,3161.681,False
6/22/2026 2:00:00 PM,6/22/2026 10:00:00 AM,RFC,MIDATL,PEP,PEPCO,3334.568,False
6/22/2026 3:00:00 PM,6/22/2026 11:00:00 AM,RFC,MIDATL,PEP,PEPCO,3504.226,False
6/22/2026 4:00:00 PM,6/22/2026 12:00:00 PM,RFC,MIDATL,PEP,PEPCO,3710.457,False
6/22/2026 5:00:00 PM,6/22/2026 1:00:00 PM,RFC,MIDATL,PEP,PEPCO,3899.559,False
6/22/2026 6:00:00 PM,6/22/2026 2:00:00 PM,RFC,MIDATL,PEP,PEPCO,3970.911,False
6/22/2026 7:00:00 PM,6/22/2026 3:00:00 PM,RFC,MIDATL,PEP,PEPCO,4159.475,False
6/22/2026 8:00:00 PM,6/22/2026 4:00:00 PM,RFC,MIDATL,PEP,PEPCO,4178.794,False
6/22/2026 9:00:00 PM,6/22/2026 5:00:00 PM,RFC,MIDATL,PEP,PEPCO,4022.648,False
6/22/2026 10:00:00 PM,6/22/2026 6:00:00 PM,RFC,MIDATL,PEP,PEPCO,3761.558,False
6/22/2026 11:00:00 PM,6/22/2026 7:00:00 PM,RFC,MIDATL,PEP,PEPCO,3583.737,False
6/23/2026 12:00:00 AM,6/22/2026 8:00:00 PM,RFC,MIDATL,PEP,PEPCO,3450.777,False
6/23/2026 1:00:00 AM,6/22/2026 9:00:00 PM,RFC,MIDATL,PEP,PEPCO,3358.572,False
6/23/2026 2:00:00 AM,6/22/2026 10:00:00 PM,RFC,MIDATL,PEP,PEPCO,3132.863,False
6/23/2026 3:00:00 AM,6/22/2026 11:00:00 PM,RFC,MIDATL,PEP,PEPCO,2859.328,False
6/23/2026 4:00:00 AM,6/23/2026 12:00:00 AM,RFC,MIDATL,PEP,PEPCO,2656.493,False
6/23/2026 5:00:00 AM,6/23/2026 1:00:00 AM,RFC,MIDATL,PEP,PEPCO,2496.682,False
6/23/2026 6:00:00 AM,6/23/2026 2:00:00 AM,RFC,MIDATL,PEP,PEPCO,2428.334,False
6/23/2026 7:00:00 AM,6/23/2026 3:00:00 AM,RFC,MIDATL,PEP,PEPCO,2362.676,False
6/23/2026 8:00:00 AM,6/23/2026 4:00:00 AM,RFC,MIDATL,PEP,PEPCO,2387.130,False
6/23/2026 9:00:00 AM,6/23/2026 5:00:00 AM,RFC,MIDATL,PEP,PEPCO,2571.149,False
6/23/2026 10:00:00 AM,6/23/2026 6:00:00 AM,RFC,MIDATL,PEP,PEPCO,2811.044,False
6/23/2026 11:00:00 AM,6/23/2026 7:00:00 AM,RFC,MIDATL,PEP,PEPCO,2946.546,False
6/23/2026 12:00:00 PM,6/23/2026 8:00:00 AM,RFC,MIDATL,PEP,PEPCO,3048.823,False
6/23/2026 1:00:00 PM,6/23/2026 9:00:00 AM,RFC,MIDATL,PEP,PEPCO,3109.559,False
6/23/2026 2:00:00 PM,6/23/2026 10:00:00 AM,RFC,MIDATL,PEP,PEPCO,3158.275,False
6/23/2026 3:00:00 PM,6/23/2026 11:00:00 AM,RFC,MIDATL,PEP,PEPCO,3193.281,False
6/23/2026 4:00:00 PM,6/23/2026 12:00:00 PM,RFC,MIDATL,PEP,PEPCO,3072.460,False
6/23/2026 5:00:00 PM,6/23/2026 1:00:00 PM,RFC,MIDATL,PEP,PEPCO,3027.297,False
6/23/2026 6:00:00 PM,6/23/2026 2:00:00 PM,RFC,MIDATL,PEP,PEPCO,2886.268,False
6/23/2026 7:00:00 PM,6/23/2026 3:00:00 PM,RFC,MIDATL,PEP,PEPCO,2861.009,False
6/23/2026 8:00:00 PM,6/23/2026 4:00:00 PM,RFC,MIDATL,PEP,PEPCO,2876.286,False
6/23/2026 9:00:00 PM,6/23/2026 5:00:00 PM,RFC,MIDATL,PEP,PEPCO,2898.802,False
6/23/2026 10:00:00 PM,6/23/2026 6:00:00 PM,RFC,MIDATL,PEP,PEPCO,2924.030,False
6/23/2026 11:00:00 PM,6/23/2026 7:00:00 PM,RFC,MIDATL,PEP,PEPCO,2947.894,False
6/24/2026 12:00:00 AM,6/23/2026 8:00:00 PM,RFC,MIDATL,PEP,PEPCO,2893.963,False
6/24/2026 1:00:00 AM,6/23/2026 9:00:00 PM,RFC,MIDATL,PEP,PEPCO,2808.869,False
6/24/2026 2:00:00 AM,6/23/2026 10:00:00 PM,RFC,MIDATL,PEP,PEPCO,2663.209,False
6/24/2026 3:00:00 AM,6/23/2026 11:00:00 PM,RFC,MIDATL,PEP,PEPCO,2446.326,False
6/24/2026 4:00:00 AM,6/24/2026 12:00:00 AM,RFC,MIDATL,PEP,PEPCO,2280.207,False
6/24/2026 5:00:00 AM,6/24/2026 1:00:00 AM,RFC,MIDATL,PEP,PEPCO,2128.146,False
6/24/2026 6:00:00 AM,6/24/2026 2:00:00 AM,RFC,MIDATL,PEP,PEPCO,2047.510,False
6/24/2026 7:00:00 AM,6/24/2026 3:00:00 AM,RFC,MIDATL,PEP,PEPCO,2017.462,False
6/24/2026 8:00:00 AM,6/24/2026 4:00:00 AM,RFC,MIDATL,PEP,PEPCO,2027.204,False
6/24/2026 9:00:00 AM,6/24/2026 5:00:00 AM,RFC,MIDATL,PEP,PEPCO,2135.014,False
6/24/2026 10:00:00 AM,6/24/2026 6:00:00 AM,RFC,MIDATL,PEP,PEPCO,2307.712,False
6/24/2026 11:00:00 AM,6/24/2026 7:00:00 AM,RFC,MIDATL,PEP,PEPCO,2459.812,False
6/24/2026 12:00:00 PM,6/24/2026 8:00:00 AM,RFC,MIDATL,PEP,PEPCO,2486.485,False
6/24/2026 1:00:00 PM,6/24/2026 9:00:00 AM,RFC,MIDATL,PEP,PEPCO,2527.930,False
6/24/2026 2:00:00 PM,6/24/2026 10:00:00 AM,RFC,MIDATL,PEP,PEPCO,2552.639,False
6/24/2026 3:00:00 PM,6/24/2026 11:00:00 AM,RFC,MIDATL,PEP,PEPCO,2596.476,False
6/24/2026 4:00:00 PM,6/24/2026 12:00:00 PM,RFC,MIDATL,PEP,PEPCO,2646.899,False
6/24/2026 5:00:00 PM,6/24/2026 1:00:00 PM,RFC,MIDATL,PEP,PEPCO,2750.550,False
6/24/2026 6:00:00 PM,6/24/2026 2:00:00 PM,RFC,MIDATL,PEP,PEPCO,2843.634,False
6/24/2026 7:00:00 PM,6/24/2026 3:00:00 PM,RFC,MIDATL,PEP,PEPCO,3007.107,False
6/24/2026 8:00:00 PM,6/24/2026 4:00:00 PM,RFC,MIDATL,PEP,PEPCO,3175.758,False
6/24/2026 9:00:00 PM,6/24/2026 5:00:00 PM,RFC,MIDATL,PEP,PEPCO,3363.505,False
6/24/2026 10:00:00 PM,6/24/2026 6:00:00 PM,RFC,MIDATL,PEP,PEPCO,3375.551,False
6/24/2026 11:00:00 PM,6/24/2026 7:00:00 PM,RFC,MIDATL,PEP,PEPCO,3288.943,False
6/25/2026 12:00:00 AM,6/24/2026 8:00:00 PM,RFC,MIDATL,PEP,PEPCO,3146.862,False
6/25/2026 1:00:00 AM,6/24/2026 9:00:00 PM,RFC,MIDATL,PEP,PEPCO,3016.526,False
6/25/2026 2:00:00 AM,6/24/2026 10:00:00 PM,RFC,MIDATL,PEP,PEPCO,2785.348,False
6/25/2026 3:00:00 AM,6/24/2026 11:00:00 PM,RFC,MIDATL,PEP,PEPCO,2591.938,False
6/25/2026 4:00:00 AM,6/25/2026 12:00:00 AM,RFC,MIDATL,PEP,PEPCO,2367.997,False
6/25/2026 5:00:00 AM,6/25/2026 1:00:00 AM,RFC,MIDATL,PEP,PEPCO,2218.005,False
6/25/2026 6:00:00 AM,6/25/2026 2:00:00 AM,RFC,MIDATL,PEP,PEPCO,2096.593,False
6/25/2026 7:00:00 AM,6/25/2026 3:00:00 AM,RFC,MIDATL,PEP,PEPCO,2079.604,False
6/25/2026 8:00:00 AM,6/25/2026 4:00:00 AM,RFC,MIDATL,PEP,PEPCO,2067.014,False
6/25/2026 9:00:00 AM,6/25/2026 5:00:00 AM,RFC,MIDATL,PEP,PEPCO,2205.350,False
6/25/2026 10:00:00 AM,6/25/2026 6:00:00 AM,RFC,MIDATL,PEP,PEPCO,2410.857,False
6/25/2026 11:00:00 AM,6/25/2026 7:00:00 AM,RFC,MIDATL,PEP,PEPCO,2579.103,False
6/25/2026 12:00:00 PM,6/25/2026 8:00:00 AM,RFC,MIDATL,PEP,PEPCO,2642.893,False
6/25/2026 1:00:00 PM,6/25/2026 9:00:00 AM,RFC,MIDATL,PEP,PEPCO,2763.366,False
6/25/2026 2:00:00 PM,6/25/2026 10:00:00 AM,RFC,MIDATL,PEP,PEPCO,2756.762,False
6/25/2026 3:00:00 PM,6/25/2026 11:00:00 AM,RFC,MIDATL,PEP,PEPCO,2857.791,False
6/25/2026 4:00:00 PM,6/25/2026 12:00:00 PM,RFC,MIDATL,PEP,PEPCO,2939.619,False
6/25/2026 5:00:00 PM,6/25/2026 1:00:00 PM,RFC,MIDATL,PEP,PEPCO,3107.868,False
6/25/2026 6:00:00 PM,6/25/2026 2:00:00 PM,RFC,MIDATL,PEP,PEPCO,3293.356,False
6/25/2026 7:00:00 PM,6/25/2026 3:00:00 PM,RFC,MIDATL,PEP,PEPCO,3394.632,False
6/25/2026 8:00:00 PM,6/25/2026 4:00:00 PM,RFC,MIDATL,PEP,PEPCO,3529.959,False
6/25/2026 9:00:00 PM,6/25/2026 5:00:00 PM,RFC,MIDATL,PEP,PEPCO,3610.086,False
6/25/2026 10:00:00 PM,6/25/2026 6:00:00 PM,RFC,MIDATL,PEP,PEPCO,3638.995,False
6/25/2026 11:00:00 PM,6/25/2026 7:00:00 PM,RFC,MIDATL,PEP,PEPCO,3523.991,False
6/26/2026 12:00:00 AM,6/25/2026 8:00:00 PM,RFC,MIDATL,PEP,PEPCO,3401.416,False
6/26/2026 1:00:00 AM,6/25/2026 9:00:00 PM,RFC,MIDATL,PEP,PEPCO,3295.750,False
6/26/2026 2:00:00 AM,6/25/2026 10:00:00 PM,RFC,MIDATL,PEP,PEPCO,3133.528,False
6/26/2026 3:00:00 AM,6/25/2026 11:00:00 PM,RFC,MIDATL,PEP,PEPCO,2913.463,False
6/26/2026 4:00:00 AM,6/26/2026 12:00:00 AM,RFC,MIDATL,PEP,PEPCO,2705.246,False
6/26/2026 5:00:00 AM,6/26/2026 1:00:00 AM,RFC,MIDATL,PEP,PEPCO,2557.459,False
6/26/2026 6:00:00 AM,6/26/2026 2:00:00 AM,RFC,MIDATL,PEP,PEPCO,2475.353,False
6/26/2026 7:00:00 AM,6/26/2026 3:00:00 AM,RFC,MIDATL,PEP,PEPCO,2384.359,False
6/26/2026 8:00:00 AM,6/26/2026 4:00:00 AM,RFC,MIDATL,PEP,PEPCO,2405.182,False
6/26/2026 9:00:00 AM,6/26/2026 5:00:00 AM,RFC,MIDATL,PEP,PEPCO,2539.971,False
6/26/2026 10:00:00 AM,6/26/2026 6:00:00 AM,RFC,MIDATL,PEP,PEPCO,2739.474,False
6/26/2026 11:00:00 AM,6/26/2026 7:00:00 AM,RFC,MIDATL,PEP,PEPCO,2870.383,False
6/26/2026 12:00:00 PM,6/26/2026 8:00:00 AM,RFC,MIDATL,PEP,PEPCO,2973.524,False
6/26/2026 1:00:00 PM,6/26/2026 9:00:00 AM,RFC,MIDATL,PEP,PEPCO,3052.332,False
6/26/2026 2:00:00 PM,6/26/2026 10:00:00 AM,RFC,MIDATL,PEP,PEPCO,3168.605,False
6/26/2026 3:00:00 PM,6/26/2026 11:00:00 AM,RFC,MIDATL,PEP,PEPCO,3347.908,False
6/26/2026 4:00:00 PM,6/26/2026 12:00:00 PM,RFC,MIDATL,PEP,PEPCO,3432.690,False
6/26/2026 5:00:00 PM,6/26/2026 1:00:00 PM,RFC,MIDATL,PEP,PEPCO,3552.513,False
6/26/2026 6:00:00 PM,6/26/2026 2:00:00 PM,RFC,MIDATL,PEP,PEPCO,3746.158,False
6/26/2026 7:00:00 PM,6/26/2026 3:00:00 PM,RFC,MIDATL,PEP,PEPCO,3939.493,False
6/26/2026 8:00:00 PM,6/26/2026 4:00:00 PM,RFC,MIDATL,PEP,PEPCO,4006.152,False
6/26/2026 9:00:00 PM,6/26/2026 5:00:00 PM,RFC,MIDATL,PEP,PEPCO,3869.301,False
6/26/2026 10:00:00 PM,6/26/2026 6:00:00 PM,RFC,MIDATL,PEP,PEPCO,3655.534,False
6/26/2026 11:00:00 PM,6/26/2026 7:00:00 PM,RFC,MIDATL,PEP,PEPCO,3535.841,False
6/27/2026 12:00:00 AM,6/26/2026 8:00:00 PM,RFC,MIDATL,PEP,PEPCO,3458.579,False
6/27/2026 1:00:00 AM,6/26/2026 9:00:00 PM,RFC,MIDATL,PEP,PEPCO,3371.427,False
6/27/2026 2:00:00 AM,6/26/2026 10:00:00 PM,RFC,MIDATL,PEP,PEPCO,3194.358,False
6/27/2026 3:00:00 AM,6/26/2026 11:00:00 PM,RFC,MIDATL,PEP,PEPCO,3062.407,False
6/27/2026 4:00:00 AM,6/27/2026 12:00:00 AM,RFC,MIDATL,PEP,PEPCO,2834.014,False
6/27/2026 5:00:00 AM,6/27/2026 1:00:00 AM,RFC,MIDATL,PEP,PEPCO,2716.059,False
6/27/2026 6:00:00 AM,6/27/2026 2:00:00 AM,RFC,MIDATL,PEP,PEPCO,2547.425,False
6/27/2026 7:00:00 AM,6/27/2026 3:00:00 AM,RFC,MIDATL,PEP,PEPCO,2482.175,False
6/27/2026 8:00:00 AM,6/27/2026 4:00:00 AM,RFC,MIDATL,PEP,PEPCO,2428.087,False
6/27/2026 9:00:00 AM,6/27/2026 5:00:00 AM,RFC,MIDATL,PEP,PEPCO,2444.686,False
6/27/2026 10:00:00 AM,6/27/2026 6:00:00 AM,RFC,MIDATL,PEP,PEPCO,2517.228,False
6/27/2026 11:00:00 AM,6/27/2026 7:00:00 AM,RFC,MIDATL,PEP,PEPCO,2587.020,False
6/27/2026 12:00:00 PM,6/27/2026 8:00:00 AM,RFC,MIDATL,PEP,PEPCO,2704.850,False
6/27/2026 1:00:00 PM,6/27/2026 9:00:00 AM,RFC,MIDATL,PEP,PEPCO,2813.095,False
6/27/2026 2:00:00 PM,6/27/2026 10:00:00 AM,RFC,MIDATL,PEP,PEPCO,2910.521,False
6/27/2026 3:00:00 PM,6/27/2026 11:00:00 AM,RFC,MIDATL,PEP,PEPCO,2984.796,False
6/27/2026 4:00:00 PM,6/27/2026 12:00:00 PM,RFC,MIDATL,PEP,PEPCO,3081.271,False
6/27/2026 5:00:00 PM,6/27/2026 1:00:00 PM,RFC,MIDATL,PEP,PEPCO,3054.598,False
6/27/2026 6:00:00 PM,6/27/2026 2:00:00 PM,RFC,MIDATL,PEP,PEPCO,3150.620,False
6/27/2026 7:00:00 PM,6/27/2026 3:00:00 PM,RFC,MIDATL,PEP,PEPCO,3271.118,False
6/27/2026 8:00:00 PM,6/27/2026 4:00:00 PM,RFC,MIDATL,PEP,PEPCO,3330.506,False
6/27/2026 9:00:00 PM,6/27/2026 5:00:00 PM,RFC,MIDATL,PEP,PEPCO,3303.603,False
6/27/2026 10:00:00 PM,6/27/2026 6:00:00 PM,RFC,MIDATL,PEP,PEPCO,3220.990,False
6/27/2026 11:00:00 PM,6/27/2026 7:00:00 PM,RFC,MIDATL,PEP,PEPCO,3175.420,False
6/28/2026 12:00:00 AM,6/27/2026 8:00:00 PM,RFC,MIDATL,PEP,PEPCO,3112.856,False
6/28/2026 1:00:00 AM,6/27/2026 9:00:00 PM,RFC,MIDATL,PEP,PEPCO,3080.292,False
6/28/2026 2:00:00 AM,6/27/2026 10:00:00 PM,RFC,MIDATL,PEP,PEPCO,2964.760,False
6/28/2026 3:00:00 AM,6/27/2026 11:00:00 PM,RFC,MIDATL,PEP,PEPCO,2809.960,False
6/28/2026 4:00:00 AM,6/28/2026 12:00:00 AM,RFC,MIDATL,PEP,PEPCO,2681.048,False
6/28/2026 5:00:00 AM,6/28/2026 1:00:00 AM,RFC,MIDATL,PEP,PEPCO,2535.528,False
6/28/2026 6:00:00 AM,6/28/2026 2:00:00 AM,RFC,MIDATL,PEP,PEPCO,2438.105,False
6/28/2026 7:00:00 AM,6/28/2026 3:00:00 AM,RFC,MIDATL,PEP,PEPCO,2348.763,False
6/28/2026 8:00:00 AM,6/28/2026 4:00:00 AM,RFC,MIDATL,PEP,PEPCO,2328.210,False
6/28/2026 9:00:00 AM,6/28/2026 5:00:00 AM,RFC,MIDATL,PEP,PEPCO,2317.589,False
6/28/2026 10:00:00 AM,6/28/2026 6:00:00 AM,RFC,MIDATL,PEP,PEPCO,2370.391,False
6/28/2026 11:00:00 AM,6/28/2026 7:00:00 AM,RFC,MIDATL,PEP,PEPCO,2452.491,False
6/28/2026 12:00:00 PM,6/28/2026 8:00:00 AM,RFC,MIDATL,PEP,PEPCO,2546.807,False
6/28/2026 1:00:00 PM,6/28/2026 9:00:00 AM,RFC,MIDATL,PEP,PEPCO,2604.693,False
6/28/2026 2:00:00 PM,6/28/2026 10:00:00 AM,RFC,MIDATL,PEP,PEPCO,2707.411,False
6/28/2026 3:00:00 PM,6/28/2026 11:00:00 AM,RFC,MIDATL,PEP,PEPCO,2773.849,False
6/28/2026 4:00:00 PM,6/28/2026 12:00:00 PM,RFC,MIDATL,PEP,PEPCO,2838.907,False
6/28/2026 5:00:00 PM,6/28/2026 1:00:00 PM,RFC,MIDATL,PEP,PEPCO,2876.403,False
6/28/2026 6:00:00 PM,6/28/2026 2:00:00 PM,RFC,MIDATL,PEP,PEPCO,2823.613,False
6/28/2026 7:00:00 PM,6/28/2026 3:00:00 PM,RFC,MIDATL,PEP,PEPCO,2824.405,False
6/28/2026 8:00:00 PM,6/28/2026 4:00:00 PM,RFC,MIDATL,PEP,PEPCO,2878.481,False
6/28/2026 9:00:00 PM,6/28/2026 5:00:00 PM,RFC,MIDATL,PEP,PEPCO,2966.321,False
6/28/2026 10:00:00 PM,6/28/2026 6:00:00 PM,RFC,MIDATL,PEP,PEPCO,3017.898,False
6/28/2026 11:00:00 PM,6/28/2026 7:00:00 PM,RFC,MIDATL,PEP,PEPCO,3052.823,False
6/29/2026 12:00:00 AM,6/28/2026 8:00:00 PM,RFC,MIDATL,PEP,PEPCO,3049.610,False
6/29/2026 1:00:00 AM,6/28/2026 9:00:00 PM,RFC,MIDATL,PEP,PEPCO,3028.053,False
6/29/2026 2:00:00 AM,6/28/2026 10:00:00 PM,RFC,MIDATL,PEP,PEPCO,2901.220,False
6/29/2026 3:00:00 AM,6/28/2026 11:00:00 PM,RFC,MIDATL,PEP,PEPCO,2742.066,False
6/29/2026 4:00:00 AM,6/29/2026 12:00:00 AM,RFC,MIDATL,PEP,PEPCO,2530.285,False
6/29/2026 5:00:00 AM,6/29/2026 1:00:00 AM,RFC,MIDATL,PEP,PEPCO,2421.098,False
6/29/2026 6:00:00 AM,6/29/2026 2:00:00 AM,RFC,MIDATL,PEP,PEPCO,2332.181,False
6/29/2026 7:00:00 AM,6/29/2026 3:00:00 AM,RFC,MIDATL,PEP,PEPCO,2313.400,False
6/29/2026 8:00:00 AM,6/29/2026 4:00:00 AM,RFC,MIDATL,PEP,PEPCO,2358.404,False
6/29/2026 9:00:00 AM,6/29/2026 5:00:00 AM,RFC,MIDATL,PEP,PEPCO,2522.089,False
6/29/2026 10:00:00 AM,6/29/2026 6:00:00 AM,RFC,MIDATL,PEP,PEPCO,2730.988,False
6/29/2026 11:00:00 AM,6/29/2026 7:00:00 AM,RFC,MIDATL,PEP,PEPCO,2894.724,False
6/29/2026 12:00:00 PM,6/29/2026 8:00:00 AM,RFC,MIDATL,PEP,PEPCO,2990.631,False
6/29/2026 1:00:00 PM,6/29/2026 9:00:00 AM,RFC,MIDATL,PEP,PEPCO,3028.745,False
6/29/2026 2:00:00 PM,6/29/2026 10:00:00 AM,RFC,MIDATL,PEP,PEPCO,3142.502,False
6/29/2026 3:00:00 PM,6/29/2026 11:00:00 AM,RFC,MIDATL,PEP,PEPCO,3246.648,False
6/29/2026 4:00:00 PM,6/29/2026 12:00:00 PM,RFC,MIDATL,PEP,PEPCO,3350.741,False
6/29/2026 5:00:00 PM,6/29/2026 1:00:00 PM,RFC,MIDATL,PEP,PEPCO,3448.304,False
6/29/2026 6:00:00 PM,6/29/2026 2:00:00 PM,RFC,MIDATL,PEP,PEPCO,3529.619,False
6/29/2026 7:00:00 PM,6/29/2026 3:00:00 PM,RFC,MIDATL,PEP,PEPCO,3628.142,False
6/29/2026 8:00:00 PM,6/29/2026 4:00:00 PM,RFC,MIDATL,PEP,PEPCO,3775.022,False
6/29/2026 9:00:00 PM,6/29/2026 5:00:00 PM,RFC,MIDATL,PEP,PEPCO,3873.932,False
6/29/2026 10:00:00 PM,6/29/2026 6:00:00 PM,RFC,MIDATL,PEP,PEPCO,3853.894,False
6/29/2026 11:00:00 PM,6/29/2026 7:00:00 PM,RFC,MIDATL,PEP,PEPCO,3709.706,False
6/30/2026 12:00:00 AM,6/29/2026 8:00:00 PM,RFC,MIDATL,PEP,PEPCO,3604.422,False
6/30/2026 1:00:00 AM,6/29/2026 9:00:00 PM,RFC,MIDATL,PEP,PEPCO,3445.513,False
6/30/2026 2:00:00 AM,6/29/2026 10:00:00 PM,RFC,MIDATL,PEP,PEPCO,3232.216,False
6/30/2026 3:00:00 AM,6/29/2026 11:00:00 PM,RFC,MIDATL,PEP,PEPCO,2979.922,False
6/30/2026 4:00:00 AM,6/30/2026 12:00:00 AM,RFC,MIDATL,PEP,PEPCO,2768.954,False
6/30/2026 5:00:00 AM,6/30/2026 1:00:00 AM,RFC,MIDATL,PEP,PEPCO,2579.877,False
6/30/2026 6:00:00 AM,6/30/2026 2:00:00 AM,RFC,MIDATL,PEP,PEPCO,2462.731,False
6/30/2026 7:00:00 AM,6/30/2026 3:00:00 AM,RFC,MIDATL,PEP,PEPCO,2406.269,False
6/30/2026 8:00:00 AM,6/30/2026 4:00:00 AM,RFC,MIDATL,PEP,PEPCO,2423.014,False
6/30/2026 9:00:00 AM,6/30/2026 5:00:00 AM,RFC,MIDATL,PEP,PEPCO,2543.757,False
6/30/2026 10:00:00 AM,6/30/2026 6:00:00 AM,RFC,MIDATL,PEP,PEPCO,2748.107,False
6/30/2026 11:00:00 AM,6/30/2026 7:00:00 AM,RFC,MIDATL,PEP,PEPCO,2921.047,False
6/30/2026 12:00:00 PM,6/30/2026 8:00:00 AM,RFC,MIDATL,PEP,PEPCO,3058.894,False
6/30/2026 1:00:00 PM,6/30/2026 9:00:00 AM,RFC,MIDATL,PEP,PEPCO,3165.772,False
6/30/2026 2:00:00 PM,6/30/2026 10:00:00 AM,RFC,MIDATL,PEP,PEPCO,3290.055,False
6/30/2026 3:00:00 PM,6/30/2026 11:00:00 AM,RFC,MIDATL,PEP,PEPCO,3368.976,False
6/30/2026 4:00:00 PM,6/30/2026 12:00:00 PM,RFC,MIDATL,PEP,PEPCO,3476.101,False
6/30/2026 5:00:00 PM,6/30/2026 1:00:00 PM,RFC,MIDATL,PEP,PEPCO,3587.259,False
6/30/2026 6:00:00 PM,6/30/2026 2:00:00 PM,RFC,MIDATL,PEP,PEPCO,3708.612,False
6/30/2026 7:00:00 PM,6/30/2026 3:00:00 PM,RFC,MIDATL,PEP,PEPCO,3865.678,False
6/30/2026 8:00:00 PM,6/30/2026 4:00:00 PM,RFC,MIDATL,PEP,PEPCO,3993.536,False
6/30/2026 9:00:00 PM,6/30/2026 5:00:00 PM,RFC,MIDATL,PEP,PEPCO,4134.713,False
6/30/2026 10:00:00 PM,6/30/2026 6:00:00 PM,RFC,MIDATL,PEP,PEPCO,4089.981,False
6/30/2026 11:00:00 PM,6/30/2026 7:00:00 PM,RFC,MIDATL,PEP,PEPCO,3977.665,False
7/1/2026 12:00:00 AM,6/30/2026 8:00:00 PM,RFC,MIDATL,PEP,PEPCO,3843.354,False
7/1/2026 1:00:00 AM,6/30/2026 9:00:00 PM,RFC,MIDATL,PEP,PEPCO,3702.373,False
7/1/2026 2:00:00 AM,6/30/2026 10:00:00 PM,RFC,MIDATL,PEP,PEPCO,3500.033,False
7/1/2026 3:00:00 AM,6/30/2026 11:00:00 PM,RFC,MIDATL,PEP,PEPCO,3248.669,False
7/1/2026 4:00:00 AM,7/1/2026 12:00:00 AM,RFC,MIDATL,PEP,PEPCO,3025.197,False
7/1/2026 5:00:00 AM,7/1/2026 1:00:00 AM,RFC,MIDATL,PEP,PEPCO,2841.967,False
7/1/2026 6:00:00 AM,7/1/2026 2:00:00 AM,RFC,MIDATL,PEP,PEPCO,2712.965,False
7/1/2026 7:00:00 AM,7/1/2026 3:00:00 AM,RFC,MIDATL,PEP,PEPCO,2657.619,False
7/1/2026 8:00:00 AM,7/1/2026 4:00:00 AM,RFC,MIDATL,PEP,PEPCO,2679.809,False
7/1/2026 9:00:00 AM,7/1/2026 5:00:00 AM,RFC,MIDATL,PEP,PEPCO,2789.329,False
7/1/2026 10:00:00 AM,7/1/2026 6:00:00 AM,RFC,MIDATL,PEP,PEPCO,2962.573,False
7/1/2026 11:00:00 AM,7/1/2026 7:00:00 AM,RFC,MIDATL,PEP,PEPCO,3154.099,False
7/1/2026 12:00:00 PM,7/1/2026 8:00:00 AM,RFC,MIDATL,PEP,PEPCO,3316.049,False
7/1/2026 1:00:00 PM,7/1/2026 9:00:00 AM,RFC,MIDATL,PEP,PEPCO,3437.079,False
7/1/2026 2:00:00 PM,7/1/2026 10:00:00 AM,RFC,MIDATL,PEP,PEPCO,3658.223,False
7/1/2026 3:00:00 PM,7/1/2026 11:00:00 AM,RFC,MIDATL,PEP,PEPCO,3887.963,False
7/1/2026 4:00:00 PM,7/1/2026 12:00:00 PM,RFC,MIDATL,PEP,PEPCO,4166.435,False
7/1/2026 5:00:00 PM,7/1/2026 1:00:00 PM,RFC,MIDATL,PEP,PEPCO,4387.711,False
7/1/2026 6:00:00 PM,7/1/2026 2:00:00 PM,RFC,MIDATL,PEP,PEPCO,4522.646,False
7/1/2026 7:00:00 PM,7/1/2026 3:00:00 PM,RFC,MIDATL,PEP,PEPCO,4675.196,False
7/1/2026 8:00:00 PM,7/1/2026 4:00:00 PM,RFC,MIDATL,PEP,PEPCO,4763.375,False
7/1/2026 9:00:00 PM,7/1/2026 5:00:00 PM,RFC,MIDATL,PEP,PEPCO,4918.867,False
7/1/2026 10:00:00 PM,7/1/2026 6:00:00 PM,RFC,MIDATL,PEP,PEPCO,4931.073,False
7/1/2026 11:00:00 PM,7/1/2026 7:00:00 PM,RFC,MIDATL,PEP,PEPCO,4848.463,False
7/2/2026 12:00:00 AM,7/1/2026 8:00:00 PM,RFC,MIDATL,PEP,PEPCO,4665.908,False
7/2/2026 1:00:00 AM,7/1/2026 9:00:00 PM,RFC,MIDATL,PEP,PEPCO,4514.262,False
7/2/2026 2:00:00 AM,7/1/2026 10:00:00 PM,RFC,MIDATL,PEP,PEPCO,4317.423,False
7/2/2026 3:00:00 AM,7/1/2026 11:00:00 PM,RFC,MIDATL,PEP,PEPCO,4060.007,False
7/2/2026 4:00:00 AM,7/2/2026 12:00:00 AM,RFC,MIDATL,PEP,PEPCO,3808.597,False
7/2/2026 5:00:00 AM,7/2/2026 1:00:00 AM,RFC,MIDATL,PEP,PEPCO,3588.171,False
7/2/2026 6:00:00 AM,7/2/2026 2:00:00 AM,RFC,MIDATL,PEP,PEPCO,3455.047,False
7/2/2026 7:00:00 AM,7/2/2026 3:00:00 AM,RFC,MIDATL,PEP,PEPCO,3344.079,False
7/2/2026 8:00:00 AM,7/2/2026 4:00:00 AM,RFC,MIDATL,PEP,PEPCO,3303.212,False
7/2/2026 9:00:00 AM,7/2/2026 5:00:00 AM,RFC,MIDATL,PEP,PEPCO,3431.735,False
7/2/2026 10:00:00 AM,7/2/2026 6:00:00 AM,RFC,MIDATL,PEP,PEPCO,3554.826,False
7/2/2026 11:00:00 AM,7/2/2026 7:00:00 AM,RFC,MIDATL,PEP,PEPCO,3717.623,False
7/2/2026 12:00:00 PM,7/2/2026 8:00:00 AM,RFC,MIDATL,PEP,PEPCO,3917.299,False
7/2/2026 1:00:00 PM,7/2/2026 9:00:00 AM,RFC,MIDATL,PEP,PEPCO,4122.681,False
7/2/2026 2:00:00 PM,7/2/2026 10:00:00 AM,RFC,MIDATL,PEP,PEPCO,4316.363,False
7/2/2026 3:00:00 PM,7/2/2026 11:00:00 AM,RFC,MIDATL,PEP,PEPCO,4508.029,False
7/2/2026 4:00:00 PM,7/2/2026 12:00:00 PM,RFC,MIDATL,PEP,PEPCO,4632.321,False
7/2/2026 5:00:00 PM,7/2/2026 1:00:00 PM,RFC,MIDATL,PEP,PEPCO,4668.538,False
7/2/2026 6:00:00 PM,7/2/2026 2:00:00 PM,RFC,MIDATL,PEP,PEPCO,4776.595,False
7/2/2026 7:00:00 PM,7/2/2026 3:00:00 PM,RFC,MIDATL,PEP,PEPCO,4861.038,False
7/2/2026 8:00:00 PM,7/2/2026 4:00:00 PM,RFC,MIDATL,PEP,PEPCO,4922.641,False
7/2/2026 9:00:00 PM,7/2/2026 5:00:00 PM,RFC,MIDATL,PEP,PEPCO,5029.485,False
7/2/2026 10:00:00 PM,7/2/2026 6:00:00 PM,RFC,MIDATL,PEP,PEPCO,4980.746,False
7/2/2026 11:00:00 PM,7/2/2026 7:00:00 PM,RFC,MIDATL,PEP,PEPCO,4917.942,False
7/3/2026 12:00:00 AM,7/2/2026 8:00:00 PM,RFC,MIDATL,PEP,PEPCO,4704.189,False
7/3/2026 1:00:00 AM,7/2/2026 9:00:00 PM,RFC,MIDATL,PEP,PEPCO,4583.959,False
7/3/2026 2:00:00 AM,7/2/2026 10:00:00 PM,RFC,MIDATL,PEP,PEPCO,4364.894,False
7/3/2026 3:00:00 AM,7/2/2026 11:00:00 PM,RFC,MIDATL,PEP,PEPCO,4123.539,False
7/3/2026 4:00:00 AM,7/3/2026 12:00:00 AM,RFC,MIDATL,PEP,PEPCO,3916.865,False
7/3/2026 5:00:00 AM,7/3/2026 1:00:00 AM,RFC,MIDATL,PEP,PEPCO,3696.274,False
7/3/2026 6:00:00 AM,7/3/2026 2:00:00 AM,RFC,MIDATL,PEP,PEPCO,3544.989,False
7/3/2026 7:00:00 AM,7/3/2026 3:00:00 AM,RFC,MIDATL,PEP,PEPCO,3414.827,False
7/3/2026 8:00:00 AM,7/3/2026 4:00:00 AM,RFC,MIDATL,PEP,PEPCO,3354.776,False
7/3/2026 9:00:00 AM,7/3/2026 5:00:00 AM,RFC,MIDATL,PEP,PEPCO,3317.876,False
7/3/2026 10:00:00 AM,7/3/2026 6:00:00 AM,RFC,MIDATL,PEP,PEPCO,3389.506,False
7/3/2026 11:00:00 AM,7/3/2026 7:00:00 AM,RFC,MIDATL,PEP,PEPCO,3543.532,False
7/3/2026 12:00:00 PM,7/3/2026 8:00:00 AM,RFC,MIDATL,PEP,PEPCO,3730.430,False
7/3/2026 1:00:00 PM,7/3/2026 9:00:00 AM,RFC,MIDATL,PEP,PEPCO,3923.000,False
7/3/2026 2:00:00 PM,7/3/2026 10:00:00 AM,RFC,MIDATL,PEP,PEPCO,4093.208,False
7/3/2026 3:00:00 PM,7/3/2026 11:00:00 AM,RFC,MIDATL,PEP,PEPCO,4306.991,False
7/3/2026 4:00:00 PM,7/3/2026 12:00:00 PM,RFC,MIDATL,PEP,PEPCO,4429.246,False
7/3/2026 5:00:00 PM,7/3/2026 1:00:00 PM,RFC,MIDATL,PEP,PEPCO,4454.849,False
7/3/2026 6:00:00 PM,7/3/2026 2:00:00 PM,RFC,MIDATL,PEP,PEPCO,4545.141,False
7/3/2026 7:00:00 PM,7/3/2026 3:00:00 PM,RFC,MIDATL,PEP,PEPCO,4690.174,False
7/3/2026 8:00:00 PM,7/3/2026 4:00:00 PM,RFC,MIDATL,PEP,PEPCO,4820.717,False
7/3/2026 9:00:00 PM,7/3/2026 5:00:00 PM,RFC,MIDATL,PEP,PEPCO,4930.439,False
7/3/2026 10:00:00 PM,7/3/2026 6:00:00 PM,RFC,MIDATL,PEP,PEPCO,4930.211,False
7/3/2026 11:00:00 PM,7/3/2026 7:00:00 PM,RFC,MIDATL,PEP,PEPCO,4904.974,False
7/4/2026 12:00:00 AM,7/3/2026 8:00:00 PM,RFC,MIDATL,PEP,PEPCO,4735.159,False
7/4/2026 1:00:00 AM,7/3/2026 9:00:00 PM,RFC,MIDATL,PEP,PEPCO,4642.754,False
7/4/2026 2:00:00 AM,7/3/2026 10:00:00 PM,RFC,MIDATL,PEP,PEPCO,4479.696,False
7/4/2026 3:00:00 AM,7/3/2026 11:00:00 PM,RFC,MIDATL,PEP,PEPCO,4260.497,False
7/4/2026 4:00:00 AM,7/4/2026 12:00:00 AM,RFC,MIDATL,PEP,PEPCO,4053.655,False
7/4/2026 5:00:00 AM,7/4/2026 1:00:00 AM,RFC,MIDATL,PEP,PEPCO,3865.332,False
7/4/2026 6:00:00 AM,7/4/2026 2:00:00 AM,RFC,MIDATL,PEP,PEPCO,3688.964,False
7/4/2026 7:00:00 AM,7/4/2026 3:00:00 AM,RFC,MIDATL,PEP,PEPCO,3539.406,False
7/4/2026 8:00:00 AM,7/4/2026 4:00:00 AM,RFC,MIDATL,PEP,PEPCO,3451.759,False
7/4/2026 9:00:00 AM,7/4/2026 5:00:00 AM,RFC,MIDATL,PEP,PEPCO,3364.410,False
7/4/2026 10:00:00 AM,7/4/2026 6:00:00 AM,RFC,MIDATL,PEP,PEPCO,3361.098,False
7/4/2026 11:00:00 AM,7/4/2026 7:00:00 AM,RFC,MIDATL,PEP,PEPCO,3491.848,False
7/4/2026 12:00:00 PM,7/4/2026 8:00:00 AM,RFC,MIDATL,PEP,PEPCO,3556.899,False
7/4/2026 1:00:00 PM,7/4/2026 9:00:00 AM,RFC,MIDATL,PEP,PEPCO,3729.988,False
7/4/2026 2:00:00 PM,7/4/2026 10:00:00 AM,RFC,MIDATL,PEP,PEPCO,3892.191,False
7/4/2026 3:00:00 PM,7/4/2026 11:00:00 AM,RFC,MIDATL,PEP,PEPCO,4046.060,False
7/4/2026 4:00:00 PM,7/4/2026 12:00:00 PM,RFC,MIDATL,PEP,PEPCO,4203.127,False
7/4/2026 5:00:00 PM,7/4/2026 1:00:00 PM,RFC,MIDATL,PEP,PEPCO,4284.056,False
7/4/2026 6:00:00 PM,7/4/2026 2:00:00 PM,RFC,MIDATL,PEP,PEPCO,4415.505,False
7/4/2026 7:00:00 PM,7/4/2026 3:00:00 PM,RFC,MIDATL,PEP,PEPCO,4557.200,False
7/4/2026 8:00:00 PM,7/4/2026 4:00:00 PM,RFC,MIDATL,PEP,PEPCO,4705.027,False
7/4/2026 9:00:00 PM,7/4/2026 5:00:00 PM,RFC,MIDATL,PEP,PEPCO,4814.406,False
7/4/2026 10:00:00 PM,7/4/2026 6:00:00 PM,RFC,MIDATL,PEP,PEPCO,4738.266,False
7/4/2026 11:00:00 PM,7/4/2026 7:00:00 PM,RFC,MIDATL,PEP,PEPCO,4337.224,False
7/5/2026 12:00:00 AM,7/4/2026 8:00:00 PM,RFC,MIDATL,PEP,PEPCO,4100.087,False
7/5/2026 1:00:00 AM,7/4/2026 9:00:00 PM,RFC,MIDATL,PEP,PEPCO,3918.569,False
7/5/2026 2:00:00 AM,7/4/2026 10:00:00 PM,RFC,MIDATL,PEP,PEPCO,3660.671,False
7/5/2026 3:00:00 AM,7/4/2026 11:00:00 PM,RFC,MIDATL,PEP,PEPCO,3497.150,False
7/5/2026 4:00:00 AM,7/5/2026 12:00:00 AM,RFC,MIDATL,PEP,PEPCO,3324.045,False
7/5/2026 5:00:00 AM,7/5/2026 1:00:00 AM,RFC,MIDATL,PEP,PEPCO,3190.721,False
7/5/2026 6:00:00 AM,7/5/2026 2:00:00 AM,RFC,MIDATL,PEP,PEPCO,3060.213,False
7/5/2026 7:00:00 AM,7/5/2026 3:00:00 AM,RFC,MIDATL,PEP,PEPCO,2951.293,False
7/5/2026 8:00:00 AM,7/5/2026 4:00:00 AM,RFC,MIDATL,PEP,PEPCO,2884.766,False
7/5/2026 9:00:00 AM,7/5/2026 5:00:00 AM,RFC,MIDATL,PEP,PEPCO,2851.065,False
7/5/2026 10:00:00 AM,7/5/2026 6:00:00 AM,RFC,MIDATL,PEP,PEPCO,2841.582,False
7/5/2026 11:00:00 AM,7/5/2026 7:00:00 AM,RFC,MIDATL,PEP,PEPCO,2878.651,False
7/5/2026 12:00:00 PM,7/5/2026 8:00:00 AM,RFC,MIDATL,PEP,PEPCO,3004.991,False
7/5/2026 1:00:00 PM,7/5/2026 9:00:00 AM,RFC,MIDATL,PEP,PEPCO,3170.892,False
7/5/2026 2:00:00 PM,7/5/2026 10:00:00 AM,RFC,MIDATL,PEP,PEPCO,3354.726,False
7/5/2026 3:00:00 PM,7/5/2026 11:00:00 AM,RFC,MIDATL,PEP,PEPCO,3465.591,False
7/5/2026 4:00:00 PM,7/5/2026 12:00:00 PM,RFC,MIDATL,PEP,PEPCO,3650.747,False
7/5/2026 5:00:00 PM,7/5/2026 1:00:00 PM,RFC,MIDATL,PEP,PEPCO,3845.511,False
7/5/2026 6:00:00 PM,7/5/2026 2:00:00 PM,RFC,MIDATL,PEP,PEPCO,4058.800,False
7/5/2026 7:00:00 PM,7/5/2026 3:00:00 PM,RFC,MIDATL,PEP,PEPCO,4240.883,False
7/5/2026 8:00:00 PM,7/5/2026 4:00:00 PM,RFC,MIDATL,PEP,PEPCO,4446.750,False
7/5/2026 9:00:00 PM,7/5/2026 5:00:00 PM,RFC,MIDATL,PEP,PEPCO,4544.470,False
7/5/2026 10:00:00 PM,7/5/2026 6:00:00 PM,RFC,MIDATL,PEP,PEPCO,4589.688,False
7/5/2026 11:00:00 PM,7/5/2026 7:00:00 PM,RFC,MIDATL,PEP,PEPCO,4351.742,False
7/6/2026 12:00:00 AM,7/5/2026 8:00:00 PM,RFC,MIDATL,PEP,PEPCO,3971.190,False
7/6/2026 1:00:00 AM,7/5/2026 9:00:00 PM,RFC,MIDATL,PEP,PEPCO,3835.978,False
7/6/2026 2:00:00 AM,7/5/2026 10:00:00 PM,RFC,MIDATL,PEP,PEPCO,3631.265,False
7/6/2026 3:00:00 AM,7/5/2026 11:00:00 PM,RFC,MIDATL,PEP,PEPCO,3410.071,False
7/6/2026 4:00:00 AM,7/6/2026 12:00:00 AM,RFC,MIDATL,PEP,PEPCO,3174.440,False
7/6/2026 5:00:00 AM,7/6/2026 1:00:00 AM,RFC,MIDATL,PEP,PEPCO,3013.123,False
7/6/2026 6:00:00 AM,7/6/2026 2:00:00 AM,RFC,MIDATL,PEP,PEPCO,2922.530,False
7/6/2026 7:00:00 AM,7/6/2026 3:00:00 AM,RFC,MIDATL,PEP,PEPCO,2885.079,False
7/6/2026 8:00:00 AM,7/6/2026 4:00:00 AM,RFC,MIDATL,PEP,PEPCO,2889.005,False
7/6/2026 9:00:00 AM,7/6/2026 5:00:00 AM,RFC,MIDATL,PEP,PEPCO,3029.383,False
7/6/2026 10:00:00 AM,7/6/2026 6:00:00 AM,RFC,MIDATL,PEP,PEPCO,3153.405,False
7/6/2026 11:00:00 AM,7/6/2026 7:00:00 AM,RFC,MIDATL,PEP,PEPCO,3287.004,False
7/6/2026 12:00:00 PM,7/6/2026 8:00:00 AM,RFC,MIDATL,PEP,PEPCO,3477.361,False
7/6/2026 1:00:00 PM,7/6/2026 9:00:00 AM,RFC,MIDATL,PEP,PEPCO,3537.077,False
7/6/2026 2:00:00 PM,7/6/2026 10:00:00 AM,RFC,MIDATL,PEP,PEPCO,3623.302,False
7/6/2026 3:00:00 PM,7/6/2026 11:00:00 AM,RFC,MIDATL,PEP,PEPCO,3661.398,False
7/6/2026 4:00:00 PM,7/6/2026 12:00:00 PM,RFC,MIDATL,PEP,PEPCO,3801.454,False
7/6/2026 5:00:00 PM,7/6/2026 1:00:00 PM,RFC,MIDATL,PEP,PEPCO,3821.491,False
7/6/2026 6:00:00 PM,7/6/2026 2:00:00 PM,RFC,MIDATL,PEP,PEPCO,3938.372,False
7/6/2026 7:00:00 PM,7/6/2026 3:00:00 PM,RFC,MIDATL,PEP,PEPCO,4080.367,False
7/6/2026 8:00:00 PM,7/6/2026 4:00:00 PM,RFC,MIDATL,PEP,PEPCO,4221.917,False
7/6/2026 9:00:00 PM,7/6/2026 5:00:00 PM,RFC,MIDATL,PEP,PEPCO,4235.085,False
7/6/2026 10:00:00 PM,7/6/2026 6:00:00 PM,RFC,MIDATL,PEP,PEPCO,4005.430,False
7/6/2026 11:00:00 PM,7/6/2026 7:00:00 PM,RFC,MIDATL,PEP,PEPCO,3937.506,False
7/7/2026 12:00:00 AM,7/6/2026 8:00:00 PM,RFC,MIDATL,PEP,PEPCO,3860.232,False
7/7/2026 1:00:00 AM,7/6/2026 9:00:00 PM,RFC,MIDATL,PEP,PEPCO,3764.559,False
7/7/2026 2:00:00 AM,7/6/2026 10:00:00 PM,RFC,MIDATL,PEP,PEPCO,3528.629,False
7/7/2026 3:00:00 AM,7/6/2026 11:00:00 PM,RFC,MIDATL,PEP,PEPCO,3270.475,False
7/7/2026 4:00:00 AM,7/7/2026 12:00:00 AM,RFC,MIDATL,PEP,PEPCO,3062.508,False
7/7/2026 5:00:00 AM,7/7/2026 1:00:00 AM,RFC,MIDATL,PEP,PEPCO,2899.593,False
7/7/2026 6:00:00 AM,7/7/2026 2:00:00 AM,RFC,MIDATL,PEP,PEPCO,2801.024,False
7/7/2026 7:00:00 AM,7/7/2026 3:00:00 AM,RFC,MIDATL,PEP,PEPCO,2757.425,False
7/7/2026 8:00:00 AM,7/7/2026 4:00:00 AM,RFC,MIDATL,PEP,PEPCO,2754.878,False
7/7/2026 9:00:00 AM,7/7/2026 5:00:00 AM,RFC,MIDATL,PEP,PEPCO,2888.066,False
7/7/2026 10:00:00 AM,7/7/2026 6:00:00 AM,RFC,MIDATL,PEP,PEPCO,3090.257,False
7/7/2026 11:00:00 AM,7/7/2026 7:00:00 AM,RFC,MIDATL,PEP,PEPCO,3194.396,False
7/7/2026 12:00:00 PM,7/7/2026 8:00:00 AM,RFC,MIDATL,PEP,PEPCO,3287.954,False
7/7/2026 1:00:00 PM,7/7/2026 9:00:00 AM,RFC,MIDATL,PEP,PEPCO,3293.302,False
7/7/2026 2:00:00 PM,7/7/2026 10:00:00 AM,RFC,MIDATL,PEP,PEPCO,3283.880,False
7/7/2026 3:00:00 PM,7/7/2026 11:00:00 AM,RFC,MIDATL,PEP,PEPCO,3407.412,False
7/7/2026 4:00:00 PM,7/7/2026 12:00:00 PM,RFC,MIDATL,PEP,PEPCO,3438.662,False
7/7/2026 5:00:00 PM,7/7/2026 1:00:00 PM,RFC,MIDATL,PEP,PEPCO,3415.656,False
7/7/2026 6:00:00 PM,7/7/2026 2:00:00 PM,RFC,MIDATL,PEP,PEPCO,3530.547,False
7/7/2026 7:00:00 PM,7/7/2026 3:00:00 PM,RFC,MIDATL,PEP,PEPCO,3557.938,False
7/7/2026 8:00:00 PM,7/7/2026 4:00:00 PM,RFC,MIDATL,PEP,PEPCO,3649.229,False
7/7/2026 9:00:00 PM,7/7/2026 5:00:00 PM,RFC,MIDATL,PEP,PEPCO,3782.212,False
7/7/2026 10:00:00 PM,7/7/2026 6:00:00 PM,RFC,MIDATL,PEP,PEPCO,3741.426,False
7/7/2026 11:00:00 PM,7/7/2026 7:00:00 PM,RFC,MIDATL,PEP,PEPCO,3653.505,False
7/8/2026 12:00:00 AM,7/7/2026 8:00:00 PM,RFC,MIDATL,PEP,PEPCO,3608.822,False
7/8/2026 1:00:00 AM,7/7/2026 9:00:00 PM,RFC,MIDATL,PEP,PEPCO,3440.056,False
7/8/2026 2:00:00 AM,7/7/2026 10:00:00 PM,RFC,MIDATL,PEP,PEPCO,3341.705,False
7/8/2026 3:00:00 AM,7/7/2026 11:00:00 PM,RFC,MIDATL,PEP,PEPCO,3128.576,False
7/8/2026 4:00:00 AM,7/8/2026 12:00:00 AM,RFC,MIDATL,PEP,PEPCO,2920.319,False
7/8/2026 5:00:00 AM,7/8/2026 1:00:00 AM,RFC,MIDATL,PEP,PEPCO,2737.636,False
7/8/2026 6:00:00 AM,7/8/2026 2:00:00 AM,RFC,MIDATL,PEP,PEPCO,2634.743,False
7/8/2026 7:00:00 AM,7/8/2026 3:00:00 AM,RFC,MIDATL,PEP,PEPCO,2542.366,False
7/8/2026 8:00:00 AM,7/8/2026 4:00:00 AM,RFC,MIDATL,PEP,PEPCO,2602.864,False
7/8/2026 9:00:00 AM,7/8/2026 5:00:00 AM,RFC,MIDATL,PEP,PEPCO,2746.894,False
7/8/2026 10:00:00 AM,7/8/2026 6:00:00 AM,RFC,MIDATL,PEP,PEPCO,2933.283,False
7/8/2026 11:00:00 AM,7/8/2026 7:00:00 AM,RFC,MIDATL,PEP,PEPCO,3043.002,False
7/8/2026 12:00:00 PM,7/8/2026 8:00:00 AM,RFC,MIDATL,PEP,PEPCO,3118.299,False
7/8/2026 1:00:00 PM,7/8/2026 9:00:00 AM,RFC,MIDATL,PEP,PEPCO,3155.628,False
7/8/2026 2:00:00 PM,7/8/2026 10:00:00 AM,RFC,MIDATL,PEP,PEPCO,3153.134,False
7/8/2026 3:00:00 PM,7/8/2026 11:00:00 AM,RFC,MIDATL,PEP,PEPCO,3183.110,False
7/8/2026 4:00:00 PM,7/8/2026 12:00:00 PM,RFC,MIDATL,PEP,PEPCO,3343.670,False
7/8/2026 5:00:00 PM,7/8/2026 1:00:00 PM,RFC,MIDATL,PEP,PEPCO,3311.743,False
7/8/2026 6:00:00 PM,7/8/2026 2:00:00 PM,RFC,MIDATL,PEP,PEPCO,3356.127,False
7/8/2026 7:00:00 PM,7/8/2026 3:00:00 PM,RFC,MIDATL,PEP,PEPCO,3485.502,False
7/8/2026 8:00:00 PM,7/8/2026 4:00:00 PM,RFC,MIDATL,PEP,PEPCO,3726.002,False
7/8/2026 9:00:00 PM,7/8/2026 5:00:00 PM,RFC,MIDATL,PEP,PEPCO,3808.047,False
7/8/2026 10:00:00 PM,7/8/2026 6:00:00 PM,RFC,MIDATL,PEP,PEPCO,3699.596,False
7/8/2026 11:00:00 PM,7/8/2026 7:00:00 PM,RFC,MIDATL,PEP,PEPCO,3671.276,False
7/9/2026 12:00:00 AM,7/8/2026 8:00:00 PM,RFC,MIDATL,PEP,PEPCO,3599.822,False
7/9/2026 1:00:00 AM,7/8/2026 9:00:00 PM,RFC,MIDATL,PEP,PEPCO,3484.894,False
7/9/2026 2:00:00 AM,7/8/2026 10:00:00 PM,RFC,MIDATL,PEP,PEPCO,3313.888,False
7/9/2026 3:00:00 AM,7/8/2026 11:00:00 PM,RFC,MIDATL,PEP,PEPCO,3082.842,False
7/9/2026 4:00:00 AM,7/9/2026 12:00:00 AM,RFC,MIDATL,PEP,PEPCO,2873.629,False
7/9/2026 5:00:00 AM,7/9/2026 1:00:00 AM,RFC,MIDATL,PEP,PEPCO,2736.075,False
7/9/2026 6:00:00 AM,7/9/2026 2:00:00 AM,RFC,MIDATL,PEP,PEPCO,2618.603,False
7/9/2026 7:00:00 AM,7/9/2026 3:00:00 AM,RFC,MIDATL,PEP,PEPCO,2587.961,False
7/9/2026 8:00:00 AM,7/9/2026 4:00:00 AM,RFC,MIDATL,PEP,PEPCO,2652.098,False
7/9/2026 9:00:00 AM,7/9/2026 5:00:00 AM,RFC,MIDATL,PEP,PEPCO,2814.579,False
7/9/2026 10:00:00 AM,7/9/2026 6:00:00 AM,RFC,MIDATL,PEP,PEPCO,3050.795,False
7/9/2026 11:00:00 AM,7/9/2026 7:00:00 AM,RFC,MIDATL,PEP,PEPCO,3232.175,False
7/9/2026 12:00:00 PM,7/9/2026 8:00:00 AM,RFC,MIDATL,PEP,PEPCO,3336.027,False
7/9/2026 1:00:00 PM,7/9/2026 9:00:00 AM,RFC,MIDATL,PEP,PEPCO,3468.364,False
7/9/2026 2:00:00 PM,7/9/2026 10:00:00 AM,RFC,MIDATL,PEP,PEPCO,3483.253,False
7/9/2026 3:00:00 PM,7/9/2026 11:00:00 AM,RFC,MIDATL,PEP,PEPCO,3445.870,False
7/9/2026 4:00:00 PM,7/9/2026 12:00:00 PM,RFC,MIDATL,PEP,PEPCO,3572.309,False
7/9/2026 5:00:00 PM,7/9/2026 1:00:00 PM,RFC,MIDATL,PEP,PEPCO,3776.623,False
7/9/2026 6:00:00 PM,7/9/2026 2:00:00 PM,RFC,MIDATL,PEP,PEPCO,4012.076,False
7/9/2026 7:00:00 PM,7/9/2026 3:00:00 PM,RFC,MIDATL,PEP,PEPCO,4003.347,False
7/9/2026 8:00:00 PM,7/9/2026 4:00:00 PM,RFC,MIDATL,PEP,PEPCO,3857.540,False
7/9/2026 9:00:00 PM,7/9/2026 5:00:00 PM,RFC,MIDATL,PEP,PEPCO,3744.811,False
7/9/2026 10:00:00 PM,7/9/2026 6:00:00 PM,RFC,MIDATL,PEP,PEPCO,3575.563,False
7/9/2026 11:00:00 PM,7/9/2026 7:00:00 PM,RFC,MIDATL,PEP,PEPCO,3443.431,False
7/10/2026 12:00:00 AM,7/9/2026 8:00:00 PM,RFC,MIDATL,PEP,PEPCO,3401.730,False
7/10/2026 1:00:00 AM,7/9/2026 9:00:00 PM,RFC,MIDATL,PEP,PEPCO,3321.778,False
7/10/2026 2:00:00 AM,7/9/2026 10:00:00 PM,RFC,MIDATL,PEP,PEPCO,3189.835,False
7/10/2026 3:00:00 AM,7/9/2026 11:00:00 PM,RFC,MIDATL,PEP,PEPCO,2976.054,False
7/10/2026 4:00:00 AM,7/10/2026 12:00:00 AM,RFC,MIDATL,PEP,PEPCO,2818.973,False
7/10/2026 5:00:00 AM,7/10/2026 1:00:00 AM,RFC,MIDATL,PEP,PEPCO,2659.621,False
7/10/2026 6:00:00 AM,7/10/2026 2:00:00 AM,RFC,MIDATL,PEP,PEPCO,2541.488,False
7/10/2026 7:00:00 AM,7/10/2026 3:00:00 AM,RFC,MIDATL,PEP,PEPCO,2489.036,False
7/10/2026 8:00:00 AM,7/10/2026 4:00:00 AM,RFC,MIDATL,PEP,PEPCO,2485.178,False
7/10/2026 9:00:00 AM,7/10/2026 5:00:00 AM,RFC,MIDATL,PEP,PEPCO,2636.392,False
7/10/2026 10:00:00 AM,7/10/2026 6:00:00 AM,RFC,MIDATL,PEP,PEPCO,2834.072,False
7/10/2026 11:00:00 AM,7/10/2026 7:00:00 AM,RFC,MIDATL,PEP,PEPCO,3009.044,False
7/10/2026 12:00:00 PM,7/10/2026 8:00:00 AM,RFC,MIDATL,PEP,PEPCO,3154.356,False
7/10/2026 1:00:00 PM,7/10/2026 9:00:00 AM,RFC,MIDATL,PEP,PEPCO,3281.114,False
7/10/2026 2:00:00 PM,7/10/2026 10:00:00 AM,RFC,MIDATL,PEP,PEPCO,3457.868,False
7/10/2026 3:00:00 PM,7/10/2026 11:00:00 AM,RFC,MIDATL,PEP,PEPCO,3620.053,False
7/10/2026 4:00:00 PM,7/10/2026 12:00:00 PM,RFC,MIDATL,PEP,PEPCO,3799.766,False
7/10/2026 5:00:00 PM,7/10/2026 1:00:00 PM,RFC,MIDATL,PEP,PEPCO,3831.835,False
7/10/2026 6:00:00 PM,7/10/2026 2:00:00 PM,RFC,MIDATL,PEP,PEPCO,3903.163,False
7/10/2026 7:00:00 PM,7/10/2026 3:00:00 PM,RFC,MIDATL,PEP,PEPCO,3854.602,False
7/10/2026 8:00:00 PM,7/10/2026 4:00:00 PM,RFC,MIDATL,PEP,PEPCO,3823.575,False
7/10/2026 9:00:00 PM,7/10/2026 5:00:00 PM,RFC,MIDATL,PEP,PEPCO,3806.501,False
7/10/2026 10:00:00 PM,7/10/2026 6:00:00 PM,RFC,MIDATL,PEP,PEPCO,3738.700,False
7/10/2026 11:00:00 PM,7/10/2026 7:00:00 PM,RFC,MIDATL,PEP,PEPCO,3618.641,False
7/11/2026 12:00:00 AM,7/10/2026 8:00:00 PM,RFC,MIDATL,PEP,PEPCO,3423.965,False
7/11/2026 1:00:00 AM,7/10/2026 9:00:00 PM,RFC,MIDATL,PEP,PEPCO,3305.475,False
7/11/2026 2:00:00 AM,7/10/2026 10:00:00 PM,RFC,MIDATL,PEP,PEPCO,3142.477,False
7/11/2026 3:00:00 AM,7/10/2026 11:00:00 PM,RFC,MIDATL,PEP,PEPCO,2958.998,False
7/11/2026 4:00:00 AM,7/11/2026 12:00:00 AM,RFC,MIDATL,PEP,PEPCO,2781.502,False
7/11/2026 5:00:00 AM,7/11/2026 1:00:00 AM,RFC,MIDATL,PEP,PEPCO,2667.218,False
7/11/2026 6:00:00 AM,7/11/2026 2:00:00 AM,RFC,MIDATL,PEP,PEPCO,2525.926,False
7/11/2026 7:00:00 AM,7/11/2026 3:00:00 AM,RFC,MIDATL,PEP,PEPCO,2449.856,False
7/11/2026 8:00:00 AM,7/11/2026 4:00:00 AM,RFC,MIDATL,PEP,PEPCO,2419.321,False
7/11/2026 9:00:00 AM,7/11/2026 5:00:00 AM,RFC,MIDATL,PEP,PEPCO,2401.617,False
7/11/2026 10:00:00 AM,7/11/2026 6:00:00 AM,RFC,MIDATL,PEP,PEPCO,2450.614,False
7/11/2026 11:00:00 AM,7/11/2026 7:00:00 AM,RFC,MIDATL,PEP,PEPCO,2533.376,False
7/11/2026 12:00:00 PM,7/11/2026 8:00:00 AM,RFC,MIDATL,PEP,PEPCO,2680.184,False
7/11/2026 1:00:00 PM,7/11/2026 9:00:00 AM,RFC,MIDATL,PEP,PEPCO,2817.150,False
7/11/2026 2:00:00 PM,7/11/2026 10:00:00 AM,RFC,MIDATL,PEP,PEPCO,3036.922,False
7/11/2026 3:00:00 PM,7/11/2026 11:00:00 AM,RFC,MIDATL,PEP,PEPCO,3226.317,False
7/11/2026 4:00:00 PM,7/11/2026 12:00:00 PM,RFC,MIDATL,PEP,PEPCO,3339.041,False
7/11/2026 5:00:00 PM,7/11/2026 1:00:00 PM,RFC,MIDATL,PEP,PEPCO,3468.024,False
7/11/2026 6:00:00 PM,7/11/2026 2:00:00 PM,RFC,MIDATL,PEP,PEPCO,3570.828,False
7/11/2026 7:00:00 PM,7/11/2026 3:00:00 PM,RFC,MIDATL,PEP,PEPCO,3674.558,False
7/11/2026 8:00:00 PM,7/11/2026 4:00:00 PM,RFC,MIDATL,PEP,PEPCO,3733.784,False
7/11/2026 9:00:00 PM,7/11/2026 5:00:00 PM,RFC,MIDATL,PEP,PEPCO,3832.485,False
7/11/2026 10:00:00 PM,7/11/2026 6:00:00 PM,RFC,MIDATL,PEP,PEPCO,3846.559,False
7/11/2026 11:00:00 PM,7/11/2026 7:00:00 PM,RFC,MIDATL,PEP,PEPCO,3773.229,False
7/12/2026 12:00:00 AM,7/11/2026 8:00:00 PM,RFC,MIDATL,PEP,PEPCO,3694.260,False
7/12/2026 1:00:00 AM,7/11/2026 9:00:00 PM,RFC,MIDATL,PEP,PEPCO,3561.589,False
7/12/2026 2:00:00 AM,7/11/2026 10:00:00 PM,RFC,MIDATL,PEP,PEPCO,3373.131,False
7/12/2026 3:00:00 AM,7/11/2026 11:00:00 PM,RFC,MIDATL,PEP,PEPCO,3215.830,False
7/12/2026 4:00:00 AM,7/12/2026 12:00:00 AM,RFC,MIDATL,PEP,PEPCO,3013.263,False
7/12/2026 5:00:00 AM,7/12/2026 1:00:00 AM,RFC,MIDATL,PEP,PEPCO,2880.123,False
7/12/2026 6:00:00 AM,7/12/2026 2:00:00 AM,RFC,MIDATL,PEP,PEPCO,2728.899,False
7/12/2026 7:00:00 AM,7/12/2026 3:00:00 AM,RFC,MIDATL,PEP,PEPCO,2637.160,False
7/12/2026 8:00:00 AM,7/12/2026 4:00:00 AM,RFC,MIDATL,PEP,PEPCO,2573.488,False
7/12/2026 9:00:00 AM,7/12/2026 5:00:00 AM,RFC,MIDATL,PEP,PEPCO,2555.685,False
7/12/2026 10:00:00 AM,7/12/2026 6:00:00 AM,RFC,MIDATL,PEP,PEPCO,2601.992,False
7/12/2026 11:00:00 AM,7/12/2026 7:00:00 AM,RFC,MIDATL,PEP,PEPCO,2657.184,False
7/12/2026 12:00:00 PM,7/12/2026 8:00:00 AM,RFC,MIDATL,PEP,PEPCO,2719.088,False
7/12/2026 1:00:00 PM,7/12/2026 9:00:00 AM,RFC,MIDATL,PEP,PEPCO,2857.478,False
7/12/2026 2:00:00 PM,7/12/2026 10:00:00 AM,RFC,MIDATL,PEP,PEPCO,2933.147,False
7/12/2026 3:00:00 PM,7/12/2026 11:00:00 AM,RFC,MIDATL,PEP,PEPCO,3054.953,False
7/12/2026 4:00:00 PM,7/12/2026 12:00:00 PM,RFC,MIDATL,PEP,PEPCO,3163.541,False
7/12/2026 5:00:00 PM,7/12/2026 1:00:00 PM,RFC,MIDATL,PEP,PEPCO,3266.309,False
7/12/2026 6:00:00 PM,7/12/2026 2:00:00 PM,RFC,MIDATL,PEP,PEPCO,3381.742,False
7/12/2026 7:00:00 PM,7/12/2026 3:00:00 PM,RFC,MIDATL,PEP,PEPCO,3417.783,False
7/12/2026 8:00:00 PM,7/12/2026 4:00:00 PM,RFC,MIDATL,PEP,PEPCO,3412.320,False
7/12/2026 9:00:00 PM,7/12/2026 5:00:00 PM,RFC,MIDATL,PEP,PEPCO,3418.216,False
7/12/2026 10:00:00 PM,7/12/2026 6:00:00 PM,RFC,MIDATL,PEP,PEPCO,3437.836,False
7/12/2026 11:00:00 PM,7/12/2026 7:00:00 PM,RFC,MIDATL,PEP,PEPCO,3387.091,False
7/13/2026 12:00:00 AM,7/12/2026 8:00:00 PM,RFC,MIDATL,PEP,PEPCO,3310.389,False
7/13/2026 1:00:00 AM,7/12/2026 9:00:00 PM,RFC,MIDATL,PEP,PEPCO,3217.264,False
7/13/2026 2:00:00 AM,7/12/2026 10:00:00 PM,RFC,MIDATL,PEP,PEPCO,3065.451,False
7/13/2026 3:00:00 AM,7/12/2026 11:00:00 PM,RFC,MIDATL,PEP,PEPCO,2798.133,False
7/13/2026 4:00:00 AM,7/13/2026 12:00:00 AM,RFC,MIDATL,PEP,PEPCO,2615.956,False
7/13/2026 5:00:00 AM,7/13/2026 1:00:00 AM,RFC,MIDATL,PEP,PEPCO,2429.529,False
7/13/2026 6:00:00 AM,7/13/2026 2:00:00 AM,RFC,MIDATL,PEP,PEPCO,2338.618,False
7/13/2026 7:00:00 AM,7/13/2026 3:00:00 AM,RFC,MIDATL,PEP,PEPCO,2284.143,False
7/13/2026 8:00:00 AM,7/13/2026 4:00:00 AM,RFC,MIDATL,PEP,PEPCO,2320.099,False
7/13/2026 9:00:00 AM,7/13/2026 5:00:00 AM,RFC,MIDATL,PEP,PEPCO,2481.330,False
7/13/2026 10:00:00 AM,7/13/2026 6:00:00 AM,RFC,MIDATL,PEP,PEPCO,2643.784,False
7/13/2026 11:00:00 AM,7/13/2026 7:00:00 AM,RFC,MIDATL,PEP,PEPCO,2815.990,False
7/13/2026 12:00:00 PM,7/13/2026 8:00:00 AM,RFC,MIDATL,PEP,PEPCO,2926.641,False
7/13/2026 1:00:00 PM,7/13/2026 9:00:00 AM,RFC,MIDATL,PEP,PEPCO,2958.876,False
7/13/2026 2:00:00 PM,7/13/2026 10:00:00 AM,RFC,MIDATL,PEP,PEPCO,3073.163,False
7/13/2026 3:00:00 PM,7/13/2026 11:00:00 AM,RFC,MIDATL,PEP,PEPCO,3113.476,False
7/13/2026 4:00:00 PM,7/13/2026 12:00:00 PM,RFC,MIDATL,PEP,PEPCO,3194.578,False
7/13/2026 5:00:00 PM,7/13/2026 1:00:00 PM,RFC,MIDATL,PEP,PEPCO,3267.440,False
7/13/2026 6:00:00 PM,7/13/2026 2:00:00 PM,RFC,MIDATL,PEP,PEPCO,3386.466,False
7/13/2026 7:00:00 PM,7/13/2026 3:00:00 PM,RFC,MIDATL,PEP,PEPCO,3564.985,False
7/13/2026 8:00:00 PM,7/13/2026 4:00:00 PM,RFC,MIDATL,PEP,PEPCO,3696.351,False
7/13/2026 9:00:00 PM,7/13/2026 5:00:00 PM,RFC,MIDATL,PEP,PEPCO,3865.689,False
7/13/2026 10:00:00 PM,7/13/2026 6:00:00 PM,RFC,MIDATL,PEP,PEPCO,3839.643,False
7/13/2026 11:00:00 PM,7/13/2026 7:00:00 PM,RFC,MIDATL,PEP,PEPCO,3743.722,False
7/14/2026 12:00:00 AM,7/13/2026 8:00:00 PM,RFC,MIDATL,PEP,PEPCO,3591.156,False
7/14/2026 1:00:00 AM,7/13/2026 9:00:00 PM,RFC,MIDATL,PEP,PEPCO,3415.681,False
7/14/2026 2:00:00 AM,7/13/2026 10:00:00 PM,RFC,MIDATL,PEP,PEPCO,3190.776,False
7/14/2026 3:00:00 AM,7/13/2026 11:00:00 PM,RFC,MIDATL,PEP,PEPCO,2939.653,False
7/14/2026 4:00:00 AM,7/14/2026 12:00:00 AM,RFC,MIDATL,PEP,PEPCO,2697.506,False
7/14/2026 5:00:00 AM,7/14/2026 1:00:00 AM,RFC,MIDATL,PEP,PEPCO,2559.812,False
7/14/2026 6:00:00 AM,7/14/2026 2:00:00 AM,RFC,MIDATL,PEP,PEPCO,2421.487,False
7/14/2026 7:00:00 AM,7/14/2026 3:00:00 AM,RFC,MIDATL,PEP,PEPCO,2390.327,False
7/14/2026 8:00:00 AM,7/14/2026 4:00:00 AM,RFC,MIDATL,PEP,PEPCO,2396.493,False
7/14/2026 9:00:00 AM,7/14/2026 5:00:00 AM,RFC,MIDATL,PEP,PEPCO,2545.943,False
7/14/2026 10:00:00 AM,7/14/2026 6:00:00 AM,RFC,MIDATL,PEP,PEPCO,2746.747,False
7/14/2026 11:00:00 AM,7/14/2026 7:00:00 AM,RFC,MIDATL,PEP,PEPCO,2923.455,False
7/14/2026 12:00:00 PM,7/14/2026 8:00:00 AM,RFC,MIDATL,PEP,PEPCO,3042.411,False
7/14/2026 1:00:00 PM,7/14/2026 9:00:00 AM,RFC,MIDATL,PEP,PEPCO,3173.898,False
7/14/2026 2:00:00 PM,7/14/2026 10:00:00 AM,RFC,MIDATL,PEP,PEPCO,3300.843,False
7/14/2026 3:00:00 PM,7/14/2026 11:00:00 AM,RFC,MIDATL,PEP,PEPCO,3459.848,False
7/14/2026 4:00:00 PM,7/14/2026 12:00:00 PM,RFC,MIDATL,PEP,PEPCO,3605.518,False
7/14/2026 5:00:00 PM,7/14/2026 1:00:00 PM,RFC,MIDATL,PEP,PEPCO,3787.648,False
7/14/2026 6:00:00 PM,7/14/2026 2:00:00 PM,RFC,MIDATL,PEP,PEPCO,3984.375,False
7/14/2026 7:00:00 PM,7/14/2026 3:00:00 PM,RFC,MIDATL,PEP,PEPCO,4129.138,False
7/14/2026 8:00:00 PM,7/14/2026 4:00:00 PM,RFC,MIDATL,PEP,PEPCO,4247.101,False
7/14/2026 9:00:00 PM,7/14/2026 5:00:00 PM,RFC,MIDATL,PEP,PEPCO,4349.926,False
7/14/2026 10:00:00 PM,7/14/2026 6:00:00 PM,RFC,MIDATL,PEP,PEPCO,4289.047,False
7/14/2026 11:00:00 PM,7/14/2026 7:00:00 PM,RFC,MIDATL,PEP,PEPCO,4196.915,False
7/15/2026 12:00:00 AM,7/14/2026 8:00:00 PM,RFC,MIDATL,PEP,PEPCO,4064.384,False
7/15/2026 1:00:00 AM,7/14/2026 9:00:00 PM,RFC,MIDATL,PEP,PEPCO,3931.955,False
7/15/2026 2:00:00 AM,7/14/2026 10:00:00 PM,RFC,MIDATL,PEP,PEPCO,3702.676,False
7/15/2026 3:00:00 AM,7/14/2026 11:00:00 PM,RFC,MIDATL,PEP,PEPCO,3385.385,False
7/15/2026 4:00:00 AM,7/15/2026 12:00:00 AM,RFC,MIDATL,PEP,PEPCO,3150.491,False
7/15/2026 5:00:00 AM,7/15/2026 1:00:00 AM,RFC,MIDATL,PEP,PEPCO,2937.266,False
7/15/2026 6:00:00 AM,7/15/2026 2:00:00 AM,RFC,MIDATL,PEP,PEPCO,2807.942,False
7/15/2026 7:00:00 AM,7/15/2026 3:00:00 AM,RFC,MIDATL,PEP,PEPCO,2705.236,False
7/15/2026 8:00:00 AM,7/15/2026 4:00:00 AM,RFC,MIDATL,PEP,PEPCO,2707.399,False
7/15/2026 9:00:00 AM,7/15/2026 5:00:00 AM,RFC,MIDATL,PEP,PEPCO,2834.127,False
7/15/2026 10:00:00 AM,7/15/2026 6:00:00 AM,RFC,MIDATL,PEP,PEPCO,2997.699,False
7/15/2026 11:00:00 AM,7/15/2026 7:00:00 AM,RFC,MIDATL,PEP,PEPCO,3184.720,False
7/15/2026 12:00:00 PM,7/15/2026 8:00:00 AM,RFC,MIDATL,PEP,PEPCO,3352.406,False
7/15/2026 1:00:00 PM,7/15/2026 9:00:00 AM,RFC,MIDATL,PEP,PEPCO,3509.081,False
7/15/2026 2:00:00 PM,7/15/2026 10:00:00 AM,RFC,MIDATL,PEP,PEPCO,3690.727,False
7/15/2026 3:00:00 PM,7/15/2026 11:00:00 AM,RFC,MIDATL,PEP,PEPCO,3924.578,False
7/15/2026 4:00:00 PM,7/15/2026 12:00:00 PM,RFC,MIDATL,PEP,PEPCO,4109.048,False
7/15/2026 5:00:00 PM,7/15/2026 1:00:00 PM,RFC,MIDATL,PEP,PEPCO,4294.675,False
7/15/2026 6:00:00 PM,7/15/2026 2:00:00 PM,RFC,MIDATL,PEP,PEPCO,4468.791,False
7/15/2026 7:00:00 PM,7/15/2026 3:00:00 PM,RFC,MIDATL,PEP,PEPCO,4626.296,False
7/15/2026 8:00:00 PM,7/15/2026 4:00:00 PM,RFC,MIDATL,PEP,PEPCO,4684.001,False
7/15/2026 9:00:00 PM,7/15/2026 5:00:00 PM,RFC,MIDATL,PEP,PEPCO,4819.072,False
7/15/2026 10:00:00 PM,7/15/2026 6:00:00 PM,RFC,MIDATL,PEP,PEPCO,4842.381,False
7/15/2026 11:00:00 PM,7/15/2026 7:00:00 PM,RFC,MIDATL,PEP,PEPCO,4732.027,False
7/16/2026 12:00:00 AM,7/15/2026 8:00:00 PM,RFC,MIDATL,PEP,PEPCO,4583.131,False
7/16/2026 1:00:00 AM,7/15/2026 9:00:00 PM,RFC,MIDATL,PEP,PEPCO,4398.649,False
7/16/2026 2:00:00 AM,7/15/2026 10:00:00 PM,RFC,MIDATL,PEP,PEPCO,4144.058,False
7/16/2026 3:00:00 AM,7/15/2026 11:00:00 PM,RFC,MIDATL,PEP,PEPCO,3854.797,False
7/16/2026 4:00:00 AM,7/16/2026 12:00:00 AM,RFC,MIDATL,PEP,PEPCO,3617.242,False
7/16/2026 5:00:00 AM,7/16/2026 1:00:00 AM,RFC,MIDATL,PEP,PEPCO,3449.801,False
7/16/2026 6:00:00 AM,7/16/2026 2:00:00 AM,RFC,MIDATL,PEP,PEPCO,3287.478,False
7/16/2026 7:00:00 AM,7/16/2026 3:00:00 AM,RFC,MIDATL,PEP,PEPCO,3216.933,False
7/16/2026 8:00:00 AM,7/16/2026 4:00:00 AM,RFC,MIDATL,PEP,PEPCO,3191.721,False
7/16/2026 9:00:00 AM,7/16/2026 5:00:00 AM,RFC,MIDATL,PEP,PEPCO,3304.719,False
7/16/2026 10:00:00 AM,7/16/2026 6:00:00 AM,RFC,MIDATL,PEP,PEPCO,3464.028,False
7/16/2026 11:00:00 AM,7/16/2026 7:00:00 AM,RFC,MIDATL,PEP,PEPCO,3608.140,False
7/16/2026 12:00:00 PM,7/16/2026 8:00:00 AM,RFC,MIDATL,PEP,PEPCO,3738.511,False
7/16/2026 1:00:00 PM,7/16/2026 9:00:00 AM,RFC,MIDATL,PEP,PEPCO,3899.524,False
7/16/2026 2:00:00 PM,7/16/2026 10:00:00 AM,RFC,MIDATL,PEP,PEPCO,4012.282,False
7/16/2026 3:00:00 PM,7/16/2026 11:00:00 AM,RFC,MIDATL,PEP,PEPCO,4189.501,False
7/16/2026 4:00:00 PM,7/16/2026 12:00:00 PM,RFC,MIDATL,PEP,PEPCO,4343.043,False
7/16/2026 5:00:00 PM,7/16/2026 1:00:00 PM,RFC,MIDATL,PEP,PEPCO,4518.409,False
7/16/2026 6:00:00 PM,7/16/2026 2:00:00 PM,RFC,MIDATL,PEP,PEPCO,4622.383,False
7/16/2026 7:00:00 PM,7/16/2026 3:00:00 PM,RFC,MIDATL,PEP,PEPCO,4709.647,False
7/16/2026 8:00:00 PM,7/16/2026 4:00:00 PM,RFC,MIDATL,PEP,PEPCO,4832.943,False
7/16/2026 9:00:00 PM,7/16/2026 5:00:00 PM,RFC,MIDATL,PEP,PEPCO,4937.980,False
7/16/2026 10:00:00 PM,7/16/2026 6:00:00 PM,RFC,MIDATL,PEP,PEPCO,4913.596,False
7/16/2026 11:00:00 PM,7/16/2026 7:00:00 PM,RFC,MIDATL,PEP,PEPCO,4803.749,False
7/17/2026 12:00:00 AM,7/16/2026 8:00:00 PM,RFC,MIDATL,PEP,PEPCO,4676.202,False
7/17/2026 1:00:00 AM,7/16/2026 9:00:00 PM,RFC,MIDATL,PEP,PEPCO,4514.313,False
7/17/2026 2:00:00 AM,7/16/2026 10:00:00 PM,RFC,MIDATL,PEP,PEPCO,4267.689,False
7/17/2026 3:00:00 AM,7/16/2026 11:00:00 PM,RFC,MIDATL,PEP,PEPCO,3962.880,False
7/17/2026 4:00:00 AM,7/17/2026 12:00:00 AM,RFC,MIDATL,PEP,PEPCO,3606.010,False
7/17/2026 5:00:00 AM,7/17/2026 1:00:00 AM,RFC,MIDATL,PEP,PEPCO,3313.773,False
7/17/2026 6:00:00 AM,7/17/2026 2:00:00 AM,RFC,MIDATL,PEP,PEPCO,3098.506,False
7/17/2026 7:00:00 AM,7/17/2026 3:00:00 AM,RFC,MIDATL,PEP,PEPCO,2958.978,False
7/17/2026 8:00:00 AM,7/17/2026 4:00:00 AM,RFC,MIDATL,PEP,PEPCO,2891.433,False
7/17/2026 9:00:00 AM,7/17/2026 5:00:00 AM,RFC,MIDATL,PEP,PEPCO,2960.671,False
7/17/2026 10:00:00 AM,7/17/2026 6:00:00 AM,RFC,MIDATL,PEP,PEPCO,3072.795,False
7/17/2026 11:00:00 AM,7/17/2026 7:00:00 AM,RFC,MIDATL,PEP,PEPCO,3160.703,False
7/17/2026 12:00:00 PM,7/17/2026 8:00:00 AM,RFC,MIDATL,PEP,PEPCO,3270.896,False
7/17/2026 1:00:00 PM,7/17/2026 9:00:00 AM,RFC,MIDATL,PEP,PEPCO,3385.563,False
7/17/2026 2:00:00 PM,7/17/2026 10:00:00 AM,RFC,MIDATL,PEP,PEPCO,3481.367,False
7/17/2026 3:00:00 PM,7/17/2026 11:00:00 AM,RFC,MIDATL,PEP,PEPCO,3599.991,False
7/17/2026 4:00:00 PM,7/17/2026 12:00:00 PM,RFC,MIDATL,PEP,PEPCO,3741.873,False
7/17/2026 5:00:00 PM,7/17/2026 1:00:00 PM,RFC,MIDATL,PEP,PEPCO,3881.681,False
7/17/2026 6:00:00 PM,7/17/2026 2:00:00 PM,RFC,MIDATL,PEP,PEPCO,4013.486,False
7/17/2026 7:00:00 PM,7/17/2026 3:00:00 PM,RFC,MIDATL,PEP,PEPCO,4077.448,False
7/17/2026 8:00:00 PM,7/17/2026 4:00:00 PM,RFC,MIDATL,PEP,PEPCO,4185.848,False
7/17/2026 9:00:00 PM,7/17/2026 5:00:00 PM,RFC,MIDATL,PEP,PEPCO,4237.470,False
7/17/2026 10:00:00 PM,7/17/2026 6:00:00 PM,RFC,MIDATL,PEP,PEPCO,4193.523,False
7/17/2026 11:00:00 PM,7/17/2026 7:00:00 PM,RFC,MIDATL,PEP,PEPCO,4029.046,False
7/18/2026 12:00:00 AM,7/17/2026 8:00:00 PM,RFC,MIDATL,PEP,PEPCO,3903.336,False
7/18/2026 1:00:00 AM,7/17/2026 9:00:00 PM,RFC,MIDATL,PEP,PEPCO,3718.383,False
7/18/2026 2:00:00 AM,7/17/2026 10:00:00 PM,RFC,MIDATL,PEP,PEPCO,3496.715,False
7/18/2026 3:00:00 AM,7/17/2026 11:00:00 PM,RFC,MIDATL,PEP,PEPCO,3296.150,False
7/18/2026 4:00:00 AM,7/18/2026 12:00:00 AM,RFC,MIDATL,PEP,PEPCO,3107.254,False
7/18/2026 5:00:00 AM,7/18/2026 1:00:00 AM,RFC,MIDATL,PEP,PEPCO,2983.321,False
7/18/2026 6:00:00 AM,7/18/2026 2:00:00 AM,RFC,MIDATL,PEP,PEPCO,2858.101,False
7/18/2026 7:00:00 AM,7/18/2026 3:00:00 AM,RFC,MIDATL,PEP,PEPCO,2819.847,False
7/18/2026 8:00:00 AM,7/18/2026 4:00:00 AM,RFC,MIDATL,PEP,PEPCO,2731.984,False
7/18/2026 9:00:00 AM,7/18/2026 5:00:00 AM,RFC,MIDATL,PEP,PEPCO,2745.580,False
7/18/2026 10:00:00 AM,7/18/2026 6:00:00 AM,RFC,MIDATL,PEP,PEPCO,2777.211,False
7/18/2026 11:00:00 AM,7/18/2026 7:00:00 AM,RFC,MIDATL,PEP,PEPCO,2874.960,False
7/18/2026 12:00:00 PM,7/18/2026 8:00:00 AM,RFC,MIDATL,PEP,PEPCO,2977.214,False
7/18/2026 1:00:00 PM,7/18/2026 9:00:00 AM,RFC,MIDATL,PEP,PEPCO,3133.349,False
7/18/2026 2:00:00 PM,7/18/2026 10:00:00 AM,RFC,MIDATL,PEP,PEPCO,3312.053,False
7/18/2026 3:00:00 PM,7/18/2026 11:00:00 AM,RFC,MIDATL,PEP,PEPCO,3445.690,False
7/18/2026 4:00:00 PM,7/18/2026 12:00:00 PM,RFC,MIDATL,PEP,PEPCO,3718.716,False
7/18/2026 5:00:00 PM,7/18/2026 1:00:00 PM,RFC,MIDATL,PEP,PEPCO,3907.059,False
7/18/2026 6:00:00 PM,7/18/2026 2:00:00 PM,RFC,MIDATL,PEP,PEPCO,4205.795,False
7/18/2026 7:00:00 PM,7/18/2026 3:00:00 PM,RFC,MIDATL,PEP,PEPCO,4232.505,False
7/18/2026 8:00:00 PM,7/18/2026 4:00:00 PM,RFC,MIDATL,PEP,PEPCO,3891.178,False
7/18/2026 9:00:00 PM,7/18/2026 5:00:00 PM,RFC,MIDATL,PEP,PEPCO,3609.145,False
7/18/2026 10:00:00 PM,7/18/2026 6:00:00 PM,RFC,MIDATL,PEP,PEPCO,3567.687,False
7/18/2026 11:00:00 PM,7/18/2026 7:00:00 PM,RFC,MIDATL,PEP,PEPCO,3577.871,False
7/19/2026 12:00:00 AM,7/18/2026 8:00:00 PM,RFC,MIDATL,PEP,PEPCO,3520.076,False
7/19/2026 1:00:00 AM,7/18/2026 9:00:00 PM,RFC,MIDATL,PEP,PEPCO,3466.186,False
7/19/2026 2:00:00 AM,7/18/2026 10:00:00 PM,RFC,MIDATL,PEP,PEPCO,3359.362,False
7/19/2026 3:00:00 AM,7/18/2026 11:00:00 PM,RFC,MIDATL,PEP,PEPCO,3188.155,False
7/19/2026 4:00:00 AM,7/19/2026 12:00:00 AM,RFC,MIDATL,PEP,PEPCO,3062.049,False
7/19/2026 5:00:00 AM,7/19/2026 1:00:00 AM,RFC,MIDATL,PEP,PEPCO,2921.198,False
7/19/2026 6:00:00 AM,7/19/2026 2:00:00 AM,RFC,MIDATL,PEP,PEPCO,2804.962,False
7/19/2026 7:00:00 AM,7/19/2026 3:00:00 AM,RFC,MIDATL,PEP,PEPCO,2710.250,False
7/19/2026 8:00:00 AM,7/19/2026 4:00:00 AM,RFC,MIDATL,PEP,PEPCO,2644.852,False
7/19/2026 9:00:00 AM,7/19/2026 5:00:00 AM,RFC,MIDATL,PEP,PEPCO,2641.831,False
7/19/2026 10:00:00 AM,7/19/2026 6:00:00 AM,RFC,MIDATL,PEP,PEPCO,2615.185,False
7/19/2026 11:00:00 AM,7/19/2026 7:00:00 AM,RFC,MIDATL,PEP,PEPCO,2722.378,False
7/19/2026 12:00:00 PM,7/19/2026 8:00:00 AM,RFC,MIDATL,PEP,PEPCO,2828.951,False
7/19/2026 1:00:00 PM,7/19/2026 9:00:00 AM,RFC,MIDATL,PEP,PEPCO,2976.613,False
7/19/2026 2:00:00 PM,7/19/2026 10:00:00 AM,RFC,MIDATL,PEP,PEPCO,3080.291,False
7/19/2026 3:00:00 PM,7/19/2026 11:00:00 AM,RFC,MIDATL,PEP,PEPCO,3176.892,False
7/19/2026 4:00:00 PM,7/19/2026 12:00:00 PM,RFC,MIDATL,PEP,PEPCO,3255.841,False
7/19/2026 5:00:00 PM,7/19/2026 1:00:00 PM,RFC,MIDATL,PEP,PEPCO,3354.955,False
7/19/2026 6:00:00 PM,7/19/2026 2:00:00 PM,RFC,MIDATL,PEP,PEPCO,3488.654,False
7/19/2026 7:00:00 PM,7/19/2026 3:00:00 PM,RFC,MIDATL,PEP,PEPCO,3577.968,False
7/19/2026 8:00:00 PM,7/19/2026 4:00:00 PM,RFC,MIDATL,PEP,PEPCO,3612.466,False
7/19/2026 9:00:00 PM,7/19/2026 5:00:00 PM,RFC,MIDATL,PEP,PEPCO,3655.431,False
7/19/2026 10:00:00 PM,7/19/2026 6:00:00 PM,RFC,MIDATL,PEP,PEPCO,3670.242,False
7/19/2026 11:00:00 PM,7/19/2026 7:00:00 PM,RFC,MIDATL,PEP,PEPCO,3612.809,False
7/20/2026 12:00:00 AM,7/19/2026 8:00:00 PM,RFC,MIDATL,PEP,PEPCO,3490.404,False
7/20/2026 1:00:00 AM,7/19/2026 9:00:00 PM,RFC,MIDATL,PEP,PEPCO,3369.366,False
7/20/2026 2:00:00 AM,7/19/2026 10:00:00 PM,RFC,MIDATL,PEP,PEPCO,3156.782,False
7/20/2026 3:00:00 AM,7/19/2026 11:00:00 PM,RFC,MIDATL,PEP,PEPCO,2916.707,False
7/20/2026 4:00:00 AM,7/20/2026 12:00:00 AM,RFC,MIDATL,PEP,PEPCO,2683.080,False
7/20/2026 5:00:00 AM,7/20/2026 1:00:00 AM,RFC,MIDATL,PEP,PEPCO,2494.928,False
7/20/2026 6:00:00 AM,7/20/2026 2:00:00 AM,RFC,MIDATL,PEP,PEPCO,2440.582,False
7/20/2026 7:00:00 AM,7/20/2026 3:00:00 AM,RFC,MIDATL,PEP,PEPCO,2333.031,False
7/20/2026 8:00:00 AM,7/20/2026 4:00:00 AM,RFC,MIDATL,PEP,PEPCO,2338.142,False
7/20/2026 9:00:00 AM,7/20/2026 5:00:00 AM,RFC,MIDATL,PEP,PEPCO,2536.132,False
7/20/2026 10:00:00 AM,7/20/2026 6:00:00 AM,RFC,MIDATL,PEP,PEPCO,2729.718,False
7/20/2026 11:00:00 AM,7/20/2026 7:00:00 AM,RFC,MIDATL,PEP,PEPCO,2780.863,False
7/20/2026 12:00:00 PM,7/20/2026 8:00:00 AM,RFC,MIDATL,PEP,PEPCO,2864.941,False
7/20/2026 1:00:00 PM,7/20/2026 9:00:00 AM,RFC,MIDATL,PEP,PEPCO,2949.769,False
7/20/2026 2:00:00 PM,7/20/2026 10:00:00 AM,RFC,MIDATL,PEP,PEPCO,2986.974,False
7/20/2026 3:00:00 PM,7/20/2026 11:00:00 AM,RFC,MIDATL,PEP,PEPCO,3088.553,False
7/20/2026 4:00:00 PM,7/20/2026 12:00:00 PM,RFC,MIDATL,PEP,PEPCO,3270.569,False
7/20/2026 5:00:00 PM,7/20/2026 1:00:00 PM,RFC,MIDATL,PEP,PEPCO,3401.163,False
7/20/2026 6:00:00 PM,7/20/2026 2:00:00 PM,RFC,MIDATL,PEP,PEPCO,3558.251,False
7/20/2026 7:00:00 PM,7/20/2026 3:00:00 PM,RFC,MIDATL,PEP,PEPCO,3594.016,False
7/20/2026 8:00:00 PM,7/20/2026 4:00:00 PM,RFC,MIDATL,PEP,PEPCO,3693.137,False
7/20/2026 9:00:00 PM,7/20/2026 5:00:00 PM,RFC,MIDATL,PEP,PEPCO,3823.367,False
7/20/2026 10:00:00 PM,7/20/2026 6:00:00 PM,RFC,MIDATL,PEP,PEPCO,3814.821,False
7/20/2026 11:00:00 PM,7/20/2026 7:00:00 PM,RFC,MIDATL,PEP,PEPCO,3757.205,False
7/21/2026 12:00:00 AM,7/20/2026 8:00:00 PM,RFC,MIDATL,PEP,PEPCO,3644.236,False
7/21/2026 1:00:00 AM,7/20/2026 9:00:00 PM,RFC,MIDATL,PEP,PEPCO,3509.300,False
7/21/2026 2:00:00 AM,7/20/2026 10:00:00 PM,RFC,MIDATL,PEP,PEPCO,3342.564,False
7/21/2026 3:00:00 AM,7/20/2026 11:00:00 PM,RFC,MIDATL,PEP,PEPCO,3108.993,False
7/21/2026 4:00:00 AM,7/21/2026 12:00:00 AM,RFC,MIDATL,PEP,PEPCO,2939.158,False
7/21/2026 5:00:00 AM,7/21/2026 1:00:00 AM,RFC,MIDATL,PEP,PEPCO,2790.713,False
7/21/2026 6:00:00 AM,7/21/2026 2:00:00 AM,RFC,MIDATL,PEP,PEPCO,2705.215,False
7/21/2026 7:00:00 AM,7/21/2026 3:00:00 AM,RFC,MIDATL,PEP,PEPCO,2709.909,False
7/21/2026 8:00:00 AM,7/21/2026 4:00:00 AM,RFC,MIDATL,PEP,PEPCO,2729.022,False
7/21/2026 9:00:00 AM,7/21/2026 5:00:00 AM,RFC,MIDATL,PEP,PEPCO,2933.154,False
7/21/2026 10:00:00 AM,7/21/2026 6:00:00 AM,RFC,MIDATL,PEP,PEPCO,3152.709,False
7/21/2026 11:00:00 AM,7/21/2026 7:00:00 AM,RFC,MIDATL,PEP,PEPCO,3293.120,False
7/21/2026 12:00:00 PM,7/21/2026 8:00:00 AM,RFC,MIDATL,PEP,PEPCO,3409.584,False
7/21/2026 1:00:00 PM,7/21/2026 9:00:00 AM,RFC,MIDATL,PEP,PEPCO,3424.846,False
7/21/2026 2:00:00 PM,7/21/2026 10:00:00 AM,RFC,MIDATL,PEP,PEPCO,3491.541,False
7/21/2026 3:00:00 PM,7/21/2026 11:00:00 AM,RFC,MIDATL,PEP,PEPCO,3639.985,False
7/21/2026 4:00:00 PM,7/21/2026 12:00:00 PM,RFC,MIDATL,PEP,PEPCO,3775.955,False
7/21/2026 5:00:00 PM,7/21/2026 1:00:00 PM,RFC,MIDATL,PEP,PEPCO,3970.780,False
7/21/2026 6:00:00 PM,7/21/2026 2:00:00 PM,RFC,MIDATL,PEP,PEPCO,4190.420,False
7/21/2026 7:00:00 PM,7/21/2026 3:00:00 PM,RFC,MIDATL,PEP,PEPCO,4181.807,False
7/21/2026 8:00:00 PM,7/21/2026 4:00:00 PM,RFC,MIDATL,PEP,PEPCO,4166.430,False
7/21/2026 9:00:00 PM,7/21/2026 5:00:00 PM,RFC,MIDATL,PEP,PEPCO,4029.364,False
7/21/2026 10:00:00 PM,7/21/2026 6:00:00 PM,RFC,MIDATL,PEP,PEPCO,3811.180,False
7/21/2026 11:00:00 PM,7/21/2026 7:00:00 PM,RFC,MIDATL,PEP,PEPCO,3665.030,False
7/22/2026 12:00:00 AM,7/21/2026 8:00:00 PM,RFC,MIDATL,PEP,PEPCO,3568.199,False
7/22/2026 1:00:00 AM,7/21/2026 9:00:00 PM,RFC,MIDATL,PEP,PEPCO,3369.836,False
7/22/2026 2:00:00 AM,7/21/2026 10:00:00 PM,RFC,MIDATL,PEP,PEPCO,3181.509,False
7/22/2026 3:00:00 AM,7/21/2026 11:00:00 PM,RFC,MIDATL,PEP,PEPCO,2967.458,False
7/22/2026 4:00:00 AM,7/22/2026 12:00:00 AM,RFC,MIDATL,PEP,PEPCO,2745.080,False
7/22/2026 5:00:00 AM,7/22/2026 1:00:00 AM,RFC,MIDATL,PEP,PEPCO,2604.180,False
7/22/2026 6:00:00 AM,7/22/2026 2:00:00 AM,RFC,MIDATL,PEP,PEPCO,2490.148,False
7/22/2026 7:00:00 AM,7/22/2026 3:00:00 AM,RFC,MIDATL,PEP,PEPCO,2460.859,False
7/22/2026 8:00:00 AM,7/22/2026 4:00:00 AM,RFC,MIDATL,PEP,PEPCO,2482.920,False
7/22/2026 9:00:00 AM,7/22/2026 5:00:00 AM,RFC,MIDATL,PEP,PEPCO,2659.002,False
7/22/2026 10:00:00 AM,7/22/2026 6:00:00 AM,RFC,MIDATL,PEP,PEPCO,2871.575,False
7/22/2026 11:00:00 AM,7/22/2026 7:00:00 AM,RFC,MIDATL,PEP,PEPCO,3037.315,False
7/22/2026 12:00:00 PM,7/22/2026 8:00:00 AM,RFC,MIDATL,PEP,PEPCO,3162.215,False
7/22/2026 1:00:00 PM,7/22/2026 9:00:00 AM,RFC,MIDATL,PEP,PEPCO,3263.646,False
7/22/2026 2:00:00 PM,7/22/2026 10:00:00 AM,RFC,MIDATL,PEP,PEPCO,3349.034,False
7/22/2026 3:00:00 PM,7/22/2026 11:00:00 AM,RFC,MIDATL,PEP,PEPCO,3503.389,False
7/22/2026 4:00:00 PM,7/22/2026 12:00:00 PM,RFC,MIDATL,PEP,PEPCO,3621.147,False
7/22/2026 5:00:00 PM,7/22/2026 1:00:00 PM,RFC,MIDATL,PEP,PEPCO,3726.828,False
7/22/2026 6:00:00 PM,7/22/2026 2:00:00 PM,RFC,MIDATL,PEP,PEPCO,3819.080,False
7/22/2026 7:00:00 PM,7/22/2026 3:00:00 PM,RFC,MIDATL,PEP,PEPCO,3899.971,False
7/22/2026 8:00:00 PM,7/22/2026 4:00:00 PM,RFC,MIDATL,PEP,PEPCO,4061.842,False
7/22/2026 9:00:00 PM,7/22/2026 5:00:00 PM,RFC,MIDATL,PEP,PEPCO,4143.790,False
7/22/2026 10:00:00 PM,7/22/2026 6:00:00 PM,RFC,MIDATL,PEP,PEPCO,4084.794,False
7/22/2026 11:00:00 PM,7/22/2026 7:00:00 PM,RFC,MIDATL,PEP,PEPCO,3967.397,False
7/23/2026 12:00:00 AM,7/22/2026 8:00:00 PM,RFC,MIDATL,PEP,PEPCO,3798.036,False
7/23/2026 1:00:00 AM,7/22/2026 9:00:00 PM,RFC,MIDATL,PEP,PEPCO,3673.223,False
7/23/2026 2:00:00 AM,7/22/2026 10:00:00 PM,RFC,MIDATL,PEP,PEPCO,3333.248,False
7/23/2026 3:00:00 AM,7/22/2026 11:00:00 PM,RFC,MIDATL,PEP,PEPCO,3011.774,False
7/23/2026 4:00:00 AM,7/23/2026 12:00:00 AM,RFC,MIDATL,PEP,PEPCO,2770.194,False
7/23/2026 5:00:00 AM,7/23/2026 1:00:00 AM,RFC,MIDATL,PEP,PEPCO,2563.601,False
7/23/2026 6:00:00 AM,7/23/2026 2:00:00 AM,RFC,MIDATL,PEP,PEPCO,2401.793,False
7/23/2026 7:00:00 AM,7/23/2026 3:00:00 AM,RFC,MIDATL,PEP,PEPCO,2329.505,False
7/23/2026 8:00:00 AM,7/23/2026 4:00:00 AM,RFC,MIDATL,PEP,PEPCO,2317.965,False
7/23/2026 9:00:00 AM,7/23/2026 5:00:00 AM,RFC,MIDATL,PEP,PEPCO,2409.599,False
7/23/2026 10:00:00 AM,7/23/2026 6:00:00 AM,RFC,MIDATL,PEP,PEPCO,2588.044,False
7/23/2026 11:00:00 AM,7/23/2026 7:00:00 AM,RFC,MIDATL,PEP,PEPCO,2664.029,False
7/23/2026 12:00:00 PM,7/23/2026 8:00:00 AM,RFC,MIDATL,PEP,PEPCO,2717.530,False
7/23/2026 1:00:00 PM,7/23/2026 9:00:00 AM,RFC,MIDATL,PEP,PEPCO,2756.355,False
7/23/2026 2:00:00 PM,7/23/2026 10:00:00 AM,RFC,MIDATL,PEP,PEPCO,2747.042,False
7/23/2026 3:00:00 PM,7/23/2026 11:00:00 AM,RFC,MIDATL,PEP,PEPCO,2766.615,False
7/23/2026 4:00:00 PM,7/23/2026 12:00:00 PM,RFC,MIDATL,PEP,PEPCO,2845.013,False
7/23/2026 5:00:00 PM,7/23/2026 1:00:00 PM,RFC,MIDATL,PEP,PEPCO,2926.471,False
7/23/2026 6:00:00 PM,7/23/2026 2:00:00 PM,RFC,MIDATL,PEP,PEPCO,3026.497,False
7/23/2026 7:00:00 PM,7/23/2026 3:00:00 PM,RFC,MIDATL,PEP,PEPCO,3163.051,False
7/23/2026 8:00:00 PM,7/23/2026 4:00:00 PM,RFC,MIDATL,PEP,PEPCO,3301.168,False
7/23/2026 9:00:00 PM,7/23/2026 5:00:00 PM,RFC,MIDATL,PEP,PEPCO,3490.480,False
7/23/2026 10:00:00 PM,7/23/2026 6:00:00 PM,RFC,MIDATL,PEP,PEPCO,3434.838,False
7/23/2026 11:00:00 PM,7/23/2026 7:00:00 PM,RFC,MIDATL,PEP,PEPCO,3347.082,False
7/24/2026 12:00:00 AM,7/23/2026 8:00:00 PM,RFC,MIDATL,PEP,PEPCO,3179.409,False
7/24/2026 1:00:00 AM,7/23/2026 9:00:00 PM,RFC,MIDATL,PEP,PEPCO,3043.366,False
7/24/2026 2:00:00 AM,7/23/2026 10:00:00 PM,RFC,MIDATL,PEP,PEPCO,2853.518,False
7/24/2026 3:00:00 AM,7/23/2026 11:00:00 PM,RFC,MIDATL,PEP,PEPCO,2638.632,False
7/24/2026 4:00:00 AM,7/24/2026 12:00:00 AM,RFC,MIDATL,PEP,PEPCO,2417.992,False
7/24/2026 5:00:00 AM,7/24/2026 1:00:00 AM,RFC,MIDATL,PEP,PEPCO,2241.890,False
7/24/2026 6:00:00 AM,7/24/2026 2:00:00 AM,RFC,MIDATL,PEP,PEPCO,2177.324,False
7/24/2026 7:00:00 AM,7/24/2026 3:00:00 AM,RFC,MIDATL,PEP,PEPCO,2098.401,False
7/24/2026 8:00:00 AM,7/24/2026 4:00:00 AM,RFC,MIDATL,PEP,PEPCO,2115.234,False
7/24/2026 9:00:00 AM,7/24/2026 5:00:00 AM,RFC,MIDATL,PEP,PEPCO,2232.548,False
7/24/2026 10:00:00 AM,7/24/2026 6:00:00 AM,RFC,MIDATL,PEP,PEPCO,2415.769,False
7/24/2026 11:00:00 AM,7/24/2026 7:00:00 AM,RFC,MIDATL,PEP,PEPCO,2515.283,False
7/24/2026 12:00:00 PM,7/24/2026 8:00:00 AM,RFC,MIDATL,PEP,PEPCO,2679.585,False
7/24/2026 1:00:00 PM,7/24/2026 9:00:00 AM,RFC,MIDATL,PEP,PEPCO,2708.332,False
7/24/2026 2:00:00 PM,7/24/2026 10:00:00 AM,RFC,MIDATL,PEP,PEPCO,2807.545,False
7/24/2026 3:00:00 PM,7/24/2026 11:00:00 AM,RFC,MIDATL,PEP,PEPCO,2856.370,False
7/24/2026 4:00:00 PM,7/24/2026 12:00:00 PM,RFC,MIDATL,PEP,PEPCO,2967.428,False
7/24/2026 5:00:00 PM,7/24/2026 1:00:00 PM,RFC,MIDATL,PEP,PEPCO,3040.835,False
7/24/2026 6:00:00 PM,7/24/2026 2:00:00 PM,RFC,MIDATL,PEP,PEPCO,3040.467,False
7/24/2026 7:00:00 PM,7/24/2026 3:00:00 PM,RFC,MIDATL,PEP,PEPCO,3181.285,False
7/24/2026 8:00:00 PM,7/24/2026 4:00:00 PM,RFC,MIDATL,PEP,PEPCO,3250.181,False
7/24/2026 9:00:00 PM,7/24/2026 5:00:00 PM,RFC,MIDATL,PEP,PEPCO,3265.316,False
7/24/2026 10:00:00 PM,7/24/2026 6:00:00 PM,RFC,MIDATL,PEP,PEPCO,3136.779,False
7/24/2026 11:00:00 PM,7/24/2026 7:00:00 PM,RFC,MIDATL,PEP,PEPCO,3066.589,False
7/25/2026 12:00:00 AM,7/24/2026 8:00:00 PM,RFC,MIDATL,PEP,PEPCO,2992.963,False
7/25/2026 1:00:00 AM,7/24/2026 9:00:00 PM,RFC,MIDATL,PEP,PEPCO,2878.478,False
7/25/2026 2:00:00 AM,7/24/2026 10:00:00 PM,RFC,MIDATL,PEP,PEPCO,2771.349,False
7/25/2026 3:00:00 AM,7/24/2026 11:00:00 PM,RFC,MIDATL,PEP,PEPCO,2584.455,False
7/25/2026 4:00:00 AM,7/25/2026 12:00:00 AM,RFC,MIDATL,PEP,PEPCO,2470.981,False
7/25/2026 5:00:00 AM,7/25/2026 1:00:00 AM,RFC,MIDATL,PEP,PEPCO,2347.428,False
7/25/2026 6:00:00 AM,7/25/2026 2:00:00 AM,RFC,MIDATL,PEP,PEPCO,2257.594,False
7/25/2026 7:00:00 AM,7/25/2026 3:00:00 AM,RFC,MIDATL,PEP,PEPCO,2193.740,False
7/25/2026 8:00:00 AM,7/25/2026 4:00:00 AM,RFC,MIDATL,PEP,PEPCO,2146.108,False
7/25/2026 9:00:00 AM,7/25/2026 5:00:00 AM,RFC,MIDATL,PEP,PEPCO,2170.599,False
7/25/2026 10:00:00 AM,7/25/2026 6:00:00 AM,RFC,MIDATL,PEP,PEPCO,2230.378,False
7/25/2026 11:00:00 AM,7/25/2026 7:00:00 AM,RFC,MIDATL,PEP,PEPCO,2318.378,False
7/25/2026 12:00:00 PM,7/25/2026 8:00:00 AM,RFC,MIDATL,PEP,PEPCO,2331.936,False
7/25/2026 1:00:00 PM,7/25/2026 9:00:00 AM,RFC,MIDATL,PEP,PEPCO,2381.687,False
7/25/2026 2:00:00 PM,7/25/2026 10:00:00 AM,RFC,MIDATL,PEP,PEPCO,2423.570,False
7/25/2026 3:00:00 PM,7/25/2026 11:00:00 AM,RFC,MIDATL,PEP,PEPCO,2524.354,False
7/25/2026 4:00:00 PM,7/25/2026 12:00:00 PM,RFC,MIDATL,PEP,PEPCO,2542.434,False
7/25/2026 5:00:00 PM,7/25/2026 1:00:00 PM,RFC,MIDATL,PEP,PEPCO,2664.665,False
7/25/2026 6:00:00 PM,7/25/2026 2:00:00 PM,RFC,MIDATL,PEP,PEPCO,2762.320,False
7/25/2026 7:00:00 PM,7/25/2026 3:00:00 PM,RFC,MIDATL,PEP,PEPCO,2892.844,False
7/25/2026 8:00:00 PM,7/25/2026 4:00:00 PM,RFC,MIDATL,PEP,PEPCO,3010.453,False
7/25/2026 9:00:00 PM,7/25/2026 5:00:00 PM,RFC,MIDATL,PEP,PEPCO,3134.055,False
7/25/2026 10:00:00 PM,7/25/2026 6:00:00 PM,RFC,MIDATL,PEP,PEPCO,3180.496,False
7/25/2026 11:00:00 PM,7/25/2026 7:00:00 PM,RFC,MIDATL,PEP,PEPCO,3140.369,False
7/26/2026 12:00:00 AM,7/25/2026 8:00:00 PM,RFC,MIDATL,PEP,PEPCO,3095.354,False
7/26/2026 1:00:00 AM,7/25/2026 9:00:00 PM,RFC,MIDATL,PEP,PEPCO,2988.185,False
7/26/2026 2:00:00 AM,7/25/2026 10:00:00 PM,RFC,MIDATL,PEP,PEPCO,2815.130,False
7/26/2026 3:00:00 AM,7/25/2026 11:00:00 PM,RFC,MIDATL,PEP,PEPCO,2673.036,False
7/26/2026 4:00:00 AM,7/26/2026 12:00:00 AM,RFC,MIDATL,PEP,PEPCO,2515.843,False
7/26/2026 5:00:00 AM,7/26/2026 1:00:00 AM,RFC,MIDATL,PEP,PEPCO,2369.641,False
7/26/2026 6:00:00 AM,7/26/2026 2:00:00 AM,RFC,MIDATL,PEP,PEPCO,2256.830,False
7/26/2026 7:00:00 AM,7/26/2026 3:00:00 AM,RFC,MIDATL,PEP,PEPCO,2147.100,False
7/26/2026 8:00:00 AM,7/26/2026 4:00:00 AM,RFC,MIDATL,PEP,PEPCO,2143.580,False
7/26/2026 9:00:00 AM,7/26/2026 5:00:00 AM,RFC,MIDATL,PEP,PEPCO,2100.327,False
7/26/2026 10:00:00 AM,7/26/2026 6:00:00 AM,RFC,MIDATL,PEP,PEPCO,2156.847,False
7/26/2026 11:00:00 AM,7/26/2026 7:00:00 AM,RFC,MIDATL,PEP,PEPCO,2204.271,False
7/26/2026 12:00:00 PM,7/26/2026 8:00:00 AM,RFC,MIDATL,PEP,PEPCO,2291.497,False
7/26/2026 1:00:00 PM,7/26/2026 9:00:00 AM,RFC,MIDATL,PEP,PEPCO,2440.171,False
7/26/2026 2:00:00 PM,7/26/2026 10:00:00 AM,RFC,MIDATL,PEP,PEPCO,2516.185,False
7/26/2026 3:00:00 PM,7/26/2026 11:00:00 AM,RFC,MIDATL,PEP,PEPCO,2653.976,False
7/26/2026 4:00:00 PM,7/26/2026 12:00:00 PM,RFC,MIDATL,PEP,PEPCO,2854.539,False
7/26/2026 5:00:00 PM,7/26/2026 1:00:00 PM,RFC,MIDATL,PEP,PEPCO,2974.868,False
7/26/2026 6:00:00 PM,7/26/2026 2:00:00 PM,RFC,MIDATL,PEP,PEPCO,3110.808,False
7/26/2026 7:00:00 PM,7/26/2026 3:00:00 PM,RFC,MIDATL,PEP,PEPCO,3140.428,False
7/26/2026 8:00:00 PM,7/26/2026 4:00:00 PM,RFC,MIDATL,PEP,PEPCO,3320.213,False
7/26/2026 9:00:00 PM,7/26/2026 5:00:00 PM,RFC,MIDATL,PEP,PEPCO,3405.464,False
7/26/2026 10:00:00 PM,7/26/2026 6:00:00 PM,RFC,MIDATL,PEP,PEPCO,3422.946,False
7/26/2026 11:00:00 PM,7/26/2026 7:00:00 PM,RFC,MIDATL,PEP,PEPCO,3400.911,False
7/27/2026 12:00:00 AM,7/26/2026 8:00:00 PM,RFC,MIDATL,PEP,PEPCO,3368.370,False
7/27/2026 1:00:00 AM,7/26/2026 9:00:00 PM,RFC,MIDATL,PEP,PEPCO,3312.133,False
7/27/2026 2:00:00 AM,7/26/2026 10:00:00 PM,RFC,MIDATL,PEP,PEPCO,3126.537,False
7/27/2026 3:00:00 AM,7/26/2026 11:00:00 PM,RFC,MIDATL,PEP,PEPCO,2922.085,False
7/27/2026 4:00:00 AM,7/27/2026 12:00:00 AM,RFC,MIDATL,PEP,PEPCO,2746.544,False
7/27/2026 5:00:00 AM,7/27/2026 1:00:00 AM,RFC,MIDATL,PEP,PEPCO,2600.907,False
7/27/2026 6:00:00 AM,7/27/2026 2:00:00 AM,RFC,MIDATL,PEP,PEPCO,2511.376,False
7/27/2026 7:00:00 AM,7/27/2026 3:00:00 AM,RFC,MIDATL,PEP,PEPCO,2493.824,False
7/27/2026 8:00:00 AM,7/27/2026 4:00:00 AM,RFC,MIDATL,PEP,PEPCO,2529.415,False
7/27/2026 9:00:00 AM,7/27/2026 5:00:00 AM,RFC,MIDATL,PEP,PEPCO,2687.310,False
7/27/2026 10:00:00 AM,7/27/2026 6:00:00 AM,RFC,MIDATL,PEP,PEPCO,2856.022,False
7/27/2026 11:00:00 AM,7/27/2026 7:00:00 AM,RFC,MIDATL,PEP,PEPCO,2979.387,False
7/27/2026 12:00:00 PM,7/27/2026 8:00:00 AM,RFC,MIDATL,PEP,PEPCO,3064.298,False
7/27/2026 1:00:00 PM,7/27/2026 9:00:00 AM,RFC,MIDATL,PEP,PEPCO,3178.248,False
7/27/2026 2:00:00 PM,7/27/2026 10:00:00 AM,RFC,MIDATL,PEP,PEPCO,3266.494,False
7/27/2026 3:00:00 PM,7/27/2026 11:00:00 AM,RFC,MIDATL,PEP,PEPCO,3382.585,False
7/27/2026 4:00:00 PM,7/27/2026 12:00:00 PM,RFC,MIDATL,PEP,PEPCO,3549.527,False
7/27/2026 5:00:00 PM,7/27/2026 1:00:00 PM,RFC,MIDATL,PEP,PEPCO,3633.011,False
7/27/2026 6:00:00 PM,7/27/2026 2:00:00 PM,RFC,MIDATL,PEP,PEPCO,3734.393,False
7/27/2026 7:00:00 PM,7/27/2026 3:00:00 PM,RFC,MIDATL,PEP,PEPCO,3878.365,False
7/27/2026 8:00:00 PM,7/27/2026 4:00:00 PM,RFC,MIDATL,PEP,PEPCO,3938.383,False
7/27/2026 9:00:00 PM,7/27/2026 5:00:00 PM,RFC,MIDATL,PEP,PEPCO,4043.599,False
7/27/2026 10:00:00 PM,7/27/2026 6:00:00 PM,RFC,MIDATL,PEP,PEPCO,3955.607,False
7/27/2026 11:00:00 PM,7/27/2026 7:00:00 PM,RFC,MIDATL,PEP,PEPCO,3810.017,False
7/28/2026 12:00:00 AM,7/27/2026 8:00:00 PM,RFC,MIDATL,PEP,PEPCO,3713.599,False
7/28/2026 1:00:00 AM,7/27/2026 9:00:00 PM,RFC,MIDATL,PEP,PEPCO,3590.733,False
7/28/2026 2:00:00 AM,7/27/2026 10:00:00 PM,RFC,MIDATL,PEP,PEPCO,3367.994,False
7/28/2026 3:00:00 AM,7/27/2026 11:00:00 PM,RFC,MIDATL,PEP,PEPCO,3120.575,False
7/28/2026 4:00:00 AM,7/28/2026 12:00:00 AM,RFC,MIDATL,PEP,PEPCO,2924.224,False
7/28/2026 5:00:00 AM,7/28/2026 1:00:00 AM,RFC,MIDATL,PEP,PEPCO,2745.152,False
7/28/2026 6:00:00 AM,7/28/2026 2:00:00 AM,RFC,MIDATL,PEP,PEPCO,2645.347,False
7/28/2026 7:00:00 AM,7/28/2026 3:00:00 AM,RFC,MIDATL,PEP,PEPCO,2593.894,False
7/28/2026 8:00:00 AM,7/28/2026 4:00:00 AM,RFC,MIDATL,PEP,PEPCO,2607.393,False
7/28/2026 9:00:00 AM,7/28/2026 5:00:00 AM,RFC,MIDATL,PEP,PEPCO,2773.035,False
7/28/2026 10:00:00 AM,7/28/2026 6:00:00 AM,RFC,MIDATL,PEP,PEPCO,2955.147,False
7/28/2026 11:00:00 AM,7/28/2026 7:00:00 AM,RFC,MIDATL,PEP,PEPCO,3082.376,False
7/28/2026 12:00:00 PM,7/28/2026 8:00:00 AM,RFC,MIDATL,PEP,PEPCO,3185.449,False
7/28/2026 1:00:00 PM,7/28/2026 9:00:00 AM,RFC,MIDATL,PEP,PEPCO,3325.860,False
7/28/2026 2:00:00 PM,7/28/2026 10:00:00 AM,RFC,MIDATL,PEP,PEPCO,3418.663,False
7/28/2026 3:00:00 PM,7/28/2026 11:00:00 AM,RFC,MIDATL,PEP,PEPCO,3412.501,False
7/28/2026 4:00:00 PM,7/28/2026 12:00:00 PM,RFC,MIDATL,PEP,PEPCO,3476.260,False
7/28/2026 5:00:00 PM,7/28/2026 1:00:00 PM,RFC,MIDATL,PEP,PEPCO,3567.757,False
7/28/2026 6:00:00 PM,7/28/2026 2:00:00 PM,RFC,MIDATL,PEP,PEPCO,3743.817,False
7/28/2026 7:00:00 PM,7/28/2026 3:00:00 PM,RFC,MIDATL,PEP,PEPCO,3962.601,False
7/28/2026 8:00:00 PM,7/28/2026 4:00:00 PM,RFC,MIDATL,PEP,PEPCO,4025.202,False
7/28/2026 9:00:00 PM,7/28/2026 5:00:00 PM,RFC,MIDATL,PEP,PEPCO,3997.523,False
7/28/2026 10:00:00 PM,7/28/2026 6:00:00 PM,RFC,MIDATL,PEP,PEPCO,3540.242,False
7/28/2026 11:00:00 PM,7/28/2026 7:00:00 PM,RFC,MIDATL,PEP,PEPCO,3288.733,False
7/29/2026 12:00:00 AM,7/28/2026 8:00:00 PM,RFC,MIDATL,PEP,PEPCO,3224.426,False
7/29/2026 1:00:00 AM,7/28/2026 9:00:00 PM,RFC,MIDATL,PEP,PEPCO,3117.337,False
7/29/2026 2:00:00 AM,7/28/2026 10:00:00 PM,RFC,MIDATL,PEP,PEPCO,2941.372,False
7/29/2026 3:00:00 AM,7/28/2026 11:00:00 PM,RFC,MIDATL,PEP,PEPCO,2739.044,False
7/29/2026 4:00:00 AM,7/29/2026 12:00:00 AM,RFC,MIDATL,PEP,PEPCO,2549.413,False
7/29/2026 5:00:00 AM,7/29/2026 1:00:00 AM,RFC,MIDATL,PEP,PEPCO,2382.870,False
7/29/2026 6:00:00 AM,7/29/2026 2:00:00 AM,RFC,MIDATL,PEP,PEPCO,2319.956,False
7/29/2026 7:00:00 AM,7/29/2026 3:00:00 AM,RFC,MIDATL,PEP,PEPCO,2245.728,False
7/29/2026 8:00:00 AM,7/29/2026 4:00:00 AM,RFC,MIDATL,PEP,PEPCO,2300.596,False
7/29/2026 9:00:00 AM,7/29/2026 5:00:00 AM,RFC,MIDATL,PEP,PEPCO,2464.499,False
7/29/2026 10:00:00 AM,7/29/2026 6:00:00 AM,RFC,MIDATL,PEP,PEPCO,2661.041,False
7/29/2026 11:00:00 AM,7/29/2026 7:00:00 AM,RFC,MIDATL,PEP,PEPCO,2800.912,False
7/29/2026 12:00:00 PM,7/29/2026 8:00:00 AM,RFC,MIDATL,PEP,PEPCO,2884.199,False
7/29/2026 1:00:00 PM,7/29/2026 9:00:00 AM,RFC,MIDATL,PEP,PEPCO,2928.203,False
7/29/2026 2:00:00 PM,7/29/2026 10:00:00 AM,RFC,MIDATL,PEP,PEPCO,2967.587,False
7/29/2026 3:00:00 PM,7/29/2026 11:00:00 AM,RFC,MIDATL,PEP,PEPCO,3092.338,False
7/29/2026 4:00:00 PM,7/29/2026 12:00:00 PM,RFC,MIDATL,PEP,PEPCO,3162.400,False
7/29/2026 5:00:00 PM,7/29/2026 1:00:00 PM,RFC,MIDATL,PEP,PEPCO,3258.444,False
7/29/2026 6:00:00 PM,7/29/2026 2:00:00 PM,RFC,MIDATL,PEP,PEPCO,3303.636,False
7/29/2026 7:00:00 PM,7/29/2026 3:00:00 PM,RFC,MIDATL,PEP,PEPCO,3351.843,False
7/29/2026 8:00:00 PM,7/29/2026 4:00:00 PM,RFC,MIDATL,PEP,PEPCO,3456.891,False
7/29/2026 9:00:00 PM,7/29/2026 5:00:00 PM,RFC,MIDATL,PEP,PEPCO,3465.914,False
7/29/2026 10:00:00 PM,7/29/2026 6:00:00 PM,RFC,MIDATL,PEP,PEPCO,3365.059,False
7/29/2026 11:00:00 PM,7/29/2026 7:00:00 PM,RFC,MIDATL,PEP,PEPCO,3285.533,False
7/30/2026 12:00:00 AM,7/29/2026 8:00:00 PM,RFC,MIDATL,PEP,PEPCO,3201.922,False
7/30/2026 1:00:00 AM,7/29/2026 9:00:00 PM,RFC,MIDATL,PEP,PEPCO,3136.491,False
7/30/2026 2:00:00 AM,7/29/2026 10:00:00 PM,RFC,MIDATL,PEP,PEPCO,2957.537,False
7/30/2026 3:00:00 AM,7/29/2026 11:00:00 PM,RFC,MIDATL,PEP,PEPCO,2763.253,False
7/30/2026 4:00:00 AM,7/30/2026 12:00:00 AM,RFC,MIDATL,PEP,PEPCO,2536.085,False
7/30/2026 5:00:00 AM,7/30/2026 1:00:00 AM,RFC,MIDATL,PEP,PEPCO,2387.697,False
7/30/2026 6:00:00 AM,7/30/2026 2:00:00 AM,RFC,MIDATL,PEP,PEPCO,2272.879,False
7/30/2026 7:00:00 AM,7/30/2026 3:00:00 AM,RFC,MIDATL,PEP,PEPCO,2224.818,False
7/30/2026 8:00:00 AM,7/30/2026 4:00:00 AM,RFC,MIDATL,PEP,PEPCO,2242.241,False
7/30/2026 9:00:00 AM,7/30/2026 5:00:00 AM,RFC,MIDATL,PEP,PEPCO,2394.959,False
7/30/2026 10:00:00 AM,7/30/2026 6:00:00 AM,RFC,MIDATL,PEP,PEPCO,2579.220,False
7/30/2026 11:00:00 AM,7/30/2026 7:00:00 AM,RFC,MIDATL,PEP,PEPCO,2677.673,False
7/30/2026 12:00:00 PM,7/30/2026 8:00:00 AM,RFC,MIDATL,PEP,PEPCO,2779.616,False
7/30/2026 1:00:00 PM,7/30/2026 9:00:00 AM,RFC,MIDATL,PEP,PEPCO,2782.106,False
7/30/2026 2:00:00 PM,7/30/2026 10:00:00 AM,RFC,MIDATL,PEP,PEPCO,2869.735,False
7/30/2026 3:00:00 PM,7/30/2026 11:00:00 AM,RFC,MIDATL,PEP,PEPCO,2900.354,False
7/30/2026 4:00:00 PM,7/30/2026 12:00:00 PM,RFC,MIDATL,PEP,PEPCO,3105.500,False
7/30/2026 5:00:00 PM,7/30/2026 1:00:00 PM,RFC,MIDATL,PEP,PEPCO,3284.726,False
7/30/2026 6:00:00 PM,7/30/2026 2:00:00 PM,RFC,MIDATL,PEP,PEPCO,3453.460,False
7/30/2026 7:00:00 PM,7/30/2026 3:00:00 PM,RFC,MIDATL,PEP,PEPCO,3470.339,False
7/30/2026 8:00:00 PM,7/30/2026 4:00:00 PM,RFC,MIDATL,PEP,PEPCO,3444.816,False
7/30/2026 9:00:00 PM,7/30/2026 5:00:00 PM,RFC,MIDATL,PEP,PEPCO,3445.855,False
7/30/2026 10:00:00 PM,7/30/2026 6:00:00 PM,RFC,MIDATL,PEP,PEPCO,3353.315,False
7/30/2026 11:00:00 PM,7/30/2026 7:00:00 PM,RFC,MIDATL,PEP,PEPCO,3283.404,False
7/31/2026 12:00:00 AM,7/30/2026 8:00:00 PM,RFC,MIDATL,PEP,PEPCO,3230.642,False
7/31/2026 1:00:00 AM,7/30/2026 9:00:00 PM,RFC,MIDATL,PEP,PEPCO,3166.784,False
7/31/2026 2:00:00 AM,7/30/2026 10:00:00 PM,RFC,MIDATL,PEP,PEPCO,3025.958,False
7/31/2026 3:00:00 AM,7/30/2026 11:00:00 PM,RFC,MIDATL,PEP,PEPCO,2830.646,False
7/31/2026 4:00:00 AM,7/31/2026 12:00:00 AM,RFC,MIDATL,PEP,PEPCO,2636.177,False
7/31/2026 5:00:00 AM,7/31/2026 1:00:00 AM,RFC,MIDATL,PEP,PEPCO,2490.454,False
7/31/2026 6:00:00 AM,7/31/2026 2:00:00 AM,RFC,MIDATL,PEP,PEPCO,2396.455,False
7/31/2026 7:00:00 AM,7/31/2026 3:00:00 AM,RFC,MIDATL,PEP,PEPCO,2320.662,False
7/31/2026 8:00:00 AM,7/31/2026 4:00:00 AM,RFC,MIDATL,PEP,PEPCO,2321.377,False
7/31/2026 9:00:00 AM,7/31/2026 5:00:00 AM,RFC,MIDATL,PEP,PEPCO,2448.676,False
7/31/2026 10:00:00 AM,7/31/2026 6:00:00 AM,RFC,MIDATL,PEP,PEPCO,2617.060,False
7/31/2026 11:00:00 AM,7/31/2026 7:00:00 AM,RFC,MIDATL,PEP,PEPCO,2747.593,False
7/31/2026 12:00:00 PM,7/31/2026 8:00:00 AM,RFC,MIDATL,PEP,PEPCO,2896.697,False
7/31/2026 1:00:00 PM,7/31/2026 9:00:00 AM,RFC,MIDATL,PEP,PEPCO,2958.669,False
7/31/2026 2:00:00 PM,7/31/2026 10:00:00 AM,RFC,MIDATL,PEP,PEPCO,3105.601,False
7/31/2026 3:00:00 PM,7/31/2026 11:00:00 AM,RFC,MIDATL,PEP,PEPCO,3270.872,False
7/31/2026 4:00:00 PM,7/31/2026 12:00:00 PM,RFC,MIDATL,PEP,PEPCO,3357.207,False
7/31/2026 5:00:00 PM,7/31/2026 1:00:00 PM,RFC,MIDATL,PEP,PEPCO,3392.096,False
7/31/2026 6:00:00 PM,7/31/2026 2:00:00 PM,RFC,MIDATL,PEP,PEPCO,3545.079,False
7/31/2026 7:00:00 PM,7/31/2026 3:00:00 PM,RFC,MIDATL,PEP,PEPCO,3636.149,False
7/31/2026 8:00:00 PM,7/31/2026 4:00:00 PM,RFC,MIDATL,PEP,PEPCO,3768.486,False
7/31/2026 9:00:00 PM,7/31/2026 5:00:00 PM,RFC,MIDATL,PEP,PEPCO,3863.142,False
7/31/2026 10:00:00 PM,7/31/2026 6:00:00 PM,RFC,MIDATL,PEP,PEPCO,3790.346,False
7/31/2026 11:00:00 PM,7/31/2026 7:00:00 PM,RFC,MIDATL,PEP,PEPCO,3673.572,False
8/1/2026 12:00:00 AM,7/31/2026 8:00:00 PM,RFC,MIDATL,PEP,PEPCO,3533.372,False
8/1/2026 1:00:00 AM,7/31/2026 9:00:00 PM,RFC,MIDATL,PEP,PEPCO,3390.903,False
8/1/2026 2:00:00 AM,7/31/2026 10:00:00 PM,RFC,MIDATL,PEP,PEPCO,3184.196,False
8/1/2026 3:00:00 AM,7/31/2026 11:00:00 PM,RFC,MIDATL,PEP,PEPCO,2970.606,False
